[RocketSim] Trainer started at 2026-08-27T06:22:30.7567129Z
[RocketSim] Working directory: C:\Users\dadii\Falcon9
[RocketSim] Command: C:\Users\dadii\Anaconda3\envs\mlagents_gpu\python.exe -u -m mlagents.trainers.learn "C:\Users\dadii\Falcon9\results\L2\TrainingConfig.yaml" --run-id="L2" --force --torch-device "cuda" --seed 1


	Unity Technologies

 Version information:
  ml-agents: 1.1.0,
  ml-agents-envs: 1.1.0,
  Communicator API: 1.5.0,
  PyTorch: 2.1.0+cu121
[INFO] Listening on port 5004. Start training by pressing the Play button in the Unity Editor.
[INFO] Connected to Unity environment with package version 4.0.2 and communication version 1.5.0
[INFO] Connected new brain: Rocket?team=0
[INFO] Hyperparameters for behavior name Rocket: 
	trainer_type:	ppo
	hyperparameters:	
	  batch_size:	4096
	  buffer_size:	40960
	  learning_rate:	0.0002
	  beta:	0.01
	  epsilon:	0.2
	  lambd:	0.98
	  num_epoch:	6
	  shared_critic:	False
	  learning_rate_schedule:	linear
	  beta_schedule:	linear
	  epsilon_schedule:	linear
	checkpoint_interval:	500000
	network_settings:	
	  normalize:	True
	  hidden_units:	512
	  num_layers:	3
	  vis_encode_type:	simple
	  memory:	None
	  goal_conditioning_type:	hyper
	  deterministic:	False
	reward_signals:	
	  extrinsic:	
	    gamma:	0.9995
	    strength:	1.0
	    network_settings:	
	      normalize:	False
	      hidden_units:	128
	      num_layers:	2
	      vis_encode_type:	simple
	      memory:	None
	      goal_conditioning_type:	hyper
	      deterministic:	False
	init_path:	None
	keep_checkpoints:	60
	even_checkpoints:	False
	max_steps:	30000000
	time_horizon:	1024
	summary_freq:	20000
	threaded:	True
	self_play:	None
	behavioral_cloning:	None
[INFO] Rocket. Step: 20000. Time Elapsed: 19.396 s. Mean Reward: -19.527. Std of Reward: 0.529. Training.
[INFO] Rocket. Step: 40000. Time Elapsed: 32.487 s. Mean Reward: -19.481. Std of Reward: 0.502. Training.
[INFO] Rocket. Step: 60000. Time Elapsed: 53.279 s. Mean Reward: -19.541. Std of Reward: 0.454. Training.
[INFO] Rocket. Step: 80000. Time Elapsed: 68.347 s. Mean Reward: -19.527. Std of Reward: 0.310. Training.
[INFO] Rocket. Step: 100000. Time Elapsed: 89.511 s. Mean Reward: -19.494. Std of Reward: 0.406. Training.
[INFO] Rocket. Step: 120000. Time Elapsed: 103.984 s. Mean Reward: -19.522. Std of Reward: 0.478. Training.
[INFO] Rocket. Step: 140000. Time Elapsed: 124.671 s. Mean Reward: -19.664. Std of Reward: 0.510. Training.
[INFO] Rocket. Step: 160000. Time Elapsed: 139.050 s. Mean Reward: -19.690. Std of Reward: 0.516. Training.
[INFO] Rocket. Step: 180000. Time Elapsed: 160.025 s. Mean Reward: -19.761. Std of Reward: 0.614. Training.
[INFO] Rocket. Step: 200000. Time Elapsed: 174.058 s. Mean Reward: -19.692. Std of Reward: 0.558. Training.
[INFO] Rocket. Step: 220000. Time Elapsed: 195.377 s. Mean Reward: -19.740. Std of Reward: 0.516. Training.
[INFO] Rocket. Step: 240000. Time Elapsed: 209.817 s. Mean Reward: -19.780. Std of Reward: 0.659. Training.
[INFO] Rocket. Step: 260000. Time Elapsed: 231.215 s. Mean Reward: -19.803. Std of Reward: 0.642. Training.
[INFO] Rocket. Step: 280000. Time Elapsed: 245.739 s. Mean Reward: -19.906. Std of Reward: 0.730. Training.
[INFO] Rocket. Step: 300000. Time Elapsed: 266.589 s. Mean Reward: -20.034. Std of Reward: 0.813. Training.
[INFO] Rocket. Step: 320000. Time Elapsed: 281.603 s. Mean Reward: -20.098. Std of Reward: 0.903. Training.
[INFO] Rocket. Step: 340000. Time Elapsed: 302.299 s. Mean Reward: -20.117. Std of Reward: 0.914. Training.
[INFO] Rocket. Step: 360000. Time Elapsed: 316.834 s. Mean Reward: -20.136. Std of Reward: 0.795. Training.
[INFO] Rocket. Step: 380000. Time Elapsed: 338.425 s. Mean Reward: -20.382. Std of Reward: 0.996. Training.
[INFO] Rocket. Step: 400000. Time Elapsed: 353.381 s. Mean Reward: -20.321. Std of Reward: 0.943. Training.
[INFO] Rocket. Step: 420000. Time Elapsed: 373.871 s. Mean Reward: -20.574. Std of Reward: 1.237. Training.
[INFO] Rocket. Step: 440000. Time Elapsed: 388.028 s. Mean Reward: -20.733. Std of Reward: 1.254. Training.
[INFO] Rocket. Step: 460000. Time Elapsed: 408.923 s. Mean Reward: -20.337. Std of Reward: 0.940. Training.
[INFO] Rocket. Step: 480000. Time Elapsed: 423.610 s. Mean Reward: -20.307. Std of Reward: 1.231. Training.
[INFO] Rocket. Step: 500000. Time Elapsed: 444.086 s. Mean Reward: -20.762. Std of Reward: 1.130. Training.
[INFO] Exported results\L2\Rocket\Rocket-499700.onnx
[INFO] Rocket. Step: 520000. Time Elapsed: 458.643 s. Mean Reward: -20.473. Std of Reward: 1.022. Training.
[INFO] Rocket. Step: 540000. Time Elapsed: 480.168 s. Mean Reward: -20.675. Std of Reward: 1.242. Training.
[INFO] Rocket. Step: 560000. Time Elapsed: 494.383 s. Mean Reward: -20.637. Std of Reward: 1.147. Training.
[INFO] Rocket. Step: 580000. Time Elapsed: 516.175 s. Mean Reward: -20.632. Std of Reward: 1.157. Training.
[INFO] Rocket. Step: 600000. Time Elapsed: 530.195 s. Mean Reward: -20.925. Std of Reward: 1.167. Training.
[INFO] Rocket. Step: 620000. Time Elapsed: 551.709 s. Mean Reward: -20.659. Std of Reward: 1.108. Training.
[INFO] Rocket. Step: 640000. Time Elapsed: 565.572 s. Mean Reward: -20.778. Std of Reward: 1.127. Training.
[INFO] Rocket. Step: 660000. Time Elapsed: 586.787 s. Mean Reward: -20.525. Std of Reward: 0.990. Training.
[INFO] Rocket. Step: 680000. Time Elapsed: 601.030 s. Mean Reward: -20.627. Std of Reward: 1.220. Training.
[INFO] Rocket. Step: 700000. Time Elapsed: 623.635 s. Mean Reward: -20.420. Std of Reward: 1.167. Training.
[INFO] Rocket. Step: 720000. Time Elapsed: 637.047 s. Mean Reward: -20.557. Std of Reward: 1.297. Training.
[INFO] Rocket. Step: 740000. Time Elapsed: 651.301 s. Mean Reward: -20.381. Std of Reward: 1.142. Training.
[INFO] Rocket. Step: 760000. Time Elapsed: 671.171 s. Mean Reward: -20.148. Std of Reward: 0.954. Training.
[INFO] Rocket. Step: 780000. Time Elapsed: 685.783 s. Mean Reward: -20.023. Std of Reward: 0.906. Training.
[INFO] Rocket. Step: 800000. Time Elapsed: 706.535 s. Mean Reward: -19.963. Std of Reward: 0.893. Training.
[INFO] Rocket. Step: 820000. Time Elapsed: 720.565 s. Mean Reward: -19.762. Std of Reward: 0.631. Training.
[INFO] Rocket. Step: 840000. Time Elapsed: 741.294 s. Mean Reward: -19.749. Std of Reward: 0.609. Training.
[INFO] Rocket. Step: 860000. Time Elapsed: 756.153 s. Mean Reward: -19.725. Std of Reward: 0.571. Training.
[INFO] Rocket. Step: 880000. Time Elapsed: 776.991 s. Mean Reward: -19.618. Std of Reward: 0.517. Training.
[INFO] Rocket. Step: 900000. Time Elapsed: 791.458 s. Mean Reward: -19.477. Std of Reward: 0.370. Training.
[INFO] Rocket. Step: 920000. Time Elapsed: 812.637 s. Mean Reward: -19.503. Std of Reward: 0.418. Training.
[INFO] Rocket. Step: 940000. Time Elapsed: 826.669 s. Mean Reward: -19.499. Std of Reward: 0.408. Training.
[INFO] Rocket. Step: 960000. Time Elapsed: 848.282 s. Mean Reward: -19.359. Std of Reward: 0.379. Training.
[INFO] Rocket. Step: 980000. Time Elapsed: 862.349 s. Mean Reward: -19.321. Std of Reward: 0.340. Training.
[INFO] Rocket. Step: 1000000. Time Elapsed: 883.823 s. Mean Reward: -19.269. Std of Reward: 0.320. Training.
[INFO] Exported results\L2\Rocket\Rocket-999849.onnx
[INFO] Rocket. Step: 1020000. Time Elapsed: 898.590 s. Mean Reward: -19.351. Std of Reward: 0.419. Training.
[INFO] Rocket. Step: 1040000. Time Elapsed: 918.971 s. Mean Reward: -19.334. Std of Reward: 0.317. Training.
[INFO] Rocket. Step: 1060000. Time Elapsed: 934.440 s. Mean Reward: -19.073. Std of Reward: 0.434. Training.
[INFO] Rocket. Step: 1080000. Time Elapsed: 955.200 s. Mean Reward: -19.256. Std of Reward: 0.321. Training.
[INFO] Rocket. Step: 1100000. Time Elapsed: 969.468 s. Mean Reward: -19.050. Std of Reward: 0.385. Training.
[INFO] Rocket. Step: 1120000. Time Elapsed: 990.441 s. Mean Reward: -19.107. Std of Reward: 0.378. Training.
[INFO] Rocket. Step: 1140000. Time Elapsed: 1004.760 s. Mean Reward: -19.016. Std of Reward: 0.351. Training.
[INFO] Rocket. Step: 1160000. Time Elapsed: 1025.478 s. Mean Reward: -18.948. Std of Reward: 0.383. Training.
[INFO] Rocket. Step: 1180000. Time Elapsed: 1040.251 s. Mean Reward: -19.022. Std of Reward: 0.370. Training.
[INFO] Rocket. Step: 1200000. Time Elapsed: 1060.958 s. Mean Reward: -19.009. Std of Reward: 0.454. Training.
[INFO] Rocket. Step: 1220000. Time Elapsed: 1075.700 s. Mean Reward: -18.965. Std of Reward: 0.385. Training.
[INFO] Rocket. Step: 1240000. Time Elapsed: 1097.108 s. Mean Reward: -18.880. Std of Reward: 0.359. Training.
[INFO] Rocket. Step: 1260000. Time Elapsed: 1111.139 s. Mean Reward: -18.747. Std of Reward: 0.398. Training.
[INFO] Rocket. Step: 1280000. Time Elapsed: 1132.529 s. Mean Reward: -18.758. Std of Reward: 0.432. Training.
[INFO] Rocket. Step: 1300000. Time Elapsed: 1146.735 s. Mean Reward: -18.721. Std of Reward: 0.448. Training.
[INFO] Rocket. Step: 1320000. Time Elapsed: 1167.775 s. Mean Reward: -18.702. Std of Reward: 0.454. Training.
[INFO] Rocket. Step: 1340000. Time Elapsed: 1182.363 s. Mean Reward: -18.674. Std of Reward: 0.475. Training.
[INFO] Rocket. Step: 1360000. Time Elapsed: 1203.831 s. Mean Reward: -18.632. Std of Reward: 0.464. Training.
[INFO] Rocket. Step: 1380000. Time Elapsed: 1217.474 s. Mean Reward: -18.534. Std of Reward: 0.495. Training.
[INFO] Rocket. Step: 1400000. Time Elapsed: 1240.094 s. Mean Reward: -18.520. Std of Reward: 0.428. Training.
[INFO] Rocket. Step: 1420000. Time Elapsed: 1254.383 s. Mean Reward: -18.520. Std of Reward: 0.485. Training.
[INFO] Rocket. Step: 1440000. Time Elapsed: 1269.668 s. Mean Reward: -18.392. Std of Reward: 0.442. Training.
[INFO] Rocket. Step: 1460000. Time Elapsed: 1290.740 s. Mean Reward: -18.357. Std of Reward: 0.464. Training.
[INFO] Rocket. Step: 1480000. Time Elapsed: 1305.568 s. Mean Reward: -18.323. Std of Reward: 0.437. Training.
[INFO] Rocket. Step: 1500000. Time Elapsed: 1326.583 s. Mean Reward: -18.265. Std of Reward: 0.398. Training.
[INFO] Exported results\L2\Rocket\Rocket-1499914.onnx
[INFO] Rocket. Step: 1520000. Time Elapsed: 1340.886 s. Mean Reward: -18.337. Std of Reward: 0.445. Training.
[INFO] Rocket. Step: 1540000. Time Elapsed: 1362.175 s. Mean Reward: -18.148. Std of Reward: 0.351. Training.
[INFO] Rocket. Step: 1560000. Time Elapsed: 1376.440 s. Mean Reward: -18.209. Std of Reward: 0.377. Training.
[INFO] Rocket. Step: 1580000. Time Elapsed: 1397.912 s. Mean Reward: -18.142. Std of Reward: 0.344. Training.
[INFO] Rocket. Step: 1600000. Time Elapsed: 1413.050 s. Mean Reward: -18.169. Std of Reward: 0.391. Training.
[INFO] Rocket. Step: 1620000. Time Elapsed: 1433.852 s. Mean Reward: -18.059. Std of Reward: 0.274. Training.
[INFO] Rocket. Step: 1640000. Time Elapsed: 1448.458 s. Mean Reward: -18.104. Std of Reward: 0.357. Training.
[INFO] Rocket. Step: 1660000. Time Elapsed: 1469.582 s. Mean Reward: -18.059. Std of Reward: 0.337. Training.
[INFO] Rocket. Step: 1680000. Time Elapsed: 1484.005 s. Mean Reward: -18.010. Std of Reward: 0.291. Training.
[INFO] Rocket. Step: 1700000. Time Elapsed: 1505.171 s. Mean Reward: -18.000. Std of Reward: 0.293. Training.
[INFO] Rocket. Step: 1720000. Time Elapsed: 1519.616 s. Mean Reward: -17.959. Std of Reward: 0.239. Training.
[INFO] Rocket. Step: 1740000. Time Elapsed: 1541.070 s. Mean Reward: -17.940. Std of Reward: 0.250. Training.
[INFO] Rocket. Step: 1760000. Time Elapsed: 1555.462 s. Mean Reward: -17.935. Std of Reward: 0.231. Training.
[INFO] Rocket. Step: 1780000. Time Elapsed: 1576.966 s. Mean Reward: -17.935. Std of Reward: 0.222. Training.
[INFO] Rocket. Step: 1800000. Time Elapsed: 1591.482 s. Mean Reward: -17.924. Std of Reward: 0.245. Training.
[INFO] Rocket. Step: 1820000. Time Elapsed: 1612.256 s. Mean Reward: -17.910. Std of Reward: 0.244. Training.
[INFO] Rocket. Step: 1840000. Time Elapsed: 1627.460 s. Mean Reward: -17.864. Std of Reward: 0.189. Training.
[INFO] Rocket. Step: 1860000. Time Elapsed: 1648.666 s. Mean Reward: -17.899. Std of Reward: 0.196. Training.
[INFO] Rocket. Step: 1880000. Time Elapsed: 1663.516 s. Mean Reward: -17.878. Std of Reward: 0.216. Training.
[INFO] Rocket. Step: 1900000. Time Elapsed: 1684.870 s. Mean Reward: -17.865. Std of Reward: 0.189. Training.
[INFO] Rocket. Step: 1920000. Time Elapsed: 1699.315 s. Mean Reward: -17.904. Std of Reward: 0.236. Training.
[INFO] Rocket. Step: 1940000. Time Elapsed: 1720.464 s. Mean Reward: -17.870. Std of Reward: 0.199. Training.
[INFO] Rocket. Step: 1960000. Time Elapsed: 1735.094 s. Mean Reward: -17.858. Std of Reward: 0.160. Training.
[INFO] Rocket. Step: 1980000. Time Elapsed: 1756.337 s. Mean Reward: -17.852. Std of Reward: 0.161. Training.
[INFO] Rocket. Step: 2000000. Time Elapsed: 1770.980 s. Mean Reward: -17.868. Std of Reward: 0.150. Training.
[INFO] Exported results\L2\Rocket\Rocket-1999869.onnx
[INFO] Rocket. Step: 2020000. Time Elapsed: 1792.008 s. Mean Reward: -17.890. Std of Reward: 0.245. Training.
[INFO] Rocket. Step: 2040000. Time Elapsed: 1806.818 s. Mean Reward: -17.876. Std of Reward: 0.192. Training.
[INFO] Rocket. Step: 2060000. Time Elapsed: 1828.140 s. Mean Reward: -17.871. Std of Reward: 0.172. Training.
[INFO] Rocket. Step: 2080000. Time Elapsed: 1842.364 s. Mean Reward: -17.853. Std of Reward: 0.155. Training.
[INFO] Rocket. Step: 2100000. Time Elapsed: 1864.259 s. Mean Reward: -17.844. Std of Reward: 0.147. Training.
[INFO] Rocket. Step: 2120000. Time Elapsed: 1878.563 s. Mean Reward: -17.841. Std of Reward: 0.164. Training.
[INFO] Rocket. Step: 2140000. Time Elapsed: 1900.768 s. Mean Reward: -17.829. Std of Reward: 0.185. Training.
[INFO] Rocket. Step: 2160000. Time Elapsed: 1914.296 s. Mean Reward: -17.794. Std of Reward: 0.118. Training.
[INFO] Rocket. Step: 2180000. Time Elapsed: 1937.388 s. Mean Reward: -17.839. Std of Reward: 0.211. Training.
[INFO] Rocket. Step: 2200000. Time Elapsed: 1950.301 s. Mean Reward: -17.796. Std of Reward: 0.145. Training.
[INFO] Rocket. Step: 2220000. Time Elapsed: 1965.277 s. Mean Reward: -17.789. Std of Reward: 0.147. Training.
[INFO] Rocket. Step: 2240000. Time Elapsed: 1986.632 s. Mean Reward: -17.764. Std of Reward: 0.107. Training.
[INFO] Rocket. Step: 2260000. Time Elapsed: 2001.157 s. Mean Reward: -17.763. Std of Reward: 0.091. Training.
[INFO] Rocket. Step: 2280000. Time Elapsed: 2022.207 s. Mean Reward: -17.748. Std of Reward: 0.100. Training.
[INFO] Rocket. Step: 2300000. Time Elapsed: 2036.964 s. Mean Reward: -17.754. Std of Reward: 0.108. Training.
[INFO] Rocket. Step: 2320000. Time Elapsed: 2057.927 s. Mean Reward: -17.762. Std of Reward: 0.094. Training.
[INFO] Rocket. Step: 2340000. Time Elapsed: 2073.047 s. Mean Reward: -17.743. Std of Reward: 0.113. Training.
[INFO] Rocket. Step: 2360000. Time Elapsed: 2093.989 s. Mean Reward: -17.763. Std of Reward: 0.120. Training.
[INFO] Rocket. Step: 2380000. Time Elapsed: 2108.456 s. Mean Reward: -17.757. Std of Reward: 0.108. Training.
[INFO] Rocket. Step: 2400000. Time Elapsed: 2129.285 s. Mean Reward: -17.730. Std of Reward: 0.082. Training.
[INFO] Rocket. Step: 2420000. Time Elapsed: 2144.074 s. Mean Reward: -17.757. Std of Reward: 0.117. Training.
[INFO] Rocket. Step: 2440000. Time Elapsed: 2165.601 s. Mean Reward: -17.709. Std of Reward: 0.095. Training.
[INFO] Rocket. Step: 2460000. Time Elapsed: 2180.274 s. Mean Reward: -17.724. Std of Reward: 0.099. Training.
[INFO] Rocket. Step: 2480000. Time Elapsed: 2201.370 s. Mean Reward: -17.705. Std of Reward: 0.089. Training.
[INFO] Rocket. Step: 2500000. Time Elapsed: 2216.087 s. Mean Reward: -17.722. Std of Reward: 0.109. Training.
[INFO] Exported results\L2\Rocket\Rocket-2499890.onnx
[INFO] Rocket. Step: 2520000. Time Elapsed: 2237.145 s. Mean Reward: -17.697. Std of Reward: 0.079. Training.
[INFO] Rocket. Step: 2540000. Time Elapsed: 2251.809 s. Mean Reward: -17.714. Std of Reward: 0.104. Training.
[INFO] Rocket. Step: 2560000. Time Elapsed: 2273.116 s. Mean Reward: -17.687. Std of Reward: 0.085. Training.
[INFO] Rocket. Step: 2580000. Time Elapsed: 2288.334 s. Mean Reward: -17.700. Std of Reward: 0.086. Training.
[INFO] Rocket. Step: 2600000. Time Elapsed: 2309.393 s. Mean Reward: -17.708. Std of Reward: 0.092. Training.
[INFO] Rocket. Step: 2620000. Time Elapsed: 2324.127 s. Mean Reward: -17.684. Std of Reward: 0.098. Training.
[INFO] Rocket. Step: 2640000. Time Elapsed: 2345.573 s. Mean Reward: -17.692. Std of Reward: 0.084. Training.
[INFO] Rocket. Step: 2660000. Time Elapsed: 2360.368 s. Mean Reward: -17.699. Std of Reward: 0.110. Training.
[INFO] Rocket. Step: 2680000. Time Elapsed: 2381.353 s. Mean Reward: -17.673. Std of Reward: 0.084. Training.
[INFO] Rocket. Step: 2700000. Time Elapsed: 2396.110 s. Mean Reward: -17.675. Std of Reward: 0.094. Training.
[INFO] Rocket. Step: 2720000. Time Elapsed: 2416.999 s. Mean Reward: -17.686. Std of Reward: 0.120. Training.
[INFO] Rocket. Step: 2740000. Time Elapsed: 2431.601 s. Mean Reward: -17.664. Std of Reward: 0.086. Training.
[INFO] Rocket. Step: 2760000. Time Elapsed: 2453.145 s. Mean Reward: -17.656. Std of Reward: 0.088. Training.
[INFO] Rocket. Step: 2780000. Time Elapsed: 2467.683 s. Mean Reward: -17.652. Std of Reward: 0.086. Training.
[INFO] Rocket. Step: 2800000. Time Elapsed: 2489.204 s. Mean Reward: -17.660. Std of Reward: 0.101. Training.
[INFO] Rocket. Step: 2820000. Time Elapsed: 2503.866 s. Mean Reward: -17.673. Std of Reward: 0.132. Training.
[INFO] Rocket. Step: 2840000. Time Elapsed: 2524.920 s. Mean Reward: -17.657. Std of Reward: 0.086. Training.
[INFO] Rocket. Step: 2860000. Time Elapsed: 2539.982 s. Mean Reward: -17.653. Std of Reward: 0.107. Training.
[INFO] Rocket. Step: 2880000. Time Elapsed: 2561.213 s. Mean Reward: -17.641. Std of Reward: 0.093. Training.
[INFO] Rocket. Step: 2900000. Time Elapsed: 2575.718 s. Mean Reward: -17.634. Std of Reward: 0.080. Training.
[INFO] Rocket. Step: 2920000. Time Elapsed: 2597.880 s. Mean Reward: -17.645. Std of Reward: 0.083. Training.
[INFO] Rocket. Step: 2940000. Time Elapsed: 2611.797 s. Mean Reward: -17.627. Std of Reward: 0.070. Training.
[INFO] Rocket. Step: 2960000. Time Elapsed: 2634.883 s. Mean Reward: -17.631. Std of Reward: 0.086. Training.
[INFO] Rocket. Step: 2980000. Time Elapsed: 2648.236 s. Mean Reward: -17.626. Std of Reward: 0.074. Training.
[INFO] Rocket. Step: 3000000. Time Elapsed: 2662.894 s. Mean Reward: -17.622. Std of Reward: 0.078. Training.
[INFO] Exported results\L2\Rocket\Rocket-2999860.onnx
[INFO] Rocket. Step: 3020000. Time Elapsed: 2684.139 s. Mean Reward: -17.603. Std of Reward: 0.070. Training.
[INFO] Rocket. Step: 3040000. Time Elapsed: 2698.873 s. Mean Reward: -17.621. Std of Reward: 0.075. Training.
[INFO] Rocket. Step: 3060000. Time Elapsed: 2720.212 s. Mean Reward: -17.606. Std of Reward: 0.074. Training.
[INFO] Rocket. Step: 3080000. Time Elapsed: 2734.939 s. Mean Reward: -17.606. Std of Reward: 0.063. Training.
[INFO] Rocket. Step: 3100000. Time Elapsed: 2755.899 s. Mean Reward: -17.612. Std of Reward: 0.068. Training.
[INFO] Rocket. Step: 3120000. Time Elapsed: 2770.605 s. Mean Reward: -17.610. Std of Reward: 0.081. Training.
[INFO] Rocket. Step: 3140000. Time Elapsed: 2791.797 s. Mean Reward: -17.610. Std of Reward: 0.084. Training.
[INFO] Rocket. Step: 3160000. Time Elapsed: 2806.397 s. Mean Reward: -17.614. Std of Reward: 0.075. Training.
[INFO] Rocket. Step: 3180000. Time Elapsed: 2827.770 s. Mean Reward: -17.595. Std of Reward: 0.068. Training.
[INFO] Rocket. Step: 3200000. Time Elapsed: 2842.312 s. Mean Reward: -17.592. Std of Reward: 0.071. Training.
[INFO] Rocket. Step: 3220000. Time Elapsed: 2863.645 s. Mean Reward: -17.593. Std of Reward: 0.080. Training.
[INFO] Rocket. Step: 3240000. Time Elapsed: 2878.490 s. Mean Reward: -17.590. Std of Reward: 0.058. Training.
[INFO] Rocket. Step: 3260000. Time Elapsed: 2899.771 s. Mean Reward: -17.587. Std of Reward: 0.062. Training.
[INFO] Rocket. Step: 3280000. Time Elapsed: 2914.639 s. Mean Reward: -17.601. Std of Reward: 0.076. Training.
[INFO] Rocket. Step: 3300000. Time Elapsed: 2935.593 s. Mean Reward: -17.586. Std of Reward: 0.068. Training.
[INFO] Rocket. Step: 3320000. Time Elapsed: 2950.179 s. Mean Reward: -17.576. Std of Reward: 0.070. Training.
[INFO] Rocket. Step: 3340000. Time Elapsed: 2971.959 s. Mean Reward: -17.568. Std of Reward: 0.063. Training.
[INFO] Rocket. Step: 3360000. Time Elapsed: 2986.686 s. Mean Reward: -17.563. Std of Reward: 0.062. Training.
[INFO] Rocket. Step: 3380000. Time Elapsed: 3008.128 s. Mean Reward: -17.563. Std of Reward: 0.060. Training.
[INFO] Rocket. Step: 3400000. Time Elapsed: 3022.583 s. Mean Reward: -17.556. Std of Reward: 0.066. Training.
[INFO] Rocket. Step: 3420000. Time Elapsed: 3043.594 s. Mean Reward: -17.559. Std of Reward: 0.063. Training.
[INFO] Rocket. Step: 3440000. Time Elapsed: 3058.269 s. Mean Reward: -17.545. Std of Reward: 0.054. Training.
[INFO] Rocket. Step: 3460000. Time Elapsed: 3079.723 s. Mean Reward: -17.548. Std of Reward: 0.062. Training.
[INFO] Rocket. Step: 3480000. Time Elapsed: 3094.409 s. Mean Reward: -17.534. Std of Reward: 0.061. Training.
[INFO] Rocket. Step: 3500000. Time Elapsed: 3115.398 s. Mean Reward: -17.549. Std of Reward: 0.068. Training.
[INFO] Exported results\L2\Rocket\Rocket-3499935.onnx
[INFO] Rocket. Step: 3520000. Time Elapsed: 3130.051 s. Mean Reward: -17.546. Std of Reward: 0.059. Training.
[INFO] Rocket. Step: 3540000. Time Elapsed: 3151.284 s. Mean Reward: -17.544. Std of Reward: 0.060. Training.
[INFO] Rocket. Step: 3560000. Time Elapsed: 3166.053 s. Mean Reward: -17.534. Std of Reward: 0.053. Training.
[INFO] Rocket. Step: 3580000. Time Elapsed: 3187.130 s. Mean Reward: -17.533. Std of Reward: 0.056. Training.
[INFO] Rocket. Step: 3600000. Time Elapsed: 3201.769 s. Mean Reward: -17.529. Std of Reward: 0.059. Training.
[INFO] Rocket. Step: 3620000. Time Elapsed: 3223.094 s. Mean Reward: -17.534. Std of Reward: 0.061. Training.
[INFO] Rocket. Step: 3640000. Time Elapsed: 3237.770 s. Mean Reward: -17.528. Std of Reward: 0.057. Training.
[INFO] Rocket. Step: 3660000. Time Elapsed: 3259.078 s. Mean Reward: -17.531. Std of Reward: 0.061. Training.
[INFO] Rocket. Step: 3680000. Time Elapsed: 3273.466 s. Mean Reward: -17.527. Std of Reward: 0.064. Training.
[INFO] Rocket. Step: 3700000. Time Elapsed: 3295.573 s. Mean Reward: -17.529. Std of Reward: 0.062. Training.
[INFO] Rocket. Step: 3720000. Time Elapsed: 3309.694 s. Mean Reward: -17.519. Std of Reward: 0.062. Training.
[INFO] Rocket. Step: 3740000. Time Elapsed: 3331.920 s. Mean Reward: -17.536. Std of Reward: 0.060. Training.
[INFO] Rocket. Step: 3760000. Time Elapsed: 3345.374 s. Mean Reward: -17.523. Std of Reward: 0.055. Training.
[INFO] Rocket. Step: 3780000. Time Elapsed: 3360.172 s. Mean Reward: -17.530. Std of Reward: 0.053. Training.
[INFO] Rocket. Step: 3800000. Time Elapsed: 3381.385 s. Mean Reward: -17.517. Std of Reward: 0.053. Training.
[INFO] Rocket. Step: 3820000. Time Elapsed: 3396.354 s. Mean Reward: -17.517. Std of Reward: 0.061. Training.
[INFO] Rocket. Step: 3840000. Time Elapsed: 3417.589 s. Mean Reward: -17.531. Std of Reward: 0.072. Training.
[INFO] Rocket. Step: 3860000. Time Elapsed: 3432.295 s. Mean Reward: -17.511. Std of Reward: 0.060. Training.
[INFO] Rocket. Step: 3880000. Time Elapsed: 3453.453 s. Mean Reward: -17.523. Std of Reward: 0.064. Training.
[INFO] Rocket. Step: 3900000. Time Elapsed: 3468.397 s. Mean Reward: -17.515. Std of Reward: 0.059. Training.
[INFO] Rocket. Step: 3920000. Time Elapsed: 3489.627 s. Mean Reward: -17.514. Std of Reward: 0.056. Training.
[INFO] Rocket. Step: 3940000. Time Elapsed: 3504.363 s. Mean Reward: -17.506. Std of Reward: 0.060. Training.
[INFO] Rocket. Step: 3960000. Time Elapsed: 3525.489 s. Mean Reward: -17.502. Std of Reward: 0.063. Training.
[INFO] Rocket. Step: 3980000. Time Elapsed: 3540.065 s. Mean Reward: -17.514. Std of Reward: 0.071. Training.
[INFO] Rocket. Step: 4000000. Time Elapsed: 3561.325 s. Mean Reward: -17.501. Std of Reward: 0.060. Training.
[INFO] Exported results\L2\Rocket\Rocket-3999887.onnx
[INFO] Rocket. Step: 4020000. Time Elapsed: 3576.274 s. Mean Reward: -17.515. Std of Reward: 0.070. Training.
[INFO] Rocket. Step: 4040000. Time Elapsed: 3597.419 s. Mean Reward: -17.503. Std of Reward: 0.059. Training.
[INFO] Rocket. Step: 4060000. Time Elapsed: 3612.102 s. Mean Reward: -17.496. Std of Reward: 0.058. Training.
[INFO] Rocket. Step: 4080000. Time Elapsed: 3633.835 s. Mean Reward: -17.503. Std of Reward: 0.063. Training.
[INFO] Rocket. Step: 4100000. Time Elapsed: 3648.388 s. Mean Reward: -17.493. Std of Reward: 0.064. Training.
[INFO] Rocket. Step: 4120000. Time Elapsed: 3669.584 s. Mean Reward: -17.496. Std of Reward: 0.060. Training.
[INFO] Rocket. Step: 4140000. Time Elapsed: 3684.112 s. Mean Reward: -17.494. Std of Reward: 0.055. Training.
[INFO] Rocket. Step: 4160000. Time Elapsed: 3705.401 s. Mean Reward: -17.484. Std of Reward: 0.064. Training.
[INFO] Rocket. Step: 4180000. Time Elapsed: 3720.172 s. Mean Reward: -17.493. Std of Reward: 0.058. Training.
[INFO] Rocket. Step: 4200000. Time Elapsed: 3741.361 s. Mean Reward: -17.490. Std of Reward: 0.059. Training.
[INFO] Rocket. Step: 4220000. Time Elapsed: 3756.324 s. Mean Reward: -17.494. Std of Reward: 0.060. Training.
[INFO] Rocket. Step: 4240000. Time Elapsed: 3777.141 s. Mean Reward: -17.494. Std of Reward: 0.060. Training.
[INFO] Rocket. Step: 4260000. Time Elapsed: 3791.634 s. Mean Reward: -17.497. Std of Reward: 0.061. Training.
[INFO] Rocket. Step: 4280000. Time Elapsed: 3812.801 s. Mean Reward: -17.490. Std of Reward: 0.061. Training.
[INFO] Rocket. Step: 4300000. Time Elapsed: 3827.768 s. Mean Reward: -17.490. Std of Reward: 0.059. Training.
[INFO] Rocket. Step: 4320000. Time Elapsed: 3848.940 s. Mean Reward: -17.500. Std of Reward: 0.060. Training.
[INFO] Rocket. Step: 4340000. Time Elapsed: 3863.729 s. Mean Reward: -17.490. Std of Reward: 0.060. Training.
[INFO] Rocket. Step: 4360000. Time Elapsed: 3884.705 s. Mean Reward: -17.492. Std of Reward: 0.062. Training.
[INFO] Rocket. Step: 4380000. Time Elapsed: 3899.159 s. Mean Reward: -17.483. Std of Reward: 0.059. Training.
[INFO] Rocket. Step: 4400000. Time Elapsed: 3920.372 s. Mean Reward: -17.491. Std of Reward: 0.060. Training.
[INFO] Rocket. Step: 4420000. Time Elapsed: 3934.943 s. Mean Reward: -17.480. Std of Reward: 0.060. Training.
[INFO] Rocket. Step: 4440000. Time Elapsed: 3956.521 s. Mean Reward: -17.485. Std of Reward: 0.053. Training.
[INFO] Rocket. Step: 4460000. Time Elapsed: 3971.429 s. Mean Reward: -17.476. Std of Reward: 0.055. Training.
[INFO] Rocket. Step: 4480000. Time Elapsed: 3993.123 s. Mean Reward: -17.481. Std of Reward: 0.055. Training.
[INFO] Rocket. Step: 4500000. Time Elapsed: 4007.226 s. Mean Reward: -17.479. Std of Reward: 0.062. Training.
[INFO] Exported results\L2\Rocket\Rocket-4499890.onnx
[INFO] Rocket. Step: 4520000. Time Elapsed: 4029.578 s. Mean Reward: -17.474. Std of Reward: 0.055. Training.
[INFO] Rocket. Step: 4540000. Time Elapsed: 4043.071 s. Mean Reward: -17.476. Std of Reward: 0.058. Training.
[INFO] Rocket. Step: 4560000. Time Elapsed: 4066.276 s. Mean Reward: -17.477. Std of Reward: 0.060. Training.
[INFO] Rocket. Step: 4580000. Time Elapsed: 4079.121 s. Mean Reward: -17.484. Std of Reward: 0.058. Training.
[INFO] Rocket. Step: 4600000. Time Elapsed: 4093.879 s. Mean Reward: -17.473. Std of Reward: 0.057. Training.
[INFO] Rocket. Step: 4620000. Time Elapsed: 4115.007 s. Mean Reward: -17.476. Std of Reward: 0.063. Training.
[INFO] Rocket. Step: 4640000. Time Elapsed: 4129.547 s. Mean Reward: -17.473. Std of Reward: 0.058. Training.
[INFO] Rocket. Step: 4660000. Time Elapsed: 4150.627 s. Mean Reward: -17.474. Std of Reward: 0.059. Training.
[INFO] Rocket. Step: 4680000. Time Elapsed: 4165.191 s. Mean Reward: -17.482. Std of Reward: 0.061. Training.
[INFO] Rocket. Step: 4700000. Time Elapsed: 4186.449 s. Mean Reward: -17.483. Std of Reward: 0.068. Training.
[INFO] Rocket. Step: 4720000. Time Elapsed: 4201.094 s. Mean Reward: -17.480. Std of Reward: 0.058. Training.
[INFO] Rocket. Step: 4740000. Time Elapsed: 4222.218 s. Mean Reward: -17.469. Std of Reward: 0.054. Training.
[INFO] Rocket. Step: 4760000. Time Elapsed: 4236.918 s. Mean Reward: -17.480. Std of Reward: 0.066. Training.
[INFO] Rocket. Step: 4780000. Time Elapsed: 4258.044 s. Mean Reward: -17.475. Std of Reward: 0.060. Training.
[INFO] Rocket. Step: 4800000. Time Elapsed: 4272.651 s. Mean Reward: -17.474. Std of Reward: 0.062. Training.
[INFO] Rocket. Step: 4820000. Time Elapsed: 4294.347 s. Mean Reward: -17.466. Std of Reward: 0.060. Training.
[INFO] Rocket. Step: 4840000. Time Elapsed: 4308.782 s. Mean Reward: -17.464. Std of Reward: 0.055. Training.
[INFO] Rocket. Step: 4860000. Time Elapsed: 4330.285 s. Mean Reward: -17.462. Std of Reward: 0.063. Training.
[INFO] Rocket. Step: 4880000. Time Elapsed: 4344.758 s. Mean Reward: -17.469. Std of Reward: 0.056. Training.
[INFO] Rocket. Step: 4900000. Time Elapsed: 4365.796 s. Mean Reward: -17.471. Std of Reward: 0.057. Training.
[INFO] Rocket. Step: 4920000. Time Elapsed: 4380.672 s. Mean Reward: -17.467. Std of Reward: 0.055. Training.
[INFO] Rocket. Step: 4940000. Time Elapsed: 4401.741 s. Mean Reward: -17.470. Std of Reward: 0.066. Training.
[INFO] Rocket. Step: 4960000. Time Elapsed: 4416.408 s. Mean Reward: -17.469. Std of Reward: 0.060. Training.
[INFO] Rocket. Step: 4980000. Time Elapsed: 4437.385 s. Mean Reward: -17.465. Std of Reward: 0.070. Training.
[INFO] Rocket. Step: 5000000. Time Elapsed: 4451.896 s. Mean Reward: -17.466. Std of Reward: 0.059. Training.
[INFO] Exported results\L2\Rocket\Rocket-4999862.onnx
[INFO] Rocket. Step: 5020000. Time Elapsed: 4473.369 s. Mean Reward: -17.459. Std of Reward: 0.061. Training.
[INFO] Rocket. Step: 5040000. Time Elapsed: 4488.333 s. Mean Reward: -17.457. Std of Reward: 0.056. Training.
[INFO] Rocket. Step: 5060000. Time Elapsed: 4509.310 s. Mean Reward: -17.464. Std of Reward: 0.059. Training.
[INFO] Rocket. Step: 5080000. Time Elapsed: 4524.112 s. Mean Reward: -17.456. Std of Reward: 0.064. Training.
[INFO] Rocket. Step: 5100000. Time Elapsed: 4545.397 s. Mean Reward: -17.455. Std of Reward: 0.063. Training.
[INFO] Rocket. Step: 5120000. Time Elapsed: 4559.972 s. Mean Reward: -17.435. Std of Reward: 0.059. Training.
[INFO] Rocket. Step: 5140000. Time Elapsed: 4581.416 s. Mean Reward: -17.446. Std of Reward: 0.060. Training.
[INFO] Rocket. Step: 5160000. Time Elapsed: 4596.058 s. Mean Reward: -17.457. Std of Reward: 0.085. Training.
[INFO] Rocket. Step: 5180000. Time Elapsed: 4617.566 s. Mean Reward: -17.448. Std of Reward: 0.059. Training.
[INFO] Rocket. Step: 5200000. Time Elapsed: 4632.061 s. Mean Reward: -17.443. Std of Reward: 0.062. Training.
[INFO] Rocket. Step: 5220000. Time Elapsed: 4653.490 s. Mean Reward: -17.454. Std of Reward: 0.063. Training.
[INFO] Rocket. Step: 5240000. Time Elapsed: 4668.173 s. Mean Reward: -17.450. Std of Reward: 0.066. Training.
[INFO] Rocket. Step: 5260000. Time Elapsed: 4689.702 s. Mean Reward: -17.441. Std of Reward: 0.059. Training.
[INFO] Rocket. Step: 5280000. Time Elapsed: 4704.194 s. Mean Reward: -17.449. Std of Reward: 0.055. Training.
[INFO] Rocket. Step: 5300000. Time Elapsed: 4726.337 s. Mean Reward: -17.438. Std of Reward: 0.071. Training.
[INFO] Rocket. Step: 5320000. Time Elapsed: 4739.936 s. Mean Reward: -17.438. Std of Reward: 0.063. Training.
[INFO] Rocket. Step: 5340000. Time Elapsed: 4762.564 s. Mean Reward: -17.444. Std of Reward: 0.060. Training.
[INFO] Rocket. Step: 5360000. Time Elapsed: 4775.624 s. Mean Reward: -17.438. Std of Reward: 0.063. Training.
[INFO] Rocket. Step: 5380000. Time Elapsed: 4790.283 s. Mean Reward: -17.434. Std of Reward: 0.060. Training.
[INFO] Rocket. Step: 5400000. Time Elapsed: 4811.480 s. Mean Reward: -17.431. Std of Reward: 0.068. Training.
[INFO] Rocket. Step: 5420000. Time Elapsed: 4826.095 s. Mean Reward: -17.448. Std of Reward: 0.063. Training.
[INFO] Rocket. Step: 5440000. Time Elapsed: 4847.199 s. Mean Reward: -17.430. Std of Reward: 0.059. Training.
[INFO] Rocket. Step: 5460000. Time Elapsed: 4861.992 s. Mean Reward: -17.427. Std of Reward: 0.049. Training.
[INFO] Rocket. Step: 5480000. Time Elapsed: 4883.130 s. Mean Reward: -17.423. Std of Reward: 0.053. Training.
[INFO] Rocket. Step: 5500000. Time Elapsed: 4897.741 s. Mean Reward: -17.428. Std of Reward: 0.056. Training.
[INFO] Exported results\L2\Rocket\Rocket-5499953.onnx
[INFO] Rocket. Step: 5520000. Time Elapsed: 4918.833 s. Mean Reward: -17.431. Std of Reward: 0.060. Training.
[INFO] Rocket. Step: 5540000. Time Elapsed: 4933.487 s. Mean Reward: -17.429. Std of Reward: 0.058. Training.
[INFO] Rocket. Step: 5560000. Time Elapsed: 4954.977 s. Mean Reward: -17.425. Std of Reward: 0.055. Training.
[INFO] Rocket. Step: 5580000. Time Elapsed: 4969.687 s. Mean Reward: -17.424. Std of Reward: 0.063. Training.
[INFO] Rocket. Step: 5600000. Time Elapsed: 4990.910 s. Mean Reward: -17.438. Std of Reward: 0.059. Training.
[INFO] Rocket. Step: 5620000. Time Elapsed: 5005.804 s. Mean Reward: -17.422. Std of Reward: 0.053. Training.
[INFO] Rocket. Step: 5640000. Time Elapsed: 5026.981 s. Mean Reward: -17.423. Std of Reward: 0.056. Training.
[INFO] Rocket. Step: 5660000. Time Elapsed: 5041.494 s. Mean Reward: -17.432. Std of Reward: 0.071. Training.
[INFO] Rocket. Step: 5680000. Time Elapsed: 5062.946 s. Mean Reward: -17.433. Std of Reward: 0.060. Training.
[INFO] Rocket. Step: 5700000. Time Elapsed: 5077.730 s. Mean Reward: -17.414. Std of Reward: 0.063. Training.
[INFO] Rocket. Step: 5720000. Time Elapsed: 5098.939 s. Mean Reward: -17.427. Std of Reward: 0.063. Training.
[INFO] Rocket. Step: 5740000. Time Elapsed: 5113.377 s. Mean Reward: -17.429. Std of Reward: 0.063. Training.
[INFO] Rocket. Step: 5760000. Time Elapsed: 5134.716 s. Mean Reward: -17.428. Std of Reward: 0.063. Training.
[INFO] Rocket. Step: 5780000. Time Elapsed: 5149.618 s. Mean Reward: -17.432. Std of Reward: 0.059. Training.
[INFO] Rocket. Step: 5800000. Time Elapsed: 5170.513 s. Mean Reward: -17.428. Std of Reward: 0.066. Training.
[INFO] Rocket. Step: 5820000. Time Elapsed: 5184.932 s. Mean Reward: -17.424. Std of Reward: 0.060. Training.
[INFO] Rocket. Step: 5840000. Time Elapsed: 5206.136 s. Mean Reward: -17.423. Std of Reward: 0.061. Training.
[INFO] Rocket. Step: 5860000. Time Elapsed: 5220.991 s. Mean Reward: -17.432. Std of Reward: 0.064. Training.
[INFO] Rocket. Step: 5880000. Time Elapsed: 5242.148 s. Mean Reward: -17.413. Std of Reward: 0.052. Training.
[INFO] Rocket. Step: 5900000. Time Elapsed: 5256.974 s. Mean Reward: -17.412. Std of Reward: 0.056. Training.
[INFO] Rocket. Step: 5920000. Time Elapsed: 5278.292 s. Mean Reward: -17.415. Std of Reward: 0.062. Training.
[INFO] Rocket. Step: 5940000. Time Elapsed: 5293.361 s. Mean Reward: -17.415. Std of Reward: 0.059. Training.
[INFO] Rocket. Step: 5960000. Time Elapsed: 5314.883 s. Mean Reward: -17.421. Std of Reward: 0.055. Training.
[INFO] Rocket. Step: 5980000. Time Elapsed: 5329.347 s. Mean Reward: -17.421. Std of Reward: 0.063. Training.
[INFO] Rocket. Step: 6000000. Time Elapsed: 5350.347 s. Mean Reward: -17.420. Std of Reward: 0.061. Training.
[INFO] Exported results\L2\Rocket\Rocket-5999916.onnx
[INFO] Rocket. Step: 6020000. Time Elapsed: 5365.121 s. Mean Reward: -17.419. Std of Reward: 0.066. Training.
[INFO] Rocket. Step: 6040000. Time Elapsed: 5386.694 s. Mean Reward: -17.417. Std of Reward: 0.062. Training.
[INFO] Rocket. Step: 6060000. Time Elapsed: 5400.966 s. Mean Reward: -17.416. Std of Reward: 0.059. Training.
[INFO] Rocket. Step: 6080000. Time Elapsed: 5423.010 s. Mean Reward: -17.424. Std of Reward: 0.061. Training.
[INFO] Rocket. Step: 6100000. Time Elapsed: 5436.737 s. Mean Reward: -17.419. Std of Reward: 0.060. Training.
[INFO] Rocket. Step: 6120000. Time Elapsed: 5459.552 s. Mean Reward: -17.435. Std of Reward: 0.068. Training.
[INFO] Rocket. Step: 6140000. Time Elapsed: 5472.762 s. Mean Reward: -17.425. Std of Reward: 0.071. Training.
[INFO] Rocket. Step: 6160000. Time Elapsed: 5487.408 s. Mean Reward: -17.419. Std of Reward: 0.064. Training.
[INFO] Rocket. Step: 6180000. Time Elapsed: 5508.385 s. Mean Reward: -17.421. Std of Reward: 0.065. Training.
[INFO] Rocket. Step: 6200000. Time Elapsed: 5523.397 s. Mean Reward: -17.409. Std of Reward: 0.056. Training.
[INFO] Rocket. Step: 6220000. Time Elapsed: 5544.607 s. Mean Reward: -17.399. Std of Reward: 0.060. Training.
[INFO] Rocket. Step: 6240000. Time Elapsed: 5559.388 s. Mean Reward: -17.417. Std of Reward: 0.066. Training.
[INFO] Rocket. Step: 6260000. Time Elapsed: 5580.588 s. Mean Reward: -17.404. Std of Reward: 0.065. Training.
[INFO] Rocket. Step: 6280000. Time Elapsed: 5595.470 s. Mean Reward: -17.410. Std of Reward: 0.064. Training.
[INFO] Rocket. Step: 6300000. Time Elapsed: 5616.794 s. Mean Reward: -17.405. Std of Reward: 0.057. Training.
[INFO] Rocket. Step: 6320000. Time Elapsed: 5631.512 s. Mean Reward: -17.411. Std of Reward: 0.068. Training.
[INFO] Rocket. Step: 6340000. Time Elapsed: 5652.908 s. Mean Reward: -17.411. Std of Reward: 0.054. Training.
[INFO] Rocket. Step: 6360000. Time Elapsed: 5667.437 s. Mean Reward: -17.400. Std of Reward: 0.064. Training.
[INFO] Rocket. Step: 6380000. Time Elapsed: 5688.900 s. Mean Reward: -17.401. Std of Reward: 0.059. Training.
[INFO] Rocket. Step: 6400000. Time Elapsed: 5703.222 s. Mean Reward: -17.395. Std of Reward: 0.056. Training.
[INFO] Rocket. Step: 6420000. Time Elapsed: 5724.373 s. Mean Reward: -17.389. Std of Reward: 0.060. Training.
[INFO] Rocket. Step: 6440000. Time Elapsed: 5739.185 s. Mean Reward: -17.399. Std of Reward: 0.069. Training.
[INFO] Rocket. Step: 6460000. Time Elapsed: 5760.369 s. Mean Reward: -17.399. Std of Reward: 0.058. Training.
[INFO] Rocket. Step: 6480000. Time Elapsed: 5775.165 s. Mean Reward: -17.407. Std of Reward: 0.061. Training.
[INFO] Rocket. Step: 6500000. Time Elapsed: 5796.238 s. Mean Reward: -17.398. Std of Reward: 0.065. Training.
[INFO] Exported results\L2\Rocket\Rocket-6499980.onnx
[INFO] Rocket. Step: 6520000. Time Elapsed: 5811.052 s. Mean Reward: -17.399. Std of Reward: 0.069. Training.
[INFO] Rocket. Step: 6540000. Time Elapsed: 5832.267 s. Mean Reward: -17.397. Std of Reward: 0.062. Training.
[INFO] Rocket. Step: 6560000. Time Elapsed: 5846.797 s. Mean Reward: -17.388. Std of Reward: 0.068. Training.
[INFO] Rocket. Step: 6580000. Time Elapsed: 5868.253 s. Mean Reward: -17.396. Std of Reward: 0.060. Training.
[INFO] Rocket. Step: 6600000. Time Elapsed: 5882.668 s. Mean Reward: -17.393. Std of Reward: 0.056. Training.
[INFO] Rocket. Step: 6620000. Time Elapsed: 5903.895 s. Mean Reward: -17.399. Std of Reward: 0.070. Training.
[INFO] Rocket. Step: 6640000. Time Elapsed: 5918.688 s. Mean Reward: -17.398. Std of Reward: 0.062. Training.
[INFO] Rocket. Step: 6660000. Time Elapsed: 5939.847 s. Mean Reward: -17.392. Std of Reward: 0.064. Training.
[INFO] Rocket. Step: 6680000. Time Elapsed: 5954.885 s. Mean Reward: -17.385. Std of Reward: 0.064. Training.
[INFO] Rocket. Step: 6700000. Time Elapsed: 5976.123 s. Mean Reward: -17.389. Std of Reward: 0.061. Training.
[INFO] Rocket. Step: 6720000. Time Elapsed: 5990.711 s. Mean Reward: -17.390. Std of Reward: 0.061. Training.
[INFO] Rocket. Step: 6740000. Time Elapsed: 6012.283 s. Mean Reward: -17.382. Std of Reward: 0.062. Training.
[INFO] Rocket. Step: 6760000. Time Elapsed: 6026.835 s. Mean Reward: -17.391. Std of Reward: 0.064. Training.
[INFO] Rocket. Step: 6780000. Time Elapsed: 6048.520 s. Mean Reward: -17.387. Std of Reward: 0.061. Training.
[INFO] Rocket. Step: 6800000. Time Elapsed: 6063.005 s. Mean Reward: -17.380. Std of Reward: 0.060. Training.
[INFO] Rocket. Step: 6820000. Time Elapsed: 6084.218 s. Mean Reward: -17.379. Std of Reward: 0.056. Training.
[INFO] Rocket. Step: 6840000. Time Elapsed: 6098.807 s. Mean Reward: -17.382. Std of Reward: 0.068. Training.
[INFO] Rocket. Step: 6860000. Time Elapsed: 6120.133 s. Mean Reward: -17.391. Std of Reward: 0.068. Training.
[INFO] Rocket. Step: 6880000. Time Elapsed: 6134.335 s. Mean Reward: -17.363. Std of Reward: 0.064. Training.
[INFO] Rocket. Step: 6900000. Time Elapsed: 6157.004 s. Mean Reward: -17.384. Std of Reward: 0.064. Training.
[INFO] Rocket. Step: 6920000. Time Elapsed: 6170.393 s. Mean Reward: -17.381. Std of Reward: 0.062. Training.
[INFO] Rocket. Step: 6940000. Time Elapsed: 6184.917 s. Mean Reward: -17.382. Std of Reward: 0.058. Training.
[INFO] Rocket. Step: 6960000. Time Elapsed: 6207.621 s. Mean Reward: -17.379. Std of Reward: 0.063. Training.
[INFO] Rocket. Step: 6980000. Time Elapsed: 6222.318 s. Mean Reward: -17.373. Std of Reward: 0.057. Training.
[INFO] Rocket. Step: 7000000. Time Elapsed: 6243.429 s. Mean Reward: -17.378. Std of Reward: 0.058. Training.
[INFO] Exported results\L2\Rocket\Rocket-6999923.onnx
[INFO] Rocket. Step: 7020000. Time Elapsed: 6258.362 s. Mean Reward: -17.373. Std of Reward: 0.062. Training.
[INFO] Rocket. Step: 7040000. Time Elapsed: 6279.669 s. Mean Reward: -17.379. Std of Reward: 0.055. Training.
[INFO] Rocket. Step: 7060000. Time Elapsed: 6294.519 s. Mean Reward: -17.378. Std of Reward: 0.061. Training.
[INFO] Rocket. Step: 7080000. Time Elapsed: 6315.625 s. Mean Reward: -17.376. Std of Reward: 0.056. Training.
[INFO] Rocket. Step: 7100000. Time Elapsed: 6330.472 s. Mean Reward: -17.376. Std of Reward: 0.056. Training.
[INFO] Rocket. Step: 7120000. Time Elapsed: 6351.617 s. Mean Reward: -17.368. Std of Reward: 0.057. Training.
[INFO] Rocket. Step: 7140000. Time Elapsed: 6366.203 s. Mean Reward: -17.369. Std of Reward: 0.053. Training.
[INFO] Rocket. Step: 7160000. Time Elapsed: 6387.481 s. Mean Reward: -17.372. Std of Reward: 0.055. Training.
[INFO] Rocket. Step: 7180000. Time Elapsed: 6402.178 s. Mean Reward: -17.378. Std of Reward: 0.056. Training.
[INFO] Rocket. Step: 7200000. Time Elapsed: 6423.113 s. Mean Reward: -17.370. Std of Reward: 0.058. Training.
[INFO] Rocket. Step: 7220000. Time Elapsed: 6437.799 s. Mean Reward: -17.375. Std of Reward: 0.056. Training.
[INFO] Rocket. Step: 7240000. Time Elapsed: 6459.141 s. Mean Reward: -17.370. Std of Reward: 0.057. Training.
[INFO] Rocket. Step: 7260000. Time Elapsed: 6473.805 s. Mean Reward: -17.370. Std of Reward: 0.054. Training.
[INFO] Rocket. Step: 7280000. Time Elapsed: 6495.206 s. Mean Reward: -17.374. Std of Reward: 0.053. Training.
[INFO] Rocket. Step: 7300000. Time Elapsed: 6509.879 s. Mean Reward: -17.375. Std of Reward: 0.062. Training.
[INFO] Rocket. Step: 7320000. Time Elapsed: 6530.952 s. Mean Reward: -17.368. Std of Reward: 0.055. Training.
[INFO] Rocket. Step: 7340000. Time Elapsed: 6545.540 s. Mean Reward: -17.365. Std of Reward: 0.052. Training.
[INFO] Rocket. Step: 7360000. Time Elapsed: 6566.888 s. Mean Reward: -17.361. Std of Reward: 0.056. Training.
[INFO] Rocket. Step: 7380000. Time Elapsed: 6581.697 s. Mean Reward: -17.363. Std of Reward: 0.056. Training.
[INFO] Rocket. Step: 7400000. Time Elapsed: 6603.040 s. Mean Reward: -17.363. Std of Reward: 0.049. Training.
[INFO] Rocket. Step: 7420000. Time Elapsed: 6617.977 s. Mean Reward: -17.362. Std of Reward: 0.053. Training.
[INFO] Rocket. Step: 7440000. Time Elapsed: 6639.343 s. Mean Reward: -17.366. Std of Reward: 0.052. Training.
[INFO] Rocket. Step: 7460000. Time Elapsed: 6654.071 s. Mean Reward: -17.360. Std of Reward: 0.065. Training.
[INFO] Rocket. Step: 7480000. Time Elapsed: 6675.553 s. Mean Reward: -17.364. Std of Reward: 0.057. Training.
[INFO] Rocket. Step: 7500000. Time Elapsed: 6690.007 s. Mean Reward: -17.358. Std of Reward: 0.054. Training.
[INFO] Exported results\L2\Rocket\Rocket-7499975.onnx
[INFO] Rocket. Step: 7520000. Time Elapsed: 6711.374 s. Mean Reward: -17.362. Std of Reward: 0.055. Training.
[INFO] Rocket. Step: 7540000. Time Elapsed: 6725.824 s. Mean Reward: -17.362. Std of Reward: 0.054. Training.
[INFO] Rocket. Step: 7560000. Time Elapsed: 6747.324 s. Mean Reward: -17.349. Std of Reward: 0.048. Training.
[INFO] Rocket. Step: 7580000. Time Elapsed: 6761.829 s. Mean Reward: -17.354. Std of Reward: 0.056. Training.
[INFO] Rocket. Step: 7600000. Time Elapsed: 6783.344 s. Mean Reward: -17.349. Std of Reward: 0.049. Training.
[INFO] Rocket. Step: 7620000. Time Elapsed: 6797.774 s. Mean Reward: -17.359. Std of Reward: 0.061. Training.
[INFO] Rocket. Step: 7640000. Time Elapsed: 6819.451 s. Mean Reward: -17.361. Std of Reward: 0.056. Training.
[INFO] Rocket. Step: 7660000. Time Elapsed: 6833.535 s. Mean Reward: -17.353. Std of Reward: 0.053. Training.
[INFO] Rocket. Step: 7680000. Time Elapsed: 6856.420 s. Mean Reward: -17.357. Std of Reward: 0.049. Training.
[INFO] Rocket. Step: 7700000. Time Elapsed: 6869.502 s. Mean Reward: -17.360. Std of Reward: 0.056. Training.
[INFO] Rocket. Step: 7720000. Time Elapsed: 6884.015 s. Mean Reward: -17.358. Std of Reward: 0.051. Training.
[INFO] Rocket. Step: 7740000. Time Elapsed: 6905.268 s. Mean Reward: -17.347. Std of Reward: 0.054. Training.
[INFO] Rocket. Step: 7760000. Time Elapsed: 6919.851 s. Mean Reward: -17.357. Std of Reward: 0.053. Training.
[INFO] Rocket. Step: 7780000. Time Elapsed: 6941.762 s. Mean Reward: -17.351. Std of Reward: 0.054. Training.
[INFO] Rocket. Step: 7800000. Time Elapsed: 6956.187 s. Mean Reward: -17.364. Std of Reward: 0.057. Training.
[INFO] Rocket. Step: 7820000. Time Elapsed: 6977.170 s. Mean Reward: -17.344. Std of Reward: 0.052. Training.
[INFO] Rocket. Step: 7840000. Time Elapsed: 6991.968 s. Mean Reward: -17.347. Std of Reward: 0.049. Training.
[INFO] Rocket. Step: 7860000. Time Elapsed: 7013.140 s. Mean Reward: -17.342. Std of Reward: 0.048. Training.
[INFO] Rocket. Step: 7880000. Time Elapsed: 7027.789 s. Mean Reward: -17.354. Std of Reward: 0.052. Training.
[INFO] Rocket. Step: 7900000. Time Elapsed: 7049.059 s. Mean Reward: -17.354. Std of Reward: 0.049. Training.
[INFO] Rocket. Step: 7920000. Time Elapsed: 7063.732 s. Mean Reward: -17.346. Std of Reward: 0.052. Training.
[INFO] Rocket. Step: 7940000. Time Elapsed: 7085.145 s. Mean Reward: -17.348. Std of Reward: 0.059. Training.
[INFO] Rocket. Step: 7960000. Time Elapsed: 7099.886 s. Mean Reward: -17.343. Std of Reward: 0.049. Training.
[INFO] Rocket. Step: 7980000. Time Elapsed: 7120.846 s. Mean Reward: -17.344. Std of Reward: 0.047. Training.
[INFO] Rocket. Step: 8000000. Time Elapsed: 7135.661 s. Mean Reward: -17.345. Std of Reward: 0.055. Training.
[INFO] Exported results\L2\Rocket\Rocket-7999964.onnx
[INFO] Rocket. Step: 8020000. Time Elapsed: 7156.772 s. Mean Reward: -17.335. Std of Reward: 0.055. Training.
[INFO] Rocket. Step: 8040000. Time Elapsed: 7171.468 s. Mean Reward: -17.348. Std of Reward: 0.055. Training.
[INFO] Rocket. Step: 8060000. Time Elapsed: 7192.803 s. Mean Reward: -17.333. Std of Reward: 0.052. Training.
[INFO] Rocket. Step: 8080000. Time Elapsed: 7207.066 s. Mean Reward: -17.340. Std of Reward: 0.052. Training.
[INFO] Rocket. Step: 8100000. Time Elapsed: 7228.303 s. Mean Reward: -17.340. Std of Reward: 0.049. Training.
[INFO] Rocket. Step: 8120000. Time Elapsed: 7243.064 s. Mean Reward: -17.332. Std of Reward: 0.056. Training.
[INFO] Rocket. Step: 8140000. Time Elapsed: 7263.615 s. Mean Reward: -17.332. Std of Reward: 0.056. Training.
[INFO] Rocket. Step: 8160000. Time Elapsed: 7278.889 s. Mean Reward: -17.329. Std of Reward: 0.057. Training.
[INFO] Rocket. Step: 8180000. Time Elapsed: 7299.960 s. Mean Reward: -17.337. Std of Reward: 0.052. Training.
[INFO] Rocket. Step: 8200000. Time Elapsed: 7314.438 s. Mean Reward: -17.335. Std of Reward: 0.057. Training.
[INFO] Rocket. Step: 8220000. Time Elapsed: 7335.915 s. Mean Reward: -17.335. Std of Reward: 0.049. Training.
[INFO] Rocket. Step: 8240000. Time Elapsed: 7350.620 s. Mean Reward: -17.330. Std of Reward: 0.055. Training.
[INFO] Rocket. Step: 8260000. Time Elapsed: 7371.540 s. Mean Reward: -17.335. Std of Reward: 0.047. Training.
[INFO] Rocket. Step: 8280000. Time Elapsed: 7386.469 s. Mean Reward: -17.332. Std of Reward: 0.048. Training.
[INFO] Rocket. Step: 8300000. Time Elapsed: 7407.565 s. Mean Reward: -17.332. Std of Reward: 0.055. Training.
[INFO] Rocket. Step: 8320000. Time Elapsed: 7422.091 s. Mean Reward: -17.321. Std of Reward: 0.050. Training.
[INFO] Rocket. Step: 8340000. Time Elapsed: 7443.415 s. Mean Reward: -17.329. Std of Reward: 0.046. Training.
[INFO] Rocket. Step: 8360000. Time Elapsed: 7457.966 s. Mean Reward: -17.327. Std of Reward: 0.055. Training.
[INFO] Rocket. Step: 8380000. Time Elapsed: 7479.430 s. Mean Reward: -17.330. Std of Reward: 0.050. Training.
[INFO] Rocket. Step: 8400000. Time Elapsed: 7493.706 s. Mean Reward: -17.321. Std of Reward: 0.050. Training.
[INFO] Rocket. Step: 8420000. Time Elapsed: 7515.183 s. Mean Reward: -17.322. Std of Reward: 0.047. Training.
[INFO] Rocket. Step: 8440000. Time Elapsed: 7529.614 s. Mean Reward: -17.329. Std of Reward: 0.054. Training.
[INFO] Rocket. Step: 8460000. Time Elapsed: 7552.010 s. Mean Reward: -17.324. Std of Reward: 0.051. Training.
[INFO] Rocket. Step: 8480000. Time Elapsed: 7565.389 s. Mean Reward: -17.325. Std of Reward: 0.052. Training.
[INFO] Rocket. Step: 8500000. Time Elapsed: 7580.283 s. Mean Reward: -17.321. Std of Reward: 0.052. Training.
[INFO] Exported results\L2\Rocket\Rocket-8499971.onnx
[INFO] Rocket. Step: 8520000. Time Elapsed: 7601.948 s. Mean Reward: -17.329. Std of Reward: 0.051. Training.
[INFO] Rocket. Step: 8540000. Time Elapsed: 7616.292 s. Mean Reward: -17.330. Std of Reward: 0.051. Training.
[INFO] Rocket. Step: 8560000. Time Elapsed: 7637.791 s. Mean Reward: -17.320. Std of Reward: 0.046. Training.
[INFO] Rocket. Step: 8580000. Time Elapsed: 7652.315 s. Mean Reward: -17.332. Std of Reward: 0.054. Training.
[INFO] Rocket. Step: 8600000. Time Elapsed: 7673.416 s. Mean Reward: -17.315. Std of Reward: 0.052. Training.
[INFO] Rocket. Step: 8620000. Time Elapsed: 7688.287 s. Mean Reward: -17.324. Std of Reward: 0.054. Training.
[INFO] Rocket. Step: 8640000. Time Elapsed: 7709.643 s. Mean Reward: -17.323. Std of Reward: 0.055. Training.
[INFO] Rocket. Step: 8660000. Time Elapsed: 7724.188 s. Mean Reward: -17.322. Std of Reward: 0.055. Training.
[INFO] Rocket. Step: 8680000. Time Elapsed: 7745.534 s. Mean Reward: -17.317. Std of Reward: 0.055. Training.
[INFO] Rocket. Step: 8700000. Time Elapsed: 7760.177 s. Mean Reward: -17.318. Std of Reward: 0.049. Training.
[INFO] Rocket. Step: 8720000. Time Elapsed: 7781.319 s. Mean Reward: -17.322. Std of Reward: 0.057. Training.
[INFO] Rocket. Step: 8740000. Time Elapsed: 7795.950 s. Mean Reward: -17.324. Std of Reward: 0.050. Training.
[INFO] Rocket. Step: 8760000. Time Elapsed: 7817.300 s. Mean Reward: -17.317. Std of Reward: 0.053. Training.
[INFO] Rocket. Step: 8780000. Time Elapsed: 7832.132 s. Mean Reward: -17.319. Std of Reward: 0.049. Training.
[INFO] Rocket. Step: 8800000. Time Elapsed: 7853.274 s. Mean Reward: -17.324. Std of Reward: 0.052. Training.
[INFO] Rocket. Step: 8820000. Time Elapsed: 7867.905 s. Mean Reward: -17.321. Std of Reward: 0.050. Training.
[INFO] Rocket. Step: 8840000. Time Elapsed: 7889.354 s. Mean Reward: -17.320. Std of Reward: 0.050. Training.
[INFO] Rocket. Step: 8860000. Time Elapsed: 7904.062 s. Mean Reward: -17.315. Std of Reward: 0.049. Training.
[INFO] Rocket. Step: 8880000. Time Elapsed: 7925.108 s. Mean Reward: -17.316. Std of Reward: 0.048. Training.
[INFO] Rocket. Step: 8900000. Time Elapsed: 7940.177 s. Mean Reward: -17.313. Std of Reward: 0.048. Training.
[INFO] Rocket. Step: 8920000. Time Elapsed: 7961.438 s. Mean Reward: -17.322. Std of Reward: 0.052. Training.
[INFO] Rocket. Step: 8940000. Time Elapsed: 7976.012 s. Mean Reward: -17.318. Std of Reward: 0.051. Training.
[INFO] Rocket. Step: 8960000. Time Elapsed: 7997.318 s. Mean Reward: -17.310. Std of Reward: 0.048. Training.
[INFO] Rocket. Step: 8980000. Time Elapsed: 8012.084 s. Mean Reward: -17.313. Std of Reward: 0.047. Training.
[INFO] Rocket. Step: 9000000. Time Elapsed: 8033.499 s. Mean Reward: -17.320. Std of Reward: 0.049. Training.
[INFO] Exported results\L2\Rocket\Rocket-8999990.onnx
[INFO] Rocket. Step: 9020000. Time Elapsed: 8047.837 s. Mean Reward: -17.321. Std of Reward: 0.051. Training.
[INFO] Rocket. Step: 9040000. Time Elapsed: 8069.272 s. Mean Reward: -17.313. Std of Reward: 0.052. Training.
[INFO] Rocket. Step: 9060000. Time Elapsed: 8084.050 s. Mean Reward: -17.314. Std of Reward: 0.050. Training.
[INFO] Rocket. Step: 9080000. Time Elapsed: 8105.466 s. Mean Reward: -17.304. Std of Reward: 0.054. Training.
[INFO] Rocket. Step: 9100000. Time Elapsed: 8119.792 s. Mean Reward: -17.302. Std of Reward: 0.050. Training.
[INFO] Rocket. Step: 9120000. Time Elapsed: 8141.289 s. Mean Reward: -17.309. Std of Reward: 0.049. Training.
[INFO] Rocket. Step: 9140000. Time Elapsed: 8155.857 s. Mean Reward: -17.317. Std of Reward: 0.051. Training.
[INFO] Rocket. Step: 9160000. Time Elapsed: 8177.456 s. Mean Reward: -17.313. Std of Reward: 0.048. Training.
[INFO] Rocket. Step: 9180000. Time Elapsed: 8191.504 s. Mean Reward: -17.306. Std of Reward: 0.045. Training.
[INFO] Rocket. Step: 9200000. Time Elapsed: 8213.093 s. Mean Reward: -17.316. Std of Reward: 0.045. Training.
[INFO] Rocket. Step: 9220000. Time Elapsed: 8227.452 s. Mean Reward: -17.309. Std of Reward: 0.048. Training.
[INFO] Rocket. Step: 9240000. Time Elapsed: 8249.655 s. Mean Reward: -17.315. Std of Reward: 0.051. Training.
[INFO] Rocket. Step: 9260000. Time Elapsed: 8263.902 s. Mean Reward: -17.308. Std of Reward: 0.051. Training.
[INFO] Rocket. Step: 9280000. Time Elapsed: 8286.740 s. Mean Reward: -17.309. Std of Reward: 0.052. Training.
[INFO] Rocket. Step: 9300000. Time Elapsed: 8299.816 s. Mean Reward: -17.306. Std of Reward: 0.049. Training.
[INFO] Rocket. Step: 9320000. Time Elapsed: 8314.594 s. Mean Reward: -17.308. Std of Reward: 0.045. Training.
[INFO] Rocket. Step: 9340000. Time Elapsed: 8335.472 s. Mean Reward: -17.305. Std of Reward: 0.049. Training.
[INFO] Rocket. Step: 9360000. Time Elapsed: 8349.938 s. Mean Reward: -17.306. Std of Reward: 0.048. Training.
[INFO] Rocket. Step: 9380000. Time Elapsed: 8371.194 s. Mean Reward: -17.303. Std of Reward: 0.044. Training.
[INFO] Rocket. Step: 9400000. Time Elapsed: 8386.001 s. Mean Reward: -17.298. Std of Reward: 0.044. Training.
[INFO] Rocket. Step: 9420000. Time Elapsed: 8407.211 s. Mean Reward: -17.302. Std of Reward: 0.048. Training.
[INFO] Rocket. Step: 9440000. Time Elapsed: 8422.034 s. Mean Reward: -17.303. Std of Reward: 0.053. Training.
[INFO] Rocket. Step: 9460000. Time Elapsed: 8443.073 s. Mean Reward: -17.302. Std of Reward: 0.050. Training.
[INFO] Rocket. Step: 9480000. Time Elapsed: 8457.753 s. Mean Reward: -17.309. Std of Reward: 0.049. Training.
[INFO] Rocket. Step: 9500000. Time Elapsed: 8478.986 s. Mean Reward: -17.303. Std of Reward: 0.052. Training.
[INFO] Exported results\L2\Rocket\Rocket-9499878.onnx
[INFO] Rocket. Step: 9520000. Time Elapsed: 8493.734 s. Mean Reward: -17.301. Std of Reward: 0.048. Training.
[INFO] Rocket. Step: 9540000. Time Elapsed: 8515.049 s. Mean Reward: -17.302. Std of Reward: 0.049. Training.
[INFO] Rocket. Step: 9560000. Time Elapsed: 8529.835 s. Mean Reward: -17.294. Std of Reward: 0.046. Training.
[INFO] Rocket. Step: 9580000. Time Elapsed: 8550.518 s. Mean Reward: -17.300. Std of Reward: 0.050. Training.
[INFO] Rocket. Step: 9600000. Time Elapsed: 8565.298 s. Mean Reward: -17.291. Std of Reward: 0.044. Training.
[INFO] Rocket. Step: 9620000. Time Elapsed: 8586.303 s. Mean Reward: -17.300. Std of Reward: 0.053. Training.
[INFO] Rocket. Step: 9640000. Time Elapsed: 8601.088 s. Mean Reward: -17.293. Std of Reward: 0.048. Training.
[INFO] Rocket. Step: 9660000. Time Elapsed: 8622.445 s. Mean Reward: -17.299. Std of Reward: 0.051. Training.
[INFO] Rocket. Step: 9680000. Time Elapsed: 8637.212 s. Mean Reward: -17.295. Std of Reward: 0.047. Training.
[INFO] Rocket. Step: 9700000. Time Elapsed: 8658.332 s. Mean Reward: -17.300. Std of Reward: 0.052. Training.
[INFO] Rocket. Step: 9720000. Time Elapsed: 8672.995 s. Mean Reward: -17.296. Std of Reward: 0.046. Training.
[INFO] Rocket. Step: 9740000. Time Elapsed: 8694.208 s. Mean Reward: -17.288. Std of Reward: 0.048. Training.
[INFO] Rocket. Step: 9760000. Time Elapsed: 8708.857 s. Mean Reward: -17.288. Std of Reward: 0.045. Training.
[INFO] Rocket. Step: 9780000. Time Elapsed: 8729.968 s. Mean Reward: -17.291. Std of Reward: 0.048. Training.
[INFO] Rocket. Step: 9800000. Time Elapsed: 8744.652 s. Mean Reward: -17.292. Std of Reward: 0.045. Training.
[INFO] Rocket. Step: 9820000. Time Elapsed: 8765.704 s. Mean Reward: -17.296. Std of Reward: 0.050. Training.
[INFO] Rocket. Step: 9840000. Time Elapsed: 8780.415 s. Mean Reward: -17.287. Std of Reward: 0.048. Training.
[INFO] Rocket. Step: 9860000. Time Elapsed: 8801.799 s. Mean Reward: -17.295. Std of Reward: 0.050. Training.
[INFO] Rocket. Step: 9880000. Time Elapsed: 8816.487 s. Mean Reward: -17.293. Std of Reward: 0.047. Training.
[INFO] Rocket. Step: 9900000. Time Elapsed: 8837.609 s. Mean Reward: -17.286. Std of Reward: 0.049. Training.
[INFO] Rocket. Step: 9920000. Time Elapsed: 8852.216 s. Mean Reward: -17.284. Std of Reward: 0.054. Training.
[INFO] Rocket. Step: 9940000. Time Elapsed: 8873.785 s. Mean Reward: -17.297. Std of Reward: 0.049. Training.
[INFO] Rocket. Step: 9960000. Time Elapsed: 8888.235 s. Mean Reward: -17.286. Std of Reward: 0.053. Training.
[INFO] Rocket. Step: 9980000. Time Elapsed: 8909.672 s. Mean Reward: -17.288. Std of Reward: 0.047. Training.
[INFO] Rocket. Step: 10000000. Time Elapsed: 8924.495 s. Mean Reward: -17.279. Std of Reward: 0.047. Training.
[INFO] Exported results\L2\Rocket\Rocket-9999994.onnx
[INFO] Rocket. Step: 10020000. Time Elapsed: 8946.325 s. Mean Reward: -17.286. Std of Reward: 0.043. Training.
[INFO] Rocket. Step: 10040000. Time Elapsed: 8960.541 s. Mean Reward: -17.289. Std of Reward: 0.048. Training.
[INFO] Rocket. Step: 10060000. Time Elapsed: 8982.912 s. Mean Reward: -17.277. Std of Reward: 0.046. Training.
[INFO] Rocket. Step: 10080000. Time Elapsed: 8996.253 s. Mean Reward: -17.281. Std of Reward: 0.045. Training.
[INFO] Rocket. Step: 10100000. Time Elapsed: 9010.991 s. Mean Reward: -17.283. Std of Reward: 0.045. Training.
[INFO] Rocket. Step: 10120000. Time Elapsed: 9032.325 s. Mean Reward: -17.280. Std of Reward: 0.046. Training.
[INFO] Rocket. Step: 10140000. Time Elapsed: 9046.902 s. Mean Reward: -17.286. Std of Reward: 0.050. Training.
[INFO] Rocket. Step: 10160000. Time Elapsed: 9068.240 s. Mean Reward: -17.279. Std of Reward: 0.046. Training.
[INFO] Rocket. Step: 10180000. Time Elapsed: 9083.005 s. Mean Reward: -17.286. Std of Reward: 0.047. Training.
[INFO] Rocket. Step: 10200000. Time Elapsed: 9104.206 s. Mean Reward: -17.281. Std of Reward: 0.049. Training.
[INFO] Rocket. Step: 10220000. Time Elapsed: 9118.585 s. Mean Reward: -17.282. Std of Reward: 0.048. Training.
[INFO] Rocket. Step: 10240000. Time Elapsed: 9139.845 s. Mean Reward: -17.284. Std of Reward: 0.044. Training.
[INFO] Rocket. Step: 10260000. Time Elapsed: 9154.498 s. Mean Reward: -17.276. Std of Reward: 0.050. Training.
[INFO] Rocket. Step: 10280000. Time Elapsed: 9175.733 s. Mean Reward: -17.281. Std of Reward: 0.047. Training.
[INFO] Rocket. Step: 10300000. Time Elapsed: 9190.336 s. Mean Reward: -17.272. Std of Reward: 0.049. Training.
[INFO] Rocket. Step: 10320000. Time Elapsed: 9211.751 s. Mean Reward: -17.285. Std of Reward: 0.048. Training.
[INFO] Rocket. Step: 10340000. Time Elapsed: 9226.513 s. Mean Reward: -17.275. Std of Reward: 0.045. Training.
[INFO] Rocket. Step: 10360000. Time Elapsed: 9247.679 s. Mean Reward: -17.280. Std of Reward: 0.046. Training.
[INFO] Rocket. Step: 10380000. Time Elapsed: 9262.617 s. Mean Reward: -17.277. Std of Reward: 0.052. Training.
[INFO] Rocket. Step: 10400000. Time Elapsed: 9283.916 s. Mean Reward: -17.277. Std of Reward: 0.043. Training.
[INFO] Rocket. Step: 10420000. Time Elapsed: 9298.677 s. Mean Reward: -17.280. Std of Reward: 0.046. Training.
[INFO] Rocket. Step: 10440000. Time Elapsed: 9319.794 s. Mean Reward: -17.282. Std of Reward: 0.040. Training.
[INFO] Rocket. Step: 10460000. Time Elapsed: 9334.289 s. Mean Reward: -17.281. Std of Reward: 0.046. Training.
[INFO] Rocket. Step: 10480000. Time Elapsed: 9355.558 s. Mean Reward: -17.282. Std of Reward: 0.053. Training.
[INFO] Rocket. Step: 10500000. Time Elapsed: 9370.035 s. Mean Reward: -17.283. Std of Reward: 0.051. Training.
[INFO] Exported results\L2\Rocket\Rocket-10499953.onnx
[INFO] Rocket. Step: 10520000. Time Elapsed: 9391.362 s. Mean Reward: -17.274. Std of Reward: 0.047. Training.
[INFO] Rocket. Step: 10540000. Time Elapsed: 9406.128 s. Mean Reward: -17.279. Std of Reward: 0.049. Training.
[INFO] Rocket. Step: 10560000. Time Elapsed: 9427.243 s. Mean Reward: -17.274. Std of Reward: 0.046. Training.
[INFO] Rocket. Step: 10580000. Time Elapsed: 9441.907 s. Mean Reward: -17.279. Std of Reward: 0.044. Training.
[INFO] Rocket. Step: 10600000. Time Elapsed: 9463.230 s. Mean Reward: -17.278. Std of Reward: 0.049. Training.
[INFO] Rocket. Step: 10620000. Time Elapsed: 9477.816 s. Mean Reward: -17.278. Std of Reward: 0.048. Training.
[INFO] Rocket. Step: 10640000. Time Elapsed: 9499.247 s. Mean Reward: -17.273. Std of Reward: 0.050. Training.
[INFO] Rocket. Step: 10660000. Time Elapsed: 9513.812 s. Mean Reward: -17.270. Std of Reward: 0.043. Training.
[INFO] Rocket. Step: 10680000. Time Elapsed: 9535.035 s. Mean Reward: -17.278. Std of Reward: 0.048. Training.
[INFO] Rocket. Step: 10700000. Time Elapsed: 9549.596 s. Mean Reward: -17.272. Std of Reward: 0.046. Training.
[INFO] Rocket. Step: 10720000. Time Elapsed: 9571.032 s. Mean Reward: -17.271. Std of Reward: 0.044. Training.
[INFO] Rocket. Step: 10740000. Time Elapsed: 9585.802 s. Mean Reward: -17.274. Std of Reward: 0.043. Training.
[INFO] Rocket. Step: 10760000. Time Elapsed: 9607.215 s. Mean Reward: -17.278. Std of Reward: 0.048. Training.
[INFO] Rocket. Step: 10780000. Time Elapsed: 9621.663 s. Mean Reward: -17.269. Std of Reward: 0.043. Training.
[INFO] Rocket. Step: 10800000. Time Elapsed: 9643.127 s. Mean Reward: -17.270. Std of Reward: 0.047. Training.
[INFO] Rocket. Step: 10820000. Time Elapsed: 9657.647 s. Mean Reward: -17.271. Std of Reward: 0.047. Training.
[INFO] Rocket. Step: 10840000. Time Elapsed: 9679.618 s. Mean Reward: -17.269. Std of Reward: 0.044. Training.
[INFO] Rocket. Step: 10860000. Time Elapsed: 9693.525 s. Mean Reward: -17.269. Std of Reward: 0.045. Training.
[INFO] Rocket. Step: 10880000. Time Elapsed: 9716.142 s. Mean Reward: -17.264. Std of Reward: 0.046. Training.
[INFO] Rocket. Step: 10900000. Time Elapsed: 9729.140 s. Mean Reward: -17.267. Std of Reward: 0.045. Training.
[INFO] Rocket. Step: 10920000. Time Elapsed: 9743.782 s. Mean Reward: -17.265. Std of Reward: 0.048. Training.
[INFO] Rocket. Step: 10940000. Time Elapsed: 9765.098 s. Mean Reward: -17.266. Std of Reward: 0.048. Training.
[INFO] Rocket. Step: 10960000. Time Elapsed: 9779.808 s. Mean Reward: -17.268. Std of Reward: 0.048. Training.
[INFO] Rocket. Step: 10980000. Time Elapsed: 9801.071 s. Mean Reward: -17.267. Std of Reward: 0.048. Training.
[INFO] Rocket. Step: 11000000. Time Elapsed: 9815.753 s. Mean Reward: -17.267. Std of Reward: 0.045. Training.
[INFO] Exported results\L2\Rocket\Rocket-10999968.onnx
[INFO] Rocket. Step: 11020000. Time Elapsed: 9836.921 s. Mean Reward: -17.268. Std of Reward: 0.045. Training.
[INFO] Rocket. Step: 11040000. Time Elapsed: 9851.620 s. Mean Reward: -17.266. Std of Reward: 0.045. Training.
[INFO] Rocket. Step: 11060000. Time Elapsed: 9872.899 s. Mean Reward: -17.261. Std of Reward: 0.043. Training.
[INFO] Rocket. Step: 11080000. Time Elapsed: 9887.600 s. Mean Reward: -17.263. Std of Reward: 0.043. Training.
[INFO] Rocket. Step: 11100000. Time Elapsed: 9909.135 s. Mean Reward: -17.263. Std of Reward: 0.044. Training.
[INFO] Rocket. Step: 11120000. Time Elapsed: 9923.763 s. Mean Reward: -17.268. Std of Reward: 0.045. Training.
[INFO] Rocket. Step: 11140000. Time Elapsed: 9945.199 s. Mean Reward: -17.268. Std of Reward: 0.045. Training.
[INFO] Rocket. Step: 11160000. Time Elapsed: 9959.612 s. Mean Reward: -17.262. Std of Reward: 0.045. Training.
[INFO] Rocket. Step: 11180000. Time Elapsed: 9980.894 s. Mean Reward: -17.261. Std of Reward: 0.044. Training.
[INFO] Rocket. Step: 11200000. Time Elapsed: 9995.770 s. Mean Reward: -17.258. Std of Reward: 0.045. Training.
[INFO] Rocket. Step: 11220000. Time Elapsed: 10016.794 s. Mean Reward: -17.263. Std of Reward: 0.043. Training.
[INFO] Rocket. Step: 11240000. Time Elapsed: 10031.364 s. Mean Reward: -17.264. Std of Reward: 0.043. Training.
[INFO] Rocket. Step: 11260000. Time Elapsed: 10052.599 s. Mean Reward: -17.263. Std of Reward: 0.049. Training.
[INFO] Rocket. Step: 11280000. Time Elapsed: 10067.338 s. Mean Reward: -17.263. Std of Reward: 0.045. Training.
[INFO] Rocket. Step: 11300000. Time Elapsed: 10088.453 s. Mean Reward: -17.256. Std of Reward: 0.052. Training.
[INFO] Rocket. Step: 11320000. Time Elapsed: 10103.211 s. Mean Reward: -17.260. Std of Reward: 0.046. Training.
[INFO] Rocket. Step: 11340000. Time Elapsed: 10124.377 s. Mean Reward: -17.257. Std of Reward: 0.045. Training.
[INFO] Rocket. Step: 11360000. Time Elapsed: 10139.048 s. Mean Reward: -17.258. Std of Reward: 0.046. Training.
[INFO] Rocket. Step: 11380000. Time Elapsed: 10160.196 s. Mean Reward: -17.257. Std of Reward: 0.045. Training.
[INFO] Rocket. Step: 11400000. Time Elapsed: 10174.921 s. Mean Reward: -17.259. Std of Reward: 0.047. Training.
[INFO] Rocket. Step: 11420000. Time Elapsed: 10196.182 s. Mean Reward: -17.266. Std of Reward: 0.044. Training.
[INFO] Rocket. Step: 11440000. Time Elapsed: 10210.743 s. Mean Reward: -17.264. Std of Reward: 0.049. Training.
[INFO] Rocket. Step: 11460000. Time Elapsed: 10232.111 s. Mean Reward: -17.261. Std of Reward: 0.043. Training.
[INFO] Rocket. Step: 11480000. Time Elapsed: 10247.027 s. Mean Reward: -17.261. Std of Reward: 0.043. Training.
[INFO] Rocket. Step: 11500000. Time Elapsed: 10268.106 s. Mean Reward: -17.260. Std of Reward: 0.044. Training.
[INFO] Exported results\L2\Rocket\Rocket-11499970.onnx
[INFO] Rocket. Step: 11520000. Time Elapsed: 10282.604 s. Mean Reward: -17.249. Std of Reward: 0.043. Training.
[INFO] Rocket. Step: 11540000. Time Elapsed: 10304.055 s. Mean Reward: -17.259. Std of Reward: 0.044. Training.
[INFO] Rocket. Step: 11560000. Time Elapsed: 10318.525 s. Mean Reward: -17.257. Std of Reward: 0.044. Training.
[INFO] Rocket. Step: 11580000. Time Elapsed: 10340.142 s. Mean Reward: -17.260. Std of Reward: 0.048. Training.
[INFO] Rocket. Step: 11600000. Time Elapsed: 10354.473 s. Mean Reward: -17.258. Std of Reward: 0.044. Training.
[INFO] Rocket. Step: 11620000. Time Elapsed: 10376.593 s. Mean Reward: -17.257. Std of Reward: 0.048. Training.
[INFO] Rocket. Step: 11640000. Time Elapsed: 10390.256 s. Mean Reward: -17.256. Std of Reward: 0.044. Training.
[INFO] Rocket. Step: 11660000. Time Elapsed: 10412.907 s. Mean Reward: -17.256. Std of Reward: 0.044. Training.
[INFO] Rocket. Step: 11680000. Time Elapsed: 10425.988 s. Mean Reward: -17.255. Std of Reward: 0.043. Training.
[INFO] Rocket. Step: 11700000. Time Elapsed: 10440.744 s. Mean Reward: -17.252. Std of Reward: 0.042. Training.
[INFO] Rocket. Step: 11720000. Time Elapsed: 10461.966 s. Mean Reward: -17.261. Std of Reward: 0.045. Training.
[INFO] Rocket. Step: 11740000. Time Elapsed: 10476.552 s. Mean Reward: -17.252. Std of Reward: 0.041. Training.
[INFO] Rocket. Step: 11760000. Time Elapsed: 10497.771 s. Mean Reward: -17.252. Std of Reward: 0.046. Training.
[INFO] Rocket. Step: 11780000. Time Elapsed: 10512.338 s. Mean Reward: -17.250. Std of Reward: 0.042. Training.
[INFO] Rocket. Step: 11800000. Time Elapsed: 10533.597 s. Mean Reward: -17.257. Std of Reward: 0.042. Training.
[INFO] Rocket. Step: 11820000. Time Elapsed: 10548.326 s. Mean Reward: -17.260. Std of Reward: 0.047. Training.
[INFO] Rocket. Step: 11840000. Time Elapsed: 10569.990 s. Mean Reward: -17.251. Std of Reward: 0.041. Training.
[INFO] Rocket. Step: 11860000. Time Elapsed: 10584.619 s. Mean Reward: -17.252. Std of Reward: 0.043. Training.
[INFO] Rocket. Step: 11880000. Time Elapsed: 10605.770 s. Mean Reward: -17.252. Std of Reward: 0.044. Training.
[INFO] Rocket. Step: 11900000. Time Elapsed: 10620.535 s. Mean Reward: -17.252. Std of Reward: 0.040. Training.
[INFO] Rocket. Step: 11920000. Time Elapsed: 10641.704 s. Mean Reward: -17.252. Std of Reward: 0.044. Training.
[INFO] Rocket. Step: 11940000. Time Elapsed: 10656.247 s. Mean Reward: -17.255. Std of Reward: 0.045. Training.
[INFO] Rocket. Step: 11960000. Time Elapsed: 10677.323 s. Mean Reward: -17.250. Std of Reward: 0.041. Training.
[INFO] Rocket. Step: 11980000. Time Elapsed: 10692.060 s. Mean Reward: -17.254. Std of Reward: 0.049. Training.
[INFO] Rocket. Step: 12000000. Time Elapsed: 10713.141 s. Mean Reward: -17.253. Std of Reward: 0.046. Training.
[INFO] Exported results\L2\Rocket\Rocket-11999956.onnx
[INFO] Rocket. Step: 12020000. Time Elapsed: 10727.798 s. Mean Reward: -17.254. Std of Reward: 0.042. Training.
[INFO] Rocket. Step: 12040000. Time Elapsed: 10748.674 s. Mean Reward: -17.252. Std of Reward: 0.038. Training.
[INFO] Rocket. Step: 12060000. Time Elapsed: 10763.428 s. Mean Reward: -17.258. Std of Reward: 0.043. Training.
[INFO] Rocket. Step: 12080000. Time Elapsed: 10784.694 s. Mean Reward: -17.249. Std of Reward: 0.043. Training.
[INFO] Rocket. Step: 12100000. Time Elapsed: 10799.190 s. Mean Reward: -17.252. Std of Reward: 0.047. Training.
[INFO] Rocket. Step: 12120000. Time Elapsed: 10820.215 s. Mean Reward: -17.247. Std of Reward: 0.043. Training.
[INFO] Rocket. Step: 12140000. Time Elapsed: 10834.937 s. Mean Reward: -17.250. Std of Reward: 0.039. Training.
[INFO] Rocket. Step: 12160000. Time Elapsed: 10856.073 s. Mean Reward: -17.247. Std of Reward: 0.046. Training.
[INFO] Rocket. Step: 12180000. Time Elapsed: 10870.731 s. Mean Reward: -17.249. Std of Reward: 0.042. Training.
[INFO] Rocket. Step: 12200000. Time Elapsed: 10892.001 s. Mean Reward: -17.247. Std of Reward: 0.043. Training.
[INFO] Rocket. Step: 12220000. Time Elapsed: 10906.873 s. Mean Reward: -17.246. Std of Reward: 0.046. Training.
[INFO] Rocket. Step: 12240000. Time Elapsed: 10928.206 s. Mean Reward: -17.252. Std of Reward: 0.044. Training.
[INFO] Rocket. Step: 12260000. Time Elapsed: 10942.959 s. Mean Reward: -17.251. Std of Reward: 0.041. Training.
[INFO] Rocket. Step: 12280000. Time Elapsed: 10964.518 s. Mean Reward: -17.249. Std of Reward: 0.042. Training.
[INFO] Rocket. Step: 12300000. Time Elapsed: 10978.970 s. Mean Reward: -17.252. Std of Reward: 0.041. Training.
[INFO] Rocket. Step: 12320000. Time Elapsed: 11000.292 s. Mean Reward: -17.248. Std of Reward: 0.041. Training.
[INFO] Rocket. Step: 12340000. Time Elapsed: 11014.611 s. Mean Reward: -17.249. Std of Reward: 0.042. Training.
[INFO] Rocket. Step: 12360000. Time Elapsed: 11036.236 s. Mean Reward: -17.250. Std of Reward: 0.037. Training.
[INFO] Rocket. Step: 12380000. Time Elapsed: 11050.436 s. Mean Reward: -17.242. Std of Reward: 0.040. Training.
[INFO] Rocket. Step: 12400000. Time Elapsed: 11072.594 s. Mean Reward: -17.252. Std of Reward: 0.042. Training.
[INFO] Rocket. Step: 12420000. Time Elapsed: 11086.303 s. Mean Reward: -17.246. Std of Reward: 0.045. Training.
[INFO] Rocket. Step: 12440000. Time Elapsed: 11109.237 s. Mean Reward: -17.255. Std of Reward: 0.044. Training.
[INFO] Rocket. Step: 12460000. Time Elapsed: 11122.235 s. Mean Reward: -17.249. Std of Reward: 0.043. Training.
[INFO] Rocket. Step: 12480000. Time Elapsed: 11136.842 s. Mean Reward: -17.246. Std of Reward: 0.041. Training.
[INFO] Rocket. Step: 12500000. Time Elapsed: 11157.864 s. Mean Reward: -17.243. Std of Reward: 0.045. Training.
[INFO] Exported results\L2\Rocket\Rocket-12499973.onnx
[INFO] Rocket. Step: 12520000. Time Elapsed: 11172.458 s. Mean Reward: -17.246. Std of Reward: 0.041. Training.
[INFO] Rocket. Step: 12540000. Time Elapsed: 11193.892 s. Mean Reward: -17.241. Std of Reward: 0.042. Training.
[INFO] Rocket. Step: 12560000. Time Elapsed: 11208.529 s. Mean Reward: -17.240. Std of Reward: 0.039. Training.
[INFO] Rocket. Step: 12580000. Time Elapsed: 11229.800 s. Mean Reward: -17.246. Std of Reward: 0.043. Training.
[INFO] Rocket. Step: 12600000. Time Elapsed: 11244.439 s. Mean Reward: -17.245. Std of Reward: 0.045. Training.
[INFO] Rocket. Step: 12620000. Time Elapsed: 11265.893 s. Mean Reward: -17.244. Std of Reward: 0.041. Training.
[INFO] Rocket. Step: 12640000. Time Elapsed: 11280.623 s. Mean Reward: -17.244. Std of Reward: 0.040. Training.
[INFO] Rocket. Step: 12660000. Time Elapsed: 11301.668 s. Mean Reward: -17.242. Std of Reward: 0.041. Training.
[INFO] Rocket. Step: 12680000. Time Elapsed: 11316.341 s. Mean Reward: -17.240. Std of Reward: 0.044. Training.
[INFO] Rocket. Step: 12700000. Time Elapsed: 11337.487 s. Mean Reward: -17.240. Std of Reward: 0.044. Training.
[INFO] Rocket. Step: 12720000. Time Elapsed: 11352.215 s. Mean Reward: -17.243. Std of Reward: 0.039. Training.
[INFO] Rocket. Step: 12740000. Time Elapsed: 11373.416 s. Mean Reward: -17.246. Std of Reward: 0.040. Training.
[INFO] Rocket. Step: 12760000. Time Elapsed: 11388.077 s. Mean Reward: -17.244. Std of Reward: 0.044. Training.
[INFO] Rocket. Step: 12780000. Time Elapsed: 11409.270 s. Mean Reward: -17.240. Std of Reward: 0.040. Training.
[INFO] Rocket. Step: 12800000. Time Elapsed: 11423.969 s. Mean Reward: -17.235. Std of Reward: 0.040. Training.
[INFO] Rocket. Step: 12820000. Time Elapsed: 11444.849 s. Mean Reward: -17.233. Std of Reward: 0.037. Training.
[INFO] Rocket. Step: 12840000. Time Elapsed: 11459.550 s. Mean Reward: -17.235. Std of Reward: 0.040. Training.
[INFO] Rocket. Step: 12860000. Time Elapsed: 11480.773 s. Mean Reward: -17.240. Std of Reward: 0.037. Training.
[INFO] Rocket. Step: 12880000. Time Elapsed: 11495.364 s. Mean Reward: -17.238. Std of Reward: 0.035. Training.
[INFO] Rocket. Step: 12900000. Time Elapsed: 11516.599 s. Mean Reward: -17.236. Std of Reward: 0.042. Training.
[INFO] Rocket. Step: 12920000. Time Elapsed: 11531.178 s. Mean Reward: -17.244. Std of Reward: 0.042. Training.
[INFO] Rocket. Step: 12940000. Time Elapsed: 11552.511 s. Mean Reward: -17.230. Std of Reward: 0.037. Training.
[INFO] Rocket. Step: 12960000. Time Elapsed: 11567.279 s. Mean Reward: -17.248. Std of Reward: 0.041. Training.
[INFO] Rocket. Step: 12980000. Time Elapsed: 11588.305 s. Mean Reward: -17.242. Std of Reward: 0.040. Training.
[INFO] Rocket. Step: 13000000. Time Elapsed: 11603.007 s. Mean Reward: -17.240. Std of Reward: 0.044. Training.
[INFO] Exported results\L2\Rocket\Rocket-12999989.onnx
[INFO] Rocket. Step: 13020000. Time Elapsed: 11624.081 s. Mean Reward: -17.241. Std of Reward: 0.042. Training.
[INFO] Rocket. Step: 13040000. Time Elapsed: 11638.797 s. Mean Reward: -17.242. Std of Reward: 0.043. Training.
[INFO] Rocket. Step: 13060000. Time Elapsed: 11659.940 s. Mean Reward: -17.238. Std of Reward: 0.038. Training.
[INFO] Rocket. Step: 13080000. Time Elapsed: 11674.436 s. Mean Reward: -17.236. Std of Reward: 0.040. Training.
[INFO] Rocket. Step: 13100000. Time Elapsed: 11696.081 s. Mean Reward: -17.242. Std of Reward: 0.040. Training.
[INFO] Rocket. Step: 13120000. Time Elapsed: 11710.559 s. Mean Reward: -17.241. Std of Reward: 0.041. Training.
[INFO] Rocket. Step: 13140000. Time Elapsed: 11731.733 s. Mean Reward: -17.243. Std of Reward: 0.044. Training.
[INFO] Rocket. Step: 13160000. Time Elapsed: 11746.030 s. Mean Reward: -17.237. Std of Reward: 0.038. Training.
[INFO] Rocket. Step: 13180000. Time Elapsed: 11767.749 s. Mean Reward: -17.236. Std of Reward: 0.037. Training.
[INFO] Rocket. Step: 13200000. Time Elapsed: 11782.000 s. Mean Reward: -17.237. Std of Reward: 0.041. Training.
[INFO] Rocket. Step: 13220000. Time Elapsed: 11804.478 s. Mean Reward: -17.239. Std of Reward: 0.043. Training.
[INFO] Rocket. Step: 13240000. Time Elapsed: 11817.910 s. Mean Reward: -17.239. Std of Reward: 0.045. Training.
[INFO] Rocket. Step: 13260000. Time Elapsed: 11841.054 s. Mean Reward: -17.238. Std of Reward: 0.039. Training.
[INFO] Rocket. Step: 13280000. Time Elapsed: 11853.811 s. Mean Reward: -17.236. Std of Reward: 0.040. Training.
[INFO] Rocket. Step: 13300000. Time Elapsed: 11868.262 s. Mean Reward: -17.236. Std of Reward: 0.041. Training.
[INFO] Rocket. Step: 13320000. Time Elapsed: 11889.646 s. Mean Reward: -17.235. Std of Reward: 0.036. Training.
[INFO] Rocket. Step: 13340000. Time Elapsed: 11904.471 s. Mean Reward: -17.230. Std of Reward: 0.038. Training.
[INFO] Rocket. Step: 13360000. Time Elapsed: 11925.701 s. Mean Reward: -17.237. Std of Reward: 0.042. Training.
[INFO] Rocket. Step: 13380000. Time Elapsed: 11940.311 s. Mean Reward: -17.233. Std of Reward: 0.039. Training.
[INFO] Rocket. Step: 13400000. Time Elapsed: 11961.723 s. Mean Reward: -17.235. Std of Reward: 0.041. Training.
[INFO] Rocket. Step: 13420000. Time Elapsed: 11976.235 s. Mean Reward: -17.230. Std of Reward: 0.037. Training.
[INFO] Rocket. Step: 13440000. Time Elapsed: 11997.281 s. Mean Reward: -17.229. Std of Reward: 0.034. Training.
[INFO] Rocket. Step: 13460000. Time Elapsed: 12012.041 s. Mean Reward: -17.228. Std of Reward: 0.038. Training.
[INFO] Rocket. Step: 13480000. Time Elapsed: 12032.969 s. Mean Reward: -17.239. Std of Reward: 0.042. Training.
[INFO] Rocket. Step: 13500000. Time Elapsed: 12047.561 s. Mean Reward: -17.233. Std of Reward: 0.042. Training.
[INFO] Exported results\L2\Rocket\Rocket-13499929.onnx
[INFO] Rocket. Step: 13520000. Time Elapsed: 12068.640 s. Mean Reward: -17.234. Std of Reward: 0.043. Training.
[INFO] Rocket. Step: 13540000. Time Elapsed: 12083.446 s. Mean Reward: -17.233. Std of Reward: 0.039. Training.
[INFO] Rocket. Step: 13560000. Time Elapsed: 12104.527 s. Mean Reward: -17.233. Std of Reward: 0.040. Training.
[INFO] Rocket. Step: 13580000. Time Elapsed: 12119.224 s. Mean Reward: -17.230. Std of Reward: 0.040. Training.
[INFO] Rocket. Step: 13600000. Time Elapsed: 12140.423 s. Mean Reward: -17.228. Std of Reward: 0.035. Training.
[INFO] Rocket. Step: 13620000. Time Elapsed: 12155.031 s. Mean Reward: -17.233. Std of Reward: 0.036. Training.
[INFO] Rocket. Step: 13640000. Time Elapsed: 12176.272 s. Mean Reward: -17.233. Std of Reward: 0.040. Training.
[INFO] Rocket. Step: 13660000. Time Elapsed: 12190.789 s. Mean Reward: -17.229. Std of Reward: 0.041. Training.
[INFO] Rocket. Step: 13680000. Time Elapsed: 12212.339 s. Mean Reward: -17.227. Std of Reward: 0.037. Training.
[INFO] Rocket. Step: 13700000. Time Elapsed: 12226.920 s. Mean Reward: -17.234. Std of Reward: 0.038. Training.
[INFO] Rocket. Step: 13720000. Time Elapsed: 12248.041 s. Mean Reward: -17.236. Std of Reward: 0.033. Training.
[INFO] Rocket. Step: 13740000. Time Elapsed: 12262.804 s. Mean Reward: -17.229. Std of Reward: 0.037. Training.
[INFO] Rocket. Step: 13760000. Time Elapsed: 12284.204 s. Mean Reward: -17.225. Std of Reward: 0.033. Training.
[INFO] Rocket. Step: 13780000. Time Elapsed: 12298.911 s. Mean Reward: -17.226. Std of Reward: 0.036. Training.
[INFO] Rocket. Step: 13800000. Time Elapsed: 12320.010 s. Mean Reward: -17.231. Std of Reward: 0.039. Training.
[INFO] Rocket. Step: 13820000. Time Elapsed: 12334.424 s. Mean Reward: -17.230. Std of Reward: 0.042. Training.
[INFO] Rocket. Step: 13840000. Time Elapsed: 12355.689 s. Mean Reward: -17.226. Std of Reward: 0.035. Training.
[INFO] Rocket. Step: 13860000. Time Elapsed: 12370.442 s. Mean Reward: -17.230. Std of Reward: 0.039. Training.
[INFO] Rocket. Step: 13880000. Time Elapsed: 12391.778 s. Mean Reward: -17.228. Std of Reward: 0.036. Training.
[INFO] Rocket. Step: 13900000. Time Elapsed: 12406.302 s. Mean Reward: -17.225. Std of Reward: 0.037. Training.
[INFO] Rocket. Step: 13920000. Time Elapsed: 12427.248 s. Mean Reward: -17.225. Std of Reward: 0.035. Training.
[INFO] Rocket. Step: 13940000. Time Elapsed: 12441.760 s. Mean Reward: -17.223. Std of Reward: 0.037. Training.
[INFO] Rocket. Step: 13960000. Time Elapsed: 12463.273 s. Mean Reward: -17.223. Std of Reward: 0.037. Training.
[INFO] Rocket. Step: 13980000. Time Elapsed: 12477.701 s. Mean Reward: -17.229. Std of Reward: 0.039. Training.
[INFO] Rocket. Step: 14000000. Time Elapsed: 12499.805 s. Mean Reward: -17.226. Std of Reward: 0.037. Training.
[INFO] Exported results\L2\Rocket\Rocket-13999957.onnx
[INFO] Rocket. Step: 14020000. Time Elapsed: 12513.731 s. Mean Reward: -17.226. Std of Reward: 0.040. Training.
[INFO] Rocket. Step: 14040000. Time Elapsed: 12536.074 s. Mean Reward: -17.228. Std of Reward: 0.034. Training.
[INFO] Rocket. Step: 14060000. Time Elapsed: 12549.473 s. Mean Reward: -17.223. Std of Reward: 0.036. Training.
[INFO] Rocket. Step: 14080000. Time Elapsed: 12564.289 s. Mean Reward: -17.225. Std of Reward: 0.036. Training.
[INFO] Rocket. Step: 14100000. Time Elapsed: 12585.476 s. Mean Reward: -17.223. Std of Reward: 0.037. Training.
[INFO] Rocket. Step: 14120000. Time Elapsed: 12600.168 s. Mean Reward: -17.224. Std of Reward: 0.039. Training.
[INFO] Rocket. Step: 14140000. Time Elapsed: 12621.386 s. Mean Reward: -17.223. Std of Reward: 0.036. Training.
[INFO] Rocket. Step: 14160000. Time Elapsed: 12635.953 s. Mean Reward: -17.227. Std of Reward: 0.035. Training.
[INFO] Rocket. Step: 14180000. Time Elapsed: 12657.454 s. Mean Reward: -17.224. Std of Reward: 0.039. Training.
[INFO] Rocket. Step: 14200000. Time Elapsed: 12672.053 s. Mean Reward: -17.223. Std of Reward: 0.034. Training.
[INFO] Rocket. Step: 14220000. Time Elapsed: 12693.151 s. Mean Reward: -17.228. Std of Reward: 0.037. Training.
[INFO] Rocket. Step: 14240000. Time Elapsed: 12707.794 s. Mean Reward: -17.229. Std of Reward: 0.040. Training.
[INFO] Rocket. Step: 14260000. Time Elapsed: 12728.819 s. Mean Reward: -17.228. Std of Reward: 0.041. Training.
[INFO] Rocket. Step: 14280000. Time Elapsed: 12743.430 s. Mean Reward: -17.230. Std of Reward: 0.037. Training.
[INFO] Rocket. Step: 14300000. Time Elapsed: 12764.774 s. Mean Reward: -17.223. Std of Reward: 0.035. Training.
[INFO] Rocket. Step: 14320000. Time Elapsed: 12779.601 s. Mean Reward: -17.226. Std of Reward: 0.040. Training.
[INFO] Rocket. Step: 14340000. Time Elapsed: 12800.769 s. Mean Reward: -17.218. Std of Reward: 0.036. Training.
[INFO] Rocket. Step: 14360000. Time Elapsed: 12815.275 s. Mean Reward: -17.224. Std of Reward: 0.037. Training.
[INFO] Rocket. Step: 14380000. Time Elapsed: 12836.155 s. Mean Reward: -17.221. Std of Reward: 0.032. Training.
[INFO] Rocket. Step: 14400000. Time Elapsed: 12850.798 s. Mean Reward: -17.223. Std of Reward: 0.035. Training.
[INFO] Rocket. Step: 14420000. Time Elapsed: 12872.368 s. Mean Reward: -17.222. Std of Reward: 0.035. Training.
[INFO] Rocket. Step: 14440000. Time Elapsed: 12886.989 s. Mean Reward: -17.224. Std of Reward: 0.035. Training.
[INFO] Rocket. Step: 14460000. Time Elapsed: 12908.200 s. Mean Reward: -17.224. Std of Reward: 0.034. Training.
[INFO] Rocket. Step: 14480000. Time Elapsed: 12922.888 s. Mean Reward: -17.222. Std of Reward: 0.035. Training.
[INFO] Rocket. Step: 14500000. Time Elapsed: 12944.047 s. Mean Reward: -17.223. Std of Reward: 0.036. Training.
[INFO] Exported results\L2\Rocket\Rocket-14499977.onnx
[INFO] Rocket. Step: 14520000. Time Elapsed: 12958.775 s. Mean Reward: -17.225. Std of Reward: 0.036. Training.
[INFO] Rocket. Step: 14540000. Time Elapsed: 12979.607 s. Mean Reward: -17.226. Std of Reward: 0.038. Training.
[INFO] Rocket. Step: 14560000. Time Elapsed: 12994.141 s. Mean Reward: -17.218. Std of Reward: 0.039. Training.
[INFO] Rocket. Step: 14580000. Time Elapsed: 13015.352 s. Mean Reward: -17.224. Std of Reward: 0.037. Training.
[INFO] Rocket. Step: 14600000. Time Elapsed: 13029.919 s. Mean Reward: -17.219. Std of Reward: 0.037. Training.
[INFO] Rocket. Step: 14620000. Time Elapsed: 13051.440 s. Mean Reward: -17.222. Std of Reward: 0.038. Training.
[INFO] Rocket. Step: 14640000. Time Elapsed: 13065.862 s. Mean Reward: -17.221. Std of Reward: 0.032. Training.
[INFO] Rocket. Step: 14660000. Time Elapsed: 13087.067 s. Mean Reward: -17.220. Std of Reward: 0.036. Training.
[INFO] Rocket. Step: 14680000. Time Elapsed: 13101.554 s. Mean Reward: -17.223. Std of Reward: 0.038. Training.
[INFO] Rocket. Step: 14700000. Time Elapsed: 13123.143 s. Mean Reward: -17.225. Std of Reward: 0.038. Training.
[INFO] Rocket. Step: 14720000. Time Elapsed: 13137.441 s. Mean Reward: -17.225. Std of Reward: 0.034. Training.
[INFO] Rocket. Step: 14740000. Time Elapsed: 13159.012 s. Mean Reward: -17.223. Std of Reward: 0.035. Training.
[INFO] Rocket. Step: 14760000. Time Elapsed: 13173.314 s. Mean Reward: -17.220. Std of Reward: 0.033. Training.
[INFO] Rocket. Step: 14780000. Time Elapsed: 13194.893 s. Mean Reward: -17.220. Std of Reward: 0.033. Training.
[INFO] Rocket. Step: 14800000. Time Elapsed: 13209.472 s. Mean Reward: -17.215. Std of Reward: 0.036. Training.
[INFO] Rocket. Step: 14820000. Time Elapsed: 13231.956 s. Mean Reward: -17.224. Std of Reward: 0.034. Training.
[INFO] Rocket. Step: 14840000. Time Elapsed: 13245.428 s. Mean Reward: -17.222. Std of Reward: 0.033. Training.
[INFO] Rocket. Step: 14860000. Time Elapsed: 13260.029 s. Mean Reward: -17.223. Std of Reward: 0.038. Training.
[INFO] Rocket. Step: 14880000. Time Elapsed: 13281.233 s. Mean Reward: -17.220. Std of Reward: 0.036. Training.
[INFO] Rocket. Step: 14900000. Time Elapsed: 13295.871 s. Mean Reward: -17.221. Std of Reward: 0.034. Training.
[INFO] Rocket. Step: 14920000. Time Elapsed: 13317.150 s. Mean Reward: -17.225. Std of Reward: 0.035. Training.
[INFO] Rocket. Step: 14940000. Time Elapsed: 13332.004 s. Mean Reward: -17.223. Std of Reward: 0.035. Training.
[INFO] Rocket. Step: 14960000. Time Elapsed: 13353.101 s. Mean Reward: -17.220. Std of Reward: 0.038. Training.
[INFO] Rocket. Step: 14980000. Time Elapsed: 13367.706 s. Mean Reward: -17.223. Std of Reward: 0.034. Training.
[INFO] Rocket. Step: 15000000. Time Elapsed: 13388.864 s. Mean Reward: -17.218. Std of Reward: 0.033. Training.
[INFO] Exported results\L2\Rocket\Rocket-14999928.onnx
[INFO] Rocket. Step: 15020000. Time Elapsed: 13403.828 s. Mean Reward: -17.220. Std of Reward: 0.033. Training.
[INFO] Rocket. Step: 15040000. Time Elapsed: 13425.231 s. Mean Reward: -17.222. Std of Reward: 0.038. Training.
[INFO] Rocket. Step: 15060000. Time Elapsed: 13439.876 s. Mean Reward: -17.221. Std of Reward: 0.035. Training.
[INFO] Rocket. Step: 15080000. Time Elapsed: 13460.783 s. Mean Reward: -17.222. Std of Reward: 0.039. Training.
[INFO] Rocket. Step: 15100000. Time Elapsed: 13475.406 s. Mean Reward: -17.224. Std of Reward: 0.033. Training.
[INFO] Rocket. Step: 15120000. Time Elapsed: 13496.910 s. Mean Reward: -17.216. Std of Reward: 0.034. Training.
[INFO] Rocket. Step: 15140000. Time Elapsed: 13511.451 s. Mean Reward: -17.225. Std of Reward: 0.035. Training.
[INFO] Rocket. Step: 15160000. Time Elapsed: 13533.032 s. Mean Reward: -17.217. Std of Reward: 0.036. Training.
[INFO] Rocket. Step: 15180000. Time Elapsed: 13547.487 s. Mean Reward: -17.224. Std of Reward: 0.039. Training.
[INFO] Rocket. Step: 15200000. Time Elapsed: 13568.610 s. Mean Reward: -17.219. Std of Reward: 0.036. Training.
[INFO] Rocket. Step: 15220000. Time Elapsed: 13583.498 s. Mean Reward: -17.219. Std of Reward: 0.033. Training.
[INFO] Rocket. Step: 15240000. Time Elapsed: 13604.521 s. Mean Reward: -17.220. Std of Reward: 0.036. Training.
[INFO] Rocket. Step: 15260000. Time Elapsed: 13618.988 s. Mean Reward: -17.219. Std of Reward: 0.036. Training.
[INFO] Rocket. Step: 15280000. Time Elapsed: 13640.136 s. Mean Reward: -17.219. Std of Reward: 0.038. Training.
[INFO] Rocket. Step: 15300000. Time Elapsed: 13654.736 s. Mean Reward: -17.218. Std of Reward: 0.035. Training.
[INFO] Rocket. Step: 15320000. Time Elapsed: 13676.245 s. Mean Reward: -17.220. Std of Reward: 0.034. Training.
[INFO] Rocket. Step: 15340000. Time Elapsed: 13690.733 s. Mean Reward: -17.217. Std of Reward: 0.037. Training.
[INFO] Rocket. Step: 15360000. Time Elapsed: 13711.817 s. Mean Reward: -17.221. Std of Reward: 0.033. Training.
[INFO] Rocket. Step: 15380000. Time Elapsed: 13726.286 s. Mean Reward: -17.220. Std of Reward: 0.037. Training.
[INFO] Rocket. Step: 15400000. Time Elapsed: 13747.468 s. Mean Reward: -17.218. Std of Reward: 0.035. Training.
[INFO] Rocket. Step: 15420000. Time Elapsed: 13762.275 s. Mean Reward: -17.216. Std of Reward: 0.037. Training.
[INFO] Rocket. Step: 15440000. Time Elapsed: 13783.579 s. Mean Reward: -17.215. Std of Reward: 0.030. Training.
[INFO] Rocket. Step: 15460000. Time Elapsed: 13798.058 s. Mean Reward: -17.221. Std of Reward: 0.035. Training.
[INFO] Rocket. Step: 15480000. Time Elapsed: 13819.262 s. Mean Reward: -17.228. Std of Reward: 0.033. Training.
[INFO] Rocket. Step: 15500000. Time Elapsed: 13833.636 s. Mean Reward: -17.217. Std of Reward: 0.036. Training.
[INFO] Exported results\L2\Rocket\Rocket-15499948.onnx
[INFO] Rocket. Step: 15520000. Time Elapsed: 13855.486 s. Mean Reward: -17.218. Std of Reward: 0.034. Training.
[INFO] Rocket. Step: 15540000. Time Elapsed: 13869.865 s. Mean Reward: -17.213. Std of Reward: 0.035. Training.
[INFO] Rocket. Step: 15560000. Time Elapsed: 13891.488 s. Mean Reward: -17.214. Std of Reward: 0.033. Training.
[INFO] Rocket. Step: 15580000. Time Elapsed: 13905.588 s. Mean Reward: -17.219. Std of Reward: 0.034. Training.
[INFO] Rocket. Step: 15600000. Time Elapsed: 13928.078 s. Mean Reward: -17.216. Std of Reward: 0.036. Training.
[INFO] Rocket. Step: 15620000. Time Elapsed: 13941.593 s. Mean Reward: -17.216. Std of Reward: 0.033. Training.
[INFO] Rocket. Step: 15640000. Time Elapsed: 13964.597 s. Mean Reward: -17.214. Std of Reward: 0.032. Training.
[INFO] Rocket. Step: 15660000. Time Elapsed: 13977.237 s. Mean Reward: -17.219. Std of Reward: 0.036. Training.
[INFO] Rocket. Step: 15680000. Time Elapsed: 13991.977 s. Mean Reward: -17.216. Std of Reward: 0.037. Training.
[INFO] Rocket. Step: 15700000. Time Elapsed: 14013.587 s. Mean Reward: -17.215. Std of Reward: 0.035. Training.
[INFO] Rocket. Step: 15720000. Time Elapsed: 14028.099 s. Mean Reward: -17.212. Std of Reward: 0.031. Training.
[INFO] Rocket. Step: 15740000. Time Elapsed: 14049.333 s. Mean Reward: -17.214. Std of Reward: 0.036. Training.
[INFO] Rocket. Step: 15760000. Time Elapsed: 14064.048 s. Mean Reward: -17.216. Std of Reward: 0.036. Training.
[INFO] Rocket. Step: 15780000. Time Elapsed: 14085.043 s. Mean Reward: -17.218. Std of Reward: 0.034. Training.
[INFO] Rocket. Step: 15800000. Time Elapsed: 14099.733 s. Mean Reward: -17.217. Std of Reward: 0.033. Training.
[INFO] Rocket. Step: 15820000. Time Elapsed: 14120.842 s. Mean Reward: -17.218. Std of Reward: 0.035. Training.
[INFO] Rocket. Step: 15840000. Time Elapsed: 14135.507 s. Mean Reward: -17.217. Std of Reward: 0.034. Training.
[INFO] Rocket. Step: 15860000. Time Elapsed: 14156.875 s. Mean Reward: -17.216. Std of Reward: 0.033. Training.
[INFO] Rocket. Step: 15880000. Time Elapsed: 14171.548 s. Mean Reward: -17.217. Std of Reward: 0.033. Training.
[INFO] Rocket. Step: 15900000. Time Elapsed: 14193.062 s. Mean Reward: -17.215. Std of Reward: 0.034. Training.
[INFO] Rocket. Step: 15920000. Time Elapsed: 14207.472 s. Mean Reward: -17.214. Std of Reward: 0.036. Training.
[INFO] Rocket. Step: 15940000. Time Elapsed: 14228.841 s. Mean Reward: -17.217. Std of Reward: 0.036. Training.
[INFO] Rocket. Step: 15960000. Time Elapsed: 14243.565 s. Mean Reward: -17.215. Std of Reward: 0.034. Training.
[INFO] Rocket. Step: 15980000. Time Elapsed: 14265.016 s. Mean Reward: -17.220. Std of Reward: 0.033. Training.
[INFO] Rocket. Step: 16000000. Time Elapsed: 14279.363 s. Mean Reward: -17.217. Std of Reward: 0.035. Training.
[INFO] Exported results\L2\Rocket\Rocket-15999975.onnx
[INFO] Rocket. Step: 16020000. Time Elapsed: 14300.511 s. Mean Reward: -17.212. Std of Reward: 0.030. Training.
[INFO] Rocket. Step: 16040000. Time Elapsed: 14315.328 s. Mean Reward: -17.216. Std of Reward: 0.035. Training.
[INFO] Rocket. Step: 16060000. Time Elapsed: 14336.624 s. Mean Reward: -17.210. Std of Reward: 0.035. Training.
[INFO] Rocket. Step: 16080000. Time Elapsed: 14351.054 s. Mean Reward: -17.215. Std of Reward: 0.036. Training.
[INFO] Rocket. Step: 16100000. Time Elapsed: 14372.349 s. Mean Reward: -17.215. Std of Reward: 0.033. Training.
[INFO] Rocket. Step: 16120000. Time Elapsed: 14387.081 s. Mean Reward: -17.216. Std of Reward: 0.035. Training.
[INFO] Rocket. Step: 16140000. Time Elapsed: 14408.153 s. Mean Reward: -17.213. Std of Reward: 0.034. Training.
[INFO] Rocket. Step: 16160000. Time Elapsed: 14422.672 s. Mean Reward: -17.219. Std of Reward: 0.035. Training.
[INFO] Rocket. Step: 16180000. Time Elapsed: 14443.893 s. Mean Reward: -17.213. Std of Reward: 0.037. Training.
[INFO] Rocket. Step: 16200000. Time Elapsed: 14458.648 s. Mean Reward: -17.212. Std of Reward: 0.033. Training.
[INFO] Rocket. Step: 16220000. Time Elapsed: 14479.796 s. Mean Reward: -17.215. Std of Reward: 0.036. Training.
[INFO] Rocket. Step: 16240000. Time Elapsed: 14494.434 s. Mean Reward: -17.218. Std of Reward: 0.035. Training.
[INFO] Rocket. Step: 16260000. Time Elapsed: 14516.140 s. Mean Reward: -17.217. Std of Reward: 0.034. Training.
[INFO] Rocket. Step: 16280000. Time Elapsed: 14530.627 s. Mean Reward: -17.216. Std of Reward: 0.035. Training.
[INFO] Rocket. Step: 16300000. Time Elapsed: 14551.577 s. Mean Reward: -17.214. Std of Reward: 0.035. Training.
[INFO] Rocket. Step: 16320000. Time Elapsed: 14566.032 s. Mean Reward: -17.217. Std of Reward: 0.037. Training.
[INFO] Rocket. Step: 16340000. Time Elapsed: 14587.592 s. Mean Reward: -17.215. Std of Reward: 0.035. Training.
[INFO] Rocket. Step: 16360000. Time Elapsed: 14602.210 s. Mean Reward: -17.215. Std of Reward: 0.039. Training.
[INFO] Rocket. Step: 16380000. Time Elapsed: 14624.221 s. Mean Reward: -17.215. Std of Reward: 0.035. Training.
[INFO] Rocket. Step: 16400000. Time Elapsed: 14637.842 s. Mean Reward: -17.214. Std of Reward: 0.038. Training.
[INFO] Rocket. Step: 16420000. Time Elapsed: 14660.788 s. Mean Reward: -17.209. Std of Reward: 0.035. Training.
[INFO] Rocket. Step: 16440000. Time Elapsed: 14673.770 s. Mean Reward: -17.216. Std of Reward: 0.033. Training.
[INFO] Rocket. Step: 16460000. Time Elapsed: 14688.245 s. Mean Reward: -17.213. Std of Reward: 0.034. Training.
[INFO] Rocket. Step: 16480000. Time Elapsed: 14709.468 s. Mean Reward: -17.213. Std of Reward: 0.035. Training.
[INFO] Rocket. Step: 16500000. Time Elapsed: 14723.941 s. Mean Reward: -17.213. Std of Reward: 0.033. Training.
[INFO] Exported results\L2\Rocket\Rocket-16499904.onnx
[INFO] Rocket. Step: 16520000. Time Elapsed: 14745.070 s. Mean Reward: -17.211. Std of Reward: 0.033. Training.
[INFO] Rocket. Step: 16540000. Time Elapsed: 14759.867 s. Mean Reward: -17.211. Std of Reward: 0.034. Training.
[INFO] Rocket. Step: 16560000. Time Elapsed: 14781.333 s. Mean Reward: -17.212. Std of Reward: 0.036. Training.
[INFO] Rocket. Step: 16580000. Time Elapsed: 14795.754 s. Mean Reward: -17.213. Std of Reward: 0.035. Training.
[INFO] Rocket. Step: 16600000. Time Elapsed: 14816.751 s. Mean Reward: -17.208. Std of Reward: 0.030. Training.
[INFO] Rocket. Step: 16620000. Time Elapsed: 14831.299 s. Mean Reward: -17.216. Std of Reward: 0.034. Training.
[INFO] Rocket. Step: 16640000. Time Elapsed: 14853.026 s. Mean Reward: -17.215. Std of Reward: 0.036. Training.
[INFO] Rocket. Step: 16660000. Time Elapsed: 14867.649 s. Mean Reward: -17.214. Std of Reward: 0.035. Training.
[INFO] Rocket. Step: 16680000. Time Elapsed: 14888.822 s. Mean Reward: -17.215. Std of Reward: 0.032. Training.
[INFO] Rocket. Step: 16700000. Time Elapsed: 14903.323 s. Mean Reward: -17.216. Std of Reward: 0.033. Training.
[INFO] Rocket. Step: 16720000. Time Elapsed: 14924.743 s. Mean Reward: -17.213. Std of Reward: 0.033. Training.
[INFO] Rocket. Step: 16740000. Time Elapsed: 14939.246 s. Mean Reward: -17.212. Std of Reward: 0.035. Training.
[INFO] Rocket. Step: 16760000. Time Elapsed: 14960.421 s. Mean Reward: -17.212. Std of Reward: 0.033. Training.
[INFO] Rocket. Step: 16780000. Time Elapsed: 14974.856 s. Mean Reward: -17.210. Std of Reward: 0.032. Training.
[INFO] Rocket. Step: 16800000. Time Elapsed: 14995.946 s. Mean Reward: -17.216. Std of Reward: 0.035. Training.
[INFO] Rocket. Step: 16820000. Time Elapsed: 15010.744 s. Mean Reward: -17.214. Std of Reward: 0.034. Training.
[INFO] Rocket. Step: 16840000. Time Elapsed: 15031.904 s. Mean Reward: -17.212. Std of Reward: 0.031. Training.
[INFO] Rocket. Step: 16860000. Time Elapsed: 15046.426 s. Mean Reward: -17.215. Std of Reward: 0.035. Training.
[INFO] Rocket. Step: 16880000. Time Elapsed: 15067.262 s. Mean Reward: -17.212. Std of Reward: 0.034. Training.
[INFO] Rocket. Step: 16900000. Time Elapsed: 15082.050 s. Mean Reward: -17.213. Std of Reward: 0.028. Training.
[INFO] Rocket. Step: 16920000. Time Elapsed: 15103.232 s. Mean Reward: -17.216. Std of Reward: 0.035. Training.
[INFO] Rocket. Step: 16940000. Time Elapsed: 15117.750 s. Mean Reward: -17.214. Std of Reward: 0.037. Training.
[INFO] Rocket. Step: 16960000. Time Elapsed: 15139.027 s. Mean Reward: -17.213. Std of Reward: 0.033. Training.
[INFO] Rocket. Step: 16980000. Time Elapsed: 15153.802 s. Mean Reward: -17.214. Std of Reward: 0.034. Training.
[INFO] Rocket. Step: 17000000. Time Elapsed: 15175.515 s. Mean Reward: -17.208. Std of Reward: 0.033. Training.
[INFO] Exported results\L2\Rocket\Rocket-16999969.onnx
[INFO] Rocket. Step: 17020000. Time Elapsed: 15190.012 s. Mean Reward: -17.208. Std of Reward: 0.031. Training.
[INFO] Rocket. Step: 17040000. Time Elapsed: 15211.336 s. Mean Reward: -17.210. Std of Reward: 0.033. Training.
[INFO] Rocket. Step: 17060000. Time Elapsed: 15226.078 s. Mean Reward: -17.209. Std of Reward: 0.033. Training.
[INFO] Rocket. Step: 17080000. Time Elapsed: 15247.274 s. Mean Reward: -17.212. Std of Reward: 0.036. Training.
[INFO] Rocket. Step: 17100000. Time Elapsed: 15261.731 s. Mean Reward: -17.214. Std of Reward: 0.036. Training.
[INFO] Rocket. Step: 17120000. Time Elapsed: 15283.201 s. Mean Reward: -17.211. Std of Reward: 0.032. Training.
[INFO] Rocket. Step: 17140000. Time Elapsed: 15297.244 s. Mean Reward: -17.207. Std of Reward: 0.032. Training.
[INFO] Rocket. Step: 17160000. Time Elapsed: 15319.329 s. Mean Reward: -17.205. Std of Reward: 0.032. Training.
[INFO] Rocket. Step: 17180000. Time Elapsed: 15333.193 s. Mean Reward: -17.211. Std of Reward: 0.035. Training.
[INFO] Rocket. Step: 17200000. Time Elapsed: 15355.776 s. Mean Reward: -17.208. Std of Reward: 0.035. Training.
[INFO] Rocket. Step: 17220000. Time Elapsed: 15368.556 s. Mean Reward: -17.216. Std of Reward: 0.033. Training.
[INFO] Rocket. Step: 17240000. Time Elapsed: 15383.545 s. Mean Reward: -17.218. Std of Reward: 0.034. Training.
[INFO] Rocket. Step: 17260000. Time Elapsed: 15404.665 s. Mean Reward: -17.212. Std of Reward: 0.035. Training.
[INFO] Rocket. Step: 17280000. Time Elapsed: 15418.909 s. Mean Reward: -17.209. Std of Reward: 0.035. Training.
[INFO] Rocket. Step: 17300000. Time Elapsed: 15440.010 s. Mean Reward: -17.209. Std of Reward: 0.034. Training.
[INFO] Rocket. Step: 17320000. Time Elapsed: 15454.952 s. Mean Reward: -17.212. Std of Reward: 0.035. Training.
[INFO] Rocket. Step: 17340000. Time Elapsed: 15476.148 s. Mean Reward: -17.210. Std of Reward: 0.034. Training.
[INFO] Rocket. Step: 17360000. Time Elapsed: 15490.593 s. Mean Reward: -17.206. Std of Reward: 0.035. Training.
[INFO] Rocket. Step: 17380000. Time Elapsed: 15511.879 s. Mean Reward: -17.208. Std of Reward: 0.033. Training.
[INFO] Rocket. Step: 17400000. Time Elapsed: 15526.726 s. Mean Reward: -17.206. Std of Reward: 0.035. Training.
[INFO] Rocket. Step: 17420000. Time Elapsed: 15548.067 s. Mean Reward: -17.211. Std of Reward: 0.036. Training.
[INFO] Rocket. Step: 17440000. Time Elapsed: 15562.556 s. Mean Reward: -17.211. Std of Reward: 0.034. Training.
[INFO] Rocket. Step: 17460000. Time Elapsed: 15583.635 s. Mean Reward: -17.210. Std of Reward: 0.035. Training.
[INFO] Rocket. Step: 17480000. Time Elapsed: 15598.465 s. Mean Reward: -17.206. Std of Reward: 0.034. Training.
[INFO] Rocket. Step: 17500000. Time Elapsed: 15619.971 s. Mean Reward: -17.210. Std of Reward: 0.031. Training.
[INFO] Exported results\L2\Rocket\Rocket-17499949.onnx
[INFO] Rocket. Step: 17520000. Time Elapsed: 15634.588 s. Mean Reward: -17.209. Std of Reward: 0.036. Training.
[INFO] Rocket. Step: 17540000. Time Elapsed: 15655.526 s. Mean Reward: -17.206. Std of Reward: 0.033. Training.
[INFO] Rocket. Step: 17560000. Time Elapsed: 15669.986 s. Mean Reward: -17.211. Std of Reward: 0.032. Training.
[INFO] Rocket. Step: 17580000. Time Elapsed: 15691.406 s. Mean Reward: -17.209. Std of Reward: 0.036. Training.
[INFO] Rocket. Step: 17600000. Time Elapsed: 15705.739 s. Mean Reward: -17.205. Std of Reward: 0.035. Training.
[INFO] Rocket. Step: 17620000. Time Elapsed: 15726.898 s. Mean Reward: -17.207. Std of Reward: 0.033. Training.
[INFO] Rocket. Step: 17640000. Time Elapsed: 15741.398 s. Mean Reward: -17.206. Std of Reward: 0.033. Training.
[INFO] Rocket. Step: 17660000. Time Elapsed: 15762.896 s. Mean Reward: -17.205. Std of Reward: 0.034. Training.
[INFO] Rocket. Step: 17680000. Time Elapsed: 15777.397 s. Mean Reward: -17.209. Std of Reward: 0.032. Training.
[INFO] Rocket. Step: 17700000. Time Elapsed: 15798.528 s. Mean Reward: -17.206. Std of Reward: 0.035. Training.
[INFO] Rocket. Step: 17720000. Time Elapsed: 15813.173 s. Mean Reward: -17.209. Std of Reward: 0.034. Training.
[INFO] Rocket. Step: 17740000. Time Elapsed: 15834.922 s. Mean Reward: -17.206. Std of Reward: 0.033. Training.
[INFO] Rocket. Step: 17760000. Time Elapsed: 15849.491 s. Mean Reward: -17.209. Std of Reward: 0.035. Training.
[INFO] Rocket. Step: 17780000. Time Elapsed: 15870.424 s. Mean Reward: -17.206. Std of Reward: 0.035. Training.
[INFO] Rocket. Step: 17800000. Time Elapsed: 15884.991 s. Mean Reward: -17.209. Std of Reward: 0.032. Training.
[INFO] Rocket. Step: 17820000. Time Elapsed: 15906.451 s. Mean Reward: -17.207. Std of Reward: 0.033. Training.
[INFO] Rocket. Step: 17840000. Time Elapsed: 15920.824 s. Mean Reward: -17.203. Std of Reward: 0.033. Training.
[INFO] Rocket. Step: 17860000. Time Elapsed: 15942.039 s. Mean Reward: -17.210. Std of Reward: 0.032. Training.
[INFO] Rocket. Step: 17880000. Time Elapsed: 15956.872 s. Mean Reward: -17.213. Std of Reward: 0.036. Training.
[INFO] Rocket. Step: 17900000. Time Elapsed: 15978.214 s. Mean Reward: -17.212. Std of Reward: 0.032. Training.
[INFO] Rocket. Step: 17920000. Time Elapsed: 15992.435 s. Mean Reward: -17.209. Std of Reward: 0.034. Training.
[INFO] Rocket. Step: 17940000. Time Elapsed: 16013.861 s. Mean Reward: -17.206. Std of Reward: 0.032. Training.
[INFO] Rocket. Step: 17960000. Time Elapsed: 16028.525 s. Mean Reward: -17.204. Std of Reward: 0.034. Training.
[INFO] Rocket. Step: 17980000. Time Elapsed: 16050.455 s. Mean Reward: -17.205. Std of Reward: 0.033. Training.
[INFO] Rocket. Step: 18000000. Time Elapsed: 16064.402 s. Mean Reward: -17.205. Std of Reward: 0.033. Training.
[INFO] Exported results\L2\Rocket\Rocket-17999981.onnx
[INFO] Rocket. Step: 18020000. Time Elapsed: 16087.027 s. Mean Reward: -17.207. Std of Reward: 0.037. Training.
[INFO] Rocket. Step: 18040000. Time Elapsed: 16100.295 s. Mean Reward: -17.207. Std of Reward: 0.034. Training.
[INFO] Rocket. Step: 18060000. Time Elapsed: 16114.720 s. Mean Reward: -17.208. Std of Reward: 0.034. Training.
[INFO] Rocket. Step: 18080000. Time Elapsed: 16135.768 s. Mean Reward: -17.212. Std of Reward: 0.032. Training.
[INFO] Rocket. Step: 18100000. Time Elapsed: 16150.416 s. Mean Reward: -17.212. Std of Reward: 0.032. Training.
[INFO] Rocket. Step: 18120000. Time Elapsed: 16171.573 s. Mean Reward: -17.207. Std of Reward: 0.034. Training.
[INFO] Rocket. Step: 18140000. Time Elapsed: 16186.049 s. Mean Reward: -17.209. Std of Reward: 0.034. Training.
[INFO] Rocket. Step: 18160000. Time Elapsed: 16207.171 s. Mean Reward: -17.204. Std of Reward: 0.030. Training.
[INFO] Rocket. Step: 18180000. Time Elapsed: 16221.816 s. Mean Reward: -17.208. Std of Reward: 0.034. Training.
[INFO] Rocket. Step: 18200000. Time Elapsed: 16243.077 s. Mean Reward: -17.209. Std of Reward: 0.035. Training.
[INFO] Rocket. Step: 18220000. Time Elapsed: 16257.651 s. Mean Reward: -17.203. Std of Reward: 0.032. Training.
[INFO] Rocket. Step: 18240000. Time Elapsed: 16278.879 s. Mean Reward: -17.205. Std of Reward: 0.032. Training.
[INFO] Rocket. Step: 18260000. Time Elapsed: 16293.576 s. Mean Reward: -17.210. Std of Reward: 0.035. Training.
[INFO] Rocket. Step: 18280000. Time Elapsed: 16314.692 s. Mean Reward: -17.205. Std of Reward: 0.037. Training.
[INFO] Rocket. Step: 18300000. Time Elapsed: 16329.396 s. Mean Reward: -17.203. Std of Reward: 0.032. Training.
[INFO] Rocket. Step: 18320000. Time Elapsed: 16350.616 s. Mean Reward: -17.209. Std of Reward: 0.034. Training.
[INFO] Rocket. Step: 18340000. Time Elapsed: 16365.031 s. Mean Reward: -17.210. Std of Reward: 0.035. Training.
[INFO] Rocket. Step: 18360000. Time Elapsed: 16386.077 s. Mean Reward: -17.207. Std of Reward: 0.032. Training.
[INFO] Rocket. Step: 18380000. Time Elapsed: 16400.825 s. Mean Reward: -17.204. Std of Reward: 0.033. Training.
[INFO] Rocket. Step: 18400000. Time Elapsed: 16421.842 s. Mean Reward: -17.203. Std of Reward: 0.032. Training.
[INFO] Rocket. Step: 18420000. Time Elapsed: 16436.292 s. Mean Reward: -17.209. Std of Reward: 0.033. Training.
[INFO] Rocket. Step: 18440000. Time Elapsed: 16457.145 s. Mean Reward: -17.204. Std of Reward: 0.035. Training.
[INFO] Rocket. Step: 18460000. Time Elapsed: 16471.862 s. Mean Reward: -17.206. Std of Reward: 0.034. Training.
[INFO] Rocket. Step: 18480000. Time Elapsed: 16493.039 s. Mean Reward: -17.204. Std of Reward: 0.033. Training.
[INFO] Rocket. Step: 18500000. Time Elapsed: 16507.488 s. Mean Reward: -17.204. Std of Reward: 0.035. Training.
[INFO] Exported results\L2\Rocket\Rocket-18499987.onnx
[INFO] Rocket. Step: 18520000. Time Elapsed: 16528.721 s. Mean Reward: -17.208. Std of Reward: 0.033. Training.
[INFO] Rocket. Step: 18540000. Time Elapsed: 16543.408 s. Mean Reward: -17.207. Std of Reward: 0.036. Training.
[INFO] Rocket. Step: 18560000. Time Elapsed: 16564.300 s. Mean Reward: -17.202. Std of Reward: 0.034. Training.
[INFO] Rocket. Step: 18580000. Time Elapsed: 16578.814 s. Mean Reward: -17.203. Std of Reward: 0.032. Training.
[INFO] Rocket. Step: 18600000. Time Elapsed: 16600.142 s. Mean Reward: -17.201. Std of Reward: 0.034. Training.
[INFO] Rocket. Step: 18620000. Time Elapsed: 16614.968 s. Mean Reward: -17.206. Std of Reward: 0.034. Training.
[INFO] Rocket. Step: 18640000. Time Elapsed: 16636.210 s. Mean Reward: -17.198. Std of Reward: 0.031. Training.
[INFO] Rocket. Step: 18660000. Time Elapsed: 16650.545 s. Mean Reward: -17.203. Std of Reward: 0.034. Training.
[INFO] Rocket. Step: 18680000. Time Elapsed: 16672.009 s. Mean Reward: -17.203. Std of Reward: 0.034. Training.
[INFO] Rocket. Step: 18700000. Time Elapsed: 16686.533 s. Mean Reward: -17.201. Std of Reward: 0.032. Training.
[INFO] Rocket. Step: 18720000. Time Elapsed: 16707.841 s. Mean Reward: -17.205. Std of Reward: 0.036. Training.
[INFO] Rocket. Step: 18740000. Time Elapsed: 16721.977 s. Mean Reward: -17.200. Std of Reward: 0.030. Training.
[INFO] Rocket. Step: 18760000. Time Elapsed: 16743.859 s. Mean Reward: -17.205. Std of Reward: 0.033. Training.
[INFO] Rocket. Step: 18780000. Time Elapsed: 16758.070 s. Mean Reward: -17.203. Std of Reward: 0.032. Training.
[INFO] Rocket. Step: 18800000. Time Elapsed: 16780.490 s. Mean Reward: -17.204. Std of Reward: 0.032. Training.
[INFO] Rocket. Step: 18820000. Time Elapsed: 16793.762 s. Mean Reward: -17.204. Std of Reward: 0.035. Training.
[INFO] Rocket. Step: 18840000. Time Elapsed: 16816.745 s. Mean Reward: -17.204. Std of Reward: 0.033. Training.
[INFO] Rocket. Step: 18860000. Time Elapsed: 16829.619 s. Mean Reward: -17.207. Std of Reward: 0.033. Training.
[INFO] Rocket. Step: 18880000. Time Elapsed: 16844.146 s. Mean Reward: -17.203. Std of Reward: 0.034. Training.
[INFO] Rocket. Step: 18900000. Time Elapsed: 16865.165 s. Mean Reward: -17.208. Std of Reward: 0.034. Training.
[INFO] Rocket. Step: 18920000. Time Elapsed: 16879.712 s. Mean Reward: -17.205. Std of Reward: 0.034. Training.
[INFO] Rocket. Step: 18940000. Time Elapsed: 16900.699 s. Mean Reward: -17.203. Std of Reward: 0.032. Training.
[INFO] Rocket. Step: 18960000. Time Elapsed: 16915.219 s. Mean Reward: -17.203. Std of Reward: 0.032. Training.
[INFO] Rocket. Step: 18980000. Time Elapsed: 16936.463 s. Mean Reward: -17.201. Std of Reward: 0.033. Training.
[INFO] Rocket. Step: 19000000. Time Elapsed: 16951.080 s. Mean Reward: -17.208. Std of Reward: 0.034. Training.
[INFO] Exported results\L2\Rocket\Rocket-18999921.onnx
[INFO] Rocket. Step: 19020000. Time Elapsed: 16972.348 s. Mean Reward: -17.203. Std of Reward: 0.032. Training.
[INFO] Rocket. Step: 19040000. Time Elapsed: 16986.807 s. Mean Reward: -17.199. Std of Reward: 0.033. Training.
[INFO] Rocket. Step: 19060000. Time Elapsed: 17008.302 s. Mean Reward: -17.202. Std of Reward: 0.032. Training.
[INFO] Rocket. Step: 19080000. Time Elapsed: 17022.819 s. Mean Reward: -17.200. Std of Reward: 0.033. Training.
[INFO] Rocket. Step: 19100000. Time Elapsed: 17043.865 s. Mean Reward: -17.206. Std of Reward: 0.036. Training.
[INFO] Rocket. Step: 19120000. Time Elapsed: 17058.176 s. Mean Reward: -17.202. Std of Reward: 0.032. Training.
[INFO] Rocket. Step: 19140000. Time Elapsed: 17079.616 s. Mean Reward: -17.204. Std of Reward: 0.037. Training.
[INFO] Rocket. Step: 19160000. Time Elapsed: 17094.160 s. Mean Reward: -17.198. Std of Reward: 0.032. Training.
[INFO] Rocket. Step: 19180000. Time Elapsed: 17115.107 s. Mean Reward: -17.203. Std of Reward: 0.035. Training.
[INFO] Rocket. Step: 19200000. Time Elapsed: 17129.828 s. Mean Reward: -17.199. Std of Reward: 0.034. Training.
[INFO] Rocket. Step: 19220000. Time Elapsed: 17151.320 s. Mean Reward: -17.201. Std of Reward: 0.033. Training.
[INFO] Rocket. Step: 19240000. Time Elapsed: 17165.852 s. Mean Reward: -17.200. Std of Reward: 0.033. Training.
[INFO] Rocket. Step: 19260000. Time Elapsed: 17187.029 s. Mean Reward: -17.201. Std of Reward: 0.035. Training.
[INFO] Rocket. Step: 19280000. Time Elapsed: 17201.709 s. Mean Reward: -17.200. Std of Reward: 0.032. Training.
[INFO] Rocket. Step: 19300000. Time Elapsed: 17222.867 s. Mean Reward: -17.201. Std of Reward: 0.033. Training.
[INFO] Rocket. Step: 19320000. Time Elapsed: 17237.362 s. Mean Reward: -17.206. Std of Reward: 0.035. Training.
[INFO] Rocket. Step: 19340000. Time Elapsed: 17258.490 s. Mean Reward: -17.201. Std of Reward: 0.037. Training.
[INFO] Rocket. Step: 19360000. Time Elapsed: 17273.232 s. Mean Reward: -17.203. Std of Reward: 0.032. Training.
[INFO] Rocket. Step: 19380000. Time Elapsed: 17294.410 s. Mean Reward: -17.199. Std of Reward: 0.029. Training.
[INFO] Rocket. Step: 19400000. Time Elapsed: 17308.827 s. Mean Reward: -17.203. Std of Reward: 0.033. Training.
[INFO] Rocket. Step: 19420000. Time Elapsed: 17330.011 s. Mean Reward: -17.202. Std of Reward: 0.032. Training.
[INFO] Rocket. Step: 19440000. Time Elapsed: 17344.892 s. Mean Reward: -17.203. Std of Reward: 0.035. Training.
[INFO] Rocket. Step: 19460000. Time Elapsed: 17365.669 s. Mean Reward: -17.204. Std of Reward: 0.034. Training.
[INFO] Rocket. Step: 19480000. Time Elapsed: 17380.196 s. Mean Reward: -17.202. Std of Reward: 0.033. Training.
[INFO] Rocket. Step: 19500000. Time Elapsed: 17401.691 s. Mean Reward: -17.196. Std of Reward: 0.030. Training.
[INFO] Exported results\L2\Rocket\Rocket-19499951.onnx
[INFO] Rocket. Step: 19520000. Time Elapsed: 17416.195 s. Mean Reward: -17.196. Std of Reward: 0.033. Training.
[INFO] Rocket. Step: 19540000. Time Elapsed: 17437.147 s. Mean Reward: -17.200. Std of Reward: 0.038. Training.
[INFO] Rocket. Step: 19560000. Time Elapsed: 17451.481 s. Mean Reward: -17.198. Std of Reward: 0.034. Training.
[INFO] Rocket. Step: 19580000. Time Elapsed: 17473.911 s. Mean Reward: -17.197. Std of Reward: 0.033. Training.
[INFO] Rocket. Step: 19600000. Time Elapsed: 17487.703 s. Mean Reward: -17.198. Std of Reward: 0.033. Training.
[INFO] Rocket. Step: 19620000. Time Elapsed: 17510.396 s. Mean Reward: -17.199. Std of Reward: 0.032. Training.
[INFO] Rocket. Step: 19640000. Time Elapsed: 17523.221 s. Mean Reward: -17.196. Std of Reward: 0.032. Training.
[INFO] Rocket. Step: 19660000. Time Elapsed: 17537.983 s. Mean Reward: -17.198. Std of Reward: 0.034. Training.
[INFO] Rocket. Step: 19680000. Time Elapsed: 17558.745 s. Mean Reward: -17.197. Std of Reward: 0.031. Training.
[INFO] Rocket. Step: 19700000. Time Elapsed: 17573.155 s. Mean Reward: -17.197. Std of Reward: 0.033. Training.
[INFO] Rocket. Step: 19720000. Time Elapsed: 17594.673 s. Mean Reward: -17.198. Std of Reward: 0.033. Training.
[INFO] Rocket. Step: 19740000. Time Elapsed: 17609.008 s. Mean Reward: -17.198. Std of Reward: 0.034. Training.
[INFO] Rocket. Step: 19760000. Time Elapsed: 17630.060 s. Mean Reward: -17.198. Std of Reward: 0.029. Training.
[INFO] Rocket. Step: 19780000. Time Elapsed: 17644.589 s. Mean Reward: -17.199. Std of Reward: 0.030. Training.
[INFO] Rocket. Step: 19800000. Time Elapsed: 17665.951 s. Mean Reward: -17.197. Std of Reward: 0.030. Training.
[INFO] Rocket. Step: 19820000. Time Elapsed: 17680.442 s. Mean Reward: -17.197. Std of Reward: 0.031. Training.
[INFO] Rocket. Step: 19840000. Time Elapsed: 17701.381 s. Mean Reward: -17.200. Std of Reward: 0.034. Training.
[INFO] Rocket. Step: 19860000. Time Elapsed: 17716.290 s. Mean Reward: -17.199. Std of Reward: 0.032. Training.
[INFO] Rocket. Step: 19880000. Time Elapsed: 17737.019 s. Mean Reward: -17.197. Std of Reward: 0.033. Training.
[INFO] Rocket. Step: 19900000. Time Elapsed: 17751.437 s. Mean Reward: -17.199. Std of Reward: 0.034. Training.
[INFO] Rocket. Step: 19920000. Time Elapsed: 17772.788 s. Mean Reward: -17.201. Std of Reward: 0.034. Training.
[INFO] Rocket. Step: 19940000. Time Elapsed: 17787.390 s. Mean Reward: -17.195. Std of Reward: 0.036. Training.
[INFO] Rocket. Step: 19960000. Time Elapsed: 17808.605 s. Mean Reward: -17.196. Std of Reward: 0.033. Training.
[INFO] Rocket. Step: 19980000. Time Elapsed: 17822.975 s. Mean Reward: -17.202. Std of Reward: 0.033. Training.
[INFO] Rocket. Step: 20000000. Time Elapsed: 17844.384 s. Mean Reward: -17.194. Std of Reward: 0.035. Training.
[INFO] Exported results\L2\Rocket\Rocket-19999993.onnx
[INFO] Rocket. Step: 20020000. Time Elapsed: 17858.945 s. Mean Reward: -17.195. Std of Reward: 0.033. Training.
[INFO] Rocket. Step: 20040000. Time Elapsed: 17880.100 s. Mean Reward: -17.196. Std of Reward: 0.034. Training.
[INFO] Rocket. Step: 20060000. Time Elapsed: 17894.760 s. Mean Reward: -17.197. Std of Reward: 0.032. Training.
[INFO] Rocket. Step: 20080000. Time Elapsed: 17915.847 s. Mean Reward: -17.197. Std of Reward: 0.035. Training.
[INFO] Rocket. Step: 20100000. Time Elapsed: 17930.192 s. Mean Reward: -17.198. Std of Reward: 0.034. Training.
[INFO] Rocket. Step: 20120000. Time Elapsed: 17951.663 s. Mean Reward: -17.192. Std of Reward: 0.031. Training.
[INFO] Rocket. Step: 20140000. Time Elapsed: 17966.188 s. Mean Reward: -17.198. Std of Reward: 0.034. Training.
[INFO] Rocket. Step: 20160000. Time Elapsed: 17987.178 s. Mean Reward: -17.200. Std of Reward: 0.032. Training.
[INFO] Rocket. Step: 20180000. Time Elapsed: 18001.832 s. Mean Reward: -17.198. Std of Reward: 0.036. Training.
[INFO] Rocket. Step: 20200000. Time Elapsed: 18023.180 s. Mean Reward: -17.197. Std of Reward: 0.030. Training.
[INFO] Rocket. Step: 20220000. Time Elapsed: 18037.678 s. Mean Reward: -17.198. Std of Reward: 0.035. Training.
[INFO] Rocket. Step: 20240000. Time Elapsed: 18058.850 s. Mean Reward: -17.194. Std of Reward: 0.033. Training.
[INFO] Rocket. Step: 20260000. Time Elapsed: 18073.316 s. Mean Reward: -17.197. Std of Reward: 0.032. Training.
[INFO] Rocket. Step: 20280000. Time Elapsed: 18094.659 s. Mean Reward: -17.198. Std of Reward: 0.034. Training.
[INFO] Rocket. Step: 20300000. Time Elapsed: 18108.928 s. Mean Reward: -17.193. Std of Reward: 0.032. Training.
[INFO] Rocket. Step: 20320000. Time Elapsed: 18130.836 s. Mean Reward: -17.197. Std of Reward: 0.034. Training.
[INFO] Rocket. Step: 20340000. Time Elapsed: 18145.165 s. Mean Reward: -17.194. Std of Reward: 0.029. Training.
[INFO] Rocket. Step: 20360000. Time Elapsed: 18166.682 s. Mean Reward: -17.199. Std of Reward: 0.034. Training.
[INFO] Rocket. Step: 20380000. Time Elapsed: 18181.116 s. Mean Reward: -17.197. Std of Reward: 0.034. Training.
[INFO] Rocket. Step: 20400000. Time Elapsed: 18203.235 s. Mean Reward: -17.199. Std of Reward: 0.032. Training.
[INFO] Rocket. Step: 20420000. Time Elapsed: 18216.718 s. Mean Reward: -17.201. Std of Reward: 0.033. Training.
[INFO] Rocket. Step: 20440000. Time Elapsed: 18239.319 s. Mean Reward: -17.195. Std of Reward: 0.035. Training.
[INFO] Rocket. Step: 20460000. Time Elapsed: 18252.172 s. Mean Reward: -17.195. Std of Reward: 0.032. Training.
[INFO] Rocket. Step: 20480000. Time Elapsed: 18266.597 s. Mean Reward: -17.200. Std of Reward: 0.035. Training.
[INFO] Rocket. Step: 20500000. Time Elapsed: 18287.784 s. Mean Reward: -17.191. Std of Reward: 0.031. Training.
[INFO] Exported results\L2\Rocket\Rocket-20499978.onnx
[INFO] Rocket. Step: 20520000. Time Elapsed: 18302.445 s. Mean Reward: -17.201. Std of Reward: 0.036. Training.
[INFO] Rocket. Step: 20540000. Time Elapsed: 18323.698 s. Mean Reward: -17.190. Std of Reward: 0.031. Training.
[INFO] Rocket. Step: 20560000. Time Elapsed: 18338.011 s. Mean Reward: -17.195. Std of Reward: 0.032. Training.
[INFO] Rocket. Step: 20580000. Time Elapsed: 18359.248 s. Mean Reward: -17.191. Std of Reward: 0.032. Training.
[INFO] Rocket. Step: 20600000. Time Elapsed: 18374.079 s. Mean Reward: -17.196. Std of Reward: 0.033. Training.
[INFO] Rocket. Step: 20620000. Time Elapsed: 18395.141 s. Mean Reward: -17.196. Std of Reward: 0.035. Training.
[INFO] Rocket. Step: 20640000. Time Elapsed: 18409.737 s. Mean Reward: -17.195. Std of Reward: 0.031. Training.
[INFO] Rocket. Step: 20660000. Time Elapsed: 18430.936 s. Mean Reward: -17.197. Std of Reward: 0.033. Training.
[INFO] Rocket. Step: 20680000. Time Elapsed: 18445.709 s. Mean Reward: -17.195. Std of Reward: 0.032. Training.
[INFO] Rocket. Step: 20700000. Time Elapsed: 18466.972 s. Mean Reward: -17.194. Std of Reward: 0.031. Training.
[INFO] Rocket. Step: 20720000. Time Elapsed: 18481.605 s. Mean Reward: -17.200. Std of Reward: 0.031. Training.
[INFO] Rocket. Step: 20740000. Time Elapsed: 18502.596 s. Mean Reward: -17.198. Std of Reward: 0.032. Training.
[INFO] Rocket. Step: 20760000. Time Elapsed: 18517.253 s. Mean Reward: -17.196. Std of Reward: 0.035. Training.
[INFO] Rocket. Step: 20780000. Time Elapsed: 18538.622 s. Mean Reward: -17.190. Std of Reward: 0.027. Training.
[INFO] Rocket. Step: 20800000. Time Elapsed: 18552.997 s. Mean Reward: -17.193. Std of Reward: 0.033. Training.
[INFO] Rocket. Step: 20820000. Time Elapsed: 18574.433 s. Mean Reward: -17.195. Std of Reward: 0.032. Training.
[INFO] Rocket. Step: 20840000. Time Elapsed: 18589.132 s. Mean Reward: -17.196. Std of Reward: 0.031. Training.
[INFO] Rocket. Step: 20860000. Time Elapsed: 18610.053 s. Mean Reward: -17.195. Std of Reward: 0.031. Training.
[INFO] Rocket. Step: 20880000. Time Elapsed: 18624.680 s. Mean Reward: -17.191. Std of Reward: 0.031. Training.
[INFO] Rocket. Step: 20900000. Time Elapsed: 18645.850 s. Mean Reward: -17.192. Std of Reward: 0.030. Training.
[INFO] Rocket. Step: 20920000. Time Elapsed: 18660.517 s. Mean Reward: -17.196. Std of Reward: 0.031. Training.
[INFO] Rocket. Step: 20940000. Time Elapsed: 18681.519 s. Mean Reward: -17.195. Std of Reward: 0.030. Training.
[INFO] Rocket. Step: 20960000. Time Elapsed: 18695.992 s. Mean Reward: -17.194. Std of Reward: 0.030. Training.
[INFO] Rocket. Step: 20980000. Time Elapsed: 18717.048 s. Mean Reward: -17.192. Std of Reward: 0.032. Training.
[INFO] Rocket. Step: 21000000. Time Elapsed: 18731.657 s. Mean Reward: -17.196. Std of Reward: 0.032. Training.
[INFO] Exported results\L2\Rocket\Rocket-20999925.onnx
[INFO] Rocket. Step: 21020000. Time Elapsed: 18752.832 s. Mean Reward: -17.192. Std of Reward: 0.031. Training.
[INFO] Rocket. Step: 21040000. Time Elapsed: 18767.677 s. Mean Reward: -17.197. Std of Reward: 0.031. Training.
[INFO] Rocket. Step: 21060000. Time Elapsed: 18788.556 s. Mean Reward: -17.194. Std of Reward: 0.031. Training.
[INFO] Rocket. Step: 21080000. Time Elapsed: 18803.017 s. Mean Reward: -17.191. Std of Reward: 0.032. Training.
[INFO] Rocket. Step: 21100000. Time Elapsed: 18824.861 s. Mean Reward: -17.195. Std of Reward: 0.036. Training.
[INFO] Rocket. Step: 21120000. Time Elapsed: 18839.008 s. Mean Reward: -17.194. Std of Reward: 0.035. Training.
[INFO] Rocket. Step: 21140000. Time Elapsed: 18860.325 s. Mean Reward: -17.195. Std of Reward: 0.033. Training.
[INFO] Rocket. Step: 21160000. Time Elapsed: 18874.750 s. Mean Reward: -17.195. Std of Reward: 0.030. Training.
[INFO] Rocket. Step: 21180000. Time Elapsed: 18896.644 s. Mean Reward: -17.191. Std of Reward: 0.030. Training.
[INFO] Rocket. Step: 21200000. Time Elapsed: 18910.569 s. Mean Reward: -17.193. Std of Reward: 0.033. Training.
[INFO] Rocket. Step: 21220000. Time Elapsed: 18932.769 s. Mean Reward: -17.189. Std of Reward: 0.029. Training.
[INFO] Rocket. Step: 21240000. Time Elapsed: 18945.985 s. Mean Reward: -17.195. Std of Reward: 0.035. Training.
[INFO] Rocket. Step: 21260000. Time Elapsed: 18960.846 s. Mean Reward: -17.190. Std of Reward: 0.030. Training.
[INFO] Rocket. Step: 21280000. Time Elapsed: 18981.956 s. Mean Reward: -17.192. Std of Reward: 0.032. Training.
[INFO] Rocket. Step: 21300000. Time Elapsed: 18996.605 s. Mean Reward: -17.192. Std of Reward: 0.033. Training.
[INFO] Rocket. Step: 21320000. Time Elapsed: 19017.717 s. Mean Reward: -17.189. Std of Reward: 0.032. Training.
[INFO] Rocket. Step: 21340000. Time Elapsed: 19032.206 s. Mean Reward: -17.187. Std of Reward: 0.031. Training.
[INFO] Rocket. Step: 21360000. Time Elapsed: 19053.294 s. Mean Reward: -17.191. Std of Reward: 0.032. Training.
[INFO] Rocket. Step: 21380000. Time Elapsed: 19067.984 s. Mean Reward: -17.191. Std of Reward: 0.032. Training.
[INFO] Rocket. Step: 21400000. Time Elapsed: 19089.078 s. Mean Reward: -17.187. Std of Reward: 0.029. Training.
[INFO] Rocket. Step: 21420000. Time Elapsed: 19103.985 s. Mean Reward: -17.194. Std of Reward: 0.033. Training.
[INFO] Rocket. Step: 21440000. Time Elapsed: 19124.987 s. Mean Reward: -17.190. Std of Reward: 0.033. Training.
[INFO] Rocket. Step: 21460000. Time Elapsed: 19139.363 s. Mean Reward: -17.193. Std of Reward: 0.033. Training.
[INFO] Rocket. Step: 21480000. Time Elapsed: 19160.604 s. Mean Reward: -17.190. Std of Reward: 0.032. Training.
[INFO] Rocket. Step: 21500000. Time Elapsed: 19175.167 s. Mean Reward: -17.190. Std of Reward: 0.030. Training.
[INFO] Exported results\L2\Rocket\Rocket-21499960.onnx
[INFO] Rocket. Step: 21520000. Time Elapsed: 19196.034 s. Mean Reward: -17.189. Std of Reward: 0.031. Training.
[INFO] Rocket. Step: 21540000. Time Elapsed: 19210.719 s. Mean Reward: -17.190. Std of Reward: 0.033. Training.
[INFO] Rocket. Step: 21560000. Time Elapsed: 19231.579 s. Mean Reward: -17.190. Std of Reward: 0.030. Training.
[INFO] Rocket. Step: 21580000. Time Elapsed: 19245.974 s. Mean Reward: -17.190. Std of Reward: 0.031. Training.
[INFO] Rocket. Step: 21600000. Time Elapsed: 19267.195 s. Mean Reward: -17.188. Std of Reward: 0.029. Training.
[INFO] Rocket. Step: 21620000. Time Elapsed: 19281.805 s. Mean Reward: -17.187. Std of Reward: 0.031. Training.
[INFO] Rocket. Step: 21640000. Time Elapsed: 19302.679 s. Mean Reward: -17.191. Std of Reward: 0.033. Training.
[INFO] Rocket. Step: 21660000. Time Elapsed: 19317.260 s. Mean Reward: -17.187. Std of Reward: 0.031. Training.
[INFO] Rocket. Step: 21680000. Time Elapsed: 19338.438 s. Mean Reward: -17.191. Std of Reward: 0.035. Training.
[INFO] Rocket. Step: 21700000. Time Elapsed: 19353.070 s. Mean Reward: -17.191. Std of Reward: 0.034. Training.
[INFO] Rocket. Step: 21720000. Time Elapsed: 19373.946 s. Mean Reward: -17.192. Std of Reward: 0.031. Training.
[INFO] Rocket. Step: 21740000. Time Elapsed: 19388.599 s. Mean Reward: -17.191. Std of Reward: 0.035. Training.
[INFO] Rocket. Step: 21760000. Time Elapsed: 19409.632 s. Mean Reward: -17.189. Std of Reward: 0.035. Training.
[INFO] Rocket. Step: 21780000. Time Elapsed: 19424.206 s. Mean Reward: -17.188. Std of Reward: 0.030. Training.
[INFO] Rocket. Step: 21800000. Time Elapsed: 19445.746 s. Mean Reward: -17.190. Std of Reward: 0.032. Training.
[INFO] Rocket. Step: 21820000. Time Elapsed: 19460.090 s. Mean Reward: -17.189. Std of Reward: 0.028. Training.
[INFO] Rocket. Step: 21840000. Time Elapsed: 19480.593 s. Mean Reward: -17.186. Std of Reward: 0.033. Training.
[INFO] Rocket. Step: 21860000. Time Elapsed: 19495.534 s. Mean Reward: -17.187. Std of Reward: 0.031. Training.
[INFO] Rocket. Step: 21880000. Time Elapsed: 19516.807 s. Mean Reward: -17.186. Std of Reward: 0.032. Training.
[INFO] Rocket. Step: 21900000. Time Elapsed: 19530.812 s. Mean Reward: -17.184. Std of Reward: 0.030. Training.
[INFO] Rocket. Step: 21920000. Time Elapsed: 19552.356 s. Mean Reward: -17.187. Std of Reward: 0.031. Training.
[INFO] Rocket. Step: 21940000. Time Elapsed: 19566.774 s. Mean Reward: -17.186. Std of Reward: 0.033. Training.
[INFO] Rocket. Step: 21960000. Time Elapsed: 19587.998 s. Mean Reward: -17.189. Std of Reward: 0.033. Training.
[INFO] Rocket. Step: 21980000. Time Elapsed: 19602.425 s. Mean Reward: -17.187. Std of Reward: 0.033. Training.
[INFO] Rocket. Step: 22000000. Time Elapsed: 19624.331 s. Mean Reward: -17.188. Std of Reward: 0.033. Training.
[INFO] Exported results\L2\Rocket\Rocket-21999920.onnx
[INFO] Rocket. Step: 22020000. Time Elapsed: 19637.957 s. Mean Reward: -17.186. Std of Reward: 0.029. Training.
[INFO] Rocket. Step: 22040000. Time Elapsed: 19660.625 s. Mean Reward: -17.187. Std of Reward: 0.032. Training.
[INFO] Rocket. Step: 22060000. Time Elapsed: 19673.779 s. Mean Reward: -17.188. Std of Reward: 0.032. Training.
[INFO] Rocket. Step: 22080000. Time Elapsed: 19688.058 s. Mean Reward: -17.185. Std of Reward: 0.032. Training.
[INFO] Rocket. Step: 22100000. Time Elapsed: 19709.530 s. Mean Reward: -17.188. Std of Reward: 0.033. Training.
[INFO] Rocket. Step: 22120000. Time Elapsed: 19723.944 s. Mean Reward: -17.190. Std of Reward: 0.031. Training.
[INFO] Rocket. Step: 22140000. Time Elapsed: 19744.850 s. Mean Reward: -17.186. Std of Reward: 0.029. Training.
[INFO] Rocket. Step: 22160000. Time Elapsed: 19759.819 s. Mean Reward: -17.185. Std of Reward: 0.031. Training.
[INFO] Rocket. Step: 22180000. Time Elapsed: 19780.706 s. Mean Reward: -17.192. Std of Reward: 0.032. Training.
[INFO] Rocket. Step: 22200000. Time Elapsed: 19795.045 s. Mean Reward: -17.187. Std of Reward: 0.031. Training.
[INFO] Rocket. Step: 22220000. Time Elapsed: 19816.381 s. Mean Reward: -17.190. Std of Reward: 0.035. Training.
[INFO] Rocket. Step: 22240000. Time Elapsed: 19830.994 s. Mean Reward: -17.188. Std of Reward: 0.032. Training.
[INFO] Rocket. Step: 22260000. Time Elapsed: 19852.089 s. Mean Reward: -17.189. Std of Reward: 0.033. Training.
[INFO] Rocket. Step: 22280000. Time Elapsed: 19866.841 s. Mean Reward: -17.181. Std of Reward: 0.031. Training.
[INFO] Rocket. Step: 22300000. Time Elapsed: 19888.009 s. Mean Reward: -17.187. Std of Reward: 0.031. Training.
[INFO] Rocket. Step: 22320000. Time Elapsed: 19902.470 s. Mean Reward: -17.186. Std of Reward: 0.033. Training.
[INFO] Rocket. Step: 22340000. Time Elapsed: 19923.773 s. Mean Reward: -17.190. Std of Reward: 0.033. Training.
[INFO] Rocket. Step: 22360000. Time Elapsed: 19938.200 s. Mean Reward: -17.190. Std of Reward: 0.034. Training.
[INFO] Rocket. Step: 22380000. Time Elapsed: 19959.566 s. Mean Reward: -17.189. Std of Reward: 0.030. Training.
[INFO] Rocket. Step: 22400000. Time Elapsed: 19974.080 s. Mean Reward: -17.185. Std of Reward: 0.028. Training.
[INFO] Rocket. Step: 22420000. Time Elapsed: 19995.105 s. Mean Reward: -17.184. Std of Reward: 0.033. Training.
[INFO] Rocket. Step: 22440000. Time Elapsed: 20009.631 s. Mean Reward: -17.186. Std of Reward: 0.030. Training.
[INFO] Rocket. Step: 22460000. Time Elapsed: 20030.907 s. Mean Reward: -17.183. Std of Reward: 0.030. Training.
[INFO] Rocket. Step: 22480000. Time Elapsed: 20045.328 s. Mean Reward: -17.187. Std of Reward: 0.032. Training.
[INFO] Rocket. Step: 22500000. Time Elapsed: 20066.551 s. Mean Reward: -17.186. Std of Reward: 0.031. Training.
[INFO] Exported results\L2\Rocket\Rocket-22499966.onnx
[INFO] Rocket. Step: 22520000. Time Elapsed: 20081.514 s. Mean Reward: -17.184. Std of Reward: 0.029. Training.
[INFO] Rocket. Step: 22540000. Time Elapsed: 20102.532 s. Mean Reward: -17.186. Std of Reward: 0.031. Training.
[INFO] Rocket. Step: 22560000. Time Elapsed: 20117.072 s. Mean Reward: -17.191. Std of Reward: 0.035. Training.
[INFO] Rocket. Step: 22580000. Time Elapsed: 20138.350 s. Mean Reward: -17.186. Std of Reward: 0.032. Training.
[INFO] Rocket. Step: 22600000. Time Elapsed: 20152.660 s. Mean Reward: -17.186. Std of Reward: 0.029. Training.
[INFO] Rocket. Step: 22620000. Time Elapsed: 20173.561 s. Mean Reward: -17.182. Std of Reward: 0.031. Training.
[INFO] Rocket. Step: 22640000. Time Elapsed: 20188.154 s. Mean Reward: -17.188. Std of Reward: 0.035. Training.
[INFO] Rocket. Step: 22660000. Time Elapsed: 20209.323 s. Mean Reward: -17.186. Std of Reward: 0.031. Training.
[INFO] Rocket. Step: 22680000. Time Elapsed: 20223.870 s. Mean Reward: -17.184. Std of Reward: 0.032. Training.
[INFO] Rocket. Step: 22700000. Time Elapsed: 20244.955 s. Mean Reward: -17.187. Std of Reward: 0.033. Training.
[INFO] Rocket. Step: 22720000. Time Elapsed: 20259.126 s. Mean Reward: -17.187. Std of Reward: 0.034. Training.
[INFO] Rocket. Step: 22740000. Time Elapsed: 20281.106 s. Mean Reward: -17.186. Std of Reward: 0.032. Training.
[INFO] Rocket. Step: 22760000. Time Elapsed: 20294.944 s. Mean Reward: -17.189. Std of Reward: 0.032. Training.
[INFO] Rocket. Step: 22780000. Time Elapsed: 20316.973 s. Mean Reward: -17.182. Std of Reward: 0.031. Training.
[INFO] Rocket. Step: 22800000. Time Elapsed: 20330.486 s. Mean Reward: -17.183. Std of Reward: 0.030. Training.
[INFO] Rocket. Step: 22820000. Time Elapsed: 20344.616 s. Mean Reward: -17.181. Std of Reward: 0.030. Training.
[INFO] Rocket. Step: 22840000. Time Elapsed: 20365.910 s. Mean Reward: -17.184. Std of Reward: 0.032. Training.
[INFO] Rocket. Step: 22860000. Time Elapsed: 20380.629 s. Mean Reward: -17.182. Std of Reward: 0.034. Training.
[INFO] Rocket. Step: 22880000. Time Elapsed: 20401.471 s. Mean Reward: -17.186. Std of Reward: 0.032. Training.
[INFO] Rocket. Step: 22900000. Time Elapsed: 20416.446 s. Mean Reward: -17.184. Std of Reward: 0.034. Training.
[INFO] Rocket. Step: 22920000. Time Elapsed: 20437.774 s. Mean Reward: -17.185. Std of Reward: 0.032. Training.
[INFO] Rocket. Step: 22940000. Time Elapsed: 20452.088 s. Mean Reward: -17.186. Std of Reward: 0.032. Training.
[INFO] Rocket. Step: 22960000. Time Elapsed: 20473.377 s. Mean Reward: -17.187. Std of Reward: 0.034. Training.
[INFO] Rocket. Step: 22980000. Time Elapsed: 20487.798 s. Mean Reward: -17.184. Std of Reward: 0.032. Training.
[INFO] Rocket. Step: 23000000. Time Elapsed: 20508.896 s. Mean Reward: -17.187. Std of Reward: 0.034. Training.
[INFO] Exported results\L2\Rocket\Rocket-22999929.onnx
[INFO] Rocket. Step: 23020000. Time Elapsed: 20523.777 s. Mean Reward: -17.178. Std of Reward: 0.028. Training.
[INFO] Rocket. Step: 23040000. Time Elapsed: 20544.779 s. Mean Reward: -17.182. Std of Reward: 0.032. Training.
[INFO] Rocket. Step: 23060000. Time Elapsed: 20559.051 s. Mean Reward: -17.189. Std of Reward: 0.034. Training.
[INFO] Rocket. Step: 23080000. Time Elapsed: 20580.534 s. Mean Reward: -17.186. Std of Reward: 0.030. Training.
[INFO] Rocket. Step: 23100000. Time Elapsed: 20595.045 s. Mean Reward: -17.183. Std of Reward: 0.033. Training.
[INFO] Rocket. Step: 23120000. Time Elapsed: 20615.918 s. Mean Reward: -17.182. Std of Reward: 0.030. Training.
[INFO] Rocket. Step: 23140000. Time Elapsed: 20630.781 s. Mean Reward: -17.182. Std of Reward: 0.034. Training.
[INFO] Rocket. Step: 23160000. Time Elapsed: 20651.880 s. Mean Reward: -17.186. Std of Reward: 0.031. Training.
[INFO] Rocket. Step: 23180000. Time Elapsed: 20666.067 s. Mean Reward: -17.182. Std of Reward: 0.031. Training.
[INFO] Rocket. Step: 23200000. Time Elapsed: 20687.322 s. Mean Reward: -17.180. Std of Reward: 0.030. Training.
[INFO] Rocket. Step: 23220000. Time Elapsed: 20701.801 s. Mean Reward: -17.178. Std of Reward: 0.031. Training.
[INFO] Rocket. Step: 23240000. Time Elapsed: 20722.871 s. Mean Reward: -17.187. Std of Reward: 0.032. Training.
[INFO] Rocket. Step: 23260000. Time Elapsed: 20737.821 s. Mean Reward: -17.178. Std of Reward: 0.029. Training.
[INFO] Rocket. Step: 23280000. Time Elapsed: 20758.953 s. Mean Reward: -17.182. Std of Reward: 0.034. Training.
[INFO] Rocket. Step: 23300000. Time Elapsed: 20773.435 s. Mean Reward: -17.182. Std of Reward: 0.032. Training.
[INFO] Rocket. Step: 23320000. Time Elapsed: 20794.696 s. Mean Reward: -17.181. Std of Reward: 0.034. Training.
[INFO] Rocket. Step: 23340000. Time Elapsed: 20809.012 s. Mean Reward: -17.181. Std of Reward: 0.031. Training.
[INFO] Rocket. Step: 23360000. Time Elapsed: 20830.440 s. Mean Reward: -17.184. Std of Reward: 0.028. Training.
[INFO] Rocket. Step: 23380000. Time Elapsed: 20844.741 s. Mean Reward: -17.181. Std of Reward: 0.030. Training.
[INFO] Rocket. Step: 23400000. Time Elapsed: 20865.991 s. Mean Reward: -17.184. Std of Reward: 0.035. Training.
[INFO] Rocket. Step: 23420000. Time Elapsed: 20880.580 s. Mean Reward: -17.182. Std of Reward: 0.033. Training.
[INFO] Rocket. Step: 23440000. Time Elapsed: 20901.805 s. Mean Reward: -17.181. Std of Reward: 0.033. Training.
[INFO] Rocket. Step: 23460000. Time Elapsed: 20916.290 s. Mean Reward: -17.183. Std of Reward: 0.034. Training.
[INFO] Rocket. Step: 23480000. Time Elapsed: 20937.729 s. Mean Reward: -17.178. Std of Reward: 0.033. Training.
[INFO] Rocket. Step: 23500000. Time Elapsed: 20951.862 s. Mean Reward: -17.189. Std of Reward: 0.035. Training.
[INFO] Exported results\L2\Rocket\Rocket-23499999.onnx
[INFO] Rocket. Step: 23520000. Time Elapsed: 20973.235 s. Mean Reward: -17.181. Std of Reward: 0.033. Training.
[INFO] Rocket. Step: 23540000. Time Elapsed: 20987.598 s. Mean Reward: -17.183. Std of Reward: 0.033. Training.
[INFO] Rocket. Step: 23560000. Time Elapsed: 21009.451 s. Mean Reward: -17.181. Std of Reward: 0.029. Training.
[INFO] Rocket. Step: 23580000. Time Elapsed: 21023.301 s. Mean Reward: -17.187. Std of Reward: 0.033. Training.
[INFO] Rocket. Step: 23600000. Time Elapsed: 21045.996 s. Mean Reward: -17.183. Std of Reward: 0.034. Training.
[INFO] Rocket. Step: 23620000. Time Elapsed: 21058.929 s. Mean Reward: -17.182. Std of Reward: 0.033. Training.
[INFO] Rocket. Step: 23640000. Time Elapsed: 21073.621 s. Mean Reward: -17.180. Std of Reward: 0.032. Training.
[INFO] Rocket. Step: 23660000. Time Elapsed: 21094.626 s. Mean Reward: -17.183. Std of Reward: 0.032. Training.
[INFO] Rocket. Step: 23680000. Time Elapsed: 21109.069 s. Mean Reward: -17.183. Std of Reward: 0.033. Training.
[INFO] Rocket. Step: 23700000. Time Elapsed: 21130.189 s. Mean Reward: -17.181. Std of Reward: 0.031. Training.
[INFO] Rocket. Step: 23720000. Time Elapsed: 21144.677 s. Mean Reward: -17.184. Std of Reward: 0.030. Training.
[INFO] Rocket. Step: 23740000. Time Elapsed: 21165.658 s. Mean Reward: -17.187. Std of Reward: 0.033. Training.
[INFO] Rocket. Step: 23760000. Time Elapsed: 21180.234 s. Mean Reward: -17.180. Std of Reward: 0.031. Training.
[INFO] Rocket. Step: 23780000. Time Elapsed: 21201.383 s. Mean Reward: -17.182. Std of Reward: 0.033. Training.
[INFO] Rocket. Step: 23800000. Time Elapsed: 21215.822 s. Mean Reward: -17.180. Std of Reward: 0.032. Training.
[INFO] Rocket. Step: 23820000. Time Elapsed: 21236.965 s. Mean Reward: -17.183. Std of Reward: 0.031. Training.
[INFO] Rocket. Step: 23840000. Time Elapsed: 21251.551 s. Mean Reward: -17.181. Std of Reward: 0.033. Training.
[INFO] Rocket. Step: 23860000. Time Elapsed: 21272.770 s. Mean Reward: -17.182. Std of Reward: 0.034. Training.
[INFO] Rocket. Step: 23880000. Time Elapsed: 21287.384 s. Mean Reward: -17.184. Std of Reward: 0.034. Training.
[INFO] Rocket. Step: 23900000. Time Elapsed: 21308.437 s. Mean Reward: -17.186. Std of Reward: 0.033. Training.
[INFO] Rocket. Step: 23920000. Time Elapsed: 21322.843 s. Mean Reward: -17.183. Std of Reward: 0.035. Training.
[INFO] Rocket. Step: 23940000. Time Elapsed: 21344.118 s. Mean Reward: -17.184. Std of Reward: 0.033. Training.
[INFO] Rocket. Step: 23960000. Time Elapsed: 21358.513 s. Mean Reward: -17.182. Std of Reward: 0.031. Training.
[INFO] Rocket. Step: 23980000. Time Elapsed: 21379.742 s. Mean Reward: -17.185. Std of Reward: 0.034. Training.
[INFO] Rocket. Step: 24000000. Time Elapsed: 21394.540 s. Mean Reward: -17.179. Std of Reward: 0.029. Training.
[INFO] Exported results\L2\Rocket\Rocket-23999983.onnx
[INFO] Rocket. Step: 24020000. Time Elapsed: 21415.719 s. Mean Reward: -17.184. Std of Reward: 0.032. Training.
[INFO] Rocket. Step: 24040000. Time Elapsed: 21430.115 s. Mean Reward: -17.181. Std of Reward: 0.034. Training.
[INFO] Rocket. Step: 24060000. Time Elapsed: 21450.947 s. Mean Reward: -17.184. Std of Reward: 0.035. Training.
[INFO] Rocket. Step: 24080000. Time Elapsed: 21465.469 s. Mean Reward: -17.177. Std of Reward: 0.030. Training.
[INFO] Rocket. Step: 24100000. Time Elapsed: 21486.734 s. Mean Reward: -17.184. Std of Reward: 0.034. Training.
[INFO] Rocket. Step: 24120000. Time Elapsed: 21501.082 s. Mean Reward: -17.180. Std of Reward: 0.035. Training.
[INFO] Rocket. Step: 24140000. Time Elapsed: 21522.503 s. Mean Reward: -17.181. Std of Reward: 0.032. Training.
[INFO] Rocket. Step: 24160000. Time Elapsed: 21536.917 s. Mean Reward: -17.187. Std of Reward: 0.034. Training.
[INFO] Rocket. Step: 24180000. Time Elapsed: 21558.068 s. Mean Reward: -17.180. Std of Reward: 0.032. Training.
[INFO] Rocket. Step: 24200000. Time Elapsed: 21572.675 s. Mean Reward: -17.186. Std of Reward: 0.033. Training.
[INFO] Rocket. Step: 24220000. Time Elapsed: 21593.821 s. Mean Reward: -17.181. Std of Reward: 0.034. Training.
[INFO] Rocket. Step: 24240000. Time Elapsed: 21608.096 s. Mean Reward: -17.180. Std of Reward: 0.031. Training.
[INFO] Rocket. Step: 24260000. Time Elapsed: 21629.708 s. Mean Reward: -17.182. Std of Reward: 0.033. Training.
[INFO] Rocket. Step: 24280000. Time Elapsed: 21643.919 s. Mean Reward: -17.181. Std of Reward: 0.033. Training.
[INFO] Rocket. Step: 24300000. Time Elapsed: 21665.235 s. Mean Reward: -17.184. Std of Reward: 0.032. Training.
[INFO] Rocket. Step: 24320000. Time Elapsed: 21679.488 s. Mean Reward: -17.183. Std of Reward: 0.034. Training.
[INFO] Rocket. Step: 24340000. Time Elapsed: 21700.754 s. Mean Reward: -17.182. Std of Reward: 0.032. Training.
[INFO] Rocket. Step: 24360000. Time Elapsed: 21715.358 s. Mean Reward: -17.183. Std of Reward: 0.034. Training.
[INFO] Rocket. Step: 24380000. Time Elapsed: 21737.417 s. Mean Reward: -17.175. Std of Reward: 0.028. Training.
[INFO] Rocket. Step: 24400000. Time Elapsed: 21750.984 s. Mean Reward: -17.182. Std of Reward: 0.032. Training.
[INFO] Rocket. Step: 24420000. Time Elapsed: 21773.478 s. Mean Reward: -17.183. Std of Reward: 0.033. Training.
[INFO] Rocket. Step: 24440000. Time Elapsed: 21786.347 s. Mean Reward: -17.180. Std of Reward: 0.031. Training.
[INFO] Rocket. Step: 24460000. Time Elapsed: 21800.757 s. Mean Reward: -17.183. Std of Reward: 0.031. Training.
[INFO] Rocket. Step: 24480000. Time Elapsed: 21822.231 s. Mean Reward: -17.187. Std of Reward: 0.033. Training.
[INFO] Rocket. Step: 24500000. Time Elapsed: 21836.705 s. Mean Reward: -17.182. Std of Reward: 0.033. Training.
[INFO] Exported results\L2\Rocket\Rocket-24499919.onnx
[INFO] Rocket. Step: 24520000. Time Elapsed: 21857.770 s. Mean Reward: -17.184. Std of Reward: 0.034. Training.
[INFO] Rocket. Step: 24540000. Time Elapsed: 21872.583 s. Mean Reward: -17.180. Std of Reward: 0.034. Training.
[INFO] Rocket. Step: 24560000. Time Elapsed: 21893.433 s. Mean Reward: -17.183. Std of Reward: 0.032. Training.
[INFO] Rocket. Step: 24580000. Time Elapsed: 21908.272 s. Mean Reward: -17.182. Std of Reward: 0.033. Training.
[INFO] Rocket. Step: 24600000. Time Elapsed: 21929.218 s. Mean Reward: -17.177. Std of Reward: 0.031. Training.
[INFO] Rocket. Step: 24620000. Time Elapsed: 21943.744 s. Mean Reward: -17.179. Std of Reward: 0.032. Training.
[INFO] Rocket. Step: 24640000. Time Elapsed: 21965.180 s. Mean Reward: -17.180. Std of Reward: 0.032. Training.
[INFO] Rocket. Step: 24660000. Time Elapsed: 21979.548 s. Mean Reward: -17.182. Std of Reward: 0.032. Training.
[INFO] Rocket. Step: 24680000. Time Elapsed: 22000.793 s. Mean Reward: -17.178. Std of Reward: 0.033. Training.
[INFO] Rocket. Step: 24700000. Time Elapsed: 22015.241 s. Mean Reward: -17.181. Std of Reward: 0.033. Training.
[INFO] Rocket. Step: 24720000. Time Elapsed: 22036.573 s. Mean Reward: -17.177. Std of Reward: 0.035. Training.
[INFO] Rocket. Step: 24740000. Time Elapsed: 22051.604 s. Mean Reward: -17.185. Std of Reward: 0.036. Training.
[INFO] Rocket. Step: 24760000. Time Elapsed: 22072.483 s. Mean Reward: -17.183. Std of Reward: 0.033. Training.
[INFO] Rocket. Step: 24780000. Time Elapsed: 22087.006 s. Mean Reward: -17.179. Std of Reward: 0.034. Training.
[INFO] Rocket. Step: 24800000. Time Elapsed: 22108.006 s. Mean Reward: -17.175. Std of Reward: 0.033. Training.
[INFO] Rocket. Step: 24820000. Time Elapsed: 22122.445 s. Mean Reward: -17.179. Std of Reward: 0.032. Training.
[INFO] Rocket. Step: 24840000. Time Elapsed: 22143.409 s. Mean Reward: -17.176. Std of Reward: 0.029. Training.
[INFO] Rocket. Step: 24860000. Time Elapsed: 22157.842 s. Mean Reward: -17.183. Std of Reward: 0.033. Training.
[INFO] Rocket. Step: 24880000. Time Elapsed: 22178.866 s. Mean Reward: -17.182. Std of Reward: 0.029. Training.
[INFO] Rocket. Step: 24900000. Time Elapsed: 22193.675 s. Mean Reward: -17.176. Std of Reward: 0.030. Training.
[INFO] Rocket. Step: 24920000. Time Elapsed: 22214.529 s. Mean Reward: -17.179. Std of Reward: 0.030. Training.
[INFO] Rocket. Step: 24940000. Time Elapsed: 22229.050 s. Mean Reward: -17.178. Std of Reward: 0.032. Training.
[INFO] Rocket. Step: 24960000. Time Elapsed: 22250.053 s. Mean Reward: -17.181. Std of Reward: 0.035. Training.
[INFO] Rocket. Step: 24980000. Time Elapsed: 22264.413 s. Mean Reward: -17.180. Std of Reward: 0.034. Training.
[INFO] Rocket. Step: 25000000. Time Elapsed: 22285.427 s. Mean Reward: -17.182. Std of Reward: 0.034. Training.
[INFO] Exported results\L2\Rocket\Rocket-24999913.onnx
[INFO] Rocket. Step: 25020000. Time Elapsed: 22300.005 s. Mean Reward: -17.181. Std of Reward: 0.033. Training.
[INFO] Rocket. Step: 25040000. Time Elapsed: 22321.195 s. Mean Reward: -17.179. Std of Reward: 0.034. Training.
[INFO] Rocket. Step: 25060000. Time Elapsed: 22335.820 s. Mean Reward: -17.183. Std of Reward: 0.034. Training.
[INFO] Rocket. Step: 25080000. Time Elapsed: 22357.010 s. Mean Reward: -17.181. Std of Reward: 0.033. Training.
[INFO] Rocket. Step: 25100000. Time Elapsed: 22371.738 s. Mean Reward: -17.184. Std of Reward: 0.035. Training.
[INFO] Rocket. Step: 25120000. Time Elapsed: 22393.118 s. Mean Reward: -17.182. Std of Reward: 0.032. Training.
[INFO] Rocket. Step: 25140000. Time Elapsed: 22407.159 s. Mean Reward: -17.175. Std of Reward: 0.033. Training.
[INFO] Rocket. Step: 25160000. Time Elapsed: 22428.739 s. Mean Reward: -17.179. Std of Reward: 0.033. Training.
[INFO] Rocket. Step: 25180000. Time Elapsed: 22442.750 s. Mean Reward: -17.179. Std of Reward: 0.033. Training.
[INFO] Rocket. Step: 25200000. Time Elapsed: 22465.101 s. Mean Reward: -17.182. Std of Reward: 0.033. Training.
[INFO] Rocket. Step: 25220000. Time Elapsed: 22478.595 s. Mean Reward: -17.188. Std of Reward: 0.032. Training.
[INFO] Rocket. Step: 25240000. Time Elapsed: 22501.226 s. Mean Reward: -17.179. Std of Reward: 0.031. Training.
[INFO] Rocket. Step: 25260000. Time Elapsed: 22513.951 s. Mean Reward: -17.179. Std of Reward: 0.034. Training.
[INFO] Rocket. Step: 25280000. Time Elapsed: 22528.483 s. Mean Reward: -17.182. Std of Reward: 0.037. Training.
[INFO] Rocket. Step: 25300000. Time Elapsed: 22549.860 s. Mean Reward: -17.180. Std of Reward: 0.030. Training.
[INFO] Rocket. Step: 25320000. Time Elapsed: 22564.388 s. Mean Reward: -17.180. Std of Reward: 0.034. Training.
[INFO] Rocket. Step: 25340000. Time Elapsed: 22585.373 s. Mean Reward: -17.178. Std of Reward: 0.032. Training.
[INFO] Rocket. Step: 25360000. Time Elapsed: 22600.011 s. Mean Reward: -17.181. Std of Reward: 0.031. Training.
[INFO] Rocket. Step: 25380000. Time Elapsed: 22620.947 s. Mean Reward: -17.178. Std of Reward: 0.031. Training.
[INFO] Rocket. Step: 25400000. Time Elapsed: 22635.620 s. Mean Reward: -17.180. Std of Reward: 0.033. Training.
[INFO] Rocket. Step: 25420000. Time Elapsed: 22656.349 s. Mean Reward: -17.181. Std of Reward: 0.034. Training.
[INFO] Rocket. Step: 25440000. Time Elapsed: 22670.849 s. Mean Reward: -17.180. Std of Reward: 0.034. Training.
[INFO] Rocket. Step: 25460000. Time Elapsed: 22692.416 s. Mean Reward: -17.179. Std of Reward: 0.033. Training.
[INFO] Rocket. Step: 25480000. Time Elapsed: 22706.916 s. Mean Reward: -17.182. Std of Reward: 0.032. Training.
[INFO] Rocket. Step: 25500000. Time Elapsed: 22728.164 s. Mean Reward: -17.185. Std of Reward: 0.035. Training.
[INFO] Exported results\L2\Rocket\Rocket-25499956.onnx
[INFO] Rocket. Step: 25520000. Time Elapsed: 22742.631 s. Mean Reward: -17.182. Std of Reward: 0.033. Training.
[INFO] Rocket. Step: 25540000. Time Elapsed: 22763.695 s. Mean Reward: -17.182. Std of Reward: 0.036. Training.
[INFO] Rocket. Step: 25560000. Time Elapsed: 22778.308 s. Mean Reward: -17.180. Std of Reward: 0.032. Training.
[INFO] Rocket. Step: 25580000. Time Elapsed: 22799.345 s. Mean Reward: -17.183. Std of Reward: 0.033. Training.
[INFO] Rocket. Step: 25600000. Time Elapsed: 22813.855 s. Mean Reward: -17.179. Std of Reward: 0.033. Training.
[INFO] Rocket. Step: 25620000. Time Elapsed: 22834.961 s. Mean Reward: -17.174. Std of Reward: 0.033. Training.
[INFO] Rocket. Step: 25640000. Time Elapsed: 22849.446 s. Mean Reward: -17.179. Std of Reward: 0.033. Training.
[INFO] Rocket. Step: 25660000. Time Elapsed: 22870.743 s. Mean Reward: -17.180. Std of Reward: 0.032. Training.
[INFO] Rocket. Step: 25680000. Time Elapsed: 22884.875 s. Mean Reward: -17.178. Std of Reward: 0.028. Training.
[INFO] Rocket. Step: 25700000. Time Elapsed: 22906.247 s. Mean Reward: -17.182. Std of Reward: 0.035. Training.
[INFO] Rocket. Step: 25720000. Time Elapsed: 22920.773 s. Mean Reward: -17.183. Std of Reward: 0.033. Training.
[INFO] Rocket. Step: 25740000. Time Elapsed: 22942.060 s. Mean Reward: -17.177. Std of Reward: 0.032. Training.
[INFO] Rocket. Step: 25760000. Time Elapsed: 22956.454 s. Mean Reward: -17.175. Std of Reward: 0.034. Training.
[INFO] Rocket. Step: 25780000. Time Elapsed: 22977.530 s. Mean Reward: -17.179. Std of Reward: 0.032. Training.
[INFO] Rocket. Step: 25800000. Time Elapsed: 22991.992 s. Mean Reward: -17.176. Std of Reward: 0.033. Training.
[INFO] Rocket. Step: 25820000. Time Elapsed: 23013.237 s. Mean Reward: -17.181. Std of Reward: 0.032. Training.
[INFO] Rocket. Step: 25840000. Time Elapsed: 23027.901 s. Mean Reward: -17.182. Std of Reward: 0.033. Training.
[INFO] Rocket. Step: 25860000. Time Elapsed: 23048.836 s. Mean Reward: -17.180. Std of Reward: 0.034. Training.
[INFO] Rocket. Step: 25880000. Time Elapsed: 23063.227 s. Mean Reward: -17.176. Std of Reward: 0.031. Training.
[INFO] Rocket. Step: 25900000. Time Elapsed: 23084.420 s. Mean Reward: -17.179. Std of Reward: 0.033. Training.
[INFO] Rocket. Step: 25920000. Time Elapsed: 23098.671 s. Mean Reward: -17.180. Std of Reward: 0.034. Training.
[INFO] Rocket. Step: 25940000. Time Elapsed: 23119.647 s. Mean Reward: -17.176. Std of Reward: 0.030. Training.
[INFO] Rocket. Step: 25960000. Time Elapsed: 23134.018 s. Mean Reward: -17.178. Std of Reward: 0.032. Training.
[INFO] Rocket. Step: 25980000. Time Elapsed: 23155.368 s. Mean Reward: -17.179. Std of Reward: 0.031. Training.
[INFO] Rocket. Step: 26000000. Time Elapsed: 23169.306 s. Mean Reward: -17.181. Std of Reward: 0.032. Training.
[INFO] Exported results\L2\Rocket\Rocket-25999931.onnx
[INFO] Rocket. Step: 26020000. Time Elapsed: 23192.144 s. Mean Reward: -17.180. Std of Reward: 0.034. Training.
[INFO] Rocket. Step: 26040000. Time Elapsed: 23205.046 s. Mean Reward: -17.181. Std of Reward: 0.034. Training.
[INFO] Rocket. Step: 26060000. Time Elapsed: 23219.589 s. Mean Reward: -17.182. Std of Reward: 0.036. Training.
[INFO] Rocket. Step: 26080000. Time Elapsed: 23240.840 s. Mean Reward: -17.176. Std of Reward: 0.032. Training.
[INFO] Rocket. Step: 26100000. Time Elapsed: 23255.139 s. Mean Reward: -17.176. Std of Reward: 0.032. Training.
[INFO] Rocket. Step: 26120000. Time Elapsed: 23276.527 s. Mean Reward: -17.178. Std of Reward: 0.033. Training.
[INFO] Rocket. Step: 26140000. Time Elapsed: 23290.816 s. Mean Reward: -17.181. Std of Reward: 0.033. Training.
[INFO] Rocket. Step: 26160000. Time Elapsed: 23311.832 s. Mean Reward: -17.178. Std of Reward: 0.035. Training.
[INFO] Rocket. Step: 26180000. Time Elapsed: 23326.368 s. Mean Reward: -17.183. Std of Reward: 0.037. Training.
[INFO] Rocket. Step: 26200000. Time Elapsed: 23347.664 s. Mean Reward: -17.178. Std of Reward: 0.032. Training.
[INFO] Rocket. Step: 26220000. Time Elapsed: 23362.303 s. Mean Reward: -17.177. Std of Reward: 0.035. Training.
[INFO] Rocket. Step: 26240000. Time Elapsed: 23383.467 s. Mean Reward: -17.179. Std of Reward: 0.032. Training.
[INFO] Rocket. Step: 26260000. Time Elapsed: 23397.944 s. Mean Reward: -17.174. Std of Reward: 0.031. Training.
[INFO] Rocket. Step: 26280000. Time Elapsed: 23419.068 s. Mean Reward: -17.175. Std of Reward: 0.031. Training.
[INFO] Rocket. Step: 26300000. Time Elapsed: 23433.522 s. Mean Reward: -17.179. Std of Reward: 0.034. Training.
[INFO] Rocket. Step: 26320000. Time Elapsed: 23454.854 s. Mean Reward: -17.175. Std of Reward: 0.033. Training.
[INFO] Rocket. Step: 26340000. Time Elapsed: 23469.259 s. Mean Reward: -17.179. Std of Reward: 0.034. Training.
[INFO] Rocket. Step: 26360000. Time Elapsed: 23490.331 s. Mean Reward: -17.174. Std of Reward: 0.032. Training.
[INFO] Rocket. Step: 26380000. Time Elapsed: 23504.843 s. Mean Reward: -17.176. Std of Reward: 0.033. Training.
[INFO] Rocket. Step: 26400000. Time Elapsed: 23525.818 s. Mean Reward: -17.172. Std of Reward: 0.031. Training.
[INFO] Rocket. Step: 26420000. Time Elapsed: 23540.518 s. Mean Reward: -17.178. Std of Reward: 0.032. Training.
[INFO] Rocket. Step: 26440000. Time Elapsed: 23561.597 s. Mean Reward: -17.176. Std of Reward: 0.034. Training.
[INFO] Rocket. Step: 26460000. Time Elapsed: 23575.926 s. Mean Reward: -17.178. Std of Reward: 0.032. Training.
[INFO] Rocket. Step: 26480000. Time Elapsed: 23596.972 s. Mean Reward: -17.176. Std of Reward: 0.032. Training.
[INFO] Rocket. Step: 26500000. Time Elapsed: 23611.290 s. Mean Reward: -17.174. Std of Reward: 0.031. Training.
[INFO] Exported results\L2\Rocket\Rocket-26499931.onnx
[INFO] Rocket. Step: 26520000. Time Elapsed: 23632.716 s. Mean Reward: -17.175. Std of Reward: 0.031. Training.
[INFO] Rocket. Step: 26540000. Time Elapsed: 23647.067 s. Mean Reward: -17.177. Std of Reward: 0.033. Training.
[INFO] Rocket. Step: 26560000. Time Elapsed: 23668.385 s. Mean Reward: -17.180. Std of Reward: 0.035. Training.
[INFO] Rocket. Step: 26580000. Time Elapsed: 23682.988 s. Mean Reward: -17.177. Std of Reward: 0.033. Training.
[INFO] Rocket. Step: 26600000. Time Elapsed: 23703.785 s. Mean Reward: -17.177. Std of Reward: 0.034. Training.
[INFO] Rocket. Step: 26620000. Time Elapsed: 23718.477 s. Mean Reward: -17.176. Std of Reward: 0.032. Training.
[INFO] Rocket. Step: 26640000. Time Elapsed: 23739.512 s. Mean Reward: -17.179. Std of Reward: 0.034. Training.
[INFO] Rocket. Step: 26660000. Time Elapsed: 23754.016 s. Mean Reward: -17.178. Std of Reward: 0.032. Training.
[INFO] Rocket. Step: 26680000. Time Elapsed: 23775.449 s. Mean Reward: -17.179. Std of Reward: 0.035. Training.
[INFO] Rocket. Step: 26700000. Time Elapsed: 23789.659 s. Mean Reward: -17.176. Std of Reward: 0.036. Training.
[INFO] Rocket. Step: 26720000. Time Elapsed: 23811.275 s. Mean Reward: -17.179. Std of Reward: 0.035. Training.
[INFO] Rocket. Step: 26740000. Time Elapsed: 23825.442 s. Mean Reward: -17.177. Std of Reward: 0.033. Training.
[INFO] Rocket. Step: 26760000. Time Elapsed: 23846.923 s. Mean Reward: -17.176. Std of Reward: 0.033. Training.
[INFO] Rocket. Step: 26780000. Time Elapsed: 23861.182 s. Mean Reward: -17.173. Std of Reward: 0.028. Training.
[INFO] Rocket. Step: 26800000. Time Elapsed: 23883.427 s. Mean Reward: -17.175. Std of Reward: 0.035. Training.
[INFO] Rocket. Step: 26820000. Time Elapsed: 23896.672 s. Mean Reward: -17.174. Std of Reward: 0.032. Training.
[INFO] Rocket. Step: 26840000. Time Elapsed: 23919.706 s. Mean Reward: -17.174. Std of Reward: 0.033. Training.
[INFO] Rocket. Step: 26860000. Time Elapsed: 23932.263 s. Mean Reward: -17.178. Std of Reward: 0.031. Training.
[INFO] Rocket. Step: 26880000. Time Elapsed: 23946.930 s. Mean Reward: -17.175. Std of Reward: 0.032. Training.
[INFO] Rocket. Step: 26900000. Time Elapsed: 23967.479 s. Mean Reward: -17.179. Std of Reward: 0.035. Training.
[INFO] Rocket. Step: 26920000. Time Elapsed: 23982.137 s. Mean Reward: -17.175. Std of Reward: 0.033. Training.
[INFO] Rocket. Step: 26940000. Time Elapsed: 24003.280 s. Mean Reward: -17.178. Std of Reward: 0.035. Training.
[INFO] Rocket. Step: 26960000. Time Elapsed: 24017.768 s. Mean Reward: -17.175. Std of Reward: 0.036. Training.
[INFO] Rocket. Step: 26980000. Time Elapsed: 24038.851 s. Mean Reward: -17.177. Std of Reward: 0.033. Training.
[INFO] Rocket. Step: 27000000. Time Elapsed: 24053.077 s. Mean Reward: -17.178. Std of Reward: 0.036. Training.
[INFO] Exported results\L2\Rocket\Rocket-26999984.onnx
[INFO] Rocket. Step: 27020000. Time Elapsed: 24074.150 s. Mean Reward: -17.177. Std of Reward: 0.032. Training.
[INFO] Rocket. Step: 27040000. Time Elapsed: 24088.475 s. Mean Reward: -17.174. Std of Reward: 0.034. Training.
[INFO] Rocket. Step: 27060000. Time Elapsed: 24109.712 s. Mean Reward: -17.177. Std of Reward: 0.034. Training.
[INFO] Rocket. Step: 27080000. Time Elapsed: 24124.156 s. Mean Reward: -17.169. Std of Reward: 0.034. Training.
[INFO] Rocket. Step: 27100000. Time Elapsed: 24145.000 s. Mean Reward: -17.175. Std of Reward: 0.035. Training.
[INFO] Rocket. Step: 27120000. Time Elapsed: 24159.695 s. Mean Reward: -17.170. Std of Reward: 0.032. Training.
[INFO] Rocket. Step: 27140000. Time Elapsed: 24180.449 s. Mean Reward: -17.178. Std of Reward: 0.033. Training.
[INFO] Rocket. Step: 27160000. Time Elapsed: 24194.835 s. Mean Reward: -17.171. Std of Reward: 0.032. Training.
[INFO] Rocket. Step: 27180000. Time Elapsed: 24215.959 s. Mean Reward: -17.171. Std of Reward: 0.032. Training.
[INFO] Rocket. Step: 27200000. Time Elapsed: 24230.234 s. Mean Reward: -17.181. Std of Reward: 0.035. Training.
[INFO] Rocket. Step: 27220000. Time Elapsed: 24251.628 s. Mean Reward: -17.178. Std of Reward: 0.035. Training.
[INFO] Rocket. Step: 27240000. Time Elapsed: 24265.878 s. Mean Reward: -17.177. Std of Reward: 0.033. Training.
[INFO] Rocket. Step: 27260000. Time Elapsed: 24287.400 s. Mean Reward: -17.179. Std of Reward: 0.035. Training.
[INFO] Rocket. Step: 27280000. Time Elapsed: 24301.738 s. Mean Reward: -17.178. Std of Reward: 0.036. Training.
[INFO] Rocket. Step: 27300000. Time Elapsed: 24322.883 s. Mean Reward: -17.174. Std of Reward: 0.038. Training.
[INFO] Rocket. Step: 27320000. Time Elapsed: 24337.522 s. Mean Reward: -17.174. Std of Reward: 0.034. Training.
[INFO] Rocket. Step: 27340000. Time Elapsed: 24358.585 s. Mean Reward: -17.175. Std of Reward: 0.030. Training.
[INFO] Rocket. Step: 27360000. Time Elapsed: 24373.045 s. Mean Reward: -17.173. Std of Reward: 0.033. Training.
[INFO] Rocket. Step: 27380000. Time Elapsed: 24394.325 s. Mean Reward: -17.175. Std of Reward: 0.031. Training.
[INFO] Rocket. Step: 27400000. Time Elapsed: 24408.489 s. Mean Reward: -17.177. Std of Reward: 0.034. Training.
[INFO] Rocket. Step: 27420000. Time Elapsed: 24429.847 s. Mean Reward: -17.178. Std of Reward: 0.037. Training.
[INFO] Rocket. Step: 27440000. Time Elapsed: 24444.003 s. Mean Reward: -17.178. Std of Reward: 0.041. Training.
[INFO] Rocket. Step: 27460000. Time Elapsed: 24465.545 s. Mean Reward: -17.174. Std of Reward: 0.034. Training.
[INFO] Rocket. Step: 27480000. Time Elapsed: 24479.785 s. Mean Reward: -17.174. Std of Reward: 0.032. Training.
[INFO] Rocket. Step: 27500000. Time Elapsed: 24500.921 s. Mean Reward: -17.175. Std of Reward: 0.031. Training.
[INFO] Exported results\L2\Rocket\Rocket-27499919.onnx
[INFO] Rocket. Step: 27520000. Time Elapsed: 24515.687 s. Mean Reward: -17.178. Std of Reward: 0.034. Training.
[INFO] Rocket. Step: 27540000. Time Elapsed: 24536.321 s. Mean Reward: -17.177. Std of Reward: 0.032. Training.
[INFO] Rocket. Step: 27560000. Time Elapsed: 24550.861 s. Mean Reward: -17.178. Std of Reward: 0.033. Training.
[INFO] Rocket. Step: 27580000. Time Elapsed: 24571.842 s. Mean Reward: -17.173. Std of Reward: 0.034. Training.
[INFO] Rocket. Step: 27600000. Time Elapsed: 24585.658 s. Mean Reward: -17.173. Std of Reward: 0.032. Training.
[INFO] Rocket. Step: 27620000. Time Elapsed: 24607.919 s. Mean Reward: -17.172. Std of Reward: 0.030. Training.
[INFO] Rocket. Step: 27640000. Time Elapsed: 24621.342 s. Mean Reward: -17.169. Std of Reward: 0.032. Training.
[INFO] Rocket. Step: 27660000. Time Elapsed: 24636.107 s. Mean Reward: -17.175. Std of Reward: 0.036. Training.
[INFO] Rocket. Step: 27680000. Time Elapsed: 24657.318 s. Mean Reward: -17.175. Std of Reward: 0.034. Training.
[INFO] Rocket. Step: 27700000. Time Elapsed: 24671.605 s. Mean Reward: -17.175. Std of Reward: 0.033. Training.
[INFO] Rocket. Step: 27720000. Time Elapsed: 24693.110 s. Mean Reward: -17.175. Std of Reward: 0.034. Training.
[INFO] Rocket. Step: 27740000. Time Elapsed: 24707.291 s. Mean Reward: -17.176. Std of Reward: 0.032. Training.
[INFO] Rocket. Step: 27760000. Time Elapsed: 24728.687 s. Mean Reward: -17.171. Std of Reward: 0.032. Training.
[INFO] Rocket. Step: 27780000. Time Elapsed: 24742.982 s. Mean Reward: -17.173. Std of Reward: 0.035. Training.
[INFO] Rocket. Step: 27800000. Time Elapsed: 24763.861 s. Mean Reward: -17.177. Std of Reward: 0.033. Training.
[INFO] Rocket. Step: 27820000. Time Elapsed: 24778.719 s. Mean Reward: -17.178. Std of Reward: 0.032. Training.
[INFO] Rocket. Step: 27840000. Time Elapsed: 24799.499 s. Mean Reward: -17.178. Std of Reward: 0.031. Training.
[INFO] Rocket. Step: 27860000. Time Elapsed: 24814.503 s. Mean Reward: -17.176. Std of Reward: 0.033. Training.
[INFO] Rocket. Step: 27880000. Time Elapsed: 24835.414 s. Mean Reward: -17.178. Std of Reward: 0.032. Training.
[INFO] Rocket. Step: 27900000. Time Elapsed: 24849.962 s. Mean Reward: -17.177. Std of Reward: 0.037. Training.
[INFO] Rocket. Step: 27920000. Time Elapsed: 24870.912 s. Mean Reward: -17.177. Std of Reward: 0.033. Training.
[INFO] Rocket. Step: 27940000. Time Elapsed: 24885.155 s. Mean Reward: -17.172. Std of Reward: 0.030. Training.
[INFO] Rocket. Step: 27960000. Time Elapsed: 24906.188 s. Mean Reward: -17.172. Std of Reward: 0.030. Training.
[INFO] Rocket. Step: 27980000. Time Elapsed: 24920.440 s. Mean Reward: -17.173. Std of Reward: 0.034. Training.
[INFO] Rocket. Step: 28000000. Time Elapsed: 24941.368 s. Mean Reward: -17.176. Std of Reward: 0.033. Training.
[INFO] Exported results\L2\Rocket\Rocket-27999940.onnx
[INFO] Rocket. Step: 28020000. Time Elapsed: 24956.105 s. Mean Reward: -17.181. Std of Reward: 0.033. Training.
[INFO] Rocket. Step: 28040000. Time Elapsed: 24977.051 s. Mean Reward: -17.177. Std of Reward: 0.032. Training.
[INFO] Rocket. Step: 28060000. Time Elapsed: 24991.990 s. Mean Reward: -17.171. Std of Reward: 0.033. Training.
[INFO] Rocket. Step: 28080000. Time Elapsed: 25012.896 s. Mean Reward: -17.175. Std of Reward: 0.032. Training.
[INFO] Rocket. Step: 28100000. Time Elapsed: 25027.243 s. Mean Reward: -17.176. Std of Reward: 0.035. Training.
[INFO] Rocket. Step: 28120000. Time Elapsed: 25048.509 s. Mean Reward: -17.173. Std of Reward: 0.030. Training.
[INFO] Rocket. Step: 28140000. Time Elapsed: 25062.577 s. Mean Reward: -17.174. Std of Reward: 0.033. Training.
[INFO] Rocket. Step: 28160000. Time Elapsed: 25084.137 s. Mean Reward: -17.174. Std of Reward: 0.034. Training.
[INFO] Rocket. Step: 28180000. Time Elapsed: 25098.275 s. Mean Reward: -17.168. Std of Reward: 0.030. Training.
[INFO] Rocket. Step: 28200000. Time Elapsed: 25119.567 s. Mean Reward: -17.174. Std of Reward: 0.035. Training.
[INFO] Rocket. Step: 28220000. Time Elapsed: 25133.835 s. Mean Reward: -17.176. Std of Reward: 0.033. Training.
[INFO] Rocket. Step: 28240000. Time Elapsed: 25154.652 s. Mean Reward: -17.176. Std of Reward: 0.033. Training.
[INFO] Rocket. Step: 28260000. Time Elapsed: 25169.507 s. Mean Reward: -17.173. Std of Reward: 0.032. Training.
[INFO] Rocket. Step: 28280000. Time Elapsed: 25190.297 s. Mean Reward: -17.175. Std of Reward: 0.031. Training.
[INFO] Rocket. Step: 28300000. Time Elapsed: 25204.860 s. Mean Reward: -17.178. Std of Reward: 0.035. Training.
[INFO] Rocket. Step: 28320000. Time Elapsed: 25225.992 s. Mean Reward: -17.170. Std of Reward: 0.033. Training.
[INFO] Rocket. Step: 28340000. Time Elapsed: 25239.851 s. Mean Reward: -17.175. Std of Reward: 0.034. Training.
[INFO] Rocket. Step: 28360000. Time Elapsed: 25261.155 s. Mean Reward: -17.178. Std of Reward: 0.032. Training.
[INFO] Rocket. Step: 28380000. Time Elapsed: 25275.169 s. Mean Reward: -17.172. Std of Reward: 0.034. Training.
[INFO] Rocket. Step: 28400000. Time Elapsed: 25297.117 s. Mean Reward: -17.171. Std of Reward: 0.030. Training.
[INFO] Rocket. Step: 28420000. Time Elapsed: 25310.964 s. Mean Reward: -17.178. Std of Reward: 0.034. Training.
[INFO] Rocket. Step: 28440000. Time Elapsed: 25333.474 s. Mean Reward: -17.170. Std of Reward: 0.031. Training.
[INFO] Rocket. Step: 28460000. Time Elapsed: 25346.779 s. Mean Reward: -17.171. Std of Reward: 0.034. Training.
[INFO] Rocket. Step: 28480000. Time Elapsed: 25360.987 s. Mean Reward: -17.171. Std of Reward: 0.033. Training.
[INFO] Rocket. Step: 28500000. Time Elapsed: 25382.067 s. Mean Reward: -17.172. Std of Reward: 0.032. Training.
[INFO] Exported results\L2\Rocket\Rocket-28499954.onnx
[INFO] Rocket. Step: 28520000. Time Elapsed: 25396.359 s. Mean Reward: -17.175. Std of Reward: 0.032. Training.
[INFO] Rocket. Step: 28540000. Time Elapsed: 25417.028 s. Mean Reward: -17.177. Std of Reward: 0.033. Training.
[INFO] Rocket. Step: 28560000. Time Elapsed: 25431.776 s. Mean Reward: -17.177. Std of Reward: 0.033. Training.
[INFO] Rocket. Step: 28580000. Time Elapsed: 25452.755 s. Mean Reward: -17.175. Std of Reward: 0.030. Training.
[INFO] Rocket. Step: 28600000. Time Elapsed: 25467.285 s. Mean Reward: -17.177. Std of Reward: 0.033. Training.
[INFO] Rocket. Step: 28620000. Time Elapsed: 25488.444 s. Mean Reward: -17.174. Std of Reward: 0.031. Training.
[INFO] Rocket. Step: 28640000. Time Elapsed: 25502.740 s. Mean Reward: -17.181. Std of Reward: 0.033. Training.
[INFO] Rocket. Step: 28660000. Time Elapsed: 25524.063 s. Mean Reward: -17.173. Std of Reward: 0.033. Training.
[INFO] Rocket. Step: 28680000. Time Elapsed: 25538.327 s. Mean Reward: -17.171. Std of Reward: 0.031. Training.
[INFO] Rocket. Step: 28700000. Time Elapsed: 25559.323 s. Mean Reward: -17.172. Std of Reward: 0.031. Training.
[INFO] Rocket. Step: 28720000. Time Elapsed: 25573.737 s. Mean Reward: -17.173. Std of Reward: 0.033. Training.
[INFO] Rocket. Step: 28740000. Time Elapsed: 25594.745 s. Mean Reward: -17.173. Std of Reward: 0.031. Training.
[INFO] Rocket. Step: 28760000. Time Elapsed: 25609.527 s. Mean Reward: -17.169. Std of Reward: 0.029. Training.
[INFO] Rocket. Step: 28780000. Time Elapsed: 25630.717 s. Mean Reward: -17.174. Std of Reward: 0.031. Training.
[INFO] Rocket. Step: 28800000. Time Elapsed: 25645.248 s. Mean Reward: -17.178. Std of Reward: 0.034. Training.
[INFO] Rocket. Step: 28820000. Time Elapsed: 25665.921 s. Mean Reward: -17.175. Std of Reward: 0.029. Training.
[INFO] Rocket. Step: 28840000. Time Elapsed: 25680.360 s. Mean Reward: -17.179. Std of Reward: 0.036. Training.
[INFO] Rocket. Step: 28860000. Time Elapsed: 25701.655 s. Mean Reward: -17.173. Std of Reward: 0.032. Training.
[INFO] Rocket. Step: 28880000. Time Elapsed: 25716.015 s. Mean Reward: -17.172. Std of Reward: 0.032. Training.
[INFO] Rocket. Step: 28900000. Time Elapsed: 25737.272 s. Mean Reward: -17.172. Std of Reward: 0.029. Training.
[INFO] Rocket. Step: 28920000. Time Elapsed: 25751.663 s. Mean Reward: -17.170. Std of Reward: 0.032. Training.
[INFO] Rocket. Step: 28940000. Time Elapsed: 25772.984 s. Mean Reward: -17.172. Std of Reward: 0.034. Training.
[INFO] Rocket. Step: 28960000. Time Elapsed: 25787.385 s. Mean Reward: -17.176. Std of Reward: 0.033. Training.
[INFO] Rocket. Step: 28980000. Time Elapsed: 25808.612 s. Mean Reward: -17.173. Std of Reward: 0.030. Training.
[INFO] Rocket. Step: 29000000. Time Elapsed: 25823.015 s. Mean Reward: -17.174. Std of Reward: 0.033. Training.
[INFO] Exported results\L2\Rocket\Rocket-28999933.onnx
[INFO] Rocket. Step: 29020000. Time Elapsed: 25844.418 s. Mean Reward: -17.170. Std of Reward: 0.037. Training.
[INFO] Rocket. Step: 29040000. Time Elapsed: 25858.798 s. Mean Reward: -17.171. Std of Reward: 0.033. Training.
[INFO] Rocket. Step: 29060000. Time Elapsed: 25880.180 s. Mean Reward: -17.177. Std of Reward: 0.031. Training.
[INFO] Rocket. Step: 29080000. Time Elapsed: 25894.498 s. Mean Reward: -17.176. Std of Reward: 0.033. Training.
[INFO] Rocket. Step: 29100000. Time Elapsed: 25915.734 s. Mean Reward: -17.176. Std of Reward: 0.032. Training.
[INFO] Rocket. Step: 29120000. Time Elapsed: 25930.220 s. Mean Reward: -17.174. Std of Reward: 0.032. Training.
[INFO] Rocket. Step: 29140000. Time Elapsed: 25951.612 s. Mean Reward: -17.174. Std of Reward: 0.035. Training.
[INFO] Rocket. Step: 29160000. Time Elapsed: 25966.090 s. Mean Reward: -17.181. Std of Reward: 0.035. Training.
[INFO] Rocket. Step: 29180000. Time Elapsed: 25987.395 s. Mean Reward: -17.169. Std of Reward: 0.028. Training.
[INFO] Rocket. Step: 29200000. Time Elapsed: 26001.447 s. Mean Reward: -17.177. Std of Reward: 0.032. Training.
[INFO] Rocket. Step: 29220000. Time Elapsed: 26023.445 s. Mean Reward: -17.171. Std of Reward: 0.031. Training.
[INFO] Rocket. Step: 29240000. Time Elapsed: 26036.954 s. Mean Reward: -17.176. Std of Reward: 0.038. Training.
[INFO] Rocket. Step: 29260000. Time Elapsed: 26059.701 s. Mean Reward: -17.178. Std of Reward: 0.032. Training.
[INFO] Rocket. Step: 29280000. Time Elapsed: 26072.402 s. Mean Reward: -17.168. Std of Reward: 0.032. Training.
[INFO] Rocket. Step: 29300000. Time Elapsed: 26086.889 s. Mean Reward: -17.174. Std of Reward: 0.034. Training.
[INFO] Rocket. Step: 29320000. Time Elapsed: 26107.977 s. Mean Reward: -17.173. Std of Reward: 0.032. Training.
[INFO] Rocket. Step: 29340000. Time Elapsed: 26122.388 s. Mean Reward: -17.176. Std of Reward: 0.032. Training.
[INFO] Rocket. Step: 29360000. Time Elapsed: 26143.566 s. Mean Reward: -17.175. Std of Reward: 0.034. Training.
[INFO] Rocket. Step: 29380000. Time Elapsed: 26157.988 s. Mean Reward: -17.174. Std of Reward: 0.035. Training.
[INFO] Rocket. Step: 29400000. Time Elapsed: 26178.953 s. Mean Reward: -17.169. Std of Reward: 0.031. Training.
[INFO] Rocket. Step: 29420000. Time Elapsed: 26193.474 s. Mean Reward: -17.178. Std of Reward: 0.033. Training.
[INFO] Rocket. Step: 29440000. Time Elapsed: 26214.335 s. Mean Reward: -17.170. Std of Reward: 0.030. Training.
[INFO] Rocket. Step: 29460000. Time Elapsed: 26228.937 s. Mean Reward: -17.176. Std of Reward: 0.034. Training.
[INFO] Rocket. Step: 29480000. Time Elapsed: 26249.978 s. Mean Reward: -17.172. Std of Reward: 0.034. Training.
[INFO] Rocket. Step: 29500000. Time Elapsed: 26264.417 s. Mean Reward: -17.174. Std of Reward: 0.032. Training.
[INFO] Exported results\L2\Rocket\Rocket-29499881.onnx
[INFO] Rocket. Step: 29520000. Time Elapsed: 26286.047 s. Mean Reward: -17.177. Std of Reward: 0.034. Training.
[INFO] Rocket. Step: 29540000. Time Elapsed: 26300.355 s. Mean Reward: -17.169. Std of Reward: 0.032. Training.
[INFO] Rocket. Step: 29560000. Time Elapsed: 26321.620 s. Mean Reward: -17.173. Std of Reward: 0.032. Training.
[INFO] Rocket. Step: 29580000. Time Elapsed: 26336.115 s. Mean Reward: -17.170. Std of Reward: 0.031. Training.
[INFO] Rocket. Step: 29600000. Time Elapsed: 26357.254 s. Mean Reward: -17.176. Std of Reward: 0.031. Training.
[INFO] Rocket. Step: 29620000. Time Elapsed: 26371.741 s. Mean Reward: -17.175. Std of Reward: 0.031. Training.
[INFO] Rocket. Step: 29640000. Time Elapsed: 26392.992 s. Mean Reward: -17.174. Std of Reward: 0.033. Training.
[INFO] Rocket. Step: 29660000. Time Elapsed: 26407.481 s. Mean Reward: -17.172. Std of Reward: 0.033. Training.
[INFO] Rocket. Step: 29680000. Time Elapsed: 26428.725 s. Mean Reward: -17.176. Std of Reward: 0.035. Training.
[INFO] Rocket. Step: 29700000. Time Elapsed: 26443.049 s. Mean Reward: -17.167. Std of Reward: 0.031. Training.
[INFO] Rocket. Step: 29720000. Time Elapsed: 26464.387 s. Mean Reward: -17.177. Std of Reward: 0.035. Training.
[INFO] Rocket. Step: 29740000. Time Elapsed: 26478.761 s. Mean Reward: -17.172. Std of Reward: 0.033. Training.
[INFO] Rocket. Step: 29760000. Time Elapsed: 26500.009 s. Mean Reward: -17.175. Std of Reward: 0.033. Training.
[INFO] Rocket. Step: 29780000. Time Elapsed: 26514.526 s. Mean Reward: -17.172. Std of Reward: 0.036. Training.
[INFO] Rocket. Step: 29800000. Time Elapsed: 26535.689 s. Mean Reward: -17.173. Std of Reward: 0.033. Training.
[INFO] Rocket. Step: 29820000. Time Elapsed: 26550.263 s. Mean Reward: -17.175. Std of Reward: 0.034. Training.
[INFO] Rocket. Step: 29840000. Time Elapsed: 26571.503 s. Mean Reward: -17.169. Std of Reward: 0.034. Training.
[INFO] Rocket. Step: 29860000. Time Elapsed: 26585.751 s. Mean Reward: -17.173. Std of Reward: 0.031. Training.
[INFO] Rocket. Step: 29880000. Time Elapsed: 26607.441 s. Mean Reward: -17.173. Std of Reward: 0.035. Training.
[INFO] Rocket. Step: 29900000. Time Elapsed: 26621.741 s. Mean Reward: -17.173. Std of Reward: 0.035. Training.
[INFO] Rocket. Step: 29920000. Time Elapsed: 26642.892 s. Mean Reward: -17.172. Std of Reward: 0.032. Training.
[INFO] Rocket. Step: 29940000. Time Elapsed: 26657.255 s. Mean Reward: -17.172. Std of Reward: 0.033. Training.
[INFO] Rocket. Step: 29960000. Time Elapsed: 26678.701 s. Mean Reward: -17.171. Std of Reward: 0.032. Training.
[INFO] Rocket. Step: 29980000. Time Elapsed: 26692.610 s. Mean Reward: -17.170. Std of Reward: 0.037. Training.
[INFO] Rocket. Step: 30000000. Time Elapsed: 26715.045 s. Mean Reward: -17.174. Std of Reward: 0.032. Training.
[INFO] Exported results\L2\Rocket\Rocket-29999907.onnx
[INFO] Exported results\L2\Rocket\Rocket-30001104.onnx
[INFO] Copied results\L2\Rocket\Rocket-30001104.onnx to results\L2\Rocket.onnx.
