[RocketSim] Trainer started at 2026-08-29T21:45:53.0105876Z
[RocketSim] Working directory: C:\Users\dadii\Falcon9
[RocketSim] Command: C:\Users\dadii\Anaconda3\envs\mlagents_gpu\python.exe -u -m mlagents.trainers.learn "C:\Users\dadii\Falcon9\results\L8\TrainingConfig.yaml" --run-id="L8" --force --torch-device "cuda" --seed 1


	Unity Technologies

 Version information:
  ml-agents: 1.1.0,
  ml-agents-envs: 1.1.0,
  Communicator API: 1.5.0,
  PyTorch: 2.1.0+cu121
[INFO] Listening on port 5004. Start training by pressing the Play button in the Unity Editor.
[INFO] Connected to Unity environment with package version 4.0.2 and communication version 1.5.0
[INFO] Connected new brain: Rocket?team=0
[INFO] Hyperparameters for behavior name Rocket: 
	trainer_type:	ppo
	hyperparameters:	
	  batch_size:	4096
	  buffer_size:	40960
	  learning_rate:	0.0002
	  beta:	0.01
	  epsilon:	0.2
	  lambd:	0.98
	  num_epoch:	6
	  shared_critic:	False
	  learning_rate_schedule:	linear
	  beta_schedule:	linear
	  epsilon_schedule:	linear
	checkpoint_interval:	500000
	network_settings:	
	  normalize:	True
	  hidden_units:	512
	  num_layers:	3
	  vis_encode_type:	simple
	  memory:	None
	  goal_conditioning_type:	hyper
	  deterministic:	False
	reward_signals:	
	  extrinsic:	
	    gamma:	0.9995
	    strength:	1.0
	    network_settings:	
	      normalize:	False
	      hidden_units:	128
	      num_layers:	2
	      vis_encode_type:	simple
	      memory:	None
	      goal_conditioning_type:	hyper
	      deterministic:	False
	init_path:	None
	keep_checkpoints:	60
	even_checkpoints:	False
	max_steps:	30000000
	time_horizon:	1024
	summary_freq:	20000
	threaded:	True
	self_play:	None
	behavioral_cloning:	None
[INFO] Rocket. Step: 20000. Time Elapsed: 19.779 s. Mean Reward: -61.026. Std of Reward: 2.928. Training.
[INFO] Rocket. Step: 40000. Time Elapsed: 34.973 s. Mean Reward: -61.172. Std of Reward: 2.201. Training.
[INFO] Rocket. Step: 60000. Time Elapsed: 57.321 s. Mean Reward: -61.021. Std of Reward: 1.898. Training.
[INFO] Rocket. Step: 80000. Time Elapsed: 70.647 s. Mean Reward: -61.280. Std of Reward: 2.232. Training.
[INFO] Rocket. Step: 100000. Time Elapsed: 90.334 s. Mean Reward: -61.097. Std of Reward: 1.701. Training.
[INFO] Rocket. Step: 120000. Time Elapsed: 106.139 s. Mean Reward: -61.510. Std of Reward: 2.180. Training.
[INFO] Rocket. Step: 140000. Time Elapsed: 126.077 s. Mean Reward: -61.623. Std of Reward: 2.110. Training.
[INFO] Rocket. Step: 160000. Time Elapsed: 141.359 s. Mean Reward: -61.092. Std of Reward: 2.129. Training.
[INFO] Rocket. Step: 180000. Time Elapsed: 161.724 s. Mean Reward: -61.094. Std of Reward: 2.780. Training.
[INFO] Rocket. Step: 200000. Time Elapsed: 175.957 s. Mean Reward: -60.291. Std of Reward: 3.379. Training.
[INFO] Rocket. Step: 220000. Time Elapsed: 197.160 s. Mean Reward: -61.070. Std of Reward: 3.945. Training.
[INFO] Rocket. Step: 240000. Time Elapsed: 211.780 s. Mean Reward: -60.618. Std of Reward: 2.417. Training.
[INFO] Rocket. Step: 260000. Time Elapsed: 232.651 s. Mean Reward: -60.388. Std of Reward: 2.406. Training.
[INFO] Rocket. Step: 280000. Time Elapsed: 246.923 s. Mean Reward: -60.199. Std of Reward: 3.489. Training.
[INFO] Rocket. Step: 300000. Time Elapsed: 268.104 s. Mean Reward: -59.313. Std of Reward: 4.717. Training.
[INFO] Rocket. Step: 320000. Time Elapsed: 282.834 s. Mean Reward: -59.099. Std of Reward: 4.507. Training.
[INFO] Rocket. Step: 340000. Time Elapsed: 303.034 s. Mean Reward: -58.389. Std of Reward: 4.275. Training.
[INFO] Rocket. Step: 360000. Time Elapsed: 319.150 s. Mean Reward: -56.969. Std of Reward: 6.746. Training.
[INFO] Rocket. Step: 380000. Time Elapsed: 338.664 s. Mean Reward: -57.619. Std of Reward: 5.170. Training.
[INFO] Rocket. Step: 400000. Time Elapsed: 354.313 s. Mean Reward: -57.164. Std of Reward: 6.386. Training.
[INFO] Rocket. Step: 420000. Time Elapsed: 374.337 s. Mean Reward: -59.171. Std of Reward: 4.271. Training.
[INFO] Rocket. Step: 440000. Time Elapsed: 388.290 s. Mean Reward: -54.189. Std of Reward: 6.402. Training.
[INFO] Rocket. Step: 460000. Time Elapsed: 409.700 s. Mean Reward: -56.796. Std of Reward: 4.995. Training.
[INFO] Rocket. Step: 480000. Time Elapsed: 424.553 s. Mean Reward: -55.898. Std of Reward: 6.130. Training.
[INFO] Rocket. Step: 500000. Time Elapsed: 445.095 s. Mean Reward: -58.117. Std of Reward: 3.720. Training.
[INFO] Exported results\L8\Rocket\Rocket-499841.onnx
[INFO] Rocket. Step: 520000. Time Elapsed: 459.411 s. Mean Reward: -55.231. Std of Reward: 5.200. Training.
[INFO] Rocket. Step: 540000. Time Elapsed: 480.604 s. Mean Reward: -54.690. Std of Reward: 5.669. Training.
[INFO] Rocket. Step: 560000. Time Elapsed: 495.283 s. Mean Reward: -53.708. Std of Reward: 5.529. Training.
[INFO] Rocket. Step: 580000. Time Elapsed: 517.024 s. Mean Reward: -52.334. Std of Reward: 7.281. Training.
[INFO] Rocket. Step: 600000. Time Elapsed: 530.417 s. Mean Reward: -54.855. Std of Reward: 5.373. Training.
[INFO] Rocket. Step: 620000. Time Elapsed: 545.191 s. Mean Reward: -52.872. Std of Reward: 5.062. Training.
[INFO] Rocket. Step: 640000. Time Elapsed: 566.644 s. Mean Reward: -53.587. Std of Reward: 5.420. Training.
[INFO] Rocket. Step: 660000. Time Elapsed: 581.221 s. Mean Reward: -52.311. Std of Reward: 6.145. Training.
[INFO] Rocket. Step: 680000. Time Elapsed: 601.983 s. Mean Reward: -51.660. Std of Reward: 5.451. Training.
[INFO] Rocket. Step: 700000. Time Elapsed: 616.587 s. Mean Reward: -52.639. Std of Reward: 5.959. Training.
[INFO] Rocket. Step: 720000. Time Elapsed: 637.824 s. Mean Reward: -50.967. Std of Reward: 5.587. Training.
[INFO] Rocket. Step: 740000. Time Elapsed: 652.334 s. Mean Reward: -50.938. Std of Reward: 6.509. Training.
[INFO] Rocket. Step: 760000. Time Elapsed: 672.543 s. Mean Reward: -49.678. Std of Reward: 4.698. Training.
[INFO] Rocket. Step: 780000. Time Elapsed: 687.514 s. Mean Reward: -49.830. Std of Reward: 5.218. Training.
[INFO] Rocket. Step: 800000. Time Elapsed: 708.363 s. Mean Reward: -48.626. Std of Reward: 4.167. Training.
[INFO] Rocket. Step: 820000. Time Elapsed: 723.443 s. Mean Reward: -49.047. Std of Reward: 3.975. Training.
[INFO] Rocket. Step: 840000. Time Elapsed: 743.666 s. Mean Reward: -49.961. Std of Reward: 4.914. Training.
[INFO] Rocket. Step: 860000. Time Elapsed: 758.638 s. Mean Reward: -48.279. Std of Reward: 3.529. Training.
[INFO] Rocket. Step: 880000. Time Elapsed: 779.272 s. Mean Reward: -48.369. Std of Reward: 3.046. Training.
[INFO] Rocket. Step: 900000. Time Elapsed: 794.066 s. Mean Reward: -47.760. Std of Reward: 2.882. Training.
[INFO] Rocket. Step: 920000. Time Elapsed: 815.025 s. Mean Reward: -47.556. Std of Reward: 2.121. Training.
[INFO] Rocket. Step: 940000. Time Elapsed: 830.107 s. Mean Reward: -47.688. Std of Reward: 2.830. Training.
[INFO] Rocket. Step: 960000. Time Elapsed: 850.983 s. Mean Reward: -47.349. Std of Reward: 2.383. Training.
[INFO] Rocket. Step: 980000. Time Elapsed: 865.684 s. Mean Reward: -47.328. Std of Reward: 2.502. Training.
[INFO] Rocket. Step: 1000000. Time Elapsed: 886.879 s. Mean Reward: -47.171. Std of Reward: 1.976. Training.
[INFO] Exported results\L8\Rocket\Rocket-999952.onnx
[INFO] Rocket. Step: 1020000. Time Elapsed: 901.316 s. Mean Reward: -47.452. Std of Reward: 2.579. Training.
[INFO] Rocket. Step: 1040000. Time Elapsed: 922.187 s. Mean Reward: -47.172. Std of Reward: 1.836. Training.
[INFO] Rocket. Step: 1060000. Time Elapsed: 937.209 s. Mean Reward: -46.870. Std of Reward: 2.155. Training.
[INFO] Rocket. Step: 1080000. Time Elapsed: 957.976 s. Mean Reward: -47.030. Std of Reward: 2.076. Training.
[INFO] Rocket. Step: 1100000. Time Elapsed: 972.531 s. Mean Reward: -46.858. Std of Reward: 1.953. Training.
[INFO] Rocket. Step: 1120000. Time Elapsed: 993.616 s. Mean Reward: -46.949. Std of Reward: 2.244. Training.
[INFO] Rocket. Step: 1140000. Time Elapsed: 1008.280 s. Mean Reward: -46.683. Std of Reward: 1.748. Training.
[INFO] Rocket. Step: 1160000. Time Elapsed: 1029.329 s. Mean Reward: -46.831. Std of Reward: 1.877. Training.
[INFO] Rocket. Step: 1180000. Time Elapsed: 1044.067 s. Mean Reward: -46.505. Std of Reward: 0.964. Training.
[INFO] Rocket. Step: 1200000. Time Elapsed: 1065.621 s. Mean Reward: -46.651. Std of Reward: 1.184. Training.
[INFO] Rocket. Step: 1220000. Time Elapsed: 1080.046 s. Mean Reward: -46.695. Std of Reward: 1.499. Training.
[INFO] Rocket. Step: 1240000. Time Elapsed: 1101.032 s. Mean Reward: -46.468. Std of Reward: 1.523. Training.
[INFO] Rocket. Step: 1260000. Time Elapsed: 1115.890 s. Mean Reward: -46.778. Std of Reward: 2.092. Training.
[INFO] Rocket. Step: 1280000. Time Elapsed: 1137.454 s. Mean Reward: -46.607. Std of Reward: 1.283. Training.
[INFO] Rocket. Step: 1300000. Time Elapsed: 1151.731 s. Mean Reward: -46.677. Std of Reward: 1.520. Training.
[INFO] Rocket. Step: 1320000. Time Elapsed: 1173.996 s. Mean Reward: -46.876. Std of Reward: 1.875. Training.
[INFO] Rocket. Step: 1340000. Time Elapsed: 1187.704 s. Mean Reward: -46.519. Std of Reward: 1.520. Training.
[INFO] Rocket. Step: 1360000. Time Elapsed: 1202.605 s. Mean Reward: -46.547. Std of Reward: 1.397. Training.
[INFO] Rocket. Step: 1380000. Time Elapsed: 1223.122 s. Mean Reward: -46.824. Std of Reward: 1.769. Training.
[INFO] Rocket. Step: 1400000. Time Elapsed: 1238.155 s. Mean Reward: -46.911. Std of Reward: 2.114. Training.
[INFO] Rocket. Step: 1420000. Time Elapsed: 1259.388 s. Mean Reward: -47.025. Std of Reward: 1.888. Training.
[INFO] Rocket. Step: 1440000. Time Elapsed: 1273.909 s. Mean Reward: -46.738. Std of Reward: 1.544. Training.
[INFO] Rocket. Step: 1460000. Time Elapsed: 1294.845 s. Mean Reward: -46.758. Std of Reward: 1.379. Training.
[INFO] Rocket. Step: 1480000. Time Elapsed: 1309.797 s. Mean Reward: -46.829. Std of Reward: 1.697. Training.
[INFO] Rocket. Step: 1500000. Time Elapsed: 1330.687 s. Mean Reward: -46.667. Std of Reward: 1.653. Training.
[INFO] Exported results\L8\Rocket\Rocket-1499837.onnx
[INFO] Rocket. Step: 1520000. Time Elapsed: 1345.848 s. Mean Reward: -46.646. Std of Reward: 1.229. Training.
[INFO] Rocket. Step: 1540000. Time Elapsed: 1366.703 s. Mean Reward: -46.582. Std of Reward: 1.560. Training.
[INFO] Rocket. Step: 1560000. Time Elapsed: 1381.552 s. Mean Reward: -46.492. Std of Reward: 1.708. Training.
[INFO] Rocket. Step: 1580000. Time Elapsed: 1402.341 s. Mean Reward: -46.448. Std of Reward: 1.164. Training.
[INFO] Rocket. Step: 1600000. Time Elapsed: 1416.950 s. Mean Reward: -46.663. Std of Reward: 1.335. Training.
[INFO] Rocket. Step: 1620000. Time Elapsed: 1438.009 s. Mean Reward: -46.840. Std of Reward: 1.917. Training.
[INFO] Rocket. Step: 1640000. Time Elapsed: 1452.733 s. Mean Reward: -46.586. Std of Reward: 1.326. Training.
[INFO] Rocket. Step: 1660000. Time Elapsed: 1473.760 s. Mean Reward: -46.896. Std of Reward: 1.467. Training.
[INFO] Rocket. Step: 1680000. Time Elapsed: 1489.035 s. Mean Reward: -46.457. Std of Reward: 1.089. Training.
[INFO] Rocket. Step: 1700000. Time Elapsed: 1510.436 s. Mean Reward: -46.821. Std of Reward: 1.761. Training.
[INFO] Rocket. Step: 1720000. Time Elapsed: 1524.839 s. Mean Reward: -46.634. Std of Reward: 0.851. Training.
[INFO] Rocket. Step: 1740000. Time Elapsed: 1545.901 s. Mean Reward: -46.538. Std of Reward: 1.900. Training.
[INFO] Rocket. Step: 1760000. Time Elapsed: 1560.298 s. Mean Reward: -46.706. Std of Reward: 1.867. Training.
[INFO] Rocket. Step: 1780000. Time Elapsed: 1582.061 s. Mean Reward: -46.765. Std of Reward: 1.581. Training.
[INFO] Rocket. Step: 1800000. Time Elapsed: 1596.366 s. Mean Reward: -46.922. Std of Reward: 1.668. Training.
[INFO] Rocket. Step: 1820000. Time Elapsed: 1617.200 s. Mean Reward: -46.304. Std of Reward: 1.727. Training.
[INFO] Rocket. Step: 1840000. Time Elapsed: 1631.852 s. Mean Reward: -46.843. Std of Reward: 1.144. Training.
[INFO] Rocket. Step: 1860000. Time Elapsed: 1653.340 s. Mean Reward: -46.920. Std of Reward: 1.901. Training.
[INFO] Rocket. Step: 1880000. Time Elapsed: 1668.107 s. Mean Reward: -46.555. Std of Reward: 2.778. Training.
[INFO] Rocket. Step: 1900000. Time Elapsed: 1689.073 s. Mean Reward: -46.623. Std of Reward: 2.557. Training.
[INFO] Rocket. Step: 1920000. Time Elapsed: 1703.868 s. Mean Reward: -47.198. Std of Reward: 2.299. Training.
[INFO] Rocket. Step: 1940000. Time Elapsed: 1724.608 s. Mean Reward: -46.039. Std of Reward: 3.021. Training.
[INFO] Rocket. Step: 1960000. Time Elapsed: 1739.746 s. Mean Reward: -46.453. Std of Reward: 2.343. Training.
[INFO] Rocket. Step: 1980000. Time Elapsed: 1761.117 s. Mean Reward: -46.631. Std of Reward: 2.009. Training.
[INFO] Rocket. Step: 2000000. Time Elapsed: 1775.275 s. Mean Reward: -46.779. Std of Reward: 2.622. Training.
[INFO] Exported results\L8\Rocket\Rocket-1999980.onnx
[INFO] Rocket. Step: 2020000. Time Elapsed: 1796.983 s. Mean Reward: -46.996. Std of Reward: 2.427. Training.
[INFO] Rocket. Step: 2040000. Time Elapsed: 1812.183 s. Mean Reward: -46.778. Std of Reward: 2.895. Training.
[INFO] Rocket. Step: 2060000. Time Elapsed: 1833.222 s. Mean Reward: -46.669. Std of Reward: 3.309. Training.
[INFO] Rocket. Step: 2080000. Time Elapsed: 1847.569 s. Mean Reward: -46.196. Std of Reward: 2.789. Training.
[INFO] Rocket. Step: 2100000. Time Elapsed: 1861.929 s. Mean Reward: -46.513. Std of Reward: 3.093. Training.
[INFO] Rocket. Step: 2120000. Time Elapsed: 1882.953 s. Mean Reward: -46.633. Std of Reward: 2.248. Training.
[INFO] Rocket. Step: 2140000. Time Elapsed: 1897.358 s. Mean Reward: -46.071. Std of Reward: 3.935. Training.
[INFO] Rocket. Step: 2160000. Time Elapsed: 1918.643 s. Mean Reward: -46.926. Std of Reward: 3.967. Training.
[INFO] Rocket. Step: 2180000. Time Elapsed: 1933.422 s. Mean Reward: -46.954. Std of Reward: 4.148. Training.
[INFO] Rocket. Step: 2200000. Time Elapsed: 1954.229 s. Mean Reward: -47.472. Std of Reward: 3.864. Training.
[INFO] Rocket. Step: 2220000. Time Elapsed: 1969.179 s. Mean Reward: -46.695. Std of Reward: 4.027. Training.
[INFO] Rocket. Step: 2240000. Time Elapsed: 1989.915 s. Mean Reward: -47.201. Std of Reward: 4.822. Training.
[INFO] Rocket. Step: 2260000. Time Elapsed: 2004.574 s. Mean Reward: -46.526. Std of Reward: 4.921. Training.
[INFO] Rocket. Step: 2280000. Time Elapsed: 2025.956 s. Mean Reward: -47.514. Std of Reward: 3.863. Training.
[INFO] Rocket. Step: 2300000. Time Elapsed: 2039.611 s. Mean Reward: -46.844. Std of Reward: 3.739. Training.
[INFO] Rocket. Step: 2320000. Time Elapsed: 2061.393 s. Mean Reward: -46.837. Std of Reward: 3.640. Training.
[INFO] Rocket. Step: 2340000. Time Elapsed: 2075.745 s. Mean Reward: -46.932. Std of Reward: 4.919. Training.
[INFO] Rocket. Step: 2360000. Time Elapsed: 2097.361 s. Mean Reward: -46.677. Std of Reward: 4.250. Training.
[INFO] Rocket. Step: 2380000. Time Elapsed: 2111.765 s. Mean Reward: -47.318. Std of Reward: 4.091. Training.
[INFO] Rocket. Step: 2400000. Time Elapsed: 2133.102 s. Mean Reward: -46.532. Std of Reward: 4.812. Training.
[INFO] Rocket. Step: 2420000. Time Elapsed: 2147.442 s. Mean Reward: -46.717. Std of Reward: 4.952. Training.
[INFO] Rocket. Step: 2440000. Time Elapsed: 2168.264 s. Mean Reward: -46.783. Std of Reward: 5.079. Training.
[INFO] Rocket. Step: 2460000. Time Elapsed: 2183.167 s. Mean Reward: -47.115. Std of Reward: 4.804. Training.
[INFO] Rocket. Step: 2480000. Time Elapsed: 2204.377 s. Mean Reward: -46.704. Std of Reward: 4.366. Training.
[INFO] Rocket. Step: 2500000. Time Elapsed: 2219.474 s. Mean Reward: -46.673. Std of Reward: 4.658. Training.
[INFO] Exported results\L8\Rocket\Rocket-2499856.onnx
[INFO] Rocket. Step: 2520000. Time Elapsed: 2240.644 s. Mean Reward: -46.571. Std of Reward: 5.276. Training.
[INFO] Rocket. Step: 2540000. Time Elapsed: 2254.597 s. Mean Reward: -47.082. Std of Reward: 4.311. Training.
[INFO] Rocket. Step: 2560000. Time Elapsed: 2275.731 s. Mean Reward: -47.129. Std of Reward: 4.382. Training.
[INFO] Rocket. Step: 2580000. Time Elapsed: 2290.136 s. Mean Reward: -45.782. Std of Reward: 3.164. Training.
[INFO] Rocket. Step: 2600000. Time Elapsed: 2311.335 s. Mean Reward: -46.378. Std of Reward: 3.624. Training.
[INFO] Rocket. Step: 2620000. Time Elapsed: 2326.214 s. Mean Reward: -46.589. Std of Reward: 4.373. Training.
[INFO] Rocket. Step: 2640000. Time Elapsed: 2347.115 s. Mean Reward: -46.614. Std of Reward: 4.328. Training.
[INFO] Rocket. Step: 2660000. Time Elapsed: 2361.301 s. Mean Reward: -46.525. Std of Reward: 4.523. Training.
[INFO] Rocket. Step: 2680000. Time Elapsed: 2382.481 s. Mean Reward: -46.239. Std of Reward: 5.483. Training.
[INFO] Rocket. Step: 2700000. Time Elapsed: 2397.456 s. Mean Reward: -45.500. Std of Reward: 5.140. Training.
[INFO] Rocket. Step: 2720000. Time Elapsed: 2418.306 s. Mean Reward: -46.148. Std of Reward: 4.901. Training.
[INFO] Rocket. Step: 2740000. Time Elapsed: 2432.750 s. Mean Reward: -45.915. Std of Reward: 5.280. Training.
[INFO] Rocket. Step: 2760000. Time Elapsed: 2454.549 s. Mean Reward: -46.131. Std of Reward: 4.472. Training.
[INFO] Rocket. Step: 2780000. Time Elapsed: 2469.146 s. Mean Reward: -46.590. Std of Reward: 4.933. Training.
[INFO] Rocket. Step: 2800000. Time Elapsed: 2490.896 s. Mean Reward: -45.183. Std of Reward: 4.815. Training.
[INFO] Rocket. Step: 2820000. Time Elapsed: 2505.212 s. Mean Reward: -47.309. Std of Reward: 5.852. Training.
[INFO] Rocket. Step: 2840000. Time Elapsed: 2527.626 s. Mean Reward: -46.109. Std of Reward: 5.314. Training.
[INFO] Rocket. Step: 2860000. Time Elapsed: 2540.238 s. Mean Reward: -46.410. Std of Reward: 6.290. Training.
[INFO] Rocket. Step: 2880000. Time Elapsed: 2555.105 s. Mean Reward: -47.046. Std of Reward: 5.525. Training.
[INFO] Rocket. Step: 2900000. Time Elapsed: 2576.316 s. Mean Reward: -46.082. Std of Reward: 5.678. Training.
[INFO] Rocket. Step: 2920000. Time Elapsed: 2591.173 s. Mean Reward: -46.353. Std of Reward: 4.784. Training.
[INFO] Rocket. Step: 2940000. Time Elapsed: 2612.049 s. Mean Reward: -45.057. Std of Reward: 5.464. Training.
[INFO] Rocket. Step: 2960000. Time Elapsed: 2626.374 s. Mean Reward: -45.387. Std of Reward: 5.638. Training.
[INFO] Rocket. Step: 2980000. Time Elapsed: 2647.799 s. Mean Reward: -44.664. Std of Reward: 8.262. Training.
[INFO] Rocket. Step: 3000000. Time Elapsed: 2662.199 s. Mean Reward: -45.897. Std of Reward: 4.805. Training.
[INFO] Exported results\L8\Rocket\Rocket-2999709.onnx
[INFO] Rocket. Step: 3020000. Time Elapsed: 2682.936 s. Mean Reward: -46.461. Std of Reward: 4.776. Training.
[INFO] Rocket. Step: 3040000. Time Elapsed: 2698.003 s. Mean Reward: -44.313. Std of Reward: 5.796. Training.
[INFO] Rocket. Step: 3060000. Time Elapsed: 2718.848 s. Mean Reward: -45.273. Std of Reward: 6.873. Training.
[INFO] Rocket. Step: 3080000. Time Elapsed: 2733.753 s. Mean Reward: -46.085. Std of Reward: 5.015. Training.
[INFO] Rocket. Step: 3100000. Time Elapsed: 2754.510 s. Mean Reward: -45.645. Std of Reward: 5.512. Training.
[INFO] Rocket. Step: 3120000. Time Elapsed: 2769.396 s. Mean Reward: -45.163. Std of Reward: 4.535. Training.
[INFO] Rocket. Step: 3140000. Time Elapsed: 2790.700 s. Mean Reward: -45.938. Std of Reward: 6.235. Training.
[INFO] Rocket. Step: 3160000. Time Elapsed: 2805.248 s. Mean Reward: -46.026. Std of Reward: 5.636. Training.
[INFO] Rocket. Step: 3180000. Time Elapsed: 2826.242 s. Mean Reward: -46.256. Std of Reward: 4.853. Training.
[INFO] Rocket. Step: 3200000. Time Elapsed: 2841.116 s. Mean Reward: -45.816. Std of Reward: 5.479. Training.
[INFO] Rocket. Step: 3220000. Time Elapsed: 2861.936 s. Mean Reward: -44.524. Std of Reward: 5.940. Training.
[INFO] Rocket. Step: 3240000. Time Elapsed: 2876.721 s. Mean Reward: -45.524. Std of Reward: 5.941. Training.
[INFO] Rocket. Step: 3260000. Time Elapsed: 2897.600 s. Mean Reward: -44.986. Std of Reward: 6.496. Training.
[INFO] Rocket. Step: 3280000. Time Elapsed: 2912.406 s. Mean Reward: -45.426. Std of Reward: 4.386. Training.
[INFO] Rocket. Step: 3300000. Time Elapsed: 2933.404 s. Mean Reward: -46.030. Std of Reward: 5.191. Training.
[INFO] Rocket. Step: 3320000. Time Elapsed: 2948.563 s. Mean Reward: -44.154. Std of Reward: 5.746. Training.
[INFO] Rocket. Step: 3340000. Time Elapsed: 2969.259 s. Mean Reward: -45.441. Std of Reward: 5.745. Training.
[INFO] Rocket. Step: 3360000. Time Elapsed: 2983.429 s. Mean Reward: -44.472. Std of Reward: 6.406. Training.
[INFO] Rocket. Step: 3380000. Time Elapsed: 3004.222 s. Mean Reward: -44.916. Std of Reward: 5.930. Training.
[INFO] Rocket. Step: 3400000. Time Elapsed: 3019.238 s. Mean Reward: -43.680. Std of Reward: 6.859. Training.
[INFO] Rocket. Step: 3420000. Time Elapsed: 3040.461 s. Mean Reward: -44.646. Std of Reward: 6.003. Training.
[INFO] Rocket. Step: 3440000. Time Elapsed: 3054.820 s. Mean Reward: -43.746. Std of Reward: 6.430. Training.
[INFO] Rocket. Step: 3460000. Time Elapsed: 3075.945 s. Mean Reward: -44.123. Std of Reward: 8.900. Training.
[INFO] Rocket. Step: 3480000. Time Elapsed: 3090.789 s. Mean Reward: -43.821. Std of Reward: 5.845. Training.
[INFO] Rocket. Step: 3500000. Time Elapsed: 3111.590 s. Mean Reward: -44.900. Std of Reward: 6.034. Training.
[INFO] Exported results\L8\Rocket\Rocket-3499938.onnx
[INFO] Rocket. Step: 3520000. Time Elapsed: 3126.152 s. Mean Reward: -43.621. Std of Reward: 5.813. Training.
[INFO] Rocket. Step: 3540000. Time Elapsed: 3148.362 s. Mean Reward: -43.653. Std of Reward: 9.412. Training.
[INFO] Rocket. Step: 3560000. Time Elapsed: 3162.694 s. Mean Reward: -42.983. Std of Reward: 5.501. Training.
[INFO] Rocket. Step: 3580000. Time Elapsed: 3185.063 s. Mean Reward: -44.477. Std of Reward: 6.184. Training.
[INFO] Rocket. Step: 3600000. Time Elapsed: 3198.682 s. Mean Reward: -42.779. Std of Reward: 6.644. Training.
[INFO] Rocket. Step: 3620000. Time Elapsed: 3213.201 s. Mean Reward: -44.083. Std of Reward: 6.466. Training.
[INFO] Rocket. Step: 3640000. Time Elapsed: 3234.123 s. Mean Reward: -41.946. Std of Reward: 6.620. Training.
[INFO] Rocket. Step: 3660000. Time Elapsed: 3249.494 s. Mean Reward: -42.467. Std of Reward: 6.718. Training.
[INFO] Rocket. Step: 3680000. Time Elapsed: 3270.527 s. Mean Reward: -42.884. Std of Reward: 6.973. Training.
[INFO] Rocket. Step: 3700000. Time Elapsed: 3285.224 s. Mean Reward: -43.873. Std of Reward: 5.878. Training.
[INFO] Rocket. Step: 3720000. Time Elapsed: 3306.344 s. Mean Reward: -43.181. Std of Reward: 7.040. Training.
[INFO] Rocket. Step: 3740000. Time Elapsed: 3320.547 s. Mean Reward: -43.291. Std of Reward: 6.518. Training.
[INFO] Rocket. Step: 3760000. Time Elapsed: 3341.826 s. Mean Reward: -41.638. Std of Reward: 6.058. Training.
[INFO] Rocket. Step: 3780000. Time Elapsed: 3356.946 s. Mean Reward: -42.341. Std of Reward: 9.648. Training.
[INFO] Rocket. Step: 3800000. Time Elapsed: 3378.564 s. Mean Reward: -43.298. Std of Reward: 6.332. Training.
[INFO] Rocket. Step: 3820000. Time Elapsed: 3393.984 s. Mean Reward: -40.533. Std of Reward: 9.524. Training.
[INFO] Rocket. Step: 3840000. Time Elapsed: 3415.498 s. Mean Reward: -42.597. Std of Reward: 6.171. Training.
[INFO] Rocket. Step: 3860000. Time Elapsed: 3430.177 s. Mean Reward: -41.793. Std of Reward: 11.056. Training.
[INFO] Rocket. Step: 3880000. Time Elapsed: 3451.624 s. Mean Reward: -42.433. Std of Reward: 6.363. Training.
[INFO] Rocket. Step: 3900000. Time Elapsed: 3466.337 s. Mean Reward: -42.798. Std of Reward: 6.342. Training.
[INFO] Rocket. Step: 3920000. Time Elapsed: 3487.739 s. Mean Reward: -41.802. Std of Reward: 8.818. Training.
[INFO] Rocket. Step: 3940000. Time Elapsed: 3503.626 s. Mean Reward: -43.618. Std of Reward: 7.331. Training.
[INFO] Rocket. Step: 3960000. Time Elapsed: 3524.130 s. Mean Reward: -42.337. Std of Reward: 9.651. Training.
[INFO] Rocket. Step: 3980000. Time Elapsed: 3539.338 s. Mean Reward: -42.377. Std of Reward: 8.895. Training.
[INFO] Rocket. Step: 4000000. Time Elapsed: 3559.926 s. Mean Reward: -39.169. Std of Reward: 10.635. Training.
[INFO] Exported results\L8\Rocket\Rocket-3999949.onnx
[INFO] Rocket. Step: 4020000. Time Elapsed: 3575.302 s. Mean Reward: -41.653. Std of Reward: 9.142. Training.
[INFO] Rocket. Step: 4040000. Time Elapsed: 3596.635 s. Mean Reward: -41.620. Std of Reward: 6.961. Training.
[INFO] Rocket. Step: 4060000. Time Elapsed: 3611.640 s. Mean Reward: -40.794. Std of Reward: 7.194. Training.
[INFO] Rocket. Step: 4080000. Time Elapsed: 3631.971 s. Mean Reward: -40.615. Std of Reward: 6.984. Training.
[INFO] Rocket. Step: 4100000. Time Elapsed: 3647.010 s. Mean Reward: -42.328. Std of Reward: 6.968. Training.
[INFO] Rocket. Step: 4120000. Time Elapsed: 3668.128 s. Mean Reward: -40.622. Std of Reward: 7.002. Training.
[INFO] Rocket. Step: 4140000. Time Elapsed: 3682.730 s. Mean Reward: -40.761. Std of Reward: 6.781. Training.
[INFO] Rocket. Step: 4160000. Time Elapsed: 3704.064 s. Mean Reward: -40.751. Std of Reward: 6.776. Training.
[INFO] Rocket. Step: 4180000. Time Elapsed: 3718.277 s. Mean Reward: -40.487. Std of Reward: 6.343. Training.
[INFO] Rocket. Step: 4200000. Time Elapsed: 3740.457 s. Mean Reward: -41.278. Std of Reward: 6.481. Training.
[INFO] Rocket. Step: 4220000. Time Elapsed: 3754.692 s. Mean Reward: -40.708. Std of Reward: 7.678. Training.
[INFO] Rocket. Step: 4240000. Time Elapsed: 3777.119 s. Mean Reward: -38.734. Std of Reward: 8.859. Training.
[INFO] Rocket. Step: 4260000. Time Elapsed: 3791.547 s. Mean Reward: -39.320. Std of Reward: 8.932. Training.
[INFO] Rocket. Step: 4280000. Time Elapsed: 3814.136 s. Mean Reward: -40.957. Std of Reward: 10.324. Training.
[INFO] Rocket. Step: 4300000. Time Elapsed: 3828.476 s. Mean Reward: -40.266. Std of Reward: 9.483. Training.
[INFO] Rocket. Step: 4320000. Time Elapsed: 3843.141 s. Mean Reward: -39.406. Std of Reward: 8.969. Training.
[INFO] Rocket. Step: 4340000. Time Elapsed: 3864.201 s. Mean Reward: -39.989. Std of Reward: 5.809. Training.
[INFO] Rocket. Step: 4360000. Time Elapsed: 3879.236 s. Mean Reward: -40.636. Std of Reward: 7.002. Training.
[INFO] Rocket. Step: 4380000. Time Elapsed: 3899.761 s. Mean Reward: -40.528. Std of Reward: 6.541. Training.
[INFO] Rocket. Step: 4400000. Time Elapsed: 3915.412 s. Mean Reward: -38.572. Std of Reward: 6.887. Training.
[INFO] Rocket. Step: 4420000. Time Elapsed: 3935.854 s. Mean Reward: -39.504. Std of Reward: 6.503. Training.
[INFO] Rocket. Step: 4440000. Time Elapsed: 3951.692 s. Mean Reward: -41.547. Std of Reward: 7.035. Training.
[INFO] Rocket. Step: 4460000. Time Elapsed: 3972.109 s. Mean Reward: -39.681. Std of Reward: 8.223. Training.
[INFO] Rocket. Step: 4480000. Time Elapsed: 3987.675 s. Mean Reward: -39.447. Std of Reward: 7.043. Training.
[INFO] Rocket. Step: 4500000. Time Elapsed: 4007.731 s. Mean Reward: -40.095. Std of Reward: 8.063. Training.
[INFO] Exported results\L8\Rocket\Rocket-4499867.onnx
[INFO] Rocket. Step: 4520000. Time Elapsed: 4023.499 s. Mean Reward: -37.905. Std of Reward: 11.112. Training.
[INFO] Rocket. Step: 4540000. Time Elapsed: 4046.124 s. Mean Reward: -38.519. Std of Reward: 9.286. Training.
[INFO] Rocket. Step: 4560000. Time Elapsed: 4061.438 s. Mean Reward: -41.585. Std of Reward: 7.716. Training.
[INFO] Rocket. Step: 4580000. Time Elapsed: 4082.346 s. Mean Reward: -38.486. Std of Reward: 6.611. Training.
[INFO] Rocket. Step: 4600000. Time Elapsed: 4096.821 s. Mean Reward: -39.236. Std of Reward: 7.525. Training.
[INFO] Rocket. Step: 4620000. Time Elapsed: 4119.361 s. Mean Reward: -39.441. Std of Reward: 7.065. Training.
[INFO] Rocket. Step: 4640000. Time Elapsed: 4134.305 s. Mean Reward: -40.366. Std of Reward: 7.962. Training.
[INFO] Rocket. Step: 4660000. Time Elapsed: 4155.006 s. Mean Reward: -37.772. Std of Reward: 5.795. Training.
[INFO] Rocket. Step: 4680000. Time Elapsed: 4170.134 s. Mean Reward: -39.786. Std of Reward: 7.527. Training.
[INFO] Rocket. Step: 4700000. Time Elapsed: 4192.242 s. Mean Reward: -38.554. Std of Reward: 10.060. Training.
[INFO] Rocket. Step: 4720000. Time Elapsed: 4207.308 s. Mean Reward: -37.330. Std of Reward: 9.291. Training.
[INFO] Rocket. Step: 4740000. Time Elapsed: 4228.975 s. Mean Reward: -37.308. Std of Reward: 11.796. Training.
[INFO] Rocket. Step: 4760000. Time Elapsed: 4244.526 s. Mean Reward: -37.047. Std of Reward: 9.167. Training.
[INFO] Rocket. Step: 4780000. Time Elapsed: 4267.486 s. Mean Reward: -40.573. Std of Reward: 7.930. Training.
[INFO] Rocket. Step: 4800000. Time Elapsed: 4281.286 s. Mean Reward: -39.871. Std of Reward: 7.289. Training.
[INFO] Rocket. Step: 4820000. Time Elapsed: 4304.132 s. Mean Reward: -34.982. Std of Reward: 12.907. Training.
[INFO] Rocket. Step: 4840000. Time Elapsed: 4319.138 s. Mean Reward: -40.943. Std of Reward: 7.519. Training.
[INFO] Rocket. Step: 4860000. Time Elapsed: 4340.946 s. Mean Reward: -37.465. Std of Reward: 12.196. Training.
[INFO] Rocket. Step: 4880000. Time Elapsed: 4357.241 s. Mean Reward: -37.535. Std of Reward: 11.441. Training.
[INFO] Rocket. Step: 4900000. Time Elapsed: 4378.000 s. Mean Reward: -37.121. Std of Reward: 10.036. Training.
[INFO] Rocket. Step: 4920000. Time Elapsed: 4393.652 s. Mean Reward: -37.399. Std of Reward: 6.269. Training.
[INFO] Rocket. Step: 4940000. Time Elapsed: 4414.984 s. Mean Reward: -39.018. Std of Reward: 6.773. Training.
[INFO] Rocket. Step: 4960000. Time Elapsed: 4429.925 s. Mean Reward: -37.236. Std of Reward: 10.108. Training.
[INFO] Rocket. Step: 4980000. Time Elapsed: 4453.448 s. Mean Reward: -37.255. Std of Reward: 9.854. Training.
[INFO] Rocket. Step: 5000000. Time Elapsed: 4466.889 s. Mean Reward: -34.371. Std of Reward: 14.178. Training.
[INFO] Exported results\L8\Rocket\Rocket-4999652.onnx
[INFO] Rocket. Step: 5020000. Time Elapsed: 4490.608 s. Mean Reward: -36.365. Std of Reward: 14.072. Training.
[INFO] Rocket. Step: 5040000. Time Elapsed: 4504.232 s. Mean Reward: -37.894. Std of Reward: 8.345. Training.
[INFO] Rocket. Step: 5060000. Time Elapsed: 4519.252 s. Mean Reward: -37.716. Std of Reward: 10.883. Training.
[INFO] Rocket. Step: 5080000. Time Elapsed: 4541.532 s. Mean Reward: -38.022. Std of Reward: 10.780. Training.
[INFO] Rocket. Step: 5100000. Time Elapsed: 4555.800 s. Mean Reward: -38.121. Std of Reward: 7.046. Training.
[INFO] Rocket. Step: 5120000. Time Elapsed: 4578.571 s. Mean Reward: -36.401. Std of Reward: 12.080. Training.
[INFO] Rocket. Step: 5140000. Time Elapsed: 4593.860 s. Mean Reward: -37.056. Std of Reward: 9.873. Training.
[INFO] Rocket. Step: 5160000. Time Elapsed: 4615.090 s. Mean Reward: -37.575. Std of Reward: 10.497. Training.
[INFO] Rocket. Step: 5180000. Time Elapsed: 4629.735 s. Mean Reward: -35.031. Std of Reward: 11.076. Training.
[INFO] Rocket. Step: 5200000. Time Elapsed: 4652.427 s. Mean Reward: -36.412. Std of Reward: 13.507. Training.
[INFO] Rocket. Step: 5220000. Time Elapsed: 4667.379 s. Mean Reward: -36.246. Std of Reward: 10.564. Training.
[INFO] Rocket. Step: 5240000. Time Elapsed: 4689.617 s. Mean Reward: -33.385. Std of Reward: 11.647. Training.
[INFO] Rocket. Step: 5260000. Time Elapsed: 4704.792 s. Mean Reward: -37.774. Std of Reward: 8.125. Training.
[INFO] Rocket. Step: 5280000. Time Elapsed: 4726.018 s. Mean Reward: -38.739. Std of Reward: 8.837. Training.
[INFO] Rocket. Step: 5300000. Time Elapsed: 4741.607 s. Mean Reward: -36.389. Std of Reward: 10.865. Training.
[INFO] Rocket. Step: 5320000. Time Elapsed: 4764.062 s. Mean Reward: -35.898. Std of Reward: 11.250. Training.
[INFO] Rocket. Step: 5340000. Time Elapsed: 4778.495 s. Mean Reward: -36.024. Std of Reward: 14.531. Training.
[INFO] Rocket. Step: 5360000. Time Elapsed: 4801.548 s. Mean Reward: -34.508. Std of Reward: 11.951. Training.
[INFO] Rocket. Step: 5380000. Time Elapsed: 4817.134 s. Mean Reward: -34.671. Std of Reward: 15.278. Training.
[INFO] Rocket. Step: 5400000. Time Elapsed: 4838.584 s. Mean Reward: -34.493. Std of Reward: 9.409. Training.
[INFO] Rocket. Step: 5420000. Time Elapsed: 4853.663 s. Mean Reward: -35.343. Std of Reward: 10.308. Training.
[INFO] Rocket. Step: 5440000. Time Elapsed: 4874.826 s. Mean Reward: -33.653. Std of Reward: 12.859. Training.
[INFO] Rocket. Step: 5460000. Time Elapsed: 4889.192 s. Mean Reward: -35.917. Std of Reward: 10.022. Training.
[INFO] Rocket. Step: 5480000. Time Elapsed: 4911.772 s. Mean Reward: -36.034. Std of Reward: 7.296. Training.
[INFO] Rocket. Step: 5500000. Time Elapsed: 4927.583 s. Mean Reward: -34.815. Std of Reward: 12.777. Training.
[INFO] Exported results\L8\Rocket\Rocket-5499694.onnx
[INFO] Rocket. Step: 5520000. Time Elapsed: 4948.609 s. Mean Reward: -38.515. Std of Reward: 9.143. Training.
[INFO] Rocket. Step: 5540000. Time Elapsed: 4964.268 s. Mean Reward: -36.011. Std of Reward: 7.846. Training.
[INFO] Rocket. Step: 5560000. Time Elapsed: 4986.662 s. Mean Reward: -33.144. Std of Reward: 13.679. Training.
[INFO] Rocket. Step: 5580000. Time Elapsed: 5002.430 s. Mean Reward: -36.436. Std of Reward: 8.597. Training.
[INFO] Rocket. Step: 5600000. Time Elapsed: 5024.287 s. Mean Reward: -35.958. Std of Reward: 10.707. Training.
[INFO] Rocket. Step: 5620000. Time Elapsed: 5039.464 s. Mean Reward: -32.640. Std of Reward: 14.588. Training.
[INFO] Rocket. Step: 5640000. Time Elapsed: 5061.289 s. Mean Reward: -36.355. Std of Reward: 10.890. Training.
[INFO] Rocket. Step: 5660000. Time Elapsed: 5076.737 s. Mean Reward: -37.040. Std of Reward: 8.079. Training.
[INFO] Rocket. Step: 5680000. Time Elapsed: 5099.115 s. Mean Reward: -37.317. Std of Reward: 11.358. Training.
[INFO] Rocket. Step: 5700000. Time Elapsed: 5114.526 s. Mean Reward: -33.740. Std of Reward: 14.908. Training.
[INFO] Rocket. Step: 5720000. Time Elapsed: 5130.111 s. Mean Reward: -33.525. Std of Reward: 12.434. Training.
[INFO] Rocket. Step: 5740000. Time Elapsed: 5151.529 s. Mean Reward: -31.956. Std of Reward: 20.773. Training.
[INFO] Rocket. Step: 5760000. Time Elapsed: 5167.134 s. Mean Reward: -37.938. Std of Reward: 8.361. Training.
[INFO] Rocket. Step: 5780000. Time Elapsed: 5188.533 s. Mean Reward: -40.215. Std of Reward: 10.297. Training.
[INFO] Rocket. Step: 5800000. Time Elapsed: 5204.328 s. Mean Reward: -36.157. Std of Reward: 10.956. Training.
[INFO] Rocket. Step: 5820000. Time Elapsed: 5226.103 s. Mean Reward: -34.885. Std of Reward: 10.883. Training.
[INFO] Rocket. Step: 5840000. Time Elapsed: 5242.895 s. Mean Reward: -32.746. Std of Reward: 17.680. Training.
[INFO] Rocket. Step: 5860000. Time Elapsed: 5264.722 s. Mean Reward: -37.382. Std of Reward: 14.896. Training.
[INFO] Rocket. Step: 5880000. Time Elapsed: 5280.247 s. Mean Reward: -36.472. Std of Reward: 14.679. Training.
[INFO] Rocket. Step: 5900000. Time Elapsed: 5302.670 s. Mean Reward: -36.554. Std of Reward: 10.629. Training.
[INFO] Rocket. Step: 5920000. Time Elapsed: 5316.783 s. Mean Reward: -37.707. Std of Reward: 14.005. Training.
[INFO] Rocket. Step: 5940000. Time Elapsed: 5338.491 s. Mean Reward: -38.860. Std of Reward: 8.771. Training.
[INFO] Rocket. Step: 5960000. Time Elapsed: 5352.297 s. Mean Reward: -35.500. Std of Reward: 5.935. Training.
[INFO] Rocket. Step: 5980000. Time Elapsed: 5374.622 s. Mean Reward: -33.130. Std of Reward: 14.316. Training.
[INFO] Rocket. Step: 6000000. Time Elapsed: 5391.446 s. Mean Reward: -38.245. Std of Reward: 9.130. Training.
[INFO] Exported results\L8\Rocket\Rocket-5999836.onnx
[INFO] Rocket. Step: 6020000. Time Elapsed: 5412.357 s. Mean Reward: -33.577. Std of Reward: 12.843. Training.
[INFO] Rocket. Step: 6040000. Time Elapsed: 5427.033 s. Mean Reward: -35.304. Std of Reward: 15.994. Training.
[INFO] Rocket. Step: 6060000. Time Elapsed: 5448.882 s. Mean Reward: -36.674. Std of Reward: 11.923. Training.
[INFO] Rocket. Step: 6080000. Time Elapsed: 5464.989 s. Mean Reward: -33.457. Std of Reward: 16.016. Training.
[INFO] Rocket. Step: 6100000. Time Elapsed: 5486.181 s. Mean Reward: -34.118. Std of Reward: 13.308. Training.
[INFO] Rocket. Step: 6120000. Time Elapsed: 5502.099 s. Mean Reward: -38.357. Std of Reward: 12.084. Training.
[INFO] Rocket. Step: 6140000. Time Elapsed: 5523.774 s. Mean Reward: -38.270. Std of Reward: 12.516. Training.
[INFO] Rocket. Step: 6160000. Time Elapsed: 5539.648 s. Mean Reward: -37.127. Std of Reward: 8.734. Training.
[INFO] Rocket. Step: 6180000. Time Elapsed: 5561.523 s. Mean Reward: -36.228. Std of Reward: 14.248. Training.
[INFO] Rocket. Step: 6200000. Time Elapsed: 5576.064 s. Mean Reward: -34.402. Std of Reward: 15.850. Training.
[INFO] Rocket. Step: 6220000. Time Elapsed: 5597.683 s. Mean Reward: -35.158. Std of Reward: 10.900. Training.
[INFO] Rocket. Step: 6240000. Time Elapsed: 5613.056 s. Mean Reward: -34.519. Std of Reward: 13.556. Training.
[INFO] Rocket. Step: 6260000. Time Elapsed: 5635.955 s. Mean Reward: -39.161. Std of Reward: 12.363. Training.
[INFO] Rocket. Step: 6280000. Time Elapsed: 5651.172 s. Mean Reward: -37.803. Std of Reward: 12.167. Training.
[INFO] Rocket. Step: 6300000. Time Elapsed: 5673.769 s. Mean Reward: -37.718. Std of Reward: 15.988. Training.
[INFO] Rocket. Step: 6320000. Time Elapsed: 5689.445 s. Mean Reward: -34.490. Std of Reward: 16.387. Training.
[INFO] Rocket. Step: 6340000. Time Elapsed: 5712.422 s. Mean Reward: -33.765. Std of Reward: 15.516. Training.
[INFO] Rocket. Step: 6360000. Time Elapsed: 5727.173 s. Mean Reward: -37.168. Std of Reward: 14.784. Training.
[INFO] Rocket. Step: 6380000. Time Elapsed: 5742.268 s. Mean Reward: -32.993. Std of Reward: 13.073. Training.
[INFO] Rocket. Step: 6400000. Time Elapsed: 5765.493 s. Mean Reward: -29.055. Std of Reward: 17.715. Training.
[INFO] Rocket. Step: 6420000. Time Elapsed: 5780.520 s. Mean Reward: -28.080. Std of Reward: 21.977. Training.
[INFO] Rocket. Step: 6440000. Time Elapsed: 5803.136 s. Mean Reward: -29.499. Std of Reward: 17.461. Training.
[INFO] Rocket. Step: 6460000. Time Elapsed: 5818.572 s. Mean Reward: -32.294. Std of Reward: 15.680. Training.
[INFO] Rocket. Step: 6480000. Time Elapsed: 5840.718 s. Mean Reward: -35.984. Std of Reward: 15.792. Training.
[INFO] Rocket. Step: 6500000. Time Elapsed: 5856.252 s. Mean Reward: -28.311. Std of Reward: 15.559. Training.
[INFO] Exported results\L8\Rocket\Rocket-6499315.onnx
[INFO] Rocket. Step: 6520000. Time Elapsed: 5878.108 s. Mean Reward: -32.199. Std of Reward: 16.296. Training.
[INFO] Rocket. Step: 6540000. Time Elapsed: 5893.776 s. Mean Reward: -33.012. Std of Reward: 15.647. Training.
[INFO] Rocket. Step: 6560000. Time Elapsed: 5916.039 s. Mean Reward: -32.653. Std of Reward: 16.300. Training.
[INFO] Rocket. Step: 6580000. Time Elapsed: 5933.248 s. Mean Reward: -35.349. Std of Reward: 14.783. Training.
[INFO] Rocket. Step: 6600000. Time Elapsed: 5954.595 s. Mean Reward: -37.086. Std of Reward: 15.582. Training.
[INFO] Rocket. Step: 6620000. Time Elapsed: 5970.350 s. Mean Reward: -32.223. Std of Reward: 17.608. Training.
[INFO] Rocket. Step: 6640000. Time Elapsed: 5991.639 s. Mean Reward: -31.220. Std of Reward: 17.228. Training.
[INFO] Rocket. Step: 6660000. Time Elapsed: 6007.484 s. Mean Reward: -31.630. Std of Reward: 17.909. Training.
[INFO] Rocket. Step: 6680000. Time Elapsed: 6030.635 s. Mean Reward: -32.511. Std of Reward: 17.211. Training.
[INFO] Rocket. Step: 6700000. Time Elapsed: 6045.914 s. Mean Reward: -28.429. Std of Reward: 18.582. Training.
[INFO] Rocket. Step: 6720000. Time Elapsed: 6067.147 s. Mean Reward: -29.658. Std of Reward: 18.508. Training.
[INFO] Rocket. Step: 6740000. Time Elapsed: 6082.454 s. Mean Reward: -32.414. Std of Reward: 22.763. Training.
[INFO] Rocket. Step: 6760000. Time Elapsed: 6104.773 s. Mean Reward: -29.625. Std of Reward: 16.891. Training.
[INFO] Rocket. Step: 6780000. Time Elapsed: 6120.632 s. Mean Reward: -31.854. Std of Reward: 12.146. Training.
[INFO] Rocket. Step: 6800000. Time Elapsed: 6143.856 s. Mean Reward: -31.854. Std of Reward: 18.024. Training.
[INFO] Rocket. Step: 6820000. Time Elapsed: 6159.144 s. Mean Reward: -28.566. Std of Reward: 20.982. Training.
[INFO] Rocket. Step: 6840000. Time Elapsed: 6181.163 s. Mean Reward: -35.819. Std of Reward: 14.779. Training.
[INFO] Rocket. Step: 6860000. Time Elapsed: 6196.160 s. Mean Reward: -27.107. Std of Reward: 19.329. Training.
[INFO] Rocket. Step: 6880000. Time Elapsed: 6219.666 s. Mean Reward: -32.250. Std of Reward: 18.329. Training.
[INFO] Rocket. Step: 6900000. Time Elapsed: 6234.214 s. Mean Reward: -34.850. Std of Reward: 19.706. Training.
[INFO] Rocket. Step: 6920000. Time Elapsed: 6257.267 s. Mean Reward: -31.080. Std of Reward: 18.893. Training.
[INFO] Rocket. Step: 6940000. Time Elapsed: 6273.124 s. Mean Reward: -29.441. Std of Reward: 17.101. Training.
[INFO] Rocket. Step: 6960000. Time Elapsed: 6295.879 s. Mean Reward: -33.599. Std of Reward: 16.346. Training.
[INFO] Rocket. Step: 6980000. Time Elapsed: 6310.885 s. Mean Reward: -35.234. Std of Reward: 14.361. Training.
[INFO] Rocket. Step: 7000000. Time Elapsed: 6326.638 s. Mean Reward: -27.924. Std of Reward: 16.358. Training.
[INFO] Exported results\L8\Rocket\Rocket-6999582.onnx
[INFO] Rocket. Step: 7020000. Time Elapsed: 6348.225 s. Mean Reward: -27.823. Std of Reward: 17.710. Training.
[INFO] Rocket. Step: 7040000. Time Elapsed: 6364.580 s. Mean Reward: -31.879. Std of Reward: 20.432. Training.
[INFO] Rocket. Step: 7060000. Time Elapsed: 6386.648 s. Mean Reward: -31.285. Std of Reward: 18.367. Training.
[INFO] Rocket. Step: 7080000. Time Elapsed: 6402.022 s. Mean Reward: -25.821. Std of Reward: 23.137. Training.
[INFO] Rocket. Step: 7100000. Time Elapsed: 6426.445 s. Mean Reward: -24.698. Std of Reward: 20.347. Training.
[INFO] Rocket. Step: 7120000. Time Elapsed: 6441.376 s. Mean Reward: -23.807. Std of Reward: 23.254. Training.
[INFO] Rocket. Step: 7140000. Time Elapsed: 6464.491 s. Mean Reward: -29.992. Std of Reward: 19.712. Training.
[INFO] Rocket. Step: 7160000. Time Elapsed: 6479.920 s. Mean Reward: -32.527. Std of Reward: 21.145. Training.
[INFO] Rocket. Step: 7180000. Time Elapsed: 6501.311 s. Mean Reward: -30.533. Std of Reward: 22.772. Training.
[INFO] Rocket. Step: 7200000. Time Elapsed: 6517.245 s. Mean Reward: -27.340. Std of Reward: 20.604. Training.
[INFO] Rocket. Step: 7220000. Time Elapsed: 6539.406 s. Mean Reward: -28.267. Std of Reward: 18.143. Training.
[INFO] Rocket. Step: 7240000. Time Elapsed: 6554.927 s. Mean Reward: -26.211. Std of Reward: 20.317. Training.
[INFO] Rocket. Step: 7260000. Time Elapsed: 6577.613 s. Mean Reward: -24.984. Std of Reward: 23.780. Training.
[INFO] Rocket. Step: 7280000. Time Elapsed: 6591.994 s. Mean Reward: -26.199. Std of Reward: 23.963. Training.
[INFO] Rocket. Step: 7300000. Time Elapsed: 6615.076 s. Mean Reward: -25.720. Std of Reward: 20.831. Training.
[INFO] Rocket. Step: 7320000. Time Elapsed: 6629.563 s. Mean Reward: -25.996. Std of Reward: 20.643. Training.
[INFO] Rocket. Step: 7340000. Time Elapsed: 6652.908 s. Mean Reward: -30.031. Std of Reward: 18.836. Training.
[INFO] Rocket. Step: 7360000. Time Elapsed: 6669.107 s. Mean Reward: -23.579. Std of Reward: 24.557. Training.
[INFO] Rocket. Step: 7380000. Time Elapsed: 6690.526 s. Mean Reward: -26.752. Std of Reward: 21.320. Training.
[INFO] Rocket. Step: 7400000. Time Elapsed: 6706.512 s. Mean Reward: -25.971. Std of Reward: 20.661. Training.
[INFO] Rocket. Step: 7420000. Time Elapsed: 6727.318 s. Mean Reward: -32.244. Std of Reward: 19.415. Training.
[INFO] Rocket. Step: 7440000. Time Elapsed: 6744.098 s. Mean Reward: -17.053. Std of Reward: 20.194. Training.
[INFO] Rocket. Step: 7460000. Time Elapsed: 6766.307 s. Mean Reward: -26.337. Std of Reward: 23.361. Training.
[INFO] Rocket. Step: 7480000. Time Elapsed: 6782.490 s. Mean Reward: -17.346. Std of Reward: 25.145. Training.
[INFO] Rocket. Step: 7500000. Time Elapsed: 6803.789 s. Mean Reward: -18.029. Std of Reward: 23.134. Training.
[INFO] Exported results\L8\Rocket\Rocket-7499442.onnx
[INFO] Rocket. Step: 7520000. Time Elapsed: 6819.012 s. Mean Reward: -28.482. Std of Reward: 16.477. Training.
[INFO] Rocket. Step: 7540000. Time Elapsed: 6842.258 s. Mean Reward: -18.348. Std of Reward: 24.685. Training.
[INFO] Rocket. Step: 7560000. Time Elapsed: 6858.233 s. Mean Reward: -26.094. Std of Reward: 24.523. Training.
[INFO] Rocket. Step: 7580000. Time Elapsed: 6880.578 s. Mean Reward: -20.007. Std of Reward: 18.323. Training.
[INFO] Rocket. Step: 7600000. Time Elapsed: 6895.523 s. Mean Reward: -17.826. Std of Reward: 22.965. Training.
[INFO] Rocket. Step: 7620000. Time Elapsed: 6918.796 s. Mean Reward: -17.954. Std of Reward: 23.498. Training.
[INFO] Rocket. Step: 7640000. Time Elapsed: 6933.589 s. Mean Reward: -24.589. Std of Reward: 24.835. Training.
[INFO] Rocket. Step: 7660000. Time Elapsed: 6949.412 s. Mean Reward: -22.874. Std of Reward: 24.172. Training.
[INFO] Rocket. Step: 7680000. Time Elapsed: 6972.166 s. Mean Reward: -19.629. Std of Reward: 22.505. Training.
[INFO] Rocket. Step: 7700000. Time Elapsed: 6987.926 s. Mean Reward: -15.538. Std of Reward: 24.564. Training.
[INFO] Rocket. Step: 7720000. Time Elapsed: 7010.364 s. Mean Reward: -19.676. Std of Reward: 22.172. Training.
[INFO] Rocket. Step: 7740000. Time Elapsed: 7024.999 s. Mean Reward: -17.238. Std of Reward: 24.441. Training.
[INFO] Rocket. Step: 7760000. Time Elapsed: 7047.879 s. Mean Reward: -16.066. Std of Reward: 24.000. Training.
[INFO] Rocket. Step: 7780000. Time Elapsed: 7063.083 s. Mean Reward: -15.988. Std of Reward: 23.485. Training.
[INFO] Rocket. Step: 7800000. Time Elapsed: 7085.896 s. Mean Reward: -21.196. Std of Reward: 21.943. Training.
[INFO] Rocket. Step: 7820000. Time Elapsed: 7100.866 s. Mean Reward: -15.148. Std of Reward: 24.064. Training.
[INFO] Rocket. Step: 7840000. Time Elapsed: 7124.581 s. Mean Reward: -13.437. Std of Reward: 24.953. Training.
[INFO] Rocket. Step: 7860000. Time Elapsed: 7139.533 s. Mean Reward: -13.556. Std of Reward: 26.360. Training.
[INFO] Rocket. Step: 7880000. Time Elapsed: 7162.578 s. Mean Reward: -19.873. Std of Reward: 21.113. Training.
[INFO] Rocket. Step: 7900000. Time Elapsed: 7179.388 s. Mean Reward: -9.923. Std of Reward: 25.083. Training.
[INFO] Rocket. Step: 7920000. Time Elapsed: 7202.535 s. Mean Reward: -14.755. Std of Reward: 25.522. Training.
[INFO] Rocket. Step: 7940000. Time Elapsed: 7218.115 s. Mean Reward: -17.602. Std of Reward: 24.672. Training.
[INFO] Rocket. Step: 7960000. Time Elapsed: 7240.258 s. Mean Reward: -9.811. Std of Reward: 24.142. Training.
[INFO] Rocket. Step: 7980000. Time Elapsed: 7255.789 s. Mean Reward: -17.114. Std of Reward: 23.831. Training.
[INFO] Rocket. Step: 8000000. Time Elapsed: 7277.622 s. Mean Reward: -16.253. Std of Reward: 24.853. Training.
[INFO] Exported results\L8\Rocket\Rocket-7999725.onnx
[INFO] Rocket. Step: 8020000. Time Elapsed: 7294.272 s. Mean Reward: -16.848. Std of Reward: 24.642. Training.
[INFO] Rocket. Step: 8040000. Time Elapsed: 7316.091 s. Mean Reward: -19.979. Std of Reward: 27.292. Training.
[INFO] Rocket. Step: 8060000. Time Elapsed: 7331.645 s. Mean Reward: -16.240. Std of Reward: 25.941. Training.
[INFO] Rocket. Step: 8080000. Time Elapsed: 7354.176 s. Mean Reward: -23.059. Std of Reward: 26.447. Training.
[INFO] Rocket. Step: 8100000. Time Elapsed: 7370.543 s. Mean Reward: -14.410. Std of Reward: 23.657. Training.
[INFO] Rocket. Step: 8120000. Time Elapsed: 7393.183 s. Mean Reward: -19.839. Std of Reward: 24.081. Training.
[INFO] Rocket. Step: 8140000. Time Elapsed: 7406.716 s. Mean Reward: -18.430. Std of Reward: 25.568. Training.
[INFO] Rocket. Step: 8160000. Time Elapsed: 7428.396 s. Mean Reward: -22.525. Std of Reward: 23.253. Training.
[INFO] Rocket. Step: 8180000. Time Elapsed: 7444.318 s. Mean Reward: -14.376. Std of Reward: 22.971. Training.
[INFO] Rocket. Step: 8200000. Time Elapsed: 7467.060 s. Mean Reward: -14.148. Std of Reward: 24.209. Training.
[INFO] Rocket. Step: 8220000. Time Elapsed: 7482.824 s. Mean Reward: -13.681. Std of Reward: 24.685. Training.
[INFO] Rocket. Step: 8240000. Time Elapsed: 7505.925 s. Mean Reward: -21.762. Std of Reward: 22.738. Training.
[INFO] Rocket. Step: 8260000. Time Elapsed: 7520.691 s. Mean Reward: -9.374. Std of Reward: 26.601. Training.
[INFO] Rocket. Step: 8280000. Time Elapsed: 7537.068 s. Mean Reward: -12.618. Std of Reward: 23.645. Training.
[INFO] Rocket. Step: 8300000. Time Elapsed: 7559.485 s. Mean Reward: -28.842. Std of Reward: 18.701. Training.
[INFO] Rocket. Step: 8320000. Time Elapsed: 7574.098 s. Mean Reward: -9.312. Std of Reward: 23.356. Training.
[INFO] Rocket. Step: 8340000. Time Elapsed: 7597.888 s. Mean Reward: -8.478. Std of Reward: 25.362. Training.
[INFO] Rocket. Step: 8360000. Time Elapsed: 7613.951 s. Mean Reward: -8.886. Std of Reward: 27.875. Training.
[INFO] Rocket. Step: 8380000. Time Elapsed: 7635.330 s. Mean Reward: -22.918. Std of Reward: 21.361. Training.
[INFO] Rocket. Step: 8400000. Time Elapsed: 7651.208 s. Mean Reward: -10.322. Std of Reward: 24.773. Training.
[INFO] Rocket. Step: 8420000. Time Elapsed: 7675.082 s. Mean Reward: -16.452. Std of Reward: 26.012. Training.
[INFO] Rocket. Step: 8440000. Time Elapsed: 7690.200 s. Mean Reward: -15.233. Std of Reward: 25.648. Training.
[INFO] Rocket. Step: 8460000. Time Elapsed: 7713.025 s. Mean Reward: -17.626. Std of Reward: 24.597. Training.
[INFO] Rocket. Step: 8480000. Time Elapsed: 7729.090 s. Mean Reward: -14.101. Std of Reward: 24.955. Training.
[INFO] Rocket. Step: 8500000. Time Elapsed: 7752.383 s. Mean Reward: -16.288. Std of Reward: 25.266. Training.
[INFO] Exported results\L8\Rocket\Rocket-8499947.onnx
[INFO] Rocket. Step: 8520000. Time Elapsed: 7769.240 s. Mean Reward: -10.374. Std of Reward: 25.860. Training.
[INFO] Rocket. Step: 8540000. Time Elapsed: 7792.238 s. Mean Reward: -17.758. Std of Reward: 26.294. Training.
[INFO] Rocket. Step: 8560000. Time Elapsed: 7806.209 s. Mean Reward: -19.438. Std of Reward: 26.113. Training.
[INFO] Rocket. Step: 8580000. Time Elapsed: 7830.215 s. Mean Reward: -6.182. Std of Reward: 28.531. Training.
[INFO] Rocket. Step: 8600000. Time Elapsed: 7845.179 s. Mean Reward: -5.527. Std of Reward: 23.941. Training.
[INFO] Rocket. Step: 8620000. Time Elapsed: 7868.261 s. Mean Reward: -10.632. Std of Reward: 23.890. Training.
[INFO] Rocket. Step: 8640000. Time Elapsed: 7883.847 s. Mean Reward: -5.522. Std of Reward: 25.813. Training.
[INFO] Rocket. Step: 8660000. Time Elapsed: 7907.090 s. Mean Reward: -15.503. Std of Reward: 24.943. Training.
[INFO] Rocket. Step: 8680000. Time Elapsed: 7922.311 s. Mean Reward: -1.463. Std of Reward: 21.252. Training.
[INFO] Rocket. Step: 8700000. Time Elapsed: 7945.562 s. Mean Reward: -13.933. Std of Reward: 26.348. Training.
[INFO] Rocket. Step: 8720000. Time Elapsed: 7961.548 s. Mean Reward: -6.732. Std of Reward: 25.594. Training.
[INFO] Rocket. Step: 8740000. Time Elapsed: 7985.919 s. Mean Reward: -12.715. Std of Reward: 23.478. Training.
[INFO] Rocket. Step: 8760000. Time Elapsed: 8001.084 s. Mean Reward: -4.980. Std of Reward: 24.757. Training.
[INFO] Rocket. Step: 8780000. Time Elapsed: 8022.923 s. Mean Reward: -13.324. Std of Reward: 24.407. Training.
[INFO] Rocket. Step: 8800000. Time Elapsed: 8040.230 s. Mean Reward: -0.678. Std of Reward: 21.847. Training.
[INFO] Rocket. Step: 8820000. Time Elapsed: 8062.630 s. Mean Reward: -11.811. Std of Reward: 25.872. Training.
[INFO] Rocket. Step: 8840000. Time Elapsed: 8078.423 s. Mean Reward: -4.796. Std of Reward: 26.384. Training.
[INFO] Rocket. Step: 8860000. Time Elapsed: 8102.721 s. Mean Reward: -0.997. Std of Reward: 23.771. Training.
[INFO] Rocket. Step: 8880000. Time Elapsed: 8117.998 s. Mean Reward: -14.173. Std of Reward: 25.896. Training.
[INFO] Rocket. Step: 8900000. Time Elapsed: 8134.094 s. Mean Reward: -6.689. Std of Reward: 25.151. Training.
[INFO] Rocket. Step: 8920000. Time Elapsed: 8155.683 s. Mean Reward: -6.649. Std of Reward: 25.840. Training.
[INFO] Rocket. Step: 8940000. Time Elapsed: 8172.982 s. Mean Reward: -4.236. Std of Reward: 25.600. Training.
[INFO] Rocket. Step: 8960000. Time Elapsed: 8195.613 s. Mean Reward: -5.200. Std of Reward: 26.224. Training.
[INFO] Rocket. Step: 8980000. Time Elapsed: 8210.557 s. Mean Reward: -9.161. Std of Reward: 24.754. Training.
[INFO] Rocket. Step: 9000000. Time Elapsed: 8234.012 s. Mean Reward: -7.551. Std of Reward: 22.224. Training.
[INFO] Exported results\L8\Rocket\Rocket-8999754.onnx
[INFO] Rocket. Step: 9020000. Time Elapsed: 8249.048 s. Mean Reward: -5.404. Std of Reward: 22.978. Training.
[INFO] Rocket. Step: 9040000. Time Elapsed: 8272.089 s. Mean Reward: -10.298. Std of Reward: 24.415. Training.
[INFO] Rocket. Step: 9060000. Time Elapsed: 8288.842 s. Mean Reward: -5.557. Std of Reward: 26.065. Training.
[INFO] Rocket. Step: 9080000. Time Elapsed: 8310.447 s. Mean Reward: -11.336. Std of Reward: 26.613. Training.
[INFO] Rocket. Step: 9100000. Time Elapsed: 8326.923 s. Mean Reward: -4.604. Std of Reward: 24.086. Training.
[INFO] Rocket. Step: 9120000. Time Elapsed: 8349.125 s. Mean Reward: -10.480. Std of Reward: 23.703. Training.
[INFO] Rocket. Step: 9140000. Time Elapsed: 8365.063 s. Mean Reward: -4.956. Std of Reward: 26.516. Training.
[INFO] Rocket. Step: 9160000. Time Elapsed: 8388.423 s. Mean Reward: -5.836. Std of Reward: 25.292. Training.
[INFO] Rocket. Step: 9180000. Time Elapsed: 8405.491 s. Mean Reward: 1.125. Std of Reward: 22.718. Training.
[INFO] Rocket. Step: 9200000. Time Elapsed: 8427.373 s. Mean Reward: -5.693. Std of Reward: 23.427. Training.
[INFO] Rocket. Step: 9220000. Time Elapsed: 8445.133 s. Mean Reward: 0.054. Std of Reward: 23.231. Training.
[INFO] Rocket. Step: 9240000. Time Elapsed: 8466.745 s. Mean Reward: -4.170. Std of Reward: 22.753. Training.
[INFO] Rocket. Step: 9260000. Time Elapsed: 8482.350 s. Mean Reward: -3.593. Std of Reward: 22.422. Training.
[INFO] Rocket. Step: 9280000. Time Elapsed: 8505.225 s. Mean Reward: -0.783. Std of Reward: 22.026. Training.
[INFO] Rocket. Step: 9300000. Time Elapsed: 8521.359 s. Mean Reward: -1.669. Std of Reward: 22.501. Training.
[INFO] Rocket. Step: 9320000. Time Elapsed: 8543.309 s. Mean Reward: 1.146. Std of Reward: 25.655. Training.
[INFO] Rocket. Step: 9340000. Time Elapsed: 8560.687 s. Mean Reward: -8.578. Std of Reward: 23.168. Training.
[INFO] Rocket. Step: 9360000. Time Elapsed: 8583.788 s. Mean Reward: 5.782. Std of Reward: 18.799. Training.
[INFO] Rocket. Step: 9380000. Time Elapsed: 8600.163 s. Mean Reward: -10.510. Std of Reward: 25.068. Training.
[INFO] Rocket. Step: 9400000. Time Elapsed: 8622.381 s. Mean Reward: -3.717. Std of Reward: 25.621. Training.
[INFO] Rocket. Step: 9420000. Time Elapsed: 8637.428 s. Mean Reward: -2.712. Std of Reward: 23.341. Training.
[INFO] Rocket. Step: 9440000. Time Elapsed: 8660.678 s. Mean Reward: 0.214. Std of Reward: 22.911. Training.
[INFO] Rocket. Step: 9460000. Time Elapsed: 8677.824 s. Mean Reward: -5.903. Std of Reward: 24.485. Training.
[INFO] Rocket. Step: 9480000. Time Elapsed: 8699.504 s. Mean Reward: -1.545. Std of Reward: 24.315. Training.
[INFO] Rocket. Step: 9500000. Time Elapsed: 8715.717 s. Mean Reward: 6.047. Std of Reward: 18.260. Training.
[INFO] Exported results\L8\Rocket\Rocket-9499674.onnx
[INFO] Rocket. Step: 9520000. Time Elapsed: 8738.991 s. Mean Reward: -2.730. Std of Reward: 22.987. Training.
[INFO] Rocket. Step: 9540000. Time Elapsed: 8755.389 s. Mean Reward: -7.012. Std of Reward: 23.404. Training.
[INFO] Rocket. Step: 9560000. Time Elapsed: 8770.191 s. Mean Reward: -5.962. Std of Reward: 24.080. Training.
[INFO] Rocket. Step: 9580000. Time Elapsed: 8795.101 s. Mean Reward: 2.887. Std of Reward: 19.934. Training.
[INFO] Rocket. Step: 9600000. Time Elapsed: 8811.090 s. Mean Reward: -4.578. Std of Reward: 24.946. Training.
[INFO] Rocket. Step: 9620000. Time Elapsed: 8831.886 s. Mean Reward: 8.004. Std of Reward: 19.820. Training.
[INFO] Rocket. Step: 9640000. Time Elapsed: 8848.118 s. Mean Reward: 1.579. Std of Reward: 23.031. Training.
[INFO] Rocket. Step: 9660000. Time Elapsed: 8873.121 s. Mean Reward: -10.397. Std of Reward: 24.147. Training.
[INFO] Rocket. Step: 9680000. Time Elapsed: 8888.392 s. Mean Reward: -3.796. Std of Reward: 25.540. Training.
[INFO] Rocket. Step: 9700000. Time Elapsed: 8911.654 s. Mean Reward: 1.057. Std of Reward: 22.036. Training.
[INFO] Rocket. Step: 9720000. Time Elapsed: 8925.508 s. Mean Reward: 1.820. Std of Reward: 23.084. Training.
[INFO] Rocket. Step: 9740000. Time Elapsed: 8948.554 s. Mean Reward: -2.798. Std of Reward: 22.287. Training.
[INFO] Rocket. Step: 9760000. Time Elapsed: 8964.331 s. Mean Reward: 1.144. Std of Reward: 25.190. Training.
[INFO] Rocket. Step: 9780000. Time Elapsed: 8987.901 s. Mean Reward: -3.332. Std of Reward: 26.039. Training.
[INFO] Rocket. Step: 9800000. Time Elapsed: 9004.932 s. Mean Reward: 5.371. Std of Reward: 16.470. Training.
[INFO] Rocket. Step: 9820000. Time Elapsed: 9025.700 s. Mean Reward: -6.190. Std of Reward: 26.129. Training.
[INFO] Rocket. Step: 9840000. Time Elapsed: 9043.700 s. Mean Reward: -2.094. Std of Reward: 22.648. Training.
[INFO] Rocket. Step: 9860000. Time Elapsed: 9065.479 s. Mean Reward: 0.569. Std of Reward: 23.416. Training.
[INFO] Rocket. Step: 9880000. Time Elapsed: 9082.303 s. Mean Reward: -6.409. Std of Reward: 26.929. Training.
[INFO] Rocket. Step: 9900000. Time Elapsed: 9104.041 s. Mean Reward: -2.595. Std of Reward: 25.870. Training.
[INFO] Rocket. Step: 9920000. Time Elapsed: 9121.064 s. Mean Reward: 2.202. Std of Reward: 21.070. Training.
[INFO] Rocket. Step: 9940000. Time Elapsed: 9143.757 s. Mean Reward: 1.333. Std of Reward: 22.552. Training.
[INFO] Rocket. Step: 9960000. Time Elapsed: 9159.344 s. Mean Reward: 0.276. Std of Reward: 21.674. Training.
[INFO] Rocket. Step: 9980000. Time Elapsed: 9183.137 s. Mean Reward: 0.639. Std of Reward: 25.039. Training.
[INFO] Rocket. Step: 10000000. Time Elapsed: 9199.487 s. Mean Reward: -5.084. Std of Reward: 25.556. Training.
[INFO] Exported results\L8\Rocket\Rocket-9999630.onnx
[INFO] Rocket. Step: 10020000. Time Elapsed: 9221.787 s. Mean Reward: 2.128. Std of Reward: 23.061. Training.
[INFO] Rocket. Step: 10040000. Time Elapsed: 9238.943 s. Mean Reward: 0.636. Std of Reward: 23.554. Training.
[INFO] Rocket. Step: 10060000. Time Elapsed: 9261.240 s. Mean Reward: 2.984. Std of Reward: 22.603. Training.
[INFO] Rocket. Step: 10080000. Time Elapsed: 9277.091 s. Mean Reward: -4.379. Std of Reward: 25.580. Training.
[INFO] Rocket. Step: 10100000. Time Elapsed: 9299.033 s. Mean Reward: 8.052. Std of Reward: 19.311. Training.
[INFO] Rocket. Step: 10120000. Time Elapsed: 9316.262 s. Mean Reward: 6.273. Std of Reward: 20.532. Training.
[INFO] Rocket. Step: 10140000. Time Elapsed: 9338.963 s. Mean Reward: 1.917. Std of Reward: 22.738. Training.
[INFO] Rocket. Step: 10160000. Time Elapsed: 9354.387 s. Mean Reward: 4.691. Std of Reward: 21.596. Training.
[INFO] Rocket. Step: 10180000. Time Elapsed: 9377.176 s. Mean Reward: 2.492. Std of Reward: 21.147. Training.
[INFO] Rocket. Step: 10200000. Time Elapsed: 9391.888 s. Mean Reward: 4.699. Std of Reward: 21.829. Training.
[INFO] Rocket. Step: 10220000. Time Elapsed: 9409.001 s. Mean Reward: -3.352. Std of Reward: 24.722. Training.
[INFO] Rocket. Step: 10240000. Time Elapsed: 9432.403 s. Mean Reward: -0.871. Std of Reward: 22.240. Training.
[INFO] Rocket. Step: 10260000. Time Elapsed: 9447.616 s. Mean Reward: 1.096. Std of Reward: 23.544. Training.
[INFO] Rocket. Step: 10280000. Time Elapsed: 9470.228 s. Mean Reward: 4.990. Std of Reward: 23.464. Training.
[INFO] Rocket. Step: 10300000. Time Elapsed: 9486.658 s. Mean Reward: 3.728. Std of Reward: 19.975. Training.
[INFO] Rocket. Step: 10320000. Time Elapsed: 9510.332 s. Mean Reward: 13.721. Std of Reward: 11.805. Training.
[INFO] Rocket. Step: 10340000. Time Elapsed: 9525.385 s. Mean Reward: 0.531. Std of Reward: 25.128. Training.
[INFO] Rocket. Step: 10360000. Time Elapsed: 9548.092 s. Mean Reward: 3.647. Std of Reward: 20.392. Training.
[INFO] Rocket. Step: 10380000. Time Elapsed: 9563.723 s. Mean Reward: 3.809. Std of Reward: 23.774. Training.
[INFO] Rocket. Step: 10400000. Time Elapsed: 9587.882 s. Mean Reward: 8.327. Std of Reward: 17.885. Training.
[INFO] Rocket. Step: 10420000. Time Elapsed: 9602.645 s. Mean Reward: 11.344. Std of Reward: 18.671. Training.
[INFO] Rocket. Step: 10440000. Time Elapsed: 9625.869 s. Mean Reward: 1.987. Std of Reward: 25.116. Training.
[INFO] Rocket. Step: 10460000. Time Elapsed: 9641.990 s. Mean Reward: -3.867. Std of Reward: 26.620. Training.
[INFO] Rocket. Step: 10480000. Time Elapsed: 9664.242 s. Mean Reward: 1.675. Std of Reward: 21.264. Training.
[INFO] Rocket. Step: 10500000. Time Elapsed: 9680.977 s. Mean Reward: 11.594. Std of Reward: 15.750. Training.
[INFO] Exported results\L8\Rocket\Rocket-10499796.onnx
[INFO] Rocket. Step: 10520000. Time Elapsed: 9703.413 s. Mean Reward: 10.268. Std of Reward: 15.758. Training.
[INFO] Rocket. Step: 10540000. Time Elapsed: 9719.822 s. Mean Reward: 5.718. Std of Reward: 22.370. Training.
[INFO] Rocket. Step: 10560000. Time Elapsed: 9742.866 s. Mean Reward: 5.185. Std of Reward: 20.339. Training.
[INFO] Rocket. Step: 10580000. Time Elapsed: 9758.816 s. Mean Reward: 9.986. Std of Reward: 17.258. Training.
[INFO] Rocket. Step: 10600000. Time Elapsed: 9781.406 s. Mean Reward: 1.830. Std of Reward: 22.195. Training.
[INFO] Rocket. Step: 10620000. Time Elapsed: 9798.486 s. Mean Reward: 8.578. Std of Reward: 16.740. Training.
[INFO] Rocket. Step: 10640000. Time Elapsed: 9820.042 s. Mean Reward: 0.680. Std of Reward: 25.228. Training.
[INFO] Rocket. Step: 10660000. Time Elapsed: 9836.076 s. Mean Reward: 6.073. Std of Reward: 20.181. Training.
[INFO] Rocket. Step: 10680000. Time Elapsed: 9859.128 s. Mean Reward: -2.207. Std of Reward: 25.088. Training.
[INFO] Rocket. Step: 10700000. Time Elapsed: 9876.581 s. Mean Reward: 4.654. Std of Reward: 22.270. Training.
[INFO] Rocket. Step: 10720000. Time Elapsed: 9897.930 s. Mean Reward: 5.843. Std of Reward: 21.659. Training.
[INFO] Rocket. Step: 10740000. Time Elapsed: 9914.814 s. Mean Reward: 5.132. Std of Reward: 21.633. Training.
[INFO] Rocket. Step: 10760000. Time Elapsed: 9937.351 s. Mean Reward: 7.742. Std of Reward: 19.467. Training.
[INFO] Rocket. Step: 10780000. Time Elapsed: 9953.326 s. Mean Reward: 9.898. Std of Reward: 17.008. Training.
[INFO] Rocket. Step: 10800000. Time Elapsed: 9976.044 s. Mean Reward: 6.793. Std of Reward: 22.207. Training.
[INFO] Rocket. Step: 10820000. Time Elapsed: 9991.526 s. Mean Reward: 9.674. Std of Reward: 17.314. Training.
[INFO] Rocket. Step: 10840000. Time Elapsed: 10016.765 s. Mean Reward: 7.815. Std of Reward: 18.200. Training.
[INFO] Rocket. Step: 10860000. Time Elapsed: 10031.893 s. Mean Reward: 11.695. Std of Reward: 15.953. Training.
[INFO] Rocket. Step: 10880000. Time Elapsed: 10047.578 s. Mean Reward: 11.508. Std of Reward: 16.304. Training.
[INFO] Rocket. Step: 10900000. Time Elapsed: 10071.594 s. Mean Reward: 9.536. Std of Reward: 18.993. Training.
[INFO] Rocket. Step: 10920000. Time Elapsed: 10086.791 s. Mean Reward: 14.117. Std of Reward: 15.227. Training.
[INFO] Rocket. Step: 10940000. Time Elapsed: 10109.996 s. Mean Reward: 9.147. Std of Reward: 17.833. Training.
[INFO] Rocket. Step: 10960000. Time Elapsed: 10126.916 s. Mean Reward: 13.400. Std of Reward: 14.370. Training.
[INFO] Rocket. Step: 10980000. Time Elapsed: 10149.326 s. Mean Reward: 12.455. Std of Reward: 15.288. Training.
[INFO] Rocket. Step: 11000000. Time Elapsed: 10167.698 s. Mean Reward: 8.769. Std of Reward: 20.112. Training.
[INFO] Exported results\L8\Rocket\Rocket-10999903.onnx
[INFO] Rocket. Step: 11020000. Time Elapsed: 10189.096 s. Mean Reward: 5.992. Std of Reward: 19.053. Training.
[INFO] Rocket. Step: 11040000. Time Elapsed: 10206.714 s. Mean Reward: 7.374. Std of Reward: 18.853. Training.
[INFO] Rocket. Step: 11060000. Time Elapsed: 10228.535 s. Mean Reward: 5.968. Std of Reward: 22.780. Training.
[INFO] Rocket. Step: 11080000. Time Elapsed: 10243.763 s. Mean Reward: 3.769. Std of Reward: 24.817. Training.
[INFO] Rocket. Step: 11100000. Time Elapsed: 10267.092 s. Mean Reward: 6.890. Std of Reward: 21.325. Training.
[INFO] Rocket. Step: 11120000. Time Elapsed: 10284.287 s. Mean Reward: 5.810. Std of Reward: 22.229. Training.
[INFO] Rocket. Step: 11140000. Time Elapsed: 10308.022 s. Mean Reward: 11.736. Std of Reward: 18.369. Training.
[INFO] Rocket. Step: 11160000. Time Elapsed: 10324.981 s. Mean Reward: 15.549. Std of Reward: 8.916. Training.
[INFO] Rocket. Step: 11180000. Time Elapsed: 10348.698 s. Mean Reward: 7.259. Std of Reward: 22.475. Training.
[INFO] Rocket. Step: 11200000. Time Elapsed: 10363.993 s. Mean Reward: 2.419. Std of Reward: 22.995. Training.
[INFO] Rocket. Step: 11220000. Time Elapsed: 10387.357 s. Mean Reward: 11.734. Std of Reward: 16.546. Training.
[INFO] Rocket. Step: 11240000. Time Elapsed: 10402.990 s. Mean Reward: 1.892. Std of Reward: 24.955. Training.
[INFO] Rocket. Step: 11260000. Time Elapsed: 10424.839 s. Mean Reward: 7.499. Std of Reward: 22.952. Training.
[INFO] Rocket. Step: 11280000. Time Elapsed: 10441.696 s. Mean Reward: 12.467. Std of Reward: 16.905. Training.
[INFO] Rocket. Step: 11300000. Time Elapsed: 10464.744 s. Mean Reward: 9.830. Std of Reward: 15.445. Training.
[INFO] Rocket. Step: 11320000. Time Elapsed: 10482.102 s. Mean Reward: 9.155. Std of Reward: 21.758. Training.
[INFO] Rocket. Step: 11340000. Time Elapsed: 10504.381 s. Mean Reward: 9.756. Std of Reward: 16.802. Training.
[INFO] Rocket. Step: 11360000. Time Elapsed: 10519.537 s. Mean Reward: 9.783. Std of Reward: 14.948. Training.
[INFO] Rocket. Step: 11380000. Time Elapsed: 10542.628 s. Mean Reward: 9.828. Std of Reward: 20.694. Training.
[INFO] Rocket. Step: 11400000. Time Elapsed: 10558.096 s. Mean Reward: 13.611. Std of Reward: 11.911. Training.
[INFO] Rocket. Step: 11420000. Time Elapsed: 10581.537 s. Mean Reward: 9.631. Std of Reward: 18.980. Training.
[INFO] Rocket. Step: 11440000. Time Elapsed: 10596.664 s. Mean Reward: 3.400. Std of Reward: 21.543. Training.
[INFO] Rocket. Step: 11460000. Time Elapsed: 10622.029 s. Mean Reward: 8.075. Std of Reward: 18.305. Training.
[INFO] Rocket. Step: 11480000. Time Elapsed: 10637.661 s. Mean Reward: 12.516. Std of Reward: 14.044. Training.
[INFO] Rocket. Step: 11500000. Time Elapsed: 10653.273 s. Mean Reward: 10.566. Std of Reward: 20.031. Training.
[INFO] Exported results\L8\Rocket\Rocket-11499549.onnx
[INFO] Rocket. Step: 11520000. Time Elapsed: 10675.556 s. Mean Reward: 6.548. Std of Reward: 23.637. Training.
[INFO] Rocket. Step: 11540000. Time Elapsed: 10691.734 s. Mean Reward: 12.842. Std of Reward: 15.720. Training.
[INFO] Rocket. Step: 11560000. Time Elapsed: 10715.262 s. Mean Reward: 8.153. Std of Reward: 19.842. Training.
[INFO] Rocket. Step: 11580000. Time Elapsed: 10732.633 s. Mean Reward: 16.489. Std of Reward: 9.289. Training.
[INFO] Rocket. Step: 11600000. Time Elapsed: 10755.698 s. Mean Reward: 16.288. Std of Reward: 9.199. Training.
[INFO] Rocket. Step: 11620000. Time Elapsed: 10771.027 s. Mean Reward: 9.950. Std of Reward: 15.927. Training.
[INFO] Rocket. Step: 11640000. Time Elapsed: 10794.131 s. Mean Reward: 8.393. Std of Reward: 14.562. Training.
[INFO] Rocket. Step: 11660000. Time Elapsed: 10810.307 s. Mean Reward: 9.733. Std of Reward: 22.316. Training.
[INFO] Rocket. Step: 11680000. Time Elapsed: 10832.590 s. Mean Reward: 7.705. Std of Reward: 20.701. Training.
[INFO] Rocket. Step: 11700000. Time Elapsed: 10850.343 s. Mean Reward: 10.992. Std of Reward: 15.740. Training.
[INFO] Rocket. Step: 11720000. Time Elapsed: 10872.695 s. Mean Reward: 9.155. Std of Reward: 20.009. Training.
[INFO] Rocket. Step: 11740000. Time Elapsed: 10888.862 s. Mean Reward: 12.921. Std of Reward: 14.092. Training.
[INFO] Rocket. Step: 11760000. Time Elapsed: 10913.011 s. Mean Reward: 6.533. Std of Reward: 23.119. Training.
[INFO] Rocket. Step: 11780000. Time Elapsed: 10926.619 s. Mean Reward: 7.344. Std of Reward: 25.305. Training.
[INFO] Rocket. Step: 11800000. Time Elapsed: 10949.537 s. Mean Reward: 15.567. Std of Reward: 14.531. Training.
[INFO] Rocket. Step: 11820000. Time Elapsed: 10966.235 s. Mean Reward: 13.222. Std of Reward: 16.737. Training.
[INFO] Rocket. Step: 11840000. Time Elapsed: 10990.315 s. Mean Reward: 11.553. Std of Reward: 17.600. Training.
[INFO] Rocket. Step: 11860000. Time Elapsed: 11006.116 s. Mean Reward: 3.887. Std of Reward: 25.418. Training.
[INFO] Rocket. Step: 11880000. Time Elapsed: 11028.836 s. Mean Reward: 5.353. Std of Reward: 22.420. Training.
[INFO] Rocket. Step: 11900000. Time Elapsed: 11045.547 s. Mean Reward: 11.950. Std of Reward: 19.454. Training.
[INFO] Rocket. Step: 11920000. Time Elapsed: 11069.339 s. Mean Reward: 9.839. Std of Reward: 18.406. Training.
[INFO] Rocket. Step: 11940000. Time Elapsed: 11085.712 s. Mean Reward: 10.952. Std of Reward: 18.506. Training.
[INFO] Rocket. Step: 11960000. Time Elapsed: 11107.331 s. Mean Reward: 16.262. Std of Reward: 9.855. Training.
[INFO] Rocket. Step: 11980000. Time Elapsed: 11122.701 s. Mean Reward: 9.340. Std of Reward: 20.714. Training.
[INFO] Rocket. Step: 12000000. Time Elapsed: 11146.528 s. Mean Reward: 13.812. Std of Reward: 11.596. Training.
[INFO] Exported results\L8\Rocket\Rocket-11999387.onnx
[INFO] Rocket. Step: 12020000. Time Elapsed: 11162.911 s. Mean Reward: 9.115. Std of Reward: 19.315. Training.
[INFO] Rocket. Step: 12040000. Time Elapsed: 11186.063 s. Mean Reward: 10.875. Std of Reward: 17.578. Training.
[INFO] Rocket. Step: 12060000. Time Elapsed: 11202.812 s. Mean Reward: 12.619. Std of Reward: 14.920. Training.
[INFO] Rocket. Step: 12080000. Time Elapsed: 11226.844 s. Mean Reward: 8.428. Std of Reward: 18.555. Training.
[INFO] Rocket. Step: 12100000. Time Elapsed: 11241.483 s. Mean Reward: 15.089. Std of Reward: 11.982. Training.
[INFO] Rocket. Step: 12120000. Time Elapsed: 11258.989 s. Mean Reward: 15.476. Std of Reward: 13.515. Training.
[INFO] Rocket. Step: 12140000. Time Elapsed: 11281.394 s. Mean Reward: 12.441. Std of Reward: 16.338. Training.
[INFO] Rocket. Step: 12160000. Time Elapsed: 11298.801 s. Mean Reward: 16.132. Std of Reward: 9.423. Training.
[INFO] Rocket. Step: 12180000. Time Elapsed: 11320.852 s. Mean Reward: 14.474. Std of Reward: 13.129. Training.
[INFO] Rocket. Step: 12200000. Time Elapsed: 11337.391 s. Mean Reward: 9.407. Std of Reward: 21.392. Training.
[INFO] Rocket. Step: 12220000. Time Elapsed: 11360.310 s. Mean Reward: 14.957. Std of Reward: 12.377. Training.
[INFO] Rocket. Step: 12240000. Time Elapsed: 11376.567 s. Mean Reward: 12.874. Std of Reward: 17.789. Training.
[INFO] Rocket. Step: 12260000. Time Elapsed: 11399.116 s. Mean Reward: 6.612. Std of Reward: 21.976. Training.
[INFO] Rocket. Step: 12280000. Time Elapsed: 11415.266 s. Mean Reward: 6.878. Std of Reward: 23.025. Training.
[INFO] Rocket. Step: 12300000. Time Elapsed: 11437.231 s. Mean Reward: 11.700. Std of Reward: 16.078. Training.
[INFO] Rocket. Step: 12320000. Time Elapsed: 11454.295 s. Mean Reward: 13.027. Std of Reward: 17.723. Training.
[INFO] Rocket. Step: 12340000. Time Elapsed: 11478.085 s. Mean Reward: 18.259. Std of Reward: 5.677. Training.
[INFO] Rocket. Step: 12360000. Time Elapsed: 11493.581 s. Mean Reward: 11.906. Std of Reward: 13.814. Training.
[INFO] Rocket. Step: 12380000. Time Elapsed: 11516.054 s. Mean Reward: 12.782. Std of Reward: 19.211. Training.
[INFO] Rocket. Step: 12400000. Time Elapsed: 11533.466 s. Mean Reward: 7.020. Std of Reward: 24.459. Training.
[INFO] Rocket. Step: 12420000. Time Elapsed: 11555.611 s. Mean Reward: 10.905. Std of Reward: 17.797. Training.
[INFO] Rocket. Step: 12440000. Time Elapsed: 11571.481 s. Mean Reward: 13.334. Std of Reward: 14.943. Training.
[INFO] Rocket. Step: 12460000. Time Elapsed: 11593.855 s. Mean Reward: 12.919. Std of Reward: 13.853. Training.
[INFO] Rocket. Step: 12480000. Time Elapsed: 11609.870 s. Mean Reward: 10.173. Std of Reward: 19.133. Training.
[INFO] Rocket. Step: 12500000. Time Elapsed: 11633.791 s. Mean Reward: 14.026. Std of Reward: 15.145. Training.
[INFO] Exported results\L8\Rocket\Rocket-12499625.onnx
[INFO] Rocket. Step: 12520000. Time Elapsed: 11649.544 s. Mean Reward: 13.928. Std of Reward: 14.791. Training.
[INFO] Rocket. Step: 12540000. Time Elapsed: 11672.351 s. Mean Reward: 5.522. Std of Reward: 16.979. Training.
[INFO] Rocket. Step: 12560000. Time Elapsed: 11688.000 s. Mean Reward: 9.790. Std of Reward: 20.076. Training.
[INFO] Rocket. Step: 12580000. Time Elapsed: 11711.428 s. Mean Reward: 6.359. Std of Reward: 23.163. Training.
[INFO] Rocket. Step: 12600000. Time Elapsed: 11728.214 s. Mean Reward: 15.863. Std of Reward: 14.226. Training.
[INFO] Rocket. Step: 12620000. Time Elapsed: 11750.506 s. Mean Reward: 9.489. Std of Reward: 18.703. Training.
[INFO] Rocket. Step: 12640000. Time Elapsed: 11766.706 s. Mean Reward: 12.178. Std of Reward: 19.138. Training.
[INFO] Rocket. Step: 12660000. Time Elapsed: 11789.961 s. Mean Reward: 13.903. Std of Reward: 14.864. Training.
[INFO] Rocket. Step: 12680000. Time Elapsed: 11805.473 s. Mean Reward: 16.181. Std of Reward: 12.591. Training.
[INFO] Rocket. Step: 12700000. Time Elapsed: 11829.143 s. Mean Reward: 10.049. Std of Reward: 19.480. Training.
[INFO] Rocket. Step: 12720000. Time Elapsed: 11843.830 s. Mean Reward: -0.545. Std of Reward: 24.534. Training.
[INFO] Rocket. Step: 12740000. Time Elapsed: 11861.887 s. Mean Reward: 13.787. Std of Reward: 15.213. Training.
[INFO] Rocket. Step: 12760000. Time Elapsed: 11881.767 s. Mean Reward: 10.053. Std of Reward: 17.608. Training.
[INFO] Rocket. Step: 12780000. Time Elapsed: 11899.388 s. Mean Reward: 12.603. Std of Reward: 14.896. Training.
[INFO] Rocket. Step: 12800000. Time Elapsed: 11922.218 s. Mean Reward: 8.064. Std of Reward: 19.860. Training.
[INFO] Rocket. Step: 12820000. Time Elapsed: 11938.246 s. Mean Reward: 13.449. Std of Reward: 14.934. Training.
[INFO] Rocket. Step: 12840000. Time Elapsed: 11961.909 s. Mean Reward: 10.767. Std of Reward: 19.195. Training.
[INFO] Rocket. Step: 12860000. Time Elapsed: 11979.110 s. Mean Reward: 10.602. Std of Reward: 19.016. Training.
[INFO] Rocket. Step: 12880000. Time Elapsed: 11999.705 s. Mean Reward: 10.703. Std of Reward: 21.767. Training.
[INFO] Rocket. Step: 12900000. Time Elapsed: 12016.994 s. Mean Reward: 14.557. Std of Reward: 13.177. Training.
[INFO] Rocket. Step: 12920000. Time Elapsed: 12039.974 s. Mean Reward: 12.718. Std of Reward: 14.095. Training.
[INFO] Rocket. Step: 12940000. Time Elapsed: 12056.622 s. Mean Reward: 16.300. Std of Reward: 13.478. Training.
[INFO] Rocket. Step: 12960000. Time Elapsed: 12078.921 s. Mean Reward: 10.810. Std of Reward: 16.434. Training.
[INFO] Rocket. Step: 12980000. Time Elapsed: 12094.584 s. Mean Reward: 9.746. Std of Reward: 21.755. Training.
[INFO] Rocket. Step: 13000000. Time Elapsed: 12117.536 s. Mean Reward: 12.864. Std of Reward: 15.945. Training.
[INFO] Exported results\L8\Rocket\Rocket-12999927.onnx
[INFO] Rocket. Step: 13020000. Time Elapsed: 12135.403 s. Mean Reward: 11.192. Std of Reward: 16.824. Training.
[INFO] Rocket. Step: 13040000. Time Elapsed: 12156.034 s. Mean Reward: 13.438. Std of Reward: 15.951. Training.
[INFO] Rocket. Step: 13060000. Time Elapsed: 12171.295 s. Mean Reward: 16.172. Std of Reward: 9.497. Training.
[INFO] Rocket. Step: 13080000. Time Elapsed: 12194.865 s. Mean Reward: 8.027. Std of Reward: 20.412. Training.
[INFO] Rocket. Step: 13100000. Time Elapsed: 12210.746 s. Mean Reward: 18.415. Std of Reward: 5.648. Training.
[INFO] Rocket. Step: 13120000. Time Elapsed: 12233.929 s. Mean Reward: 9.429. Std of Reward: 20.357. Training.
[INFO] Rocket. Step: 13140000. Time Elapsed: 12249.793 s. Mean Reward: 11.339. Std of Reward: 20.279. Training.
[INFO] Rocket. Step: 13160000. Time Elapsed: 12274.013 s. Mean Reward: 15.825. Std of Reward: 13.037. Training.
[INFO] Rocket. Step: 13180000. Time Elapsed: 12290.185 s. Mean Reward: 16.470. Std of Reward: 12.920. Training.
[INFO] Rocket. Step: 13200000. Time Elapsed: 12312.472 s. Mean Reward: 8.354. Std of Reward: 21.484. Training.
[INFO] Rocket. Step: 13220000. Time Elapsed: 12327.790 s. Mean Reward: 14.679. Std of Reward: 17.066. Training.
[INFO] Rocket. Step: 13240000. Time Elapsed: 12351.772 s. Mean Reward: 9.209. Std of Reward: 23.152. Training.
[INFO] Rocket. Step: 13260000. Time Elapsed: 12368.229 s. Mean Reward: 14.372. Std of Reward: 15.488. Training.
[INFO] Rocket. Step: 13280000. Time Elapsed: 12390.844 s. Mean Reward: 9.798. Std of Reward: 18.615. Training.
[INFO] Rocket. Step: 13300000. Time Elapsed: 12407.510 s. Mean Reward: 7.805. Std of Reward: 21.157. Training.
[INFO] Rocket. Step: 13320000. Time Elapsed: 12429.641 s. Mean Reward: 14.444. Std of Reward: 16.398. Training.
[INFO] Rocket. Step: 13340000. Time Elapsed: 12445.502 s. Mean Reward: 10.409. Std of Reward: 17.538. Training.
[INFO] Rocket. Step: 13360000. Time Elapsed: 12462.103 s. Mean Reward: 11.419. Std of Reward: 14.262. Training.
[INFO] Rocket. Step: 13380000. Time Elapsed: 12484.406 s. Mean Reward: 7.375. Std of Reward: 18.626. Training.
[INFO] Rocket. Step: 13400000. Time Elapsed: 12500.007 s. Mean Reward: 7.577. Std of Reward: 18.479. Training.
[INFO] Rocket. Step: 13420000. Time Elapsed: 12523.798 s. Mean Reward: 7.223. Std of Reward: 20.145. Training.
[INFO] Rocket. Step: 13440000. Time Elapsed: 12540.803 s. Mean Reward: 16.725. Std of Reward: 9.663. Training.
[INFO] Rocket. Step: 13460000. Time Elapsed: 12562.953 s. Mean Reward: 15.105. Std of Reward: 13.256. Training.
[INFO] Rocket. Step: 13480000. Time Elapsed: 12577.527 s. Mean Reward: 8.030. Std of Reward: 18.783. Training.
[INFO] Rocket. Step: 13500000. Time Elapsed: 12600.499 s. Mean Reward: 12.600. Std of Reward: 16.535. Training.
[INFO] Exported results\L8\Rocket\Rocket-13499898.onnx
[INFO] Rocket. Step: 13520000. Time Elapsed: 12618.669 s. Mean Reward: 1.526. Std of Reward: 25.865. Training.
[INFO] Rocket. Step: 13540000. Time Elapsed: 12639.430 s. Mean Reward: 12.652. Std of Reward: 17.012. Training.
[INFO] Rocket. Step: 13560000. Time Elapsed: 12656.479 s. Mean Reward: 17.680. Std of Reward: 9.770. Training.
[INFO] Rocket. Step: 13580000. Time Elapsed: 12678.871 s. Mean Reward: 13.081. Std of Reward: 18.375. Training.
[INFO] Rocket. Step: 13600000. Time Elapsed: 12694.707 s. Mean Reward: 13.042. Std of Reward: 17.082. Training.
[INFO] Rocket. Step: 13620000. Time Elapsed: 12717.278 s. Mean Reward: 10.344. Std of Reward: 20.092. Training.
[INFO] Rocket. Step: 13640000. Time Elapsed: 12732.655 s. Mean Reward: 8.133. Std of Reward: 20.859. Training.
[INFO] Rocket. Step: 13660000. Time Elapsed: 12754.188 s. Mean Reward: 16.273. Std of Reward: 13.334. Training.
[INFO] Rocket. Step: 13680000. Time Elapsed: 12770.703 s. Mean Reward: 6.049. Std of Reward: 21.131. Training.
[INFO] Rocket. Step: 13700000. Time Elapsed: 12795.362 s. Mean Reward: 16.066. Std of Reward: 17.162. Training.
[INFO] Rocket. Step: 13720000. Time Elapsed: 12810.574 s. Mean Reward: 12.108. Std of Reward: 20.357. Training.
[INFO] Rocket. Step: 13740000. Time Elapsed: 12832.762 s. Mean Reward: 14.387. Std of Reward: 18.456. Training.
[INFO] Rocket. Step: 13760000. Time Elapsed: 12850.443 s. Mean Reward: 13.134. Std of Reward: 12.853. Training.
[INFO] Rocket. Step: 13780000. Time Elapsed: 12872.028 s. Mean Reward: 5.549. Std of Reward: 22.020. Training.
[INFO] Rocket. Step: 13800000. Time Elapsed: 12889.029 s. Mean Reward: 11.333. Std of Reward: 19.713. Training.
[INFO] Rocket. Step: 13820000. Time Elapsed: 12910.407 s. Mean Reward: 13.875. Std of Reward: 18.214. Training.
[INFO] Rocket. Step: 13840000. Time Elapsed: 12926.533 s. Mean Reward: 8.775. Std of Reward: 18.701. Training.
[INFO] Rocket. Step: 13860000. Time Elapsed: 12947.979 s. Mean Reward: 4.986. Std of Reward: 23.739. Training.
[INFO] Rocket. Step: 13880000. Time Elapsed: 12964.894 s. Mean Reward: 4.488. Std of Reward: 25.954. Training.
[INFO] Rocket. Step: 13900000. Time Elapsed: 12989.615 s. Mean Reward: 13.981. Std of Reward: 15.018. Training.
[INFO] Rocket. Step: 13920000. Time Elapsed: 13004.602 s. Mean Reward: 15.924. Std of Reward: 12.566. Training.
[INFO] Rocket. Step: 13940000. Time Elapsed: 13027.674 s. Mean Reward: 10.952. Std of Reward: 16.071. Training.
[INFO] Rocket. Step: 13960000. Time Elapsed: 13042.828 s. Mean Reward: 11.090. Std of Reward: 18.547. Training.
[INFO] Rocket. Step: 13980000. Time Elapsed: 13066.315 s. Mean Reward: 7.556. Std of Reward: 19.908. Training.
[INFO] Rocket. Step: 14000000. Time Elapsed: 13081.457 s. Mean Reward: 11.519. Std of Reward: 18.821. Training.
[INFO] Exported results\L8\Rocket\Rocket-13999459.onnx
[INFO] Rocket. Step: 14020000. Time Elapsed: 13099.115 s. Mean Reward: 12.435. Std of Reward: 17.316. Training.
[INFO] Rocket. Step: 14040000. Time Elapsed: 13120.080 s. Mean Reward: 3.919. Std of Reward: 21.201. Training.
[INFO] Rocket. Step: 14060000. Time Elapsed: 13136.767 s. Mean Reward: 14.166. Std of Reward: 12.807. Training.
[INFO] Rocket. Step: 14080000. Time Elapsed: 13159.459 s. Mean Reward: 13.611. Std of Reward: 19.768. Training.
[INFO] Rocket. Step: 14100000. Time Elapsed: 13175.610 s. Mean Reward: 10.031. Std of Reward: 17.904. Training.
[INFO] Rocket. Step: 14120000. Time Elapsed: 13199.407 s. Mean Reward: 8.728. Std of Reward: 20.565. Training.
[INFO] Rocket. Step: 14140000. Time Elapsed: 13215.501 s. Mean Reward: 9.060. Std of Reward: 17.721. Training.
[INFO] Rocket. Step: 14160000. Time Elapsed: 13236.859 s. Mean Reward: 10.733. Std of Reward: 16.600. Training.
[INFO] Rocket. Step: 14180000. Time Elapsed: 13253.961 s. Mean Reward: 15.625. Std of Reward: 13.066. Training.
[INFO] Rocket. Step: 14200000. Time Elapsed: 13275.591 s. Mean Reward: 7.953. Std of Reward: 21.707. Training.
[INFO] Rocket. Step: 14220000. Time Elapsed: 13291.611 s. Mean Reward: 4.503. Std of Reward: 21.267. Training.
[INFO] Rocket. Step: 14240000. Time Elapsed: 13313.366 s. Mean Reward: 14.037. Std of Reward: 15.102. Training.
[INFO] Rocket. Step: 14260000. Time Elapsed: 13330.334 s. Mean Reward: 4.043. Std of Reward: 22.465. Training.
[INFO] Rocket. Step: 14280000. Time Elapsed: 13354.906 s. Mean Reward: 8.711. Std of Reward: 18.636. Training.
[INFO] Rocket. Step: 14300000. Time Elapsed: 13368.757 s. Mean Reward: 11.192. Std of Reward: 15.472. Training.
[INFO] Rocket. Step: 14320000. Time Elapsed: 13392.074 s. Mean Reward: 9.808. Std of Reward: 18.976. Training.
[INFO] Rocket. Step: 14340000. Time Elapsed: 13408.407 s. Mean Reward: 10.592. Std of Reward: 17.560. Training.
[INFO] Rocket. Step: 14360000. Time Elapsed: 13430.586 s. Mean Reward: 15.090. Std of Reward: 13.776. Training.
[INFO] Rocket. Step: 14380000. Time Elapsed: 13446.059 s. Mean Reward: 4.621. Std of Reward: 24.960. Training.
[INFO] Rocket. Step: 14400000. Time Elapsed: 13468.865 s. Mean Reward: 15.213. Std of Reward: 12.107. Training.
[INFO] Rocket. Step: 14420000. Time Elapsed: 13485.774 s. Mean Reward: 8.698. Std of Reward: 21.085. Training.
[INFO] Rocket. Step: 14440000. Time Elapsed: 13508.385 s. Mean Reward: 10.165. Std of Reward: 20.183. Training.
[INFO] Rocket. Step: 14460000. Time Elapsed: 13525.380 s. Mean Reward: 5.486. Std of Reward: 23.053. Training.
[INFO] Rocket. Step: 14480000. Time Elapsed: 13546.036 s. Mean Reward: 9.128. Std of Reward: 22.533. Training.
[INFO] Rocket. Step: 14500000. Time Elapsed: 13563.005 s. Mean Reward: 6.084. Std of Reward: 23.191. Training.
[INFO] Exported results\L8\Rocket\Rocket-14499696.onnx
[INFO] Rocket. Step: 14520000. Time Elapsed: 13585.996 s. Mean Reward: 11.248. Std of Reward: 18.104. Training.
[INFO] Rocket. Step: 14540000. Time Elapsed: 13601.213 s. Mean Reward: 9.483. Std of Reward: 20.718. Training.
[INFO] Rocket. Step: 14560000. Time Elapsed: 13625.401 s. Mean Reward: 14.468. Std of Reward: 15.358. Training.
[INFO] Rocket. Step: 14580000. Time Elapsed: 13640.497 s. Mean Reward: 12.866. Std of Reward: 18.331. Training.
[INFO] Rocket. Step: 14600000. Time Elapsed: 13665.570 s. Mean Reward: 10.542. Std of Reward: 21.676. Training.
[INFO] Rocket. Step: 14620000. Time Elapsed: 13679.639 s. Mean Reward: 12.266. Std of Reward: 17.060. Training.
[INFO] Rocket. Step: 14640000. Time Elapsed: 13696.462 s. Mean Reward: 1.247. Std of Reward: 24.560. Training.
[INFO] Rocket. Step: 14660000. Time Elapsed: 13717.675 s. Mean Reward: 13.694. Std of Reward: 15.940. Training.
[INFO] Rocket. Step: 14680000. Time Elapsed: 13733.439 s. Mean Reward: 10.637. Std of Reward: 16.628. Training.
[INFO] Rocket. Step: 14700000. Time Elapsed: 13756.703 s. Mean Reward: 0.676. Std of Reward: 25.109. Training.
[INFO] Rocket. Step: 14720000. Time Elapsed: 13772.230 s. Mean Reward: 10.084. Std of Reward: 19.741. Training.
[INFO] Rocket. Step: 14740000. Time Elapsed: 13795.688 s. Mean Reward: 4.741. Std of Reward: 23.522. Training.
[INFO] Rocket. Step: 14760000. Time Elapsed: 13809.905 s. Mean Reward: 6.519. Std of Reward: 20.315. Training.
[INFO] Rocket. Step: 14780000. Time Elapsed: 13833.751 s. Mean Reward: 17.046. Std of Reward: 13.075. Training.
[INFO] Rocket. Step: 14800000. Time Elapsed: 13849.599 s. Mean Reward: 10.559. Std of Reward: 16.430. Training.
[INFO] Rocket. Step: 14820000. Time Elapsed: 13870.456 s. Mean Reward: 15.996. Std of Reward: 13.258. Training.
[INFO] Rocket. Step: 14840000. Time Elapsed: 13886.781 s. Mean Reward: 4.252. Std of Reward: 23.303. Training.
[INFO] Rocket. Step: 14860000. Time Elapsed: 13910.952 s. Mean Reward: 6.924. Std of Reward: 23.439. Training.
[INFO] Rocket. Step: 14880000. Time Elapsed: 13925.767 s. Mean Reward: 7.082. Std of Reward: 20.115. Training.
[INFO] Rocket. Step: 14900000. Time Elapsed: 13947.227 s. Mean Reward: 11.515. Std of Reward: 16.668. Training.
[INFO] Rocket. Step: 14920000. Time Elapsed: 13963.868 s. Mean Reward: 11.640. Std of Reward: 18.408. Training.
[INFO] Rocket. Step: 14940000. Time Elapsed: 13988.651 s. Mean Reward: 4.657. Std of Reward: 25.737. Training.
[INFO] Rocket. Step: 14960000. Time Elapsed: 14003.906 s. Mean Reward: 11.994. Std of Reward: 16.108. Training.
[INFO] Rocket. Step: 14980000. Time Elapsed: 14027.021 s. Mean Reward: 9.778. Std of Reward: 19.725. Training.
[INFO] Rocket. Step: 15000000. Time Elapsed: 14042.010 s. Mean Reward: 9.994. Std of Reward: 16.941. Training.
[INFO] Exported results\L8\Rocket\Rocket-14999464.onnx
[INFO] Rocket. Step: 15020000. Time Elapsed: 14063.673 s. Mean Reward: 7.385. Std of Reward: 19.021. Training.
[INFO] Rocket. Step: 15040000. Time Elapsed: 14081.389 s. Mean Reward: 9.469. Std of Reward: 21.770. Training.
[INFO] Rocket. Step: 15060000. Time Elapsed: 14103.703 s. Mean Reward: 13.786. Std of Reward: 17.613. Training.
[INFO] Rocket. Step: 15080000. Time Elapsed: 14120.222 s. Mean Reward: 14.724. Std of Reward: 14.615. Training.
[INFO] Rocket. Step: 15100000. Time Elapsed: 14143.540 s. Mean Reward: 16.369. Std of Reward: 13.991. Training.
[INFO] Rocket. Step: 15120000. Time Elapsed: 14157.338 s. Mean Reward: 12.202. Std of Reward: 22.171. Training.
[INFO] Rocket. Step: 15140000. Time Elapsed: 14180.919 s. Mean Reward: 7.387. Std of Reward: 20.632. Training.
[INFO] Rocket. Step: 15160000. Time Elapsed: 14198.044 s. Mean Reward: 6.195. Std of Reward: 19.497. Training.
[INFO] Rocket. Step: 15180000. Time Elapsed: 14220.108 s. Mean Reward: 13.383. Std of Reward: 17.906. Training.
[INFO] Rocket. Step: 15200000. Time Elapsed: 14235.374 s. Mean Reward: 12.806. Std of Reward: 21.046. Training.
[INFO] Rocket. Step: 15220000. Time Elapsed: 14251.145 s. Mean Reward: 12.686. Std of Reward: 17.227. Training.
[INFO] Rocket. Step: 15240000. Time Elapsed: 14274.402 s. Mean Reward: 13.022. Std of Reward: 18.433. Training.
[INFO] Rocket. Step: 15260000. Time Elapsed: 14290.213 s. Mean Reward: 17.139. Std of Reward: 9.907. Training.
[INFO] Rocket. Step: 15280000. Time Elapsed: 14311.389 s. Mean Reward: 12.826. Std of Reward: 18.334. Training.
[INFO] Rocket. Step: 15300000. Time Elapsed: 14328.222 s. Mean Reward: 13.399. Std of Reward: 17.762. Training.
[INFO] Rocket. Step: 15320000. Time Elapsed: 14352.658 s. Mean Reward: 6.164. Std of Reward: 25.184. Training.
[INFO] Rocket. Step: 15340000. Time Elapsed: 14366.660 s. Mean Reward: 9.308. Std of Reward: 21.049. Training.
[INFO] Rocket. Step: 15360000. Time Elapsed: 14390.127 s. Mean Reward: 12.916. Std of Reward: 17.604. Training.
[INFO] Rocket. Step: 15380000. Time Elapsed: 14406.151 s. Mean Reward: 9.863. Std of Reward: 17.602. Training.
[INFO] Rocket. Step: 15400000. Time Elapsed: 14429.061 s. Mean Reward: 8.829. Std of Reward: 18.764. Training.
[INFO] Rocket. Step: 15420000. Time Elapsed: 14443.482 s. Mean Reward: 12.255. Std of Reward: 17.121. Training.
[INFO] Rocket. Step: 15440000. Time Elapsed: 14467.583 s. Mean Reward: 11.353. Std of Reward: 19.676. Training.
[INFO] Rocket. Step: 15460000. Time Elapsed: 14482.751 s. Mean Reward: 10.267. Std of Reward: 18.744. Training.
[INFO] Rocket. Step: 15480000. Time Elapsed: 14506.137 s. Mean Reward: 7.829. Std of Reward: 18.429. Training.
[INFO] Rocket. Step: 15500000. Time Elapsed: 14522.339 s. Mean Reward: 6.509. Std of Reward: 22.437. Training.
[INFO] Exported results\L8\Rocket\Rocket-15499596.onnx
[INFO] Rocket. Step: 15520000. Time Elapsed: 14542.817 s. Mean Reward: 7.775. Std of Reward: 23.091. Training.
[INFO] Rocket. Step: 15540000. Time Elapsed: 14559.570 s. Mean Reward: 14.761. Std of Reward: 12.031. Training.
[INFO] Rocket. Step: 15560000. Time Elapsed: 14584.147 s. Mean Reward: 5.895. Std of Reward: 26.564. Training.
[INFO] Rocket. Step: 15580000. Time Elapsed: 14597.406 s. Mean Reward: 6.073. Std of Reward: 22.117. Training.
[INFO] Rocket. Step: 15600000. Time Elapsed: 14620.984 s. Mean Reward: 11.152. Std of Reward: 17.349. Training.
[INFO] Rocket. Step: 15620000. Time Elapsed: 14638.392 s. Mean Reward: 10.471. Std of Reward: 21.650. Training.
[INFO] Rocket. Step: 15640000. Time Elapsed: 14658.404 s. Mean Reward: 12.168. Std of Reward: 19.272. Training.
[INFO] Rocket. Step: 15660000. Time Elapsed: 14676.742 s. Mean Reward: 11.421. Std of Reward: 18.677. Training.
[INFO] Rocket. Step: 15680000. Time Elapsed: 14699.088 s. Mean Reward: 11.625. Std of Reward: 19.161. Training.
[INFO] Rocket. Step: 15700000. Time Elapsed: 14714.441 s. Mean Reward: 17.517. Std of Reward: 9.125. Training.
[INFO] Rocket. Step: 15720000. Time Elapsed: 14737.788 s. Mean Reward: 11.265. Std of Reward: 22.668. Training.
[INFO] Rocket. Step: 15740000. Time Elapsed: 14753.696 s. Mean Reward: 9.010. Std of Reward: 23.440. Training.
[INFO] Rocket. Step: 15760000. Time Elapsed: 14777.753 s. Mean Reward: 12.004. Std of Reward: 17.068. Training.
[INFO] Rocket. Step: 15780000. Time Elapsed: 14790.446 s. Mean Reward: 7.878. Std of Reward: 22.491. Training.
[INFO] Rocket. Step: 15800000. Time Elapsed: 14815.974 s. Mean Reward: 9.405. Std of Reward: 17.584. Training.
[INFO] Rocket. Step: 15820000. Time Elapsed: 14831.083 s. Mean Reward: 11.751. Std of Reward: 17.537. Training.
[INFO] Rocket. Step: 15840000. Time Elapsed: 14846.253 s. Mean Reward: 6.533. Std of Reward: 24.677. Training.
[INFO] Rocket. Step: 15860000. Time Elapsed: 14870.034 s. Mean Reward: 9.997. Std of Reward: 19.161. Training.
[INFO] Rocket. Step: 15880000. Time Elapsed: 14885.898 s. Mean Reward: 11.817. Std of Reward: 16.939. Training.
[INFO] Rocket. Step: 15900000. Time Elapsed: 14908.037 s. Mean Reward: 10.670. Std of Reward: 18.782. Training.
[INFO] Rocket. Step: 15920000. Time Elapsed: 14924.279 s. Mean Reward: 11.528. Std of Reward: 19.747. Training.
[INFO] Rocket. Step: 15940000. Time Elapsed: 14946.932 s. Mean Reward: 13.548. Std of Reward: 17.084. Training.
[INFO] Rocket. Step: 15960000. Time Elapsed: 14962.931 s. Mean Reward: 11.095. Std of Reward: 20.288. Training.
[INFO] Rocket. Step: 15980000. Time Elapsed: 14986.490 s. Mean Reward: 5.670. Std of Reward: 22.909. Training.
[INFO] Rocket. Step: 16000000. Time Elapsed: 15001.835 s. Mean Reward: 8.784. Std of Reward: 20.839. Training.
[INFO] Exported results\L8\Rocket\Rocket-15999562.onnx
[INFO] Rocket. Step: 16020000. Time Elapsed: 15025.338 s. Mean Reward: 5.459. Std of Reward: 24.247. Training.
[INFO] Rocket. Step: 16040000. Time Elapsed: 15041.777 s. Mean Reward: 4.205. Std of Reward: 24.416. Training.
[INFO] Rocket. Step: 16060000. Time Elapsed: 15062.760 s. Mean Reward: 8.911. Std of Reward: 21.157. Training.
[INFO] Rocket. Step: 16080000. Time Elapsed: 15079.662 s. Mean Reward: 6.828. Std of Reward: 22.350. Training.
[INFO] Rocket. Step: 16100000. Time Elapsed: 15102.993 s. Mean Reward: 6.142. Std of Reward: 26.655. Training.
[INFO] Rocket. Step: 16120000. Time Elapsed: 15119.502 s. Mean Reward: 7.376. Std of Reward: 24.034. Training.
[INFO] Rocket. Step: 16140000. Time Elapsed: 15141.444 s. Mean Reward: 6.056. Std of Reward: 21.566. Training.
[INFO] Rocket. Step: 16160000. Time Elapsed: 15157.617 s. Mean Reward: 9.511. Std of Reward: 20.084. Training.
[INFO] Rocket. Step: 16180000. Time Elapsed: 15179.216 s. Mean Reward: 13.317. Std of Reward: 18.492. Training.
[INFO] Rocket. Step: 16200000. Time Elapsed: 15195.534 s. Mean Reward: 7.006. Std of Reward: 21.358. Training.
[INFO] Rocket. Step: 16220000. Time Elapsed: 15218.002 s. Mean Reward: 8.056. Std of Reward: 20.362. Training.
[INFO] Rocket. Step: 16240000. Time Elapsed: 15233.994 s. Mean Reward: 4.822. Std of Reward: 26.053. Training.
[INFO] Rocket. Step: 16260000. Time Elapsed: 15258.630 s. Mean Reward: 4.830. Std of Reward: 22.281. Training.
[INFO] Rocket. Step: 16280000. Time Elapsed: 15272.706 s. Mean Reward: 16.434. Std of Reward: 9.846. Training.
[INFO] Rocket. Step: 16300000. Time Elapsed: 15296.117 s. Mean Reward: 8.024. Std of Reward: 21.989. Training.
[INFO] Rocket. Step: 16320000. Time Elapsed: 15312.212 s. Mean Reward: 6.602. Std of Reward: 21.330. Training.
[INFO] Rocket. Step: 16340000. Time Elapsed: 15334.321 s. Mean Reward: 5.785. Std of Reward: 24.538. Training.
[INFO] Rocket. Step: 16360000. Time Elapsed: 15349.655 s. Mean Reward: 6.123. Std of Reward: 22.335. Training.
[INFO] Rocket. Step: 16380000. Time Elapsed: 15365.136 s. Mean Reward: 12.149. Std of Reward: 17.320. Training.
[INFO] Rocket. Step: 16400000. Time Elapsed: 15389.072 s. Mean Reward: 7.105. Std of Reward: 21.719. Training.
[INFO] Rocket. Step: 16420000. Time Elapsed: 15405.802 s. Mean Reward: 11.825. Std of Reward: 16.918. Training.
[INFO] Rocket. Step: 16440000. Time Elapsed: 15426.114 s. Mean Reward: 9.701. Std of Reward: 19.420. Training.
[INFO] Rocket. Step: 16460000. Time Elapsed: 15444.083 s. Mean Reward: 15.382. Std of Reward: 13.053. Training.
[INFO] Rocket. Step: 16480000. Time Elapsed: 15465.430 s. Mean Reward: 6.530. Std of Reward: 21.553. Training.
[INFO] Rocket. Step: 16500000. Time Elapsed: 15482.931 s. Mean Reward: 12.808. Std of Reward: 14.524. Training.
[INFO] Exported results\L8\Rocket\Rocket-16499952.onnx
[INFO] Rocket. Step: 16520000. Time Elapsed: 15503.443 s. Mean Reward: 12.742. Std of Reward: 17.613. Training.
[INFO] Rocket. Step: 16540000. Time Elapsed: 15520.038 s. Mean Reward: 6.084. Std of Reward: 22.205. Training.
[INFO] Rocket. Step: 16560000. Time Elapsed: 15542.901 s. Mean Reward: 13.329. Std of Reward: 16.406. Training.
[INFO] Rocket. Step: 16580000. Time Elapsed: 15558.444 s. Mean Reward: 13.085. Std of Reward: 15.017. Training.
[INFO] Rocket. Step: 16600000. Time Elapsed: 15581.681 s. Mean Reward: 11.180. Std of Reward: 16.208. Training.
[INFO] Rocket. Step: 16620000. Time Elapsed: 15596.803 s. Mean Reward: 14.422. Std of Reward: 16.063. Training.
[INFO] Rocket. Step: 16640000. Time Elapsed: 15621.636 s. Mean Reward: 12.284. Std of Reward: 14.114. Training.
[INFO] Rocket. Step: 16660000. Time Elapsed: 15635.475 s. Mean Reward: 11.815. Std of Reward: 17.668. Training.
[INFO] Rocket. Step: 16680000. Time Elapsed: 15658.918 s. Mean Reward: 13.021. Std of Reward: 17.467. Training.
[INFO] Rocket. Step: 16700000. Time Elapsed: 15675.105 s. Mean Reward: 4.157. Std of Reward: 22.292. Training.
[INFO] Rocket. Step: 16720000. Time Elapsed: 15697.626 s. Mean Reward: 10.008. Std of Reward: 21.369. Training.
[INFO] Rocket. Step: 16740000. Time Elapsed: 15712.635 s. Mean Reward: 2.845. Std of Reward: 25.034. Training.
[INFO] Rocket. Step: 16760000. Time Elapsed: 15736.490 s. Mean Reward: 5.531. Std of Reward: 19.084. Training.
[INFO] Rocket. Step: 16780000. Time Elapsed: 15753.241 s. Mean Reward: 0.094. Std of Reward: 30.255. Training.
[INFO] Rocket. Step: 16800000. Time Elapsed: 15774.587 s. Mean Reward: 9.005. Std of Reward: 21.831. Training.
[INFO] Rocket. Step: 16820000. Time Elapsed: 15789.952 s. Mean Reward: 10.708. Std of Reward: 23.173. Training.
[INFO] Rocket. Step: 16840000. Time Elapsed: 15813.156 s. Mean Reward: 9.629. Std of Reward: 21.296. Training.
[INFO] Rocket. Step: 16860000. Time Elapsed: 15829.984 s. Mean Reward: 12.305. Std of Reward: 19.731. Training.
[INFO] Rocket. Step: 16880000. Time Elapsed: 15850.608 s. Mean Reward: 10.473. Std of Reward: 22.259. Training.
[INFO] Rocket. Step: 16900000. Time Elapsed: 15867.866 s. Mean Reward: 13.569. Std of Reward: 19.696. Training.
[INFO] Rocket. Step: 16920000. Time Elapsed: 15890.468 s. Mean Reward: 13.383. Std of Reward: 15.928. Training.
[INFO] Rocket. Step: 16940000. Time Elapsed: 15905.867 s. Mean Reward: 3.010. Std of Reward: 22.360. Training.
[INFO] Rocket. Step: 16960000. Time Elapsed: 15930.086 s. Mean Reward: 16.007. Std of Reward: 17.559. Training.
[INFO] Rocket. Step: 16980000. Time Elapsed: 15944.534 s. Mean Reward: 10.826. Std of Reward: 18.800. Training.
[INFO] Rocket. Step: 17000000. Time Elapsed: 15968.295 s. Mean Reward: 15.264. Std of Reward: 12.968. Training.
[INFO] Exported results\L8\Rocket\Rocket-16999758.onnx
[INFO] Rocket. Step: 17020000. Time Elapsed: 15983.312 s. Mean Reward: 9.207. Std of Reward: 22.933. Training.
[INFO] Rocket. Step: 17040000. Time Elapsed: 15999.258 s. Mean Reward: 8.423. Std of Reward: 21.604. Training.
[INFO] Rocket. Step: 17060000. Time Elapsed: 16020.907 s. Mean Reward: 1.365. Std of Reward: 26.913. Training.
[INFO] Rocket. Step: 17080000. Time Elapsed: 16039.298 s. Mean Reward: 3.129. Std of Reward: 26.950. Training.
[INFO] Rocket. Step: 17100000. Time Elapsed: 16059.474 s. Mean Reward: 11.906. Std of Reward: 16.908. Training.
[INFO] Rocket. Step: 17120000. Time Elapsed: 16077.507 s. Mean Reward: 8.676. Std of Reward: 25.807. Training.
[INFO] Rocket. Step: 17140000. Time Elapsed: 16098.158 s. Mean Reward: 10.501. Std of Reward: 20.038. Training.
[INFO] Rocket. Step: 17160000. Time Elapsed: 16114.108 s. Mean Reward: 7.377. Std of Reward: 24.371. Training.
[INFO] Rocket. Step: 17180000. Time Elapsed: 16138.383 s. Mean Reward: 6.345. Std of Reward: 23.720. Training.
[INFO] Rocket. Step: 17200000. Time Elapsed: 16153.085 s. Mean Reward: 15.541. Std of Reward: 12.977. Training.
[INFO] Rocket. Step: 17220000. Time Elapsed: 16174.892 s. Mean Reward: 6.830. Std of Reward: 21.608. Training.
[INFO] Rocket. Step: 17240000. Time Elapsed: 16191.225 s. Mean Reward: 5.696. Std of Reward: 23.207. Training.
[INFO] Rocket. Step: 17260000. Time Elapsed: 16212.641 s. Mean Reward: 14.615. Std of Reward: 16.603. Training.
[INFO] Rocket. Step: 17280000. Time Elapsed: 16230.023 s. Mean Reward: 13.146. Std of Reward: 18.694. Training.
[INFO] Rocket. Step: 17300000. Time Elapsed: 16251.512 s. Mean Reward: 10.776. Std of Reward: 17.823. Training.
[INFO] Rocket. Step: 17320000. Time Elapsed: 16267.380 s. Mean Reward: 8.174. Std of Reward: 21.810. Training.
[INFO] Rocket. Step: 17340000. Time Elapsed: 16290.204 s. Mean Reward: 11.874. Std of Reward: 20.420. Training.
[INFO] Rocket. Step: 17360000. Time Elapsed: 16306.585 s. Mean Reward: 18.687. Std of Reward: 10.481. Training.
[INFO] Rocket. Step: 17380000. Time Elapsed: 16329.422 s. Mean Reward: 16.006. Std of Reward: 15.178. Training.
[INFO] Rocket. Step: 17400000. Time Elapsed: 16346.076 s. Mean Reward: 10.578. Std of Reward: 21.571. Training.
[INFO] Rocket. Step: 17420000. Time Elapsed: 16368.776 s. Mean Reward: 5.230. Std of Reward: 22.317. Training.
[INFO] Rocket. Step: 17440000. Time Elapsed: 16383.372 s. Mean Reward: 5.450. Std of Reward: 25.175. Training.
[INFO] Rocket. Step: 17460000. Time Elapsed: 16407.653 s. Mean Reward: 14.533. Std of Reward: 13.895. Training.
[INFO] Rocket. Step: 17480000. Time Elapsed: 16423.838 s. Mean Reward: 10.750. Std of Reward: 23.288. Training.
[INFO] Rocket. Step: 17500000. Time Elapsed: 16445.702 s. Mean Reward: 12.785. Std of Reward: 16.549. Training.
[INFO] Exported results\L8\Rocket\Rocket-17499401.onnx
[INFO] Rocket. Step: 17520000. Time Elapsed: 16463.526 s. Mean Reward: 16.133. Std of Reward: 13.055. Training.
[INFO] Rocket. Step: 17540000. Time Elapsed: 16484.489 s. Mean Reward: 10.381. Std of Reward: 20.788. Training.
[INFO] Rocket. Step: 17560000. Time Elapsed: 16501.473 s. Mean Reward: 10.778. Std of Reward: 20.834. Training.
[INFO] Rocket. Step: 17580000. Time Elapsed: 16522.539 s. Mean Reward: 7.605. Std of Reward: 21.039. Training.
[INFO] Rocket. Step: 17600000. Time Elapsed: 16538.572 s. Mean Reward: 5.378. Std of Reward: 24.399. Training.
[INFO] Rocket. Step: 17620000. Time Elapsed: 16555.698 s. Mean Reward: 15.185. Std of Reward: 13.424. Training.
[INFO] Rocket. Step: 17640000. Time Elapsed: 16575.977 s. Mean Reward: 12.291. Std of Reward: 20.979. Training.
[INFO] Rocket. Step: 17660000. Time Elapsed: 16593.328 s. Mean Reward: 3.946. Std of Reward: 27.500. Training.
[INFO] Rocket. Step: 17680000. Time Elapsed: 16616.006 s. Mean Reward: 10.475. Std of Reward: 22.903. Training.
[INFO] Rocket. Step: 17700000. Time Elapsed: 16631.217 s. Mean Reward: 15.197. Std of Reward: 15.943. Training.
[INFO] Rocket. Step: 17720000. Time Elapsed: 16654.232 s. Mean Reward: 6.434. Std of Reward: 23.941. Training.
[INFO] Rocket. Step: 17740000. Time Elapsed: 16669.847 s. Mean Reward: 11.285. Std of Reward: 21.273. Training.
[INFO] Rocket. Step: 17760000. Time Elapsed: 16692.494 s. Mean Reward: 11.269. Std of Reward: 17.926. Training.
[INFO] Rocket. Step: 17780000. Time Elapsed: 16707.287 s. Mean Reward: 11.843. Std of Reward: 20.163. Training.
[INFO] Rocket. Step: 17800000. Time Elapsed: 16730.683 s. Mean Reward: 9.753. Std of Reward: 22.949. Training.
[INFO] Rocket. Step: 17820000. Time Elapsed: 16747.003 s. Mean Reward: 14.042. Std of Reward: 15.583. Training.
[INFO] Rocket. Step: 17840000. Time Elapsed: 16768.463 s. Mean Reward: 14.989. Std of Reward: 19.626. Training.
[INFO] Rocket. Step: 17860000. Time Elapsed: 16784.607 s. Mean Reward: 12.147. Std of Reward: 20.445. Training.
[INFO] Rocket. Step: 17880000. Time Elapsed: 16809.121 s. Mean Reward: 5.680. Std of Reward: 21.284. Training.
[INFO] Rocket. Step: 17900000. Time Elapsed: 16823.943 s. Mean Reward: 9.078. Std of Reward: 24.773. Training.
[INFO] Rocket. Step: 17920000. Time Elapsed: 16845.505 s. Mean Reward: 16.138. Std of Reward: 13.702. Training.
[INFO] Rocket. Step: 17940000. Time Elapsed: 16862.208 s. Mean Reward: 9.476. Std of Reward: 22.683. Training.
[INFO] Rocket. Step: 17960000. Time Elapsed: 16885.638 s. Mean Reward: 7.471. Std of Reward: 22.182. Training.
[INFO] Rocket. Step: 17980000. Time Elapsed: 16900.575 s. Mean Reward: 12.308. Std of Reward: 18.416. Training.
[INFO] Rocket. Step: 18000000. Time Elapsed: 16923.965 s. Mean Reward: 6.594. Std of Reward: 24.472. Training.
[INFO] Exported results\L8\Rocket\Rocket-17999415.onnx
[INFO] Rocket. Step: 18020000. Time Elapsed: 16939.658 s. Mean Reward: 14.559. Std of Reward: 19.340. Training.
[INFO] Rocket. Step: 18040000. Time Elapsed: 16962.548 s. Mean Reward: 5.713. Std of Reward: 26.046. Training.
[INFO] Rocket. Step: 18060000. Time Elapsed: 16977.755 s. Mean Reward: 6.918. Std of Reward: 25.184. Training.
[INFO] Rocket. Step: 18080000. Time Elapsed: 17000.096 s. Mean Reward: 13.265. Std of Reward: 14.798. Training.
[INFO] Rocket. Step: 18100000. Time Elapsed: 17015.690 s. Mean Reward: 15.579. Std of Reward: 13.420. Training.
[INFO] Rocket. Step: 18120000. Time Elapsed: 17039.557 s. Mean Reward: 7.928. Std of Reward: 21.300. Training.
[INFO] Rocket. Step: 18140000. Time Elapsed: 17056.453 s. Mean Reward: 13.853. Std of Reward: 14.678. Training.
[INFO] Rocket. Step: 18160000. Time Elapsed: 17077.190 s. Mean Reward: 0.194. Std of Reward: 27.801. Training.
[INFO] Rocket. Step: 18180000. Time Elapsed: 17093.432 s. Mean Reward: 12.560. Std of Reward: 17.443. Training.
[INFO] Rocket. Step: 18200000. Time Elapsed: 17109.108 s. Mean Reward: 15.834. Std of Reward: 17.248. Training.
[INFO] Rocket. Step: 18220000. Time Elapsed: 17132.845 s. Mean Reward: 13.806. Std of Reward: 17.932. Training.
[INFO] Rocket. Step: 18240000. Time Elapsed: 17146.222 s. Mean Reward: 5.041. Std of Reward: 26.944. Training.
[INFO] Rocket. Step: 18260000. Time Elapsed: 17169.306 s. Mean Reward: 12.667. Std of Reward: 19.080. Training.
[INFO] Rocket. Step: 18280000. Time Elapsed: 17185.118 s. Mean Reward: 9.903. Std of Reward: 25.373. Training.
[INFO] Rocket. Step: 18300000. Time Elapsed: 17209.648 s. Mean Reward: 9.069. Std of Reward: 22.109. Training.
[INFO] Rocket. Step: 18320000. Time Elapsed: 17222.979 s. Mean Reward: 1.643. Std of Reward: 28.447. Training.
[INFO] Rocket. Step: 18340000. Time Elapsed: 17246.755 s. Mean Reward: 16.931. Std of Reward: 14.953. Training.
[INFO] Rocket. Step: 18360000. Time Elapsed: 17261.001 s. Mean Reward: 11.753. Std of Reward: 21.009. Training.
[INFO] Rocket. Step: 18380000. Time Elapsed: 17283.909 s. Mean Reward: 12.952. Std of Reward: 20.123. Training.
[INFO] Rocket. Step: 18400000. Time Elapsed: 17299.144 s. Mean Reward: 5.725. Std of Reward: 24.004. Training.
[INFO] Rocket. Step: 18420000. Time Elapsed: 17320.776 s. Mean Reward: 10.516. Std of Reward: 19.481. Training.
[INFO] Rocket. Step: 18440000. Time Elapsed: 17338.894 s. Mean Reward: 10.190. Std of Reward: 20.878. Training.
[INFO] Rocket. Step: 18460000. Time Elapsed: 17359.477 s. Mean Reward: 17.063. Std of Reward: 15.799. Training.
[INFO] Rocket. Step: 18480000. Time Elapsed: 17376.958 s. Mean Reward: 14.224. Std of Reward: 18.090. Training.
[INFO] Rocket. Step: 18500000. Time Elapsed: 17399.226 s. Mean Reward: 12.211. Std of Reward: 19.735. Training.
[INFO] Exported results\L8\Rocket\Rocket-18499890.onnx
[INFO] Rocket. Step: 18520000. Time Elapsed: 17415.651 s. Mean Reward: 5.096. Std of Reward: 23.311. Training.
[INFO] Rocket. Step: 18540000. Time Elapsed: 17438.203 s. Mean Reward: 10.776. Std of Reward: 20.745. Training.
[INFO] Rocket. Step: 18560000. Time Elapsed: 17453.819 s. Mean Reward: 13.048. Std of Reward: 19.419. Training.
[INFO] Rocket. Step: 18580000. Time Elapsed: 17475.432 s. Mean Reward: 6.315. Std of Reward: 22.205. Training.
[INFO] Rocket. Step: 18600000. Time Elapsed: 17491.037 s. Mean Reward: 10.181. Std of Reward: 19.180. Training.
[INFO] Rocket. Step: 18620000. Time Elapsed: 17514.241 s. Mean Reward: 11.327. Std of Reward: 24.382. Training.
[INFO] Rocket. Step: 18640000. Time Elapsed: 17529.949 s. Mean Reward: 10.990. Std of Reward: 20.217. Training.
[INFO] Rocket. Step: 18660000. Time Elapsed: 17552.108 s. Mean Reward: 15.025. Std of Reward: 16.087. Training.
[INFO] Rocket. Step: 18680000. Time Elapsed: 17568.982 s. Mean Reward: 10.555. Std of Reward: 20.708. Training.
[INFO] Rocket. Step: 18700000. Time Elapsed: 17590.377 s. Mean Reward: 4.809. Std of Reward: 23.129. Training.
[INFO] Rocket. Step: 18720000. Time Elapsed: 17605.412 s. Mean Reward: 0.097. Std of Reward: 24.297. Training.
[INFO] Rocket. Step: 18740000. Time Elapsed: 17628.598 s. Mean Reward: 14.711. Std of Reward: 13.638. Training.
[INFO] Rocket. Step: 18760000. Time Elapsed: 17645.190 s. Mean Reward: 7.361. Std of Reward: 22.228. Training.
[INFO] Rocket. Step: 18780000. Time Elapsed: 17659.097 s. Mean Reward: 16.709. Std of Reward: 14.462. Training.
[INFO] Rocket. Step: 18800000. Time Elapsed: 17681.602 s. Mean Reward: 2.723. Std of Reward: 21.338. Training.
[INFO] Rocket. Step: 18820000. Time Elapsed: 17698.929 s. Mean Reward: 10.067. Std of Reward: 19.644. Training.
[INFO] Rocket. Step: 18840000. Time Elapsed: 17720.714 s. Mean Reward: 14.262. Std of Reward: 15.412. Training.
[INFO] Rocket. Step: 18860000. Time Elapsed: 17736.641 s. Mean Reward: 15.379. Std of Reward: 17.106. Training.
[INFO] Rocket. Step: 18880000. Time Elapsed: 17760.273 s. Mean Reward: 11.362. Std of Reward: 19.034. Training.
[INFO] Rocket. Step: 18900000. Time Elapsed: 17774.102 s. Mean Reward: 13.726. Std of Reward: 21.000. Training.
[INFO] Rocket. Step: 18920000. Time Elapsed: 17797.261 s. Mean Reward: 10.883. Std of Reward: 18.903. Training.
[INFO] Rocket. Step: 18940000. Time Elapsed: 17811.988 s. Mean Reward: 2.398. Std of Reward: 27.248. Training.
[INFO] Rocket. Step: 18960000. Time Elapsed: 17835.573 s. Mean Reward: 13.865. Std of Reward: 19.342. Training.
[INFO] Rocket. Step: 18980000. Time Elapsed: 17851.275 s. Mean Reward: 11.162. Std of Reward: 18.310. Training.
[INFO] Rocket. Step: 19000000. Time Elapsed: 17874.017 s. Mean Reward: 3.900. Std of Reward: 26.055. Training.
[INFO] Exported results\L8\Rocket\Rocket-18999948.onnx
[INFO] Rocket. Step: 19020000. Time Elapsed: 17888.772 s. Mean Reward: 11.438. Std of Reward: 19.278. Training.
[INFO] Rocket. Step: 19040000. Time Elapsed: 17912.325 s. Mean Reward: 9.053. Std of Reward: 22.014. Training.
[INFO] Rocket. Step: 19060000. Time Elapsed: 17927.323 s. Mean Reward: 17.174. Std of Reward: 15.682. Training.
[INFO] Rocket. Step: 19080000. Time Elapsed: 17949.635 s. Mean Reward: 4.732. Std of Reward: 21.627. Training.
[INFO] Rocket. Step: 19100000. Time Elapsed: 17966.165 s. Mean Reward: 11.036. Std of Reward: 16.553. Training.
[INFO] Rocket. Step: 19120000. Time Elapsed: 17987.316 s. Mean Reward: 18.288. Std of Reward: 9.573. Training.
[INFO] Rocket. Step: 19140000. Time Elapsed: 18004.463 s. Mean Reward: 16.043. Std of Reward: 13.159. Training.
[INFO] Rocket. Step: 19160000. Time Elapsed: 18026.361 s. Mean Reward: 9.281. Std of Reward: 21.035. Training.
[INFO] Rocket. Step: 19180000. Time Elapsed: 18041.220 s. Mean Reward: 7.884. Std of Reward: 20.662. Training.
[INFO] Rocket. Step: 19200000. Time Elapsed: 18062.500 s. Mean Reward: 10.351. Std of Reward: 20.898. Training.
[INFO] Rocket. Step: 19220000. Time Elapsed: 18079.525 s. Mean Reward: 5.812. Std of Reward: 20.916. Training.
[INFO] Rocket. Step: 19240000. Time Elapsed: 18102.188 s. Mean Reward: 11.831. Std of Reward: 17.164. Training.
[INFO] Rocket. Step: 19260000. Time Elapsed: 18117.923 s. Mean Reward: 10.707. Std of Reward: 23.770. Training.
[INFO] Rocket. Step: 19280000. Time Elapsed: 18139.769 s. Mean Reward: 12.073. Std of Reward: 18.176. Training.
[INFO] Rocket. Step: 19300000. Time Elapsed: 18156.785 s. Mean Reward: 17.007. Std of Reward: 13.871. Training.
[INFO] Rocket. Step: 19320000. Time Elapsed: 18178.587 s. Mean Reward: 18.022. Std of Reward: 10.163. Training.
[INFO] Rocket. Step: 19340000. Time Elapsed: 18194.332 s. Mean Reward: 9.968. Std of Reward: 21.555. Training.
[INFO] Rocket. Step: 19360000. Time Elapsed: 18218.450 s. Mean Reward: 5.459. Std of Reward: 25.417. Training.
[INFO] Rocket. Step: 19380000. Time Elapsed: 18232.156 s. Mean Reward: 11.274. Std of Reward: 17.896. Training.
[INFO] Rocket. Step: 19400000. Time Elapsed: 18248.106 s. Mean Reward: 12.387. Std of Reward: 17.603. Training.
[INFO] Rocket. Step: 19420000. Time Elapsed: 18271.761 s. Mean Reward: 12.600. Std of Reward: 18.004. Training.
[INFO] Rocket. Step: 19440000. Time Elapsed: 18286.544 s. Mean Reward: 11.905. Std of Reward: 21.384. Training.
[INFO] Rocket. Step: 19460000. Time Elapsed: 18308.386 s. Mean Reward: 8.604. Std of Reward: 20.123. Training.
[INFO] Rocket. Step: 19480000. Time Elapsed: 18325.649 s. Mean Reward: 12.966. Std of Reward: 19.481. Training.
[INFO] Rocket. Step: 19500000. Time Elapsed: 18346.749 s. Mean Reward: 13.607. Std of Reward: 17.753. Training.
[INFO] Exported results\L8\Rocket\Rocket-19499751.onnx
[INFO] Rocket. Step: 19520000. Time Elapsed: 18363.524 s. Mean Reward: 10.033. Std of Reward: 21.859. Training.
[INFO] Rocket. Step: 19540000. Time Elapsed: 18385.450 s. Mean Reward: 9.066. Std of Reward: 24.551. Training.
[INFO] Rocket. Step: 19560000. Time Elapsed: 18402.248 s. Mean Reward: 16.227. Std of Reward: 18.959. Training.
[INFO] Rocket. Step: 19580000. Time Elapsed: 18423.878 s. Mean Reward: 10.042. Std of Reward: 20.135. Training.
[INFO] Rocket. Step: 19600000. Time Elapsed: 18439.879 s. Mean Reward: 5.086. Std of Reward: 26.485. Training.
[INFO] Rocket. Step: 19620000. Time Elapsed: 18461.859 s. Mean Reward: 8.779. Std of Reward: 18.358. Training.
[INFO] Rocket. Step: 19640000. Time Elapsed: 18478.841 s. Mean Reward: 5.218. Std of Reward: 25.263. Training.
[INFO] Rocket. Step: 19660000. Time Elapsed: 18499.804 s. Mean Reward: 13.829. Std of Reward: 15.944. Training.
[INFO] Rocket. Step: 19680000. Time Elapsed: 18516.057 s. Mean Reward: 4.493. Std of Reward: 23.196. Training.
[INFO] Rocket. Step: 19700000. Time Elapsed: 18539.220 s. Mean Reward: 16.073. Std of Reward: 15.420. Training.
[INFO] Rocket. Step: 19720000. Time Elapsed: 18554.621 s. Mean Reward: 16.886. Std of Reward: 10.819. Training.
[INFO] Rocket. Step: 19740000. Time Elapsed: 18578.049 s. Mean Reward: 12.719. Std of Reward: 18.069. Training.
[INFO] Rocket. Step: 19760000. Time Elapsed: 18592.400 s. Mean Reward: 3.265. Std of Reward: 27.196. Training.
[INFO] Rocket. Step: 19780000. Time Elapsed: 18615.203 s. Mean Reward: 10.156. Std of Reward: 21.729. Training.
[INFO] Rocket. Step: 19800000. Time Elapsed: 18632.092 s. Mean Reward: 9.879. Std of Reward: 21.649. Training.
[INFO] Rocket. Step: 19820000. Time Elapsed: 18653.222 s. Mean Reward: 8.796. Std of Reward: 20.042. Training.
[INFO] Rocket. Step: 19840000. Time Elapsed: 18669.926 s. Mean Reward: 3.417. Std of Reward: 23.999. Training.
[INFO] Rocket. Step: 19860000. Time Elapsed: 18691.872 s. Mean Reward: 11.900. Std of Reward: 19.801. Training.
[INFO] Rocket. Step: 19880000. Time Elapsed: 18706.365 s. Mean Reward: 14.441. Std of Reward: 17.133. Training.
[INFO] Rocket. Step: 19900000. Time Elapsed: 18729.386 s. Mean Reward: 6.129. Std of Reward: 26.076. Training.
[INFO] Rocket. Step: 19920000. Time Elapsed: 18745.050 s. Mean Reward: 11.045. Std of Reward: 21.753. Training.
[INFO] Rocket. Step: 19940000. Time Elapsed: 18768.531 s. Mean Reward: 14.372. Std of Reward: 16.026. Training.
[INFO] Rocket. Step: 19960000. Time Elapsed: 18783.389 s. Mean Reward: 13.389. Std of Reward: 19.709. Training.
[INFO] Rocket. Step: 19980000. Time Elapsed: 18800.353 s. Mean Reward: 10.123. Std of Reward: 18.656. Training.
[INFO] Rocket. Step: 20000000. Time Elapsed: 18821.064 s. Mean Reward: 10.152. Std of Reward: 25.011. Training.
[INFO] Exported results\L8\Rocket\Rocket-19999830.onnx
[INFO] Rocket. Step: 20020000. Time Elapsed: 18836.945 s. Mean Reward: 17.015. Std of Reward: 15.975. Training.
[INFO] Rocket. Step: 20040000. Time Elapsed: 18858.423 s. Mean Reward: 8.786. Std of Reward: 21.523. Training.
[INFO] Rocket. Step: 20060000. Time Elapsed: 18875.847 s. Mean Reward: 11.586. Std of Reward: 24.324. Training.
[INFO] Rocket. Step: 20080000. Time Elapsed: 18897.506 s. Mean Reward: 2.085. Std of Reward: 26.058. Training.
[INFO] Rocket. Step: 20100000. Time Elapsed: 18914.873 s. Mean Reward: 14.246. Std of Reward: 16.743. Training.
[INFO] Rocket. Step: 20120000. Time Elapsed: 18936.279 s. Mean Reward: 10.361. Std of Reward: 20.523. Training.
[INFO] Rocket. Step: 20140000. Time Elapsed: 18950.993 s. Mean Reward: 9.855. Std of Reward: 21.120. Training.
[INFO] Rocket. Step: 20160000. Time Elapsed: 18974.656 s. Mean Reward: 5.701. Std of Reward: 23.929. Training.
[INFO] Rocket. Step: 20180000. Time Elapsed: 18987.917 s. Mean Reward: 5.612. Std of Reward: 21.753. Training.
[INFO] Rocket. Step: 20200000. Time Elapsed: 19012.435 s. Mean Reward: 1.738. Std of Reward: 28.741. Training.
[INFO] Rocket. Step: 20220000. Time Elapsed: 19028.055 s. Mean Reward: 7.236. Std of Reward: 24.855. Training.
[INFO] Rocket. Step: 20240000. Time Elapsed: 19049.207 s. Mean Reward: -1.883. Std of Reward: 28.084. Training.
[INFO] Rocket. Step: 20260000. Time Elapsed: 19063.245 s. Mean Reward: 6.560. Std of Reward: 24.092. Training.
[INFO] Rocket. Step: 20280000. Time Elapsed: 19087.617 s. Mean Reward: 10.593. Std of Reward: 19.181. Training.
[INFO] Rocket. Step: 20300000. Time Elapsed: 19102.239 s. Mean Reward: 20.014. Std of Reward: 11.000. Training.
[INFO] Rocket. Step: 20320000. Time Elapsed: 19124.864 s. Mean Reward: 11.795. Std of Reward: 20.163. Training.
[INFO] Rocket. Step: 20340000. Time Elapsed: 19140.601 s. Mean Reward: 8.164. Std of Reward: 21.269. Training.
[INFO] Rocket. Step: 20360000. Time Elapsed: 19163.685 s. Mean Reward: 0.278. Std of Reward: 27.612. Training.
[INFO] Rocket. Step: 20380000. Time Elapsed: 19179.315 s. Mean Reward: 14.488. Std of Reward: 17.794. Training.
[INFO] Rocket. Step: 20400000. Time Elapsed: 19201.297 s. Mean Reward: 11.331. Std of Reward: 17.441. Training.
[INFO] Rocket. Step: 20420000. Time Elapsed: 19218.235 s. Mean Reward: 4.821. Std of Reward: 25.962. Training.
[INFO] Rocket. Step: 20440000. Time Elapsed: 19239.496 s. Mean Reward: 12.533. Std of Reward: 16.221. Training.
[INFO] Rocket. Step: 20460000. Time Elapsed: 19255.023 s. Mean Reward: 13.767. Std of Reward: 20.356. Training.
[INFO] Rocket. Step: 20480000. Time Elapsed: 19277.743 s. Mean Reward: 12.242. Std of Reward: 17.677. Training.
[INFO] Rocket. Step: 20500000. Time Elapsed: 19294.194 s. Mean Reward: 1.452. Std of Reward: 27.297. Training.
[INFO] Exported results\L8\Rocket\Rocket-20499603.onnx
[INFO] Rocket. Step: 20520000. Time Elapsed: 19308.988 s. Mean Reward: 9.613. Std of Reward: 24.937. Training.
[INFO] Rocket. Step: 20540000. Time Elapsed: 19329.800 s. Mean Reward: 15.334. Std of Reward: 14.313. Training.
[INFO] Rocket. Step: 20560000. Time Elapsed: 19346.119 s. Mean Reward: 12.434. Std of Reward: 22.726. Training.
[INFO] Rocket. Step: 20580000. Time Elapsed: 19367.719 s. Mean Reward: 14.736. Std of Reward: 18.975. Training.
[INFO] Rocket. Step: 20600000. Time Elapsed: 19385.419 s. Mean Reward: 18.739. Std of Reward: 10.766. Training.
[INFO] Rocket. Step: 20620000. Time Elapsed: 19407.295 s. Mean Reward: 3.033. Std of Reward: 26.185. Training.
[INFO] Rocket. Step: 20640000. Time Elapsed: 19423.393 s. Mean Reward: 7.910. Std of Reward: 22.843. Training.
[INFO] Rocket. Step: 20660000. Time Elapsed: 19444.447 s. Mean Reward: 6.674. Std of Reward: 25.902. Training.
[INFO] Rocket. Step: 20680000. Time Elapsed: 19460.427 s. Mean Reward: 17.278. Std of Reward: 9.930. Training.
[INFO] Rocket. Step: 20700000. Time Elapsed: 19483.314 s. Mean Reward: 10.437. Std of Reward: 20.264. Training.
[INFO] Rocket. Step: 20720000. Time Elapsed: 19498.924 s. Mean Reward: 8.199. Std of Reward: 22.163. Training.
[INFO] Rocket. Step: 20740000. Time Elapsed: 19521.072 s. Mean Reward: 9.994. Std of Reward: 23.209. Training.
[INFO] Rocket. Step: 20760000. Time Elapsed: 19537.085 s. Mean Reward: 6.503. Std of Reward: 26.098. Training.
[INFO] Rocket. Step: 20780000. Time Elapsed: 19558.512 s. Mean Reward: 12.647. Std of Reward: 19.762. Training.
[INFO] Rocket. Step: 20800000. Time Elapsed: 19575.254 s. Mean Reward: 11.346. Std of Reward: 20.543. Training.
[INFO] Rocket. Step: 20820000. Time Elapsed: 19595.411 s. Mean Reward: 16.160. Std of Reward: 16.464. Training.
[INFO] Rocket. Step: 20840000. Time Elapsed: 19612.301 s. Mean Reward: 7.386. Std of Reward: 22.861. Training.
[INFO] Rocket. Step: 20860000. Time Elapsed: 19634.465 s. Mean Reward: 4.068. Std of Reward: 26.961. Training.
[INFO] Rocket. Step: 20880000. Time Elapsed: 19651.866 s. Mean Reward: 11.132. Std of Reward: 18.726. Training.
[INFO] Rocket. Step: 20900000. Time Elapsed: 19671.741 s. Mean Reward: 10.133. Std of Reward: 22.232. Training.
[INFO] Rocket. Step: 20920000. Time Elapsed: 19689.081 s. Mean Reward: 15.017. Std of Reward: 16.719. Training.
[INFO] Rocket. Step: 20940000. Time Elapsed: 19711.222 s. Mean Reward: 11.865. Std of Reward: 21.676. Training.
[INFO] Rocket. Step: 20960000. Time Elapsed: 19726.687 s. Mean Reward: 15.823. Std of Reward: 13.421. Training.
[INFO] Rocket. Step: 20980000. Time Elapsed: 19746.311 s. Mean Reward: 11.524. Std of Reward: 21.170. Training.
[INFO] Rocket. Step: 21000000. Time Elapsed: 19765.550 s. Mean Reward: 12.306. Std of Reward: 17.101. Training.
[INFO] Exported results\L8\Rocket\Rocket-20999316.onnx
[INFO] Rocket. Step: 21020000. Time Elapsed: 19786.377 s. Mean Reward: 14.579. Std of Reward: 16.260. Training.
[INFO] Rocket. Step: 21040000. Time Elapsed: 19802.900 s. Mean Reward: 6.587. Std of Reward: 22.589. Training.
[INFO] Rocket. Step: 21060000. Time Elapsed: 19824.650 s. Mean Reward: 9.621. Std of Reward: 21.499. Training.
[INFO] Rocket. Step: 21080000. Time Elapsed: 19840.956 s. Mean Reward: 12.920. Std of Reward: 18.744. Training.
[INFO] Rocket. Step: 21100000. Time Elapsed: 19856.893 s. Mean Reward: 17.283. Std of Reward: 13.546. Training.
[INFO] Rocket. Step: 21120000. Time Elapsed: 19878.098 s. Mean Reward: 14.146. Std of Reward: 18.793. Training.
[INFO] Rocket. Step: 21140000. Time Elapsed: 19894.876 s. Mean Reward: 2.475. Std of Reward: 27.757. Training.
[INFO] Rocket. Step: 21160000. Time Elapsed: 19916.557 s. Mean Reward: 12.217. Std of Reward: 19.240. Training.
[INFO] Rocket. Step: 21180000. Time Elapsed: 19933.056 s. Mean Reward: 11.568. Std of Reward: 24.183. Training.
[INFO] Rocket. Step: 21200000. Time Elapsed: 19955.019 s. Mean Reward: 12.942. Std of Reward: 18.532. Training.
[INFO] Rocket. Step: 21220000. Time Elapsed: 19971.109 s. Mean Reward: 11.638. Std of Reward: 18.274. Training.
[INFO] Rocket. Step: 21240000. Time Elapsed: 19993.544 s. Mean Reward: 1.824. Std of Reward: 27.689. Training.
[INFO] Rocket. Step: 21260000. Time Elapsed: 20008.058 s. Mean Reward: 11.095. Std of Reward: 22.010. Training.
[INFO] Rocket. Step: 21280000. Time Elapsed: 20030.589 s. Mean Reward: 16.237. Std of Reward: 14.926. Training.
[INFO] Rocket. Step: 21300000. Time Elapsed: 20046.367 s. Mean Reward: 10.415. Std of Reward: 23.755. Training.
[INFO] Rocket. Step: 21320000. Time Elapsed: 20068.467 s. Mean Reward: 16.539. Std of Reward: 15.706. Training.
[INFO] Rocket. Step: 21340000. Time Elapsed: 20084.690 s. Mean Reward: 7.724. Std of Reward: 22.944. Training.
[INFO] Rocket. Step: 21360000. Time Elapsed: 20107.715 s. Mean Reward: 15.376. Std of Reward: 19.700. Training.
[INFO] Rocket. Step: 21380000. Time Elapsed: 20122.638 s. Mean Reward: 9.558. Std of Reward: 22.978. Training.
[INFO] Rocket. Step: 21400000. Time Elapsed: 20144.710 s. Mean Reward: 14.529. Std of Reward: 18.923. Training.
[INFO] Rocket. Step: 21420000. Time Elapsed: 20159.705 s. Mean Reward: 8.668. Std of Reward: 22.287. Training.
[INFO] Rocket. Step: 21440000. Time Elapsed: 20184.436 s. Mean Reward: 10.727. Std of Reward: 20.943. Training.
[INFO] Rocket. Step: 21460000. Time Elapsed: 20198.595 s. Mean Reward: 9.040. Std of Reward: 25.169. Training.
[INFO] Rocket. Step: 21480000. Time Elapsed: 20221.313 s. Mean Reward: 12.176. Std of Reward: 17.555. Training.
[INFO] Rocket. Step: 21500000. Time Elapsed: 20236.140 s. Mean Reward: 18.200. Std of Reward: 11.040. Training.
[INFO] Exported results\L8\Rocket\Rocket-21499490.onnx
[INFO] Rocket. Step: 21520000. Time Elapsed: 20257.692 s. Mean Reward: 11.705. Std of Reward: 19.407. Training.
[INFO] Rocket. Step: 21540000. Time Elapsed: 20273.217 s. Mean Reward: 10.506. Std of Reward: 22.214. Training.
[INFO] Rocket. Step: 21560000. Time Elapsed: 20296.953 s. Mean Reward: 15.129. Std of Reward: 16.809. Training.
[INFO] Rocket. Step: 21580000. Time Elapsed: 20311.663 s. Mean Reward: 13.697. Std of Reward: 16.938. Training.
[INFO] Rocket. Step: 21600000. Time Elapsed: 20336.086 s. Mean Reward: 12.242. Std of Reward: 18.396. Training.
[INFO] Rocket. Step: 21620000. Time Elapsed: 20349.153 s. Mean Reward: 10.454. Std of Reward: 21.897. Training.
[INFO] Rocket. Step: 21640000. Time Elapsed: 20372.472 s. Mean Reward: 6.257. Std of Reward: 27.092. Training.
[INFO] Rocket. Step: 21660000. Time Elapsed: 20387.311 s. Mean Reward: -0.735. Std of Reward: 27.087. Training.
[INFO] Rocket. Step: 21680000. Time Elapsed: 20411.610 s. Mean Reward: 15.775. Std of Reward: 14.630. Training.
[INFO] Rocket. Step: 21700000. Time Elapsed: 20424.985 s. Mean Reward: 3.097. Std of Reward: 27.748. Training.
[INFO] Rocket. Step: 21720000. Time Elapsed: 20440.446 s. Mean Reward: 7.383. Std of Reward: 22.053. Training.
[INFO] Rocket. Step: 21740000. Time Elapsed: 20464.315 s. Mean Reward: 15.206. Std of Reward: 17.240. Training.
[INFO] Rocket. Step: 21760000. Time Elapsed: 20479.269 s. Mean Reward: 13.677. Std of Reward: 18.351. Training.
[INFO] Rocket. Step: 21780000. Time Elapsed: 20499.926 s. Mean Reward: 3.340. Std of Reward: 25.131. Training.
[INFO] Rocket. Step: 21800000. Time Elapsed: 20517.623 s. Mean Reward: 6.551. Std of Reward: 26.782. Training.
[INFO] Rocket. Step: 21820000. Time Elapsed: 20539.723 s. Mean Reward: 10.972. Std of Reward: 21.103. Training.
[INFO] Rocket. Step: 21840000. Time Elapsed: 20555.306 s. Mean Reward: 8.308. Std of Reward: 22.986. Training.
[INFO] Rocket. Step: 21860000. Time Elapsed: 20577.294 s. Mean Reward: 6.926. Std of Reward: 22.606. Training.
[INFO] Rocket. Step: 21880000. Time Elapsed: 20594.000 s. Mean Reward: 12.458. Std of Reward: 13.837. Training.
[INFO] Rocket. Step: 21900000. Time Elapsed: 20615.105 s. Mean Reward: 6.352. Std of Reward: 23.824. Training.
[INFO] Rocket. Step: 21920000. Time Elapsed: 20631.597 s. Mean Reward: -2.068. Std of Reward: 30.178. Training.
[INFO] Rocket. Step: 21940000. Time Elapsed: 20652.942 s. Mean Reward: 8.887. Std of Reward: 22.999. Training.
[INFO] Rocket. Step: 21960000. Time Elapsed: 20668.454 s. Mean Reward: 13.693. Std of Reward: 17.437. Training.
[INFO] Rocket. Step: 21980000. Time Elapsed: 20690.241 s. Mean Reward: 10.295. Std of Reward: 20.967. Training.
[INFO] Rocket. Step: 22000000. Time Elapsed: 20706.977 s. Mean Reward: 7.707. Std of Reward: 21.881. Training.
[INFO] Exported results\L8\Rocket\Rocket-21999987.onnx
[INFO] Rocket. Step: 22020000. Time Elapsed: 20728.928 s. Mean Reward: 0.915. Std of Reward: 22.905. Training.
[INFO] Rocket. Step: 22040000. Time Elapsed: 20745.657 s. Mean Reward: 0.486. Std of Reward: 26.915. Training.
[INFO] Rocket. Step: 22060000. Time Elapsed: 20766.434 s. Mean Reward: 13.065. Std of Reward: 19.852. Training.
[INFO] Rocket. Step: 22080000. Time Elapsed: 20780.119 s. Mean Reward: 7.611. Std of Reward: 25.106. Training.
[INFO] Rocket. Step: 22100000. Time Elapsed: 20804.068 s. Mean Reward: 11.550. Std of Reward: 23.075. Training.
[INFO] Rocket. Step: 22120000. Time Elapsed: 20817.665 s. Mean Reward: 2.752. Std of Reward: 22.028. Training.
[INFO] Rocket. Step: 22140000. Time Elapsed: 20842.297 s. Mean Reward: 10.992. Std of Reward: 21.848. Training.
[INFO] Rocket. Step: 22160000. Time Elapsed: 20857.759 s. Mean Reward: 13.880. Std of Reward: 17.376. Training.
[INFO] Rocket. Step: 22180000. Time Elapsed: 20879.874 s. Mean Reward: 10.966. Std of Reward: 23.716. Training.
[INFO] Rocket. Step: 22200000. Time Elapsed: 20895.968 s. Mean Reward: 12.537. Std of Reward: 17.894. Training.
[INFO] Rocket. Step: 22220000. Time Elapsed: 20918.513 s. Mean Reward: 11.448. Std of Reward: 20.471. Training.
[INFO] Rocket. Step: 22240000. Time Elapsed: 20934.302 s. Mean Reward: 8.245. Std of Reward: 20.028. Training.
[INFO] Rocket. Step: 22260000. Time Elapsed: 20956.347 s. Mean Reward: -8.085. Std of Reward: 28.193. Training.
[INFO] Rocket. Step: 22280000. Time Elapsed: 20970.965 s. Mean Reward: 4.548. Std of Reward: 22.334. Training.
[INFO] Rocket. Step: 22300000. Time Elapsed: 20987.807 s. Mean Reward: 8.955. Std of Reward: 24.119. Training.
[INFO] Rocket. Step: 22320000. Time Elapsed: 21008.881 s. Mean Reward: 13.274. Std of Reward: 18.602. Training.
[INFO] Rocket. Step: 22340000. Time Elapsed: 21023.870 s. Mean Reward: 8.429. Std of Reward: 26.424. Training.
[INFO] Rocket. Step: 22360000. Time Elapsed: 21047.289 s. Mean Reward: 12.927. Std of Reward: 20.959. Training.
[INFO] Rocket. Step: 22380000. Time Elapsed: 21063.244 s. Mean Reward: 7.548. Std of Reward: 20.608. Training.
[INFO] Rocket. Step: 22400000. Time Elapsed: 21085.700 s. Mean Reward: 9.610. Std of Reward: 19.785. Training.
[INFO] Rocket. Step: 22420000. Time Elapsed: 21100.214 s. Mean Reward: 12.656. Std of Reward: 21.165. Training.
[INFO] Rocket. Step: 22440000. Time Elapsed: 21122.095 s. Mean Reward: 9.711. Std of Reward: 23.420. Training.
[INFO] Rocket. Step: 22460000. Time Elapsed: 21138.274 s. Mean Reward: 6.969. Std of Reward: 24.360. Training.
[INFO] Rocket. Step: 22480000. Time Elapsed: 21157.895 s. Mean Reward: 15.132. Std of Reward: 13.727. Training.
[INFO] Rocket. Step: 22500000. Time Elapsed: 21176.370 s. Mean Reward: 8.716. Std of Reward: 19.785. Training.
[INFO] Exported results\L8\Rocket\Rocket-22499345.onnx
[INFO] Rocket. Step: 22520000. Time Elapsed: 21197.319 s. Mean Reward: 12.737. Std of Reward: 21.352. Training.
[INFO] Rocket. Step: 22540000. Time Elapsed: 21211.791 s. Mean Reward: 8.546. Std of Reward: 19.898. Training.
[INFO] Rocket. Step: 22560000. Time Elapsed: 21234.337 s. Mean Reward: 9.023. Std of Reward: 20.151. Training.
[INFO] Rocket. Step: 22580000. Time Elapsed: 21249.181 s. Mean Reward: 3.241. Std of Reward: 28.439. Training.
[INFO] Rocket. Step: 22600000. Time Elapsed: 21271.438 s. Mean Reward: 4.565. Std of Reward: 29.113. Training.
[INFO] Rocket. Step: 22620000. Time Elapsed: 21286.794 s. Mean Reward: 17.896. Std of Reward: 10.607. Training.
[INFO] Rocket. Step: 22640000. Time Elapsed: 21308.978 s. Mean Reward: 12.066. Std of Reward: 20.882. Training.
[INFO] Rocket. Step: 22660000. Time Elapsed: 21325.668 s. Mean Reward: 12.564. Std of Reward: 17.999. Training.
[INFO] Rocket. Step: 22680000. Time Elapsed: 21348.341 s. Mean Reward: 10.283. Std of Reward: 21.123. Training.
[INFO] Rocket. Step: 22700000. Time Elapsed: 21362.916 s. Mean Reward: 1.869. Std of Reward: 27.901. Training.
[INFO] Rocket. Step: 22720000. Time Elapsed: 21386.541 s. Mean Reward: 11.080. Std of Reward: 21.431. Training.
[INFO] Rocket. Step: 22740000. Time Elapsed: 21401.183 s. Mean Reward: 8.306. Std of Reward: 22.194. Training.
[INFO] Rocket. Step: 22760000. Time Elapsed: 21423.291 s. Mean Reward: 7.907. Std of Reward: 24.251. Training.
[INFO] Rocket. Step: 22780000. Time Elapsed: 21439.055 s. Mean Reward: 7.338. Std of Reward: 19.440. Training.
[INFO] Rocket. Step: 22800000. Time Elapsed: 21459.504 s. Mean Reward: 6.053. Std of Reward: 25.578. Training.
[INFO] Rocket. Step: 22820000. Time Elapsed: 21475.473 s. Mean Reward: 6.598. Std of Reward: 20.910. Training.
[INFO] Rocket. Step: 22840000. Time Elapsed: 21492.366 s. Mean Reward: 9.742. Std of Reward: 21.732. Training.
[INFO] Rocket. Step: 22860000. Time Elapsed: 21513.397 s. Mean Reward: 14.405. Std of Reward: 18.686. Training.
[INFO] Rocket. Step: 22880000. Time Elapsed: 21529.131 s. Mean Reward: 13.190. Std of Reward: 9.158. Training.
[INFO] Rocket. Step: 22900000. Time Elapsed: 21551.106 s. Mean Reward: 13.896. Std of Reward: 15.906. Training.
[INFO] Rocket. Step: 22920000. Time Elapsed: 21565.864 s. Mean Reward: 10.443. Std of Reward: 16.775. Training.
[INFO] Rocket. Step: 22940000. Time Elapsed: 21589.760 s. Mean Reward: -0.465. Std of Reward: 28.493. Training.
[INFO] Rocket. Step: 22960000. Time Elapsed: 21603.757 s. Mean Reward: 11.177. Std of Reward: 23.185. Training.
[INFO] Rocket. Step: 22980000. Time Elapsed: 21626.317 s. Mean Reward: -0.375. Std of Reward: 29.957. Training.
[INFO] Rocket. Step: 23000000. Time Elapsed: 21640.819 s. Mean Reward: 11.084. Std of Reward: 21.814. Training.
[INFO] Exported results\L8\Rocket\Rocket-22999078.onnx
[INFO] Rocket. Step: 23020000. Time Elapsed: 21662.147 s. Mean Reward: 19.348. Std of Reward: 4.608. Training.
[INFO] Rocket. Step: 23040000. Time Elapsed: 21680.345 s. Mean Reward: 4.135. Std of Reward: 23.573. Training.
[INFO] Rocket. Step: 23060000. Time Elapsed: 21700.721 s. Mean Reward: 13.649. Std of Reward: 12.937. Training.
[INFO] Rocket. Step: 23080000. Time Elapsed: 21716.449 s. Mean Reward: 12.921. Std of Reward: 20.856. Training.
[INFO] Rocket. Step: 23100000. Time Elapsed: 21738.892 s. Mean Reward: 12.451. Std of Reward: 17.944. Training.
[INFO] Rocket. Step: 23120000. Time Elapsed: 21754.585 s. Mean Reward: 6.426. Std of Reward: 22.764. Training.
[INFO] Rocket. Step: 23140000. Time Elapsed: 21775.522 s. Mean Reward: 4.109. Std of Reward: 24.153. Training.
[INFO] Rocket. Step: 23160000. Time Elapsed: 21791.792 s. Mean Reward: 14.553. Std of Reward: 17.899. Training.
[INFO] Rocket. Step: 23180000. Time Elapsed: 21811.545 s. Mean Reward: 11.695. Std of Reward: 19.791. Training.
[INFO] Rocket. Step: 23200000. Time Elapsed: 21828.680 s. Mean Reward: 9.358. Std of Reward: 25.165. Training.
[INFO] Rocket. Step: 23220000. Time Elapsed: 21851.188 s. Mean Reward: 2.857. Std of Reward: 25.478. Training.
[INFO] Rocket. Step: 23240000. Time Elapsed: 21867.321 s. Mean Reward: 10.383. Std of Reward: 21.332. Training.
[INFO] Rocket. Step: 23260000. Time Elapsed: 21888.238 s. Mean Reward: 9.810. Std of Reward: 19.735. Training.
[INFO] Rocket. Step: 23280000. Time Elapsed: 21901.181 s. Mean Reward: 16.553. Std of Reward: 13.598. Training.
[INFO] Rocket. Step: 23300000. Time Elapsed: 21926.953 s. Mean Reward: 13.909. Std of Reward: 14.063. Training.
[INFO] Rocket. Step: 23320000. Time Elapsed: 21941.790 s. Mean Reward: 11.436. Std of Reward: 20.275. Training.
[INFO] Rocket. Step: 23340000. Time Elapsed: 21962.921 s. Mean Reward: 7.880. Std of Reward: 23.484. Training.
[INFO] Rocket. Step: 23360000. Time Elapsed: 21978.112 s. Mean Reward: 5.104. Std of Reward: 24.608. Training.
[INFO] Rocket. Step: 23380000. Time Elapsed: 22002.270 s. Mean Reward: 11.795. Std of Reward: 15.927. Training.
[INFO] Rocket. Step: 23400000. Time Elapsed: 22015.098 s. Mean Reward: 12.346. Std of Reward: 16.235. Training.
[INFO] Rocket. Step: 23420000. Time Elapsed: 22030.988 s. Mean Reward: 5.469. Std of Reward: 24.411. Training.
[INFO] Rocket. Step: 23440000. Time Elapsed: 22054.147 s. Mean Reward: 6.245. Std of Reward: 23.361. Training.
[INFO] Rocket. Step: 23460000. Time Elapsed: 22068.522 s. Mean Reward: 1.561. Std of Reward: 26.672. Training.
[INFO] Rocket. Step: 23480000. Time Elapsed: 22091.436 s. Mean Reward: 6.111. Std of Reward: 25.175. Training.
[INFO] Rocket. Step: 23500000. Time Elapsed: 22106.234 s. Mean Reward: 3.729. Std of Reward: 25.021. Training.
[INFO] Exported results\L8\Rocket\Rocket-23499575.onnx
[INFO] Rocket. Step: 23520000. Time Elapsed: 22128.312 s. Mean Reward: 11.315. Std of Reward: 18.575. Training.
[INFO] Rocket. Step: 23540000. Time Elapsed: 22143.215 s. Mean Reward: 10.266. Std of Reward: 17.502. Training.
[INFO] Rocket. Step: 23560000. Time Elapsed: 22166.713 s. Mean Reward: 12.376. Std of Reward: 19.287. Training.
[INFO] Rocket. Step: 23580000. Time Elapsed: 22180.440 s. Mean Reward: 6.700. Std of Reward: 23.410. Training.
[INFO] Rocket. Step: 23600000. Time Elapsed: 22202.519 s. Mean Reward: 2.511. Std of Reward: 27.560. Training.
[INFO] Rocket. Step: 23620000. Time Elapsed: 22218.500 s. Mean Reward: 13.662. Std of Reward: 13.448. Training.
[INFO] Rocket. Step: 23640000. Time Elapsed: 22240.828 s. Mean Reward: 9.771. Std of Reward: 20.662. Training.
[INFO] Rocket. Step: 23660000. Time Elapsed: 22255.486 s. Mean Reward: 6.025. Std of Reward: 26.260. Training.
[INFO] Rocket. Step: 23680000. Time Elapsed: 22278.325 s. Mean Reward: 11.236. Std of Reward: 21.787. Training.
[INFO] Rocket. Step: 23700000. Time Elapsed: 22292.098 s. Mean Reward: 14.578. Std of Reward: 16.867. Training.
[INFO] Rocket. Step: 23720000. Time Elapsed: 22316.207 s. Mean Reward: 9.611. Std of Reward: 21.992. Training.
[INFO] Rocket. Step: 23740000. Time Elapsed: 22331.260 s. Mean Reward: 17.369. Std of Reward: 11.240. Training.
[INFO] Rocket. Step: 23760000. Time Elapsed: 22353.384 s. Mean Reward: 17.439. Std of Reward: 9.932. Training.
[INFO] Rocket. Step: 23780000. Time Elapsed: 22368.947 s. Mean Reward: 7.908. Std of Reward: 22.973. Training.
[INFO] Rocket. Step: 23800000. Time Elapsed: 22390.896 s. Mean Reward: 10.660. Std of Reward: 21.593. Training.
[INFO] Rocket. Step: 23820000. Time Elapsed: 22406.149 s. Mean Reward: 7.237. Std of Reward: 24.482. Training.
[INFO] Rocket. Step: 23840000. Time Elapsed: 22427.119 s. Mean Reward: 11.953. Std of Reward: 20.028. Training.
[INFO] Rocket. Step: 23860000. Time Elapsed: 22444.218 s. Mean Reward: 3.893. Std of Reward: 25.460. Training.
[INFO] Rocket. Step: 23880000. Time Elapsed: 22465.937 s. Mean Reward: 8.567. Std of Reward: 22.911. Training.
[INFO] Rocket. Step: 23900000. Time Elapsed: 22480.662 s. Mean Reward: 14.458. Std of Reward: 16.161. Training.
[INFO] Rocket. Step: 23920000. Time Elapsed: 22503.171 s. Mean Reward: 5.968. Std of Reward: 23.357. Training.
[INFO] Rocket. Step: 23940000. Time Elapsed: 22517.517 s. Mean Reward: -3.217. Std of Reward: 27.879. Training.
[INFO] Rocket. Step: 23960000. Time Elapsed: 22542.276 s. Mean Reward: 9.480. Std of Reward: 22.926. Training.
[INFO] Rocket. Step: 23980000. Time Elapsed: 22556.442 s. Mean Reward: 8.548. Std of Reward: 22.842. Training.
[INFO] Rocket. Step: 24000000. Time Elapsed: 22571.353 s. Mean Reward: 13.068. Std of Reward: 17.006. Training.
[INFO] Exported results\L8\Rocket\Rocket-23999218.onnx
[INFO] Rocket. Step: 24020000. Time Elapsed: 22592.219 s. Mean Reward: 3.207. Std of Reward: 26.190. Training.
[INFO] Rocket. Step: 24040000. Time Elapsed: 22609.538 s. Mean Reward: 17.074. Std of Reward: 10.292. Training.
[INFO] Rocket. Step: 24060000. Time Elapsed: 22630.797 s. Mean Reward: 16.025. Std of Reward: 14.635. Training.
[INFO] Rocket. Step: 24080000. Time Elapsed: 22647.585 s. Mean Reward: 9.418. Std of Reward: 23.630. Training.
[INFO] Rocket. Step: 24100000. Time Elapsed: 22669.627 s. Mean Reward: 9.463. Std of Reward: 20.046. Training.
[INFO] Rocket. Step: 24120000. Time Elapsed: 22683.023 s. Mean Reward: 7.341. Std of Reward: 18.417. Training.
[INFO] Rocket. Step: 24140000. Time Elapsed: 22706.855 s. Mean Reward: 8.573. Std of Reward: 20.158. Training.
[INFO] Rocket. Step: 24160000. Time Elapsed: 22720.624 s. Mean Reward: 12.500. Std of Reward: 18.857. Training.
[INFO] Rocket. Step: 24180000. Time Elapsed: 22741.670 s. Mean Reward: 13.058. Std of Reward: 23.407. Training.
[INFO] Rocket. Step: 24200000. Time Elapsed: 22757.774 s. Mean Reward: 11.978. Std of Reward: 21.153. Training.
[INFO] Rocket. Step: 24220000. Time Elapsed: 22781.075 s. Mean Reward: 6.110. Std of Reward: 23.964. Training.
[INFO] Rocket. Step: 24240000. Time Elapsed: 22795.994 s. Mean Reward: 18.449. Std of Reward: 10.547. Training.
[INFO] Rocket. Step: 24260000. Time Elapsed: 22816.826 s. Mean Reward: 12.764. Std of Reward: 20.162. Training.
[INFO] Rocket. Step: 24280000. Time Elapsed: 22833.633 s. Mean Reward: 7.822. Std of Reward: 20.672. Training.
[INFO] Rocket. Step: 24300000. Time Elapsed: 22854.886 s. Mean Reward: 4.407. Std of Reward: 26.000. Training.
[INFO] Rocket. Step: 24320000. Time Elapsed: 22870.433 s. Mean Reward: 5.985. Std of Reward: 22.130. Training.
[INFO] Rocket. Step: 24340000. Time Elapsed: 22893.281 s. Mean Reward: 19.991. Std of Reward: 15.158. Training.
[INFO] Rocket. Step: 24360000. Time Elapsed: 22907.700 s. Mean Reward: 12.103. Std of Reward: 21.767. Training.
[INFO] Rocket. Step: 24380000. Time Elapsed: 22930.589 s. Mean Reward: -3.585. Std of Reward: 27.172. Training.
[INFO] Rocket. Step: 24400000. Time Elapsed: 22945.377 s. Mean Reward: 6.770. Std of Reward: 25.765. Training.
[INFO] Rocket. Step: 24420000. Time Elapsed: 22967.136 s. Mean Reward: 8.610. Std of Reward: 23.187. Training.
[INFO] Rocket. Step: 24440000. Time Elapsed: 22983.611 s. Mean Reward: 15.523. Std of Reward: 14.728. Training.
[INFO] Rocket. Step: 24460000. Time Elapsed: 23004.180 s. Mean Reward: 8.369. Std of Reward: 25.789. Training.
[INFO] Rocket. Step: 24480000. Time Elapsed: 23020.923 s. Mean Reward: 11.322. Std of Reward: 19.370. Training.
[INFO] Rocket. Step: 24500000. Time Elapsed: 23042.169 s. Mean Reward: 3.147. Std of Reward: 26.601. Training.
[INFO] Exported results\L8\Rocket\Rocket-24499414.onnx
[INFO] Rocket. Step: 24520000. Time Elapsed: 23057.875 s. Mean Reward: 10.973. Std of Reward: 20.896. Training.
[INFO] Rocket. Step: 24540000. Time Elapsed: 23079.871 s. Mean Reward: 2.905. Std of Reward: 26.214. Training.
[INFO] Rocket. Step: 24560000. Time Elapsed: 23095.113 s. Mean Reward: 9.774. Std of Reward: 22.577. Training.
[INFO] Rocket. Step: 24580000. Time Elapsed: 23110.799 s. Mean Reward: 12.408. Std of Reward: 19.163. Training.
[INFO] Rocket. Step: 24600000. Time Elapsed: 23132.684 s. Mean Reward: 12.966. Std of Reward: 17.142. Training.
[INFO] Rocket. Step: 24620000. Time Elapsed: 23147.800 s. Mean Reward: 3.666. Std of Reward: 23.778. Training.
[INFO] Rocket. Step: 24640000. Time Elapsed: 23169.695 s. Mean Reward: 5.811. Std of Reward: 25.954. Training.
[INFO] Rocket. Step: 24660000. Time Elapsed: 23185.464 s. Mean Reward: 10.527. Std of Reward: 22.507. Training.
[INFO] Rocket. Step: 24680000. Time Elapsed: 23209.106 s. Mean Reward: 9.711. Std of Reward: 22.538. Training.
[INFO] Rocket. Step: 24700000. Time Elapsed: 23222.701 s. Mean Reward: 13.914. Std of Reward: 20.277. Training.
[INFO] Rocket. Step: 24720000. Time Elapsed: 23244.544 s. Mean Reward: 15.429. Std of Reward: 15.585. Training.
[INFO] Rocket. Step: 24740000. Time Elapsed: 23260.569 s. Mean Reward: 9.632. Std of Reward: 20.361. Training.
[INFO] Rocket. Step: 24760000. Time Elapsed: 23282.261 s. Mean Reward: 11.541. Std of Reward: 17.699. Training.
[INFO] Rocket. Step: 24780000. Time Elapsed: 23296.329 s. Mean Reward: 9.260. Std of Reward: 25.346. Training.
[INFO] Rocket. Step: 24800000. Time Elapsed: 23318.740 s. Mean Reward: 14.663. Std of Reward: 14.956. Training.
[INFO] Rocket. Step: 24820000. Time Elapsed: 23333.398 s. Mean Reward: 12.324. Std of Reward: 19.709. Training.
[INFO] Rocket. Step: 24840000. Time Elapsed: 23356.387 s. Mean Reward: 9.489. Std of Reward: 21.609. Training.
[INFO] Rocket. Step: 24860000. Time Elapsed: 23372.433 s. Mean Reward: 1.352. Std of Reward: 30.028. Training.
[INFO] Rocket. Step: 24880000. Time Elapsed: 23393.087 s. Mean Reward: 11.054. Std of Reward: 24.387. Training.
[INFO] Rocket. Step: 24900000. Time Elapsed: 23410.252 s. Mean Reward: 6.482. Std of Reward: 24.381. Training.
[INFO] Rocket. Step: 24920000. Time Elapsed: 23430.169 s. Mean Reward: 8.263. Std of Reward: 22.091. Training.
[INFO] Rocket. Step: 24940000. Time Elapsed: 23446.093 s. Mean Reward: 7.577. Std of Reward: 22.012. Training.
[INFO] Rocket. Step: 24960000. Time Elapsed: 23467.382 s. Mean Reward: 3.933. Std of Reward: 26.725. Training.
[INFO] Rocket. Step: 24980000. Time Elapsed: 23482.549 s. Mean Reward: 3.204. Std of Reward: 24.801. Training.
[INFO] Rocket. Step: 25000000. Time Elapsed: 23505.923 s. Mean Reward: 11.132. Std of Reward: 19.400. Training.
[INFO] Exported results\L8\Rocket\Rocket-24999196.onnx
[INFO] Rocket. Step: 25020000. Time Elapsed: 23521.911 s. Mean Reward: 11.622. Std of Reward: 22.506. Training.
[INFO] Rocket. Step: 25040000. Time Elapsed: 23543.207 s. Mean Reward: 16.243. Std of Reward: 15.307. Training.
[INFO] Rocket. Step: 25060000. Time Elapsed: 23560.125 s. Mean Reward: 11.678. Std of Reward: 21.556. Training.
[INFO] Rocket. Step: 25080000. Time Elapsed: 23580.600 s. Mean Reward: 13.917. Std of Reward: 16.391. Training.
[INFO] Rocket. Step: 25100000. Time Elapsed: 23594.667 s. Mean Reward: 14.411. Std of Reward: 13.355. Training.
[INFO] Rocket. Step: 25120000. Time Elapsed: 23620.062 s. Mean Reward: 13.399. Std of Reward: 16.638. Training.
[INFO] Rocket. Step: 25140000. Time Elapsed: 23632.150 s. Mean Reward: 1.869. Std of Reward: 25.583. Training.
[INFO] Rocket. Step: 25160000. Time Elapsed: 23649.237 s. Mean Reward: 7.352. Std of Reward: 23.074. Training.
[INFO] Rocket. Step: 25180000. Time Elapsed: 23669.099 s. Mean Reward: 11.489. Std of Reward: 25.502. Training.
[INFO] Rocket. Step: 25200000. Time Elapsed: 23686.249 s. Mean Reward: 9.922. Std of Reward: 23.242. Training.
[INFO] Rocket. Step: 25220000. Time Elapsed: 23708.375 s. Mean Reward: 15.327. Std of Reward: 18.620. Training.
[INFO] Rocket. Step: 25240000. Time Elapsed: 23721.701 s. Mean Reward: 2.777. Std of Reward: 26.505. Training.
[INFO] Rocket. Step: 25260000. Time Elapsed: 23746.413 s. Mean Reward: 17.024. Std of Reward: 13.866. Training.
[INFO] Rocket. Step: 25280000. Time Elapsed: 23760.080 s. Mean Reward: 3.170. Std of Reward: 26.236. Training.
[INFO] Rocket. Step: 25300000. Time Elapsed: 23780.136 s. Mean Reward: 11.268. Std of Reward: 18.228. Training.
[INFO] Rocket. Step: 25320000. Time Elapsed: 23798.493 s. Mean Reward: 0.971. Std of Reward: 24.158. Training.
[INFO] Rocket. Step: 25340000. Time Elapsed: 23818.808 s. Mean Reward: 8.290. Std of Reward: 21.355. Training.
[INFO] Rocket. Step: 25360000. Time Elapsed: 23834.334 s. Mean Reward: 11.955. Std of Reward: 24.357. Training.
[INFO] Rocket. Step: 25380000. Time Elapsed: 23855.885 s. Mean Reward: 9.468. Std of Reward: 17.315. Training.
[INFO] Rocket. Step: 25400000. Time Elapsed: 23872.477 s. Mean Reward: 15.969. Std of Reward: 15.859. Training.
[INFO] Rocket. Step: 25420000. Time Elapsed: 23894.279 s. Mean Reward: 17.363. Std of Reward: 14.187. Training.
[INFO] Rocket. Step: 25440000. Time Elapsed: 23908.708 s. Mean Reward: 12.901. Std of Reward: 19.389. Training.
[INFO] Rocket. Step: 25460000. Time Elapsed: 23930.705 s. Mean Reward: 12.789. Std of Reward: 18.687. Training.
[INFO] Rocket. Step: 25480000. Time Elapsed: 23946.659 s. Mean Reward: 5.675. Std of Reward: 21.969. Training.
[INFO] Rocket. Step: 25500000. Time Elapsed: 23970.074 s. Mean Reward: 10.846. Std of Reward: 17.848. Training.
[INFO] Exported results\L8\Rocket\Rocket-25499811.onnx
[INFO] Rocket. Step: 25520000. Time Elapsed: 23983.633 s. Mean Reward: 7.977. Std of Reward: 23.156. Training.
[INFO] Rocket. Step: 25540000. Time Elapsed: 24006.677 s. Mean Reward: 7.934. Std of Reward: 22.008. Training.
[INFO] Rocket. Step: 25560000. Time Elapsed: 24022.947 s. Mean Reward: 14.238. Std of Reward: 17.996. Training.
[INFO] Rocket. Step: 25580000. Time Elapsed: 24044.426 s. Mean Reward: 11.141. Std of Reward: 19.559. Training.
[INFO] Rocket. Step: 25600000. Time Elapsed: 24059.259 s. Mean Reward: 12.248. Std of Reward: 17.934. Training.
[INFO] Rocket. Step: 25620000. Time Elapsed: 24081.412 s. Mean Reward: 17.702. Std of Reward: 10.282. Training.
[INFO] Rocket. Step: 25640000. Time Elapsed: 24096.644 s. Mean Reward: 10.843. Std of Reward: 23.807. Training.
[INFO] Rocket. Step: 25660000. Time Elapsed: 24118.560 s. Mean Reward: 9.260. Std of Reward: 24.404. Training.
[INFO] Rocket. Step: 25680000. Time Elapsed: 24135.459 s. Mean Reward: 0.296. Std of Reward: 27.776. Training.
[INFO] Rocket. Step: 25700000. Time Elapsed: 24159.073 s. Mean Reward: 10.997. Std of Reward: 20.287. Training.
[INFO] Rocket. Step: 25720000. Time Elapsed: 24170.984 s. Mean Reward: 12.725. Std of Reward: 22.363. Training.
[INFO] Rocket. Step: 25740000. Time Elapsed: 24187.751 s. Mean Reward: 10.077. Std of Reward: 22.664. Training.
[INFO] Rocket. Step: 25760000. Time Elapsed: 24208.642 s. Mean Reward: 13.589. Std of Reward: 22.856. Training.
[INFO] Rocket. Step: 25780000. Time Elapsed: 24223.219 s. Mean Reward: 13.998. Std of Reward: 16.046. Training.
[INFO] Rocket. Step: 25800000. Time Elapsed: 24246.163 s. Mean Reward: 13.530. Std of Reward: 20.399. Training.
[INFO] Rocket. Step: 25820000. Time Elapsed: 24261.156 s. Mean Reward: 5.257. Std of Reward: 28.196. Training.
[INFO] Rocket. Step: 25840000. Time Elapsed: 24282.988 s. Mean Reward: 14.063. Std of Reward: 13.635. Training.
[INFO] Rocket. Step: 25860000. Time Elapsed: 24297.060 s. Mean Reward: 7.200. Std of Reward: 22.225. Training.
[INFO] Rocket. Step: 25880000. Time Elapsed: 24321.429 s. Mean Reward: 13.342. Std of Reward: 18.615. Training.
[INFO] Rocket. Step: 25900000. Time Elapsed: 24335.462 s. Mean Reward: 8.403. Std of Reward: 19.131. Training.
[INFO] Rocket. Step: 25920000. Time Elapsed: 24357.266 s. Mean Reward: 13.078. Std of Reward: 21.648. Training.
[INFO] Rocket. Step: 25940000. Time Elapsed: 24373.841 s. Mean Reward: 8.063. Std of Reward: 22.662. Training.
[INFO] Rocket. Step: 25960000. Time Elapsed: 24395.345 s. Mean Reward: 14.908. Std of Reward: 20.277. Training.
[INFO] Rocket. Step: 25980000. Time Elapsed: 24410.022 s. Mean Reward: 9.548. Std of Reward: 19.027. Training.
[INFO] Rocket. Step: 26000000. Time Elapsed: 24431.811 s. Mean Reward: 10.368. Std of Reward: 25.316. Training.
[INFO] Exported results\L8\Rocket\Rocket-25999065.onnx
[INFO] Rocket. Step: 26020000. Time Elapsed: 24448.875 s. Mean Reward: 12.666. Std of Reward: 22.361. Training.
[INFO] Rocket. Step: 26040000. Time Elapsed: 24469.643 s. Mean Reward: 15.423. Std of Reward: 20.380. Training.
[INFO] Rocket. Step: 26060000. Time Elapsed: 24484.040 s. Mean Reward: 17.993. Std of Reward: 10.893. Training.
[INFO] Rocket. Step: 26080000. Time Elapsed: 24509.883 s. Mean Reward: 16.193. Std of Reward: 15.803. Training.
[INFO] Rocket. Step: 26100000. Time Elapsed: 24523.530 s. Mean Reward: 7.487. Std of Reward: 20.955. Training.
[INFO] Rocket. Step: 26120000. Time Elapsed: 24543.757 s. Mean Reward: 16.219. Std of Reward: 10.071. Training.
[INFO] Rocket. Step: 26140000. Time Elapsed: 24560.130 s. Mean Reward: 4.019. Std of Reward: 24.374. Training.
[INFO] Rocket. Step: 26160000. Time Elapsed: 24582.039 s. Mean Reward: 19.250. Std of Reward: 4.561. Training.
[INFO] Rocket. Step: 26180000. Time Elapsed: 24597.561 s. Mean Reward: 11.087. Std of Reward: 18.815. Training.
[INFO] Rocket. Step: 26200000. Time Elapsed: 24619.327 s. Mean Reward: 6.199. Std of Reward: 23.806. Training.
[INFO] Rocket. Step: 26220000. Time Elapsed: 24635.967 s. Mean Reward: 10.312. Std of Reward: 18.023. Training.
[INFO] Rocket. Step: 26240000. Time Elapsed: 24657.163 s. Mean Reward: 2.988. Std of Reward: 30.962. Training.
[INFO] Rocket. Step: 26260000. Time Elapsed: 24672.409 s. Mean Reward: 6.147. Std of Reward: 26.598. Training.
[INFO] Rocket. Step: 26280000. Time Elapsed: 24695.374 s. Mean Reward: 6.804. Std of Reward: 24.463. Training.
[INFO] Rocket. Step: 26300000. Time Elapsed: 24708.755 s. Mean Reward: 16.534. Std of Reward: 14.419. Training.
[INFO] Rocket. Step: 26320000. Time Elapsed: 24724.535 s. Mean Reward: 11.531. Std of Reward: 20.577. Training.
[INFO] Rocket. Step: 26340000. Time Elapsed: 24747.582 s. Mean Reward: 14.288. Std of Reward: 19.993. Training.
[INFO] Rocket. Step: 26360000. Time Elapsed: 24762.408 s. Mean Reward: 15.068. Std of Reward: 13.441. Training.
[INFO] Rocket. Step: 26380000. Time Elapsed: 24784.737 s. Mean Reward: -0.099. Std of Reward: 30.559. Training.
[INFO] Rocket. Step: 26400000. Time Elapsed: 24799.200 s. Mean Reward: 7.339. Std of Reward: 25.968. Training.
[INFO] Rocket. Step: 26420000. Time Elapsed: 24821.471 s. Mean Reward: 9.252. Std of Reward: 20.715. Training.
[INFO] Rocket. Step: 26440000. Time Elapsed: 24837.502 s. Mean Reward: 19.779. Std of Reward: 11.234. Training.
[INFO] Rocket. Step: 26460000. Time Elapsed: 24858.879 s. Mean Reward: 15.035. Std of Reward: 13.901. Training.
[INFO] Rocket. Step: 26480000. Time Elapsed: 24872.333 s. Mean Reward: 10.727. Std of Reward: 20.738. Training.
[INFO] Rocket. Step: 26500000. Time Elapsed: 24894.182 s. Mean Reward: 9.561. Std of Reward: 21.125. Training.
[INFO] Exported results\L8\Rocket\Rocket-26499764.onnx
[INFO] Rocket. Step: 26520000. Time Elapsed: 24911.694 s. Mean Reward: 6.383. Std of Reward: 28.194. Training.
[INFO] Rocket. Step: 26540000. Time Elapsed: 24932.994 s. Mean Reward: 14.011. Std of Reward: 18.773. Training.
[INFO] Rocket. Step: 26560000. Time Elapsed: 24946.995 s. Mean Reward: 5.629. Std of Reward: 22.548. Training.
[INFO] Rocket. Step: 26580000. Time Elapsed: 24969.742 s. Mean Reward: 10.409. Std of Reward: 17.426. Training.
[INFO] Rocket. Step: 26600000. Time Elapsed: 24984.576 s. Mean Reward: 4.915. Std of Reward: 22.831. Training.
[INFO] Rocket. Step: 26620000. Time Elapsed: 25008.347 s. Mean Reward: 7.788. Std of Reward: 25.776. Training.
[INFO] Rocket. Step: 26640000. Time Elapsed: 25021.973 s. Mean Reward: 6.625. Std of Reward: 26.026. Training.
[INFO] Rocket. Step: 26660000. Time Elapsed: 25044.388 s. Mean Reward: 6.443. Std of Reward: 23.947. Training.
[INFO] Rocket. Step: 26680000. Time Elapsed: 25059.987 s. Mean Reward: 15.558. Std of Reward: 18.262. Training.
[INFO] Rocket. Step: 26700000. Time Elapsed: 25082.239 s. Mean Reward: 8.763. Std of Reward: 22.515. Training.
[INFO] Rocket. Step: 26720000. Time Elapsed: 25097.558 s. Mean Reward: 4.651. Std of Reward: 24.401. Training.
[INFO] Rocket. Step: 26740000. Time Elapsed: 25119.356 s. Mean Reward: 13.808. Std of Reward: 15.454. Training.
[INFO] Rocket. Step: 26760000. Time Elapsed: 25133.499 s. Mean Reward: -1.746. Std of Reward: 29.596. Training.
[INFO] Rocket. Step: 26780000. Time Elapsed: 25157.567 s. Mean Reward: 0.069. Std of Reward: 31.687. Training.
[INFO] Rocket. Step: 26800000. Time Elapsed: 25171.811 s. Mean Reward: 11.297. Std of Reward: 19.679. Training.
[INFO] Rocket. Step: 26820000. Time Elapsed: 25186.389 s. Mean Reward: 3.499. Std of Reward: 28.471. Training.
[INFO] Rocket. Step: 26840000. Time Elapsed: 25207.143 s. Mean Reward: 6.361. Std of Reward: 24.087. Training.
[INFO] Rocket. Step: 26860000. Time Elapsed: 25224.938 s. Mean Reward: 4.650. Std of Reward: 23.275. Training.
[INFO] Rocket. Step: 26880000. Time Elapsed: 25245.923 s. Mean Reward: 9.451. Std of Reward: 20.207. Training.
[INFO] Rocket. Step: 26900000. Time Elapsed: 25259.830 s. Mean Reward: 0.072. Std of Reward: 27.231. Training.
[INFO] Rocket. Step: 26920000. Time Elapsed: 25280.292 s. Mean Reward: 9.181. Std of Reward: 18.621. Training.
[INFO] Rocket. Step: 26940000. Time Elapsed: 25298.721 s. Mean Reward: 13.231. Std of Reward: 20.389. Training.
[INFO] Rocket. Step: 26960000. Time Elapsed: 25320.466 s. Mean Reward: 13.353. Std of Reward: 19.964. Training.
[INFO] Rocket. Step: 26980000. Time Elapsed: 25334.861 s. Mean Reward: 7.365. Std of Reward: 23.394. Training.
[INFO] Rocket. Step: 27000000. Time Elapsed: 25357.472 s. Mean Reward: 10.033. Std of Reward: 18.327. Training.
[INFO] Exported results\L8\Rocket\Rocket-26999556.onnx
[INFO] Rocket. Step: 27020000. Time Elapsed: 25373.014 s. Mean Reward: 10.333. Std of Reward: 21.890. Training.
[INFO] Rocket. Step: 27040000. Time Elapsed: 25394.350 s. Mean Reward: -8.083. Std of Reward: 30.521. Training.
[INFO] Rocket. Step: 27060000. Time Elapsed: 25408.996 s. Mean Reward: 9.431. Std of Reward: 26.339. Training.
[INFO] Rocket. Step: 27080000. Time Elapsed: 25431.291 s. Mean Reward: 10.229. Std of Reward: 21.601. Training.
[INFO] Rocket. Step: 27100000. Time Elapsed: 25445.945 s. Mean Reward: 13.457. Std of Reward: 14.405. Training.
[INFO] Rocket. Step: 27120000. Time Elapsed: 25468.843 s. Mean Reward: -1.925. Std of Reward: 26.624. Training.
[INFO] Rocket. Step: 27140000. Time Elapsed: 25483.078 s. Mean Reward: 8.828. Std of Reward: 23.487. Training.
[INFO] Rocket. Step: 27160000. Time Elapsed: 25506.418 s. Mean Reward: 12.395. Std of Reward: 21.680. Training.
[INFO] Rocket. Step: 27180000. Time Elapsed: 25519.910 s. Mean Reward: 6.498. Std of Reward: 21.509. Training.
[INFO] Rocket. Step: 27200000. Time Elapsed: 25542.590 s. Mean Reward: 6.812. Std of Reward: 24.191. Training.
[INFO] Rocket. Step: 27220000. Time Elapsed: 25559.390 s. Mean Reward: 12.881. Std of Reward: 21.257. Training.
[INFO] Rocket. Step: 27240000. Time Elapsed: 25580.544 s. Mean Reward: 15.549. Std of Reward: 15.341. Training.
[INFO] Rocket. Step: 27260000. Time Elapsed: 25596.179 s. Mean Reward: 16.797. Std of Reward: 10.437. Training.
[INFO] Rocket. Step: 27280000. Time Elapsed: 25618.229 s. Mean Reward: 10.299. Std of Reward: 21.927. Training.
[INFO] Rocket. Step: 27300000. Time Elapsed: 25634.197 s. Mean Reward: 12.207. Std of Reward: 18.735. Training.
[INFO] Rocket. Step: 27320000. Time Elapsed: 25655.360 s. Mean Reward: 14.283. Std of Reward: 18.045. Training.
[INFO] Rocket. Step: 27340000. Time Elapsed: 25669.435 s. Mean Reward: -1.871. Std of Reward: 28.896. Training.
[INFO] Rocket. Step: 27360000. Time Elapsed: 25694.399 s. Mean Reward: 5.993. Std of Reward: 20.396. Training.
[INFO] Rocket. Step: 27380000. Time Elapsed: 25707.528 s. Mean Reward: 10.089. Std of Reward: 17.344. Training.
[INFO] Rocket. Step: 27400000. Time Elapsed: 25722.243 s. Mean Reward: 5.638. Std of Reward: 25.114. Training.
[INFO] Rocket. Step: 27420000. Time Elapsed: 25744.990 s. Mean Reward: 4.189. Std of Reward: 23.862. Training.
[INFO] Rocket. Step: 27440000. Time Elapsed: 25760.270 s. Mean Reward: 2.009. Std of Reward: 25.141. Training.
[INFO] Rocket. Step: 27460000. Time Elapsed: 25782.323 s. Mean Reward: 9.973. Std of Reward: 24.285. Training.
[INFO] Rocket. Step: 27480000. Time Elapsed: 25797.850 s. Mean Reward: 8.636. Std of Reward: 21.904. Training.
[INFO] Rocket. Step: 27500000. Time Elapsed: 25817.242 s. Mean Reward: 8.525. Std of Reward: 25.844. Training.
[INFO] Exported results\L8\Rocket\Rocket-27499517.onnx
[INFO] Rocket. Step: 27520000. Time Elapsed: 25833.660 s. Mean Reward: 12.006. Std of Reward: 20.305. Training.
[INFO] Rocket. Step: 27540000. Time Elapsed: 25855.226 s. Mean Reward: 4.758. Std of Reward: 22.698. Training.
[INFO] Rocket. Step: 27560000. Time Elapsed: 25871.425 s. Mean Reward: 9.150. Std of Reward: 26.256. Training.
[INFO] Rocket. Step: 27580000. Time Elapsed: 25891.951 s. Mean Reward: 12.114. Std of Reward: 21.181. Training.
[INFO] Rocket. Step: 27600000. Time Elapsed: 25909.310 s. Mean Reward: 5.631. Std of Reward: 26.479. Training.
[INFO] Rocket. Step: 27620000. Time Elapsed: 25929.381 s. Mean Reward: 8.541. Std of Reward: 19.071. Training.
[INFO] Rocket. Step: 27640000. Time Elapsed: 25944.923 s. Mean Reward: 10.224. Std of Reward: 21.173. Training.
[INFO] Rocket. Step: 27660000. Time Elapsed: 25965.134 s. Mean Reward: 8.510. Std of Reward: 24.095. Training.
[INFO] Rocket. Step: 27680000. Time Elapsed: 25983.261 s. Mean Reward: 14.008. Std of Reward: 19.687. Training.
[INFO] Rocket. Step: 27700000. Time Elapsed: 26004.854 s. Mean Reward: 14.026. Std of Reward: 16.608. Training.
[INFO] Rocket. Step: 27720000. Time Elapsed: 26020.364 s. Mean Reward: 9.165. Std of Reward: 21.619. Training.
[INFO] Rocket. Step: 27740000. Time Elapsed: 26042.529 s. Mean Reward: 8.686. Std of Reward: 24.482. Training.
[INFO] Rocket. Step: 27760000. Time Elapsed: 26056.968 s. Mean Reward: 13.030. Std of Reward: 17.213. Training.
[INFO] Rocket. Step: 27780000. Time Elapsed: 26078.393 s. Mean Reward: 8.590. Std of Reward: 18.542. Training.
[INFO] Rocket. Step: 27800000. Time Elapsed: 26094.753 s. Mean Reward: 5.042. Std of Reward: 29.340. Training.
[INFO] Rocket. Step: 27820000. Time Elapsed: 26115.588 s. Mean Reward: -2.348. Std of Reward: 28.862. Training.
[INFO] Rocket. Step: 27840000. Time Elapsed: 26129.638 s. Mean Reward: 9.700. Std of Reward: 21.651. Training.
[INFO] Rocket. Step: 27860000. Time Elapsed: 26154.937 s. Mean Reward: 12.208. Std of Reward: 20.296. Training.
[INFO] Rocket. Step: 27880000. Time Elapsed: 26167.039 s. Mean Reward: 6.618. Std of Reward: 26.093. Training.
[INFO] Rocket. Step: 27900000. Time Elapsed: 26191.109 s. Mean Reward: 3.331. Std of Reward: 25.970. Training.
[INFO] Rocket. Step: 27920000. Time Elapsed: 26205.183 s. Mean Reward: 7.841. Std of Reward: 27.810. Training.
[INFO] Rocket. Step: 27940000. Time Elapsed: 26220.800 s. Mean Reward: 8.642. Std of Reward: 20.068. Training.
[INFO] Rocket. Step: 27960000. Time Elapsed: 26243.015 s. Mean Reward: 17.604. Std of Reward: 15.899. Training.
[INFO] Rocket. Step: 27980000. Time Elapsed: 26257.995 s. Mean Reward: 3.788. Std of Reward: 23.605. Training.
[INFO] Rocket. Step: 28000000. Time Elapsed: 26281.605 s. Mean Reward: 1.296. Std of Reward: 28.368. Training.
[INFO] Exported results\L8\Rocket\Rocket-27999970.onnx
[INFO] Rocket. Step: 28020000. Time Elapsed: 26295.683 s. Mean Reward: 3.504. Std of Reward: 24.979. Training.
[INFO] Rocket. Step: 28040000. Time Elapsed: 26317.079 s. Mean Reward: 4.757. Std of Reward: 29.330. Training.
[INFO] Rocket. Step: 28060000. Time Elapsed: 26331.956 s. Mean Reward: 14.219. Std of Reward: 20.458. Training.
[INFO] Rocket. Step: 28080000. Time Elapsed: 26354.679 s. Mean Reward: 13.254. Std of Reward: 16.828. Training.
[INFO] Rocket. Step: 28100000. Time Elapsed: 26368.579 s. Mean Reward: 9.238. Std of Reward: 23.694. Training.
[INFO] Rocket. Step: 28120000. Time Elapsed: 26390.778 s. Mean Reward: 6.870. Std of Reward: 18.717. Training.
[INFO] Rocket. Step: 28140000. Time Elapsed: 26405.780 s. Mean Reward: 14.538. Std of Reward: 13.971. Training.
[INFO] Rocket. Step: 28160000. Time Elapsed: 26428.466 s. Mean Reward: 12.299. Std of Reward: 16.963. Training.
[INFO] Rocket. Step: 28180000. Time Elapsed: 26444.489 s. Mean Reward: 9.745. Std of Reward: 22.248. Training.
[INFO] Rocket. Step: 28200000. Time Elapsed: 26466.410 s. Mean Reward: 12.382. Std of Reward: 24.504. Training.
[INFO] Rocket. Step: 28220000. Time Elapsed: 26482.102 s. Mean Reward: 14.231. Std of Reward: 16.234. Training.
[INFO] Rocket. Step: 28240000. Time Elapsed: 26504.405 s. Mean Reward: 5.252. Std of Reward: 28.208. Training.
[INFO] Rocket. Step: 28260000. Time Elapsed: 26520.606 s. Mean Reward: 13.152. Std of Reward: 23.145. Training.
[INFO] Rocket. Step: 28280000. Time Elapsed: 26541.439 s. Mean Reward: -1.838. Std of Reward: 29.513. Training.
[INFO] Rocket. Step: 28300000. Time Elapsed: 26556.783 s. Mean Reward: 10.889. Std of Reward: 22.665. Training.
[INFO] Rocket. Step: 28320000. Time Elapsed: 26578.593 s. Mean Reward: 7.357. Std of Reward: 23.439. Training.
[INFO] Rocket. Step: 28340000. Time Elapsed: 26594.049 s. Mean Reward: 16.472. Std of Reward: 14.161. Training.
[INFO] Rocket. Step: 28360000. Time Elapsed: 26615.687 s. Mean Reward: 4.513. Std of Reward: 27.845. Training.
[INFO] Rocket. Step: 28380000. Time Elapsed: 26630.798 s. Mean Reward: 9.432. Std of Reward: 23.692. Training.
[INFO] Rocket. Step: 28400000. Time Elapsed: 26653.449 s. Mean Reward: 18.141. Std of Reward: 10.050. Training.
[INFO] Rocket. Step: 28420000. Time Elapsed: 26667.377 s. Mean Reward: 8.949. Std of Reward: 23.334. Training.
[INFO] Rocket. Step: 28440000. Time Elapsed: 26690.412 s. Mean Reward: 8.417. Std of Reward: 24.606. Training.
[INFO] Rocket. Step: 28460000. Time Elapsed: 26704.288 s. Mean Reward: 14.422. Std of Reward: 18.192. Training.
[INFO] Rocket. Step: 28480000. Time Elapsed: 26728.312 s. Mean Reward: 3.553. Std of Reward: 24.814. Training.
[INFO] Rocket. Step: 28500000. Time Elapsed: 26741.968 s. Mean Reward: 10.340. Std of Reward: 25.970. Training.
[INFO] Exported results\L8\Rocket\Rocket-28499716.onnx
[INFO] Rocket. Step: 28520000. Time Elapsed: 26756.128 s. Mean Reward: 12.289. Std of Reward: 17.144. Training.
[INFO] Rocket. Step: 28540000. Time Elapsed: 26778.758 s. Mean Reward: 14.337. Std of Reward: 20.062. Training.
[INFO] Rocket. Step: 28560000. Time Elapsed: 26793.500 s. Mean Reward: 2.553. Std of Reward: 22.665. Training.
[INFO] Rocket. Step: 28580000. Time Elapsed: 26814.097 s. Mean Reward: 10.659. Std of Reward: 22.467. Training.
[INFO] Rocket. Step: 28600000. Time Elapsed: 26831.653 s. Mean Reward: 2.264. Std of Reward: 29.490. Training.
[INFO] Rocket. Step: 28620000. Time Elapsed: 26851.641 s. Mean Reward: 3.422. Std of Reward: 29.054. Training.
[INFO] Rocket. Step: 28640000. Time Elapsed: 26867.474 s. Mean Reward: 7.924. Std of Reward: 22.380. Training.
[INFO] Rocket. Step: 28660000. Time Elapsed: 26890.083 s. Mean Reward: 7.874. Std of Reward: 22.155. Training.
[INFO] Rocket. Step: 28680000. Time Elapsed: 26904.760 s. Mean Reward: 14.358. Std of Reward: 15.877. Training.
[INFO] Rocket. Step: 28700000. Time Elapsed: 26925.682 s. Mean Reward: -3.862. Std of Reward: 29.711. Training.
[INFO] Rocket. Step: 28720000. Time Elapsed: 26941.122 s. Mean Reward: 17.080. Std of Reward: 9.911. Training.
[INFO] Rocket. Step: 28740000. Time Elapsed: 26963.349 s. Mean Reward: 11.973. Std of Reward: 15.715. Training.
[INFO] Rocket. Step: 28760000. Time Elapsed: 26978.815 s. Mean Reward: 8.769. Std of Reward: 25.051. Training.
[INFO] Rocket. Step: 28780000. Time Elapsed: 27001.293 s. Mean Reward: 11.464. Std of Reward: 17.808. Training.
[INFO] Rocket. Step: 28800000. Time Elapsed: 27016.629 s. Mean Reward: 7.265. Std of Reward: 23.779. Training.
[INFO] Rocket. Step: 28820000. Time Elapsed: 27037.533 s. Mean Reward: 12.574. Std of Reward: 18.186. Training.
[INFO] Rocket. Step: 28840000. Time Elapsed: 27053.716 s. Mean Reward: 12.917. Std of Reward: 17.532. Training.
[INFO] Rocket. Step: 28860000. Time Elapsed: 27075.492 s. Mean Reward: 7.091. Std of Reward: 24.585. Training.
[INFO] Rocket. Step: 28880000. Time Elapsed: 27090.148 s. Mean Reward: 6.188. Std of Reward: 21.312. Training.
[INFO] Rocket. Step: 28900000. Time Elapsed: 27111.067 s. Mean Reward: 8.223. Std of Reward: 23.432. Training.
[INFO] Rocket. Step: 28920000. Time Elapsed: 27127.570 s. Mean Reward: 8.208. Std of Reward: 23.566. Training.
[INFO] Rocket. Step: 28940000. Time Elapsed: 27148.818 s. Mean Reward: 14.575. Std of Reward: 17.591. Training.
[INFO] Rocket. Step: 28960000. Time Elapsed: 27164.840 s. Mean Reward: 10.322. Std of Reward: 21.330. Training.
[INFO] Rocket. Step: 28980000. Time Elapsed: 27185.384 s. Mean Reward: 12.393. Std of Reward: 16.681. Training.
[INFO] Rocket. Step: 29000000. Time Elapsed: 27201.656 s. Mean Reward: 7.531. Std of Reward: 19.341. Training.
[INFO] Exported results\L8\Rocket\Rocket-28999233.onnx
[INFO] Rocket. Step: 29020000. Time Elapsed: 27223.155 s. Mean Reward: 13.315. Std of Reward: 21.173. Training.
[INFO] Rocket. Step: 29040000. Time Elapsed: 27238.812 s. Mean Reward: 3.400. Std of Reward: 24.683. Training.
[INFO] Rocket. Step: 29060000. Time Elapsed: 27260.864 s. Mean Reward: 4.375. Std of Reward: 24.712. Training.
[INFO] Rocket. Step: 29080000. Time Elapsed: 27274.198 s. Mean Reward: -1.513. Std of Reward: 24.016. Training.
[INFO] Rocket. Step: 29100000. Time Elapsed: 27300.785 s. Mean Reward: 11.150. Std of Reward: 18.583. Training.
[INFO] Rocket. Step: 29120000. Time Elapsed: 27312.681 s. Mean Reward: 11.084. Std of Reward: 22.716. Training.
[INFO] Rocket. Step: 29140000. Time Elapsed: 27325.988 s. Mean Reward: 0.544. Std of Reward: 27.369. Training.
[INFO] Rocket. Step: 29160000. Time Elapsed: 27348.253 s. Mean Reward: 7.249. Std of Reward: 19.603. Training.
[INFO] Rocket. Step: 29180000. Time Elapsed: 27365.006 s. Mean Reward: 4.770. Std of Reward: 26.018. Training.
[INFO] Rocket. Step: 29200000. Time Elapsed: 27385.237 s. Mean Reward: -4.180. Std of Reward: 27.574. Training.
[INFO] Rocket. Step: 29220000. Time Elapsed: 27402.103 s. Mean Reward: 16.666. Std of Reward: 11.881. Training.
[INFO] Rocket. Step: 29240000. Time Elapsed: 27421.905 s. Mean Reward: -2.643. Std of Reward: 28.245. Training.
[INFO] Rocket. Step: 29260000. Time Elapsed: 27438.622 s. Mean Reward: 11.717. Std of Reward: 20.784. Training.
[INFO] Rocket. Step: 29280000. Time Elapsed: 27461.771 s. Mean Reward: 11.689. Std of Reward: 21.725. Training.
[INFO] Rocket. Step: 29300000. Time Elapsed: 27475.832 s. Mean Reward: 9.608. Std of Reward: 18.357. Training.
[INFO] Rocket. Step: 29320000. Time Elapsed: 27496.716 s. Mean Reward: 11.647. Std of Reward: 21.216. Training.
[INFO] Rocket. Step: 29340000. Time Elapsed: 27513.833 s. Mean Reward: 5.269. Std of Reward: 24.553. Training.
[INFO] Rocket. Step: 29360000. Time Elapsed: 27534.227 s. Mean Reward: 16.638. Std of Reward: 14.721. Training.
[INFO] Rocket. Step: 29380000. Time Elapsed: 27550.385 s. Mean Reward: 16.698. Std of Reward: 14.394. Training.
[INFO] Rocket. Step: 29400000. Time Elapsed: 27572.831 s. Mean Reward: 6.901. Std of Reward: 25.484. Training.
[INFO] Rocket. Step: 29420000. Time Elapsed: 27587.867 s. Mean Reward: 10.300. Std of Reward: 15.272. Training.
[INFO] Rocket. Step: 29440000. Time Elapsed: 27608.805 s. Mean Reward: 6.513. Std of Reward: 19.903. Training.
[INFO] Rocket. Step: 29460000. Time Elapsed: 27623.338 s. Mean Reward: 17.932. Std of Reward: 11.299. Training.
[INFO] Rocket. Step: 29480000. Time Elapsed: 27645.122 s. Mean Reward: 18.647. Std of Reward: 4.820. Training.
[INFO] Rocket. Step: 29500000. Time Elapsed: 27660.116 s. Mean Reward: 11.634. Std of Reward: 19.111. Training.
[INFO] Exported results\L8\Rocket\Rocket-29499617.onnx
[INFO] Rocket. Step: 29520000. Time Elapsed: 27681.703 s. Mean Reward: 12.954. Std of Reward: 16.049. Training.
[INFO] Rocket. Step: 29540000. Time Elapsed: 27698.209 s. Mean Reward: 12.764. Std of Reward: 20.525. Training.
[INFO] Rocket. Step: 29560000. Time Elapsed: 27719.733 s. Mean Reward: 6.569. Std of Reward: 26.600. Training.
[INFO] Rocket. Step: 29580000. Time Elapsed: 27735.654 s. Mean Reward: 2.664. Std of Reward: 24.506. Training.
[INFO] Rocket. Step: 29600000. Time Elapsed: 27758.540 s. Mean Reward: 3.019. Std of Reward: 26.366. Training.
[INFO] Rocket. Step: 29620000. Time Elapsed: 27772.037 s. Mean Reward: 8.469. Std of Reward: 20.995. Training.
[INFO] Rocket. Step: 29640000. Time Elapsed: 27787.431 s. Mean Reward: 12.176. Std of Reward: 17.709. Training.
[INFO] Rocket. Step: 29660000. Time Elapsed: 27809.536 s. Mean Reward: 20.552. Std of Reward: 10.917. Training.
[INFO] Rocket. Step: 29680000. Time Elapsed: 27824.891 s. Mean Reward: 15.937. Std of Reward: 13.881. Training.
[INFO] Rocket. Step: 29700000. Time Elapsed: 27847.057 s. Mean Reward: 13.085. Std of Reward: 17.429. Training.
[INFO] Rocket. Step: 29720000. Time Elapsed: 27862.245 s. Mean Reward: 4.689. Std of Reward: 26.462. Training.
[INFO] Rocket. Step: 29740000. Time Elapsed: 27883.772 s. Mean Reward: 7.193. Std of Reward: 24.759. Training.
[INFO] Rocket. Step: 29760000. Time Elapsed: 27899.761 s. Mean Reward: 0.420. Std of Reward: 28.398. Training.
[INFO] Rocket. Step: 29780000. Time Elapsed: 27920.011 s. Mean Reward: 8.147. Std of Reward: 20.390. Training.
[INFO] Rocket. Step: 29800000. Time Elapsed: 27935.751 s. Mean Reward: 9.925. Std of Reward: 22.180. Training.
[INFO] Rocket. Step: 29820000. Time Elapsed: 27959.401 s. Mean Reward: 12.148. Std of Reward: 22.529. Training.
[INFO] Rocket. Step: 29840000. Time Elapsed: 27972.371 s. Mean Reward: 12.269. Std of Reward: 22.942. Training.
[INFO] Rocket. Step: 29860000. Time Elapsed: 27995.758 s. Mean Reward: 3.590. Std of Reward: 23.987. Training.
[INFO] Rocket. Step: 29880000. Time Elapsed: 28009.042 s. Mean Reward: 12.161. Std of Reward: 23.265. Training.
[INFO] Rocket. Step: 29900000. Time Elapsed: 28030.368 s. Mean Reward: 6.450. Std of Reward: 28.561. Training.
[INFO] Rocket. Step: 29920000. Time Elapsed: 28047.123 s. Mean Reward: 9.887. Std of Reward: 20.371. Training.
[INFO] Rocket. Step: 29940000. Time Elapsed: 28067.777 s. Mean Reward: 7.018. Std of Reward: 18.377. Training.
[INFO] Rocket. Step: 29960000. Time Elapsed: 28083.247 s. Mean Reward: 13.705. Std of Reward: 16.485. Training.
[INFO] Rocket. Step: 29980000. Time Elapsed: 28106.520 s. Mean Reward: 6.569. Std of Reward: 20.808. Training.
[INFO] Rocket. Step: 30000000. Time Elapsed: 28121.182 s. Mean Reward: 2.005. Std of Reward: 26.734. Training.
[INFO] Exported results\L8\Rocket\Rocket-29999368.onnx
[INFO] Exported results\L8\Rocket\Rocket-30000192.onnx
[INFO] Copied results\L8\Rocket\Rocket-30000192.onnx to results\L8\Rocket.onnx.
