[RocketSim] Trainer started at 2026-08-30T23:24:57.0144007Z
[RocketSim] Working directory: C:\Users\dadii\Falcon9
[RocketSim] Command: C:\Users\dadii\Anaconda3\envs\mlagents_gpu\python.exe -u -m mlagents.trainers.learn "C:\Users\dadii\Falcon9\results\L10\TrainingConfig.yaml" --run-id="L10" --resume --torch-device "cuda" --seed 1


	Unity Technologies

 Version information:
  ml-agents: 1.1.0,
  ml-agents-envs: 1.1.0,
  Communicator API: 1.5.0,
  PyTorch: 2.1.0+cu121
[INFO] Listening on port 5004. Start training by pressing the Play button in the Unity Editor.
[INFO] Connected to Unity environment with package version 4.0.2 and communication version 1.5.0
[INFO] Connected new brain: Rocket?team=0
[INFO] Hyperparameters for behavior name Rocket: 
	trainer_type:	ppo
	hyperparameters:	
	  batch_size:	4096
	  buffer_size:	40960
	  learning_rate:	6.03e-05
	  beta:	0.00209
	  epsilon:	0.139
	  lambd:	0.98
	  num_epoch:	6
	  shared_critic:	False
	  learning_rate_schedule:	linear
	  beta_schedule:	linear
	  epsilon_schedule:	linear
	checkpoint_interval:	500000
	network_settings:	
	  normalize:	True
	  hidden_units:	512
	  num_layers:	3
	  vis_encode_type:	simple
	  memory:	None
	  goal_conditioning_type:	hyper
	  deterministic:	False
	reward_signals:	
	  extrinsic:	
	    gamma:	0.9995
	    strength:	1.0
	    network_settings:	
	      normalize:	False
	      hidden_units:	128
	      num_layers:	2
	      vis_encode_type:	simple
	      memory:	None
	      goal_conditioning_type:	hyper
	      deterministic:	False
	init_path:	None
	keep_checkpoints:	80
	even_checkpoints:	False
	max_steps:	50000000
	time_horizon:	1024
	summary_freq:	20000
	threaded:	True
	self_play:	None
	behavioral_cloning:	None
[INFO] Resuming from results\L10\Rocket.
[INFO] Resuming training from step 30000477.
[INFO] Rocket. Step: 30020000. Time Elapsed: 22.216 s. Mean Reward: 2.459. Std of Reward: 21.398. Training.
[INFO] Rocket. Step: 30040000. Time Elapsed: 42.484 s. Mean Reward: 3.923. Std of Reward: 24.339. Training.
[INFO] Rocket. Step: 30060000. Time Elapsed: 68.058 s. Mean Reward: 9.678. Std of Reward: 18.064. Training.
[INFO] Rocket. Step: 30080000. Time Elapsed: 86.454 s. Mean Reward: -0.836. Std of Reward: 25.470. Training.
[INFO] Rocket. Step: 30100000. Time Elapsed: 106.493 s. Mean Reward: 5.277. Std of Reward: 23.318. Training.
[INFO] Rocket. Step: 30120000. Time Elapsed: 123.258 s. Mean Reward: 5.715. Std of Reward: 23.648. Training.
[INFO] Rocket. Step: 30140000. Time Elapsed: 145.746 s. Mean Reward: 2.408. Std of Reward: 22.808. Training.
[INFO] Rocket. Step: 30160000. Time Elapsed: 162.508 s. Mean Reward: 2.464. Std of Reward: 27.359. Training.
[INFO] Rocket. Step: 30180000. Time Elapsed: 185.653 s. Mean Reward: 14.044. Std of Reward: 14.094. Training.
[INFO] Rocket. Step: 30200000. Time Elapsed: 202.052 s. Mean Reward: 4.512. Std of Reward: 27.081. Training.
[INFO] Rocket. Step: 30220000. Time Elapsed: 225.182 s. Mean Reward: 1.469. Std of Reward: 26.038. Training.
[INFO] Rocket. Step: 30240000. Time Elapsed: 241.211 s. Mean Reward: 11.040. Std of Reward: 22.858. Training.
[INFO] Rocket. Step: 30260000. Time Elapsed: 264.933 s. Mean Reward: 7.123. Std of Reward: 21.493. Training.
[INFO] Rocket. Step: 30280000. Time Elapsed: 280.088 s. Mean Reward: 6.994. Std of Reward: 19.803. Training.
[INFO] Rocket. Step: 30300000. Time Elapsed: 303.689 s. Mean Reward: 3.370. Std of Reward: 21.278. Training.
[INFO] Rocket. Step: 30320000. Time Elapsed: 320.960 s. Mean Reward: 5.958. Std of Reward: 24.601. Training.
[INFO] Rocket. Step: 30340000. Time Elapsed: 343.443 s. Mean Reward: 15.002. Std of Reward: 14.818. Training.
[INFO] Rocket. Step: 30360000. Time Elapsed: 359.630 s. Mean Reward: 6.023. Std of Reward: 25.193. Training.
[INFO] Rocket. Step: 30380000. Time Elapsed: 383.870 s. Mean Reward: 6.756. Std of Reward: 23.930. Training.
[INFO] Rocket. Step: 30400000. Time Elapsed: 400.876 s. Mean Reward: 3.057. Std of Reward: 25.898. Training.
[INFO] Rocket. Step: 30420000. Time Elapsed: 423.259 s. Mean Reward: 0.663. Std of Reward: 27.376. Training.
[INFO] Rocket. Step: 30440000. Time Elapsed: 438.769 s. Mean Reward: 3.500. Std of Reward: 24.302. Training.
[INFO] Rocket. Step: 30460000. Time Elapsed: 463.317 s. Mean Reward: 9.022. Std of Reward: 21.707. Training.
[INFO] Rocket. Step: 30480000. Time Elapsed: 479.649 s. Mean Reward: 12.425. Std of Reward: 17.729. Training.
[INFO] Rocket. Step: 30500000. Time Elapsed: 503.316 s. Mean Reward: 7.037. Std of Reward: 24.251. Training.
[INFO] Exported results\L10\Rocket\Rocket-30499799.onnx
[INFO] Rocket. Step: 30520000. Time Elapsed: 518.151 s. Mean Reward: -0.222. Std of Reward: 28.108. Training.
[INFO] Rocket. Step: 30540000. Time Elapsed: 541.831 s. Mean Reward: 10.817. Std of Reward: 17.801. Training.
[INFO] Rocket. Step: 30560000. Time Elapsed: 557.970 s. Mean Reward: 9.936. Std of Reward: 18.086. Training.
[INFO] Rocket. Step: 30580000. Time Elapsed: 580.466 s. Mean Reward: 0.198. Std of Reward: 24.613. Training.
[INFO] Rocket. Step: 30600000. Time Elapsed: 596.153 s. Mean Reward: -2.136. Std of Reward: 27.991. Training.
[INFO] Rocket. Step: 30620000. Time Elapsed: 621.436 s. Mean Reward: 0.797. Std of Reward: 26.475. Training.
[INFO] Rocket. Step: 30640000. Time Elapsed: 636.763 s. Mean Reward: 3.746. Std of Reward: 23.036. Training.
[INFO] Rocket. Step: 30660000. Time Elapsed: 652.464 s. Mean Reward: 9.086. Std of Reward: 22.294. Training.
[INFO] Rocket. Step: 30680000. Time Elapsed: 676.837 s. Mean Reward: 5.674. Std of Reward: 22.553. Training.
[INFO] Rocket. Step: 30700000. Time Elapsed: 691.995 s. Mean Reward: 3.537. Std of Reward: 25.623. Training.
[INFO] Rocket. Step: 30720000. Time Elapsed: 715.431 s. Mean Reward: 6.551. Std of Reward: 20.975. Training.
[INFO] Rocket. Step: 30740000. Time Elapsed: 731.172 s. Mean Reward: 7.918. Std of Reward: 24.867. Training.
[INFO] Rocket. Step: 30760000. Time Elapsed: 754.067 s. Mean Reward: 3.525. Std of Reward: 21.541. Training.
[INFO] Rocket. Step: 30780000. Time Elapsed: 769.941 s. Mean Reward: 4.196. Std of Reward: 23.042. Training.
[INFO] Rocket. Step: 30800000. Time Elapsed: 793.992 s. Mean Reward: 6.439. Std of Reward: 21.901. Training.
[INFO] Rocket. Step: 30820000. Time Elapsed: 809.553 s. Mean Reward: 14.663. Std of Reward: 13.466. Training.
[INFO] Rocket. Step: 30840000. Time Elapsed: 833.264 s. Mean Reward: 1.103. Std of Reward: 24.018. Training.
[INFO] Rocket. Step: 30860000. Time Elapsed: 848.915 s. Mean Reward: 9.109. Std of Reward: 20.310. Training.
[INFO] Rocket. Step: 30880000. Time Elapsed: 872.060 s. Mean Reward: 7.492. Std of Reward: 21.523. Training.
[INFO] Rocket. Step: 30900000. Time Elapsed: 887.961 s. Mean Reward: 6.450. Std of Reward: 24.815. Training.
[INFO] Rocket. Step: 30920000. Time Elapsed: 911.396 s. Mean Reward: 8.867. Std of Reward: 19.934. Training.
[INFO] Rocket. Step: 30940000. Time Elapsed: 927.991 s. Mean Reward: 7.072. Std of Reward: 23.366. Training.
[INFO] Rocket. Step: 30960000. Time Elapsed: 950.531 s. Mean Reward: 2.985. Std of Reward: 23.798. Training.
[INFO] Rocket. Step: 30980000. Time Elapsed: 967.311 s. Mean Reward: 0.841. Std of Reward: 28.027. Training.
[INFO] Rocket. Step: 31000000. Time Elapsed: 989.500 s. Mean Reward: 8.411. Std of Reward: 22.269. Training.
[INFO] Exported results\L10\Rocket\Rocket-30999550.onnx
[INFO] Rocket. Step: 31020000. Time Elapsed: 1007.341 s. Mean Reward: 2.037. Std of Reward: 23.049. Training.
[INFO] Rocket. Step: 31040000. Time Elapsed: 1029.281 s. Mean Reward: 2.463. Std of Reward: 26.218. Training.
[INFO] Rocket. Step: 31060000. Time Elapsed: 1045.271 s. Mean Reward: 7.986. Std of Reward: 24.461. Training.
[INFO] Rocket. Step: 31080000. Time Elapsed: 1069.024 s. Mean Reward: 10.896. Std of Reward: 20.263. Training.
[INFO] Rocket. Step: 31100000. Time Elapsed: 1085.115 s. Mean Reward: 5.391. Std of Reward: 22.314. Training.
[INFO] Rocket. Step: 31120000. Time Elapsed: 1107.475 s. Mean Reward: 9.868. Std of Reward: 19.832. Training.
[INFO] Rocket. Step: 31140000. Time Elapsed: 1124.645 s. Mean Reward: 12.474. Std of Reward: 20.217. Training.
[INFO] Rocket. Step: 31160000. Time Elapsed: 1147.526 s. Mean Reward: 13.081. Std of Reward: 17.224. Training.
[INFO] Rocket. Step: 31180000. Time Elapsed: 1163.831 s. Mean Reward: 6.754. Std of Reward: 23.335. Training.
[INFO] Rocket. Step: 31200000. Time Elapsed: 1187.147 s. Mean Reward: 3.560. Std of Reward: 22.665. Training.
[INFO] Rocket. Step: 31220000. Time Elapsed: 1203.186 s. Mean Reward: 10.514. Std of Reward: 19.632. Training.
[INFO] Rocket. Step: 31240000. Time Elapsed: 1228.244 s. Mean Reward: 7.799. Std of Reward: 20.542. Training.
[INFO] Rocket. Step: 31260000. Time Elapsed: 1242.609 s. Mean Reward: 2.709. Std of Reward: 25.334. Training.
[INFO] Rocket. Step: 31280000. Time Elapsed: 1260.363 s. Mean Reward: 12.042. Std of Reward: 17.413. Training.
[INFO] Rocket. Step: 31300000. Time Elapsed: 1281.867 s. Mean Reward: 2.256. Std of Reward: 24.950. Training.
[INFO] Rocket. Step: 31320000. Time Elapsed: 1298.695 s. Mean Reward: 7.346. Std of Reward: 20.069. Training.
[INFO] Rocket. Step: 31340000. Time Elapsed: 1322.000 s. Mean Reward: 0.284. Std of Reward: 24.282. Training.
[INFO] Rocket. Step: 31360000. Time Elapsed: 1339.878 s. Mean Reward: 11.415. Std of Reward: 18.146. Training.
[INFO] Rocket. Step: 31380000. Time Elapsed: 1361.236 s. Mean Reward: 8.030. Std of Reward: 19.243. Training.
[INFO] Rocket. Step: 31400000. Time Elapsed: 1378.605 s. Mean Reward: 6.454. Std of Reward: 22.895. Training.
[INFO] Rocket. Step: 31420000. Time Elapsed: 1400.999 s. Mean Reward: 14.659. Std of Reward: 14.741. Training.
[INFO] Rocket. Step: 31440000. Time Elapsed: 1418.433 s. Mean Reward: 10.146. Std of Reward: 21.334. Training.
[INFO] Rocket. Step: 31460000. Time Elapsed: 1439.937 s. Mean Reward: 3.886. Std of Reward: 24.519. Training.
[INFO] Rocket. Step: 31480000. Time Elapsed: 1457.723 s. Mean Reward: -1.692. Std of Reward: 26.299. Training.
[INFO] Rocket. Step: 31500000. Time Elapsed: 1480.642 s. Mean Reward: 4.372. Std of Reward: 25.423. Training.
[INFO] Exported results\L10\Rocket\Rocket-31499293.onnx
[INFO] Rocket. Step: 31520000. Time Elapsed: 1497.405 s. Mean Reward: 5.535. Std of Reward: 21.850. Training.
[INFO] Rocket. Step: 31540000. Time Elapsed: 1520.387 s. Mean Reward: 8.809. Std of Reward: 22.855. Training.
[INFO] Rocket. Step: 31560000. Time Elapsed: 1535.708 s. Mean Reward: 2.508. Std of Reward: 28.540. Training.
[INFO] Rocket. Step: 31580000. Time Elapsed: 1558.987 s. Mean Reward: 8.439. Std of Reward: 22.356. Training.
[INFO] Rocket. Step: 31600000. Time Elapsed: 1575.735 s. Mean Reward: 1.070. Std of Reward: 25.233. Training.
[INFO] Rocket. Step: 31620000. Time Elapsed: 1599.011 s. Mean Reward: 12.649. Std of Reward: 16.887. Training.
[INFO] Rocket. Step: 31640000. Time Elapsed: 1614.497 s. Mean Reward: 7.547. Std of Reward: 21.832. Training.
[INFO] Rocket. Step: 31660000. Time Elapsed: 1637.421 s. Mean Reward: 12.666. Std of Reward: 17.149. Training.
[INFO] Rocket. Step: 31680000. Time Elapsed: 1656.259 s. Mean Reward: 5.414. Std of Reward: 22.351. Training.
[INFO] Rocket. Step: 31700000. Time Elapsed: 1677.409 s. Mean Reward: 8.712. Std of Reward: 19.798. Training.
[INFO] Rocket. Step: 31720000. Time Elapsed: 1694.754 s. Mean Reward: 4.125. Std of Reward: 25.469. Training.
[INFO] Rocket. Step: 31740000. Time Elapsed: 1716.826 s. Mean Reward: 2.961. Std of Reward: 25.223. Training.
[INFO] Rocket. Step: 31760000. Time Elapsed: 1733.757 s. Mean Reward: 6.495. Std of Reward: 24.505. Training.
[INFO] Rocket. Step: 31780000. Time Elapsed: 1756.182 s. Mean Reward: 1.946. Std of Reward: 22.017. Training.
[INFO] Rocket. Step: 31800000. Time Elapsed: 1772.991 s. Mean Reward: 6.567. Std of Reward: 22.509. Training.
[INFO] Rocket. Step: 31820000. Time Elapsed: 1797.031 s. Mean Reward: 4.433. Std of Reward: 22.297. Training.
[INFO] Rocket. Step: 31840000. Time Elapsed: 1812.717 s. Mean Reward: 8.696. Std of Reward: 17.939. Training.
[INFO] Rocket. Step: 31860000. Time Elapsed: 1828.653 s. Mean Reward: 6.670. Std of Reward: 22.448. Training.
[INFO] Rocket. Step: 31880000. Time Elapsed: 1851.576 s. Mean Reward: 9.983. Std of Reward: 17.152. Training.
[INFO] Rocket. Step: 31900000. Time Elapsed: 1867.456 s. Mean Reward: -0.906. Std of Reward: 23.117. Training.
[INFO] Rocket. Step: 31920000. Time Elapsed: 1892.021 s. Mean Reward: 9.774. Std of Reward: 20.400. Training.
[INFO] Rocket. Step: 31940000. Time Elapsed: 1908.052 s. Mean Reward: 4.426. Std of Reward: 22.914. Training.
[INFO] Rocket. Step: 31960000. Time Elapsed: 1930.198 s. Mean Reward: 3.470. Std of Reward: 21.662. Training.
[INFO] Rocket. Step: 31980000. Time Elapsed: 1946.376 s. Mean Reward: 8.472. Std of Reward: 19.061. Training.
[INFO] Rocket. Step: 32000000. Time Elapsed: 1970.108 s. Mean Reward: 11.385. Std of Reward: 19.908. Training.
[INFO] Exported results\L10\Rocket\Rocket-31999683.onnx
[INFO] Rocket. Step: 32020000. Time Elapsed: 1985.990 s. Mean Reward: 12.710. Std of Reward: 18.633. Training.
[INFO] Rocket. Step: 32040000. Time Elapsed: 2008.850 s. Mean Reward: 4.799. Std of Reward: 24.395. Training.
[INFO] Rocket. Step: 32060000. Time Elapsed: 2025.512 s. Mean Reward: 0.883. Std of Reward: 25.517. Training.
[INFO] Rocket. Step: 32080000. Time Elapsed: 2049.328 s. Mean Reward: 10.941. Std of Reward: 18.759. Training.
[INFO] Rocket. Step: 32100000. Time Elapsed: 2065.634 s. Mean Reward: 9.079. Std of Reward: 20.746. Training.
[INFO] Rocket. Step: 32120000. Time Elapsed: 2088.101 s. Mean Reward: 3.776. Std of Reward: 21.937. Training.
[INFO] Rocket. Step: 32140000. Time Elapsed: 2104.865 s. Mean Reward: -5.252. Std of Reward: 27.881. Training.
[INFO] Rocket. Step: 32160000. Time Elapsed: 2126.645 s. Mean Reward: 3.466. Std of Reward: 26.937. Training.
[INFO] Rocket. Step: 32180000. Time Elapsed: 2144.937 s. Mean Reward: 2.091. Std of Reward: 25.584. Training.
[INFO] Rocket. Step: 32200000. Time Elapsed: 2166.437 s. Mean Reward: 2.894. Std of Reward: 22.557. Training.
[INFO] Rocket. Step: 32220000. Time Elapsed: 2181.972 s. Mean Reward: 1.167. Std of Reward: 26.560. Training.
[INFO] Rocket. Step: 32240000. Time Elapsed: 2205.431 s. Mean Reward: 7.130. Std of Reward: 22.353. Training.
[INFO] Rocket. Step: 32260000. Time Elapsed: 2222.190 s. Mean Reward: 5.035. Std of Reward: 26.772. Training.
[INFO] Rocket. Step: 32280000. Time Elapsed: 2245.453 s. Mean Reward: 11.411. Std of Reward: 19.132. Training.
[INFO] Rocket. Step: 32300000. Time Elapsed: 2261.438 s. Mean Reward: 0.781. Std of Reward: 25.990. Training.
[INFO] Rocket. Step: 32320000. Time Elapsed: 2284.225 s. Mean Reward: 9.274. Std of Reward: 20.044. Training.
[INFO] Rocket. Step: 32340000. Time Elapsed: 2300.809 s. Mean Reward: 2.804. Std of Reward: 23.469. Training.
[INFO] Rocket. Step: 32360000. Time Elapsed: 2323.161 s. Mean Reward: 15.544. Std of Reward: 17.568. Training.
[INFO] Rocket. Step: 32380000. Time Elapsed: 2339.901 s. Mean Reward: 2.457. Std of Reward: 28.635. Training.
[INFO] Rocket. Step: 32400000. Time Elapsed: 2363.285 s. Mean Reward: 2.073. Std of Reward: 23.574. Training.
[INFO] Rocket. Step: 32420000. Time Elapsed: 2379.492 s. Mean Reward: 3.341. Std of Reward: 24.916. Training.
[INFO] Rocket. Step: 32440000. Time Elapsed: 2401.392 s. Mean Reward: 0.669. Std of Reward: 24.958. Training.
[INFO] Rocket. Step: 32460000. Time Elapsed: 2418.201 s. Mean Reward: 7.339. Std of Reward: 23.739. Training.
[INFO] Rocket. Step: 32480000. Time Elapsed: 2441.766 s. Mean Reward: 5.966. Std of Reward: 22.743. Training.
[INFO] Rocket. Step: 32500000. Time Elapsed: 2456.782 s. Mean Reward: 12.053. Std of Reward: 18.848. Training.
[INFO] Exported results\L10\Rocket\Rocket-32499507.onnx
[INFO] Rocket. Step: 32520000. Time Elapsed: 2473.799 s. Mean Reward: 11.576. Std of Reward: 21.579. Training.
[INFO] Rocket. Step: 32540000. Time Elapsed: 2497.602 s. Mean Reward: 13.647. Std of Reward: 14.953. Training.
[INFO] Rocket. Step: 32560000. Time Elapsed: 2514.493 s. Mean Reward: 11.681. Std of Reward: 18.183. Training.
[INFO] Rocket. Step: 32580000. Time Elapsed: 2536.198 s. Mean Reward: 3.554. Std of Reward: 21.128. Training.
[INFO] Rocket. Step: 32600000. Time Elapsed: 2553.203 s. Mean Reward: 5.698. Std of Reward: 24.069. Training.
[INFO] Rocket. Step: 32620000. Time Elapsed: 2575.139 s. Mean Reward: 9.485. Std of Reward: 21.175. Training.
[INFO] Rocket. Step: 32640000. Time Elapsed: 2591.063 s. Mean Reward: 5.737. Std of Reward: 21.641. Training.
[INFO] Rocket. Step: 32660000. Time Elapsed: 2614.736 s. Mean Reward: 3.711. Std of Reward: 26.401. Training.
[INFO] Rocket. Step: 32680000. Time Elapsed: 2631.517 s. Mean Reward: 12.766. Std of Reward: 13.787. Training.
[INFO] Rocket. Step: 32700000. Time Elapsed: 2654.786 s. Mean Reward: 2.644. Std of Reward: 24.625. Training.
[INFO] Rocket. Step: 32720000. Time Elapsed: 2671.492 s. Mean Reward: 6.804. Std of Reward: 21.835. Training.
[INFO] Rocket. Step: 32740000. Time Elapsed: 2694.427 s. Mean Reward: -2.848. Std of Reward: 29.075. Training.
[INFO] Rocket. Step: 32760000. Time Elapsed: 2709.559 s. Mean Reward: 2.591. Std of Reward: 26.060. Training.
[INFO] Rocket. Step: 32780000. Time Elapsed: 2733.320 s. Mean Reward: 8.503. Std of Reward: 19.776. Training.
[INFO] Rocket. Step: 32800000. Time Elapsed: 2749.801 s. Mean Reward: 7.205. Std of Reward: 25.767. Training.
[INFO] Rocket. Step: 32820000. Time Elapsed: 2772.641 s. Mean Reward: 6.592. Std of Reward: 22.970. Training.
[INFO] Rocket. Step: 32840000. Time Elapsed: 2788.514 s. Mean Reward: 4.505. Std of Reward: 22.691. Training.
[INFO] Rocket. Step: 32860000. Time Elapsed: 2810.239 s. Mean Reward: -4.851. Std of Reward: 27.376. Training.
[INFO] Rocket. Step: 32880000. Time Elapsed: 2828.295 s. Mean Reward: 8.209. Std of Reward: 19.027. Training.
[INFO] Rocket. Step: 32900000. Time Elapsed: 2850.267 s. Mean Reward: 10.077. Std of Reward: 17.426. Training.
[INFO] Rocket. Step: 32920000. Time Elapsed: 2866.614 s. Mean Reward: 15.173. Std of Reward: 14.412. Training.
[INFO] Rocket. Step: 32940000. Time Elapsed: 2891.206 s. Mean Reward: 11.781. Std of Reward: 18.839. Training.
[INFO] Rocket. Step: 32960000. Time Elapsed: 2907.965 s. Mean Reward: 14.446. Std of Reward: 14.674. Training.
[INFO] Rocket. Step: 32980000. Time Elapsed: 2929.580 s. Mean Reward: 10.963. Std of Reward: 19.298. Training.
[INFO] Rocket. Step: 33000000. Time Elapsed: 2944.871 s. Mean Reward: 2.671. Std of Reward: 23.157. Training.
[INFO] Exported results\L10\Rocket\Rocket-32999904.onnx
[INFO] Rocket. Step: 33020000. Time Elapsed: 2969.009 s. Mean Reward: 0.068. Std of Reward: 26.574. Training.
[INFO] Rocket. Step: 33040000. Time Elapsed: 2984.563 s. Mean Reward: 8.269. Std of Reward: 19.325. Training.
[INFO] Rocket. Step: 33060000. Time Elapsed: 3007.965 s. Mean Reward: 0.977. Std of Reward: 26.610. Training.
[INFO] Rocket. Step: 33080000. Time Elapsed: 3023.711 s. Mean Reward: 11.678. Std of Reward: 15.857. Training.
[INFO] Rocket. Step: 33100000. Time Elapsed: 3048.123 s. Mean Reward: 4.247. Std of Reward: 26.657. Training.
[INFO] Rocket. Step: 33120000. Time Elapsed: 3063.019 s. Mean Reward: 5.184. Std of Reward: 24.623. Training.
[INFO] Rocket. Step: 33140000. Time Elapsed: 3079.672 s. Mean Reward: 2.435. Std of Reward: 24.810. Training.
[INFO] Rocket. Step: 33160000. Time Elapsed: 3102.739 s. Mean Reward: 7.511. Std of Reward: 22.103. Training.
[INFO] Rocket. Step: 33180000. Time Elapsed: 3117.758 s. Mean Reward: 0.308. Std of Reward: 26.034. Training.
[INFO] Rocket. Step: 33200000. Time Elapsed: 3142.100 s. Mean Reward: 10.752. Std of Reward: 19.087. Training.
[INFO] Rocket. Step: 33220000. Time Elapsed: 3159.071 s. Mean Reward: 7.107. Std of Reward: 24.132. Training.
[INFO] Rocket. Step: 33240000. Time Elapsed: 3180.241 s. Mean Reward: 6.245. Std of Reward: 20.225. Training.
[INFO] Rocket. Step: 33260000. Time Elapsed: 3197.135 s. Mean Reward: 7.740. Std of Reward: 18.727. Training.
[INFO] Rocket. Step: 33280000. Time Elapsed: 3221.600 s. Mean Reward: 2.991. Std of Reward: 24.793. Training.
[INFO] Rocket. Step: 33300000. Time Elapsed: 3237.261 s. Mean Reward: 8.736. Std of Reward: 23.023. Training.
[INFO] Rocket. Step: 33320000. Time Elapsed: 3260.043 s. Mean Reward: 12.789. Std of Reward: 16.592. Training.
[INFO] Rocket. Step: 33340000. Time Elapsed: 3277.386 s. Mean Reward: 8.486. Std of Reward: 20.085. Training.
[INFO] Rocket. Step: 33360000. Time Elapsed: 3300.147 s. Mean Reward: 2.190. Std of Reward: 22.384. Training.
[INFO] Rocket. Step: 33380000. Time Elapsed: 3316.114 s. Mean Reward: 8.032. Std of Reward: 20.535. Training.
[INFO] Rocket. Step: 33400000. Time Elapsed: 3337.565 s. Mean Reward: 6.037. Std of Reward: 23.100. Training.
[INFO] Rocket. Step: 33420000. Time Elapsed: 3354.482 s. Mean Reward: 10.591. Std of Reward: 18.182. Training.
[INFO] Rocket. Step: 33440000. Time Elapsed: 3378.050 s. Mean Reward: 5.619. Std of Reward: 22.271. Training.
[INFO] Rocket. Step: 33460000. Time Elapsed: 3393.721 s. Mean Reward: 8.115. Std of Reward: 20.700. Training.
[INFO] Rocket. Step: 33480000. Time Elapsed: 3417.032 s. Mean Reward: 8.729. Std of Reward: 21.440. Training.
[INFO] Rocket. Step: 33500000. Time Elapsed: 3433.617 s. Mean Reward: 3.911. Std of Reward: 24.857. Training.
[INFO] Exported results\L10\Rocket\Rocket-33499970.onnx
[INFO] Rocket. Step: 33520000. Time Elapsed: 3456.139 s. Mean Reward: 0.121. Std of Reward: 26.383. Training.
[INFO] Rocket. Step: 33540000. Time Elapsed: 3472.405 s. Mean Reward: 6.655. Std of Reward: 24.303. Training.
[INFO] Rocket. Step: 33560000. Time Elapsed: 3495.265 s. Mean Reward: 2.280. Std of Reward: 22.796. Training.
[INFO] Rocket. Step: 33580000. Time Elapsed: 3511.249 s. Mean Reward: 11.074. Std of Reward: 18.422. Training.
[INFO] Rocket. Step: 33600000. Time Elapsed: 3534.608 s. Mean Reward: 3.775. Std of Reward: 21.299. Training.
[INFO] Rocket. Step: 33620000. Time Elapsed: 3551.708 s. Mean Reward: 8.812. Std of Reward: 22.410. Training.
[INFO] Rocket. Step: 33640000. Time Elapsed: 3574.389 s. Mean Reward: 9.087. Std of Reward: 20.852. Training.
[INFO] Rocket. Step: 33660000. Time Elapsed: 3590.689 s. Mean Reward: 5.315. Std of Reward: 23.740. Training.
[INFO] Rocket. Step: 33680000. Time Elapsed: 3613.503 s. Mean Reward: 13.998. Std of Reward: 16.221. Training.
[INFO] Rocket. Step: 33700000. Time Elapsed: 3629.411 s. Mean Reward: 4.473. Std of Reward: 22.572. Training.
[INFO] Rocket. Step: 33720000. Time Elapsed: 3653.682 s. Mean Reward: 0.805. Std of Reward: 25.496. Training.
[INFO] Rocket. Step: 33740000. Time Elapsed: 3668.611 s. Mean Reward: 12.890. Std of Reward: 17.409. Training.
[INFO] Rocket. Step: 33760000. Time Elapsed: 3691.814 s. Mean Reward: 1.815. Std of Reward: 22.886. Training.
[INFO] Rocket. Step: 33780000. Time Elapsed: 3708.160 s. Mean Reward: 9.728. Std of Reward: 23.506. Training.
[INFO] Rocket. Step: 33800000. Time Elapsed: 3725.117 s. Mean Reward: 9.702. Std of Reward: 21.506. Training.
[INFO] Rocket. Step: 33820000. Time Elapsed: 3747.514 s. Mean Reward: 5.216. Std of Reward: 24.298. Training.
[INFO] Rocket. Step: 33840000. Time Elapsed: 3763.930 s. Mean Reward: 6.861. Std of Reward: 23.978. Training.
[INFO] Rocket. Step: 33860000. Time Elapsed: 3786.312 s. Mean Reward: 7.159. Std of Reward: 20.081. Training.
[INFO] Rocket. Step: 33880000. Time Elapsed: 3803.471 s. Mean Reward: 2.748. Std of Reward: 25.560. Training.
[INFO] Rocket. Step: 33900000. Time Elapsed: 3825.912 s. Mean Reward: 6.234. Std of Reward: 20.956. Training.
[INFO] Rocket. Step: 33920000. Time Elapsed: 3842.942 s. Mean Reward: 0.399. Std of Reward: 26.283. Training.
[INFO] Rocket. Step: 33940000. Time Elapsed: 3865.219 s. Mean Reward: 8.911. Std of Reward: 23.047. Training.
[INFO] Rocket. Step: 33960000. Time Elapsed: 3880.604 s. Mean Reward: 8.933. Std of Reward: 16.846. Training.
[INFO] Rocket. Step: 33980000. Time Elapsed: 3904.903 s. Mean Reward: 9.834. Std of Reward: 18.038. Training.
[INFO] Rocket. Step: 34000000. Time Elapsed: 3921.218 s. Mean Reward: 9.489. Std of Reward: 22.437. Training.
[INFO] Exported results\L10\Rocket\Rocket-33999829.onnx
[INFO] Rocket. Step: 34020000. Time Elapsed: 3943.982 s. Mean Reward: 6.911. Std of Reward: 23.872. Training.
[INFO] Rocket. Step: 34040000. Time Elapsed: 3959.530 s. Mean Reward: 11.185. Std of Reward: 17.900. Training.
[INFO] Rocket. Step: 34060000. Time Elapsed: 3982.983 s. Mean Reward: 8.365. Std of Reward: 20.099. Training.
[INFO] Rocket. Step: 34080000. Time Elapsed: 4000.216 s. Mean Reward: 6.625. Std of Reward: 20.337. Training.
[INFO] Rocket. Step: 34100000. Time Elapsed: 4022.756 s. Mean Reward: 6.248. Std of Reward: 22.183. Training.
[INFO] Rocket. Step: 34120000. Time Elapsed: 4039.324 s. Mean Reward: 15.318. Std of Reward: 11.861. Training.
[INFO] Rocket. Step: 34140000. Time Elapsed: 4061.431 s. Mean Reward: 7.041. Std of Reward: 25.256. Training.
[INFO] Rocket. Step: 34160000. Time Elapsed: 4078.014 s. Mean Reward: 4.113. Std of Reward: 23.211. Training.
[INFO] Rocket. Step: 34180000. Time Elapsed: 4100.089 s. Mean Reward: 6.756. Std of Reward: 22.938. Training.
[INFO] Rocket. Step: 34200000. Time Elapsed: 4118.582 s. Mean Reward: 2.452. Std of Reward: 21.083. Training.
[INFO] Rocket. Step: 34220000. Time Elapsed: 4140.256 s. Mean Reward: 10.980. Std of Reward: 16.416. Training.
[INFO] Rocket. Step: 34240000. Time Elapsed: 4158.148 s. Mean Reward: 6.226. Std of Reward: 22.291. Training.
[INFO] Rocket. Step: 34260000. Time Elapsed: 4180.827 s. Mean Reward: 8.579. Std of Reward: 20.418. Training.
[INFO] Rocket. Step: 34280000. Time Elapsed: 4197.052 s. Mean Reward: 10.882. Std of Reward: 17.580. Training.
[INFO] Rocket. Step: 34300000. Time Elapsed: 4218.583 s. Mean Reward: 5.661. Std of Reward: 19.993. Training.
[INFO] Rocket. Step: 34320000. Time Elapsed: 4235.887 s. Mean Reward: 8.607. Std of Reward: 20.407. Training.
[INFO] Rocket. Step: 34340000. Time Elapsed: 4257.906 s. Mean Reward: 7.171. Std of Reward: 24.426. Training.
[INFO] Rocket. Step: 34360000. Time Elapsed: 4275.451 s. Mean Reward: 3.534. Std of Reward: 27.520. Training.
[INFO] Rocket. Step: 34380000. Time Elapsed: 4296.313 s. Mean Reward: 7.129. Std of Reward: 23.537. Training.
[INFO] Rocket. Step: 34400000. Time Elapsed: 4313.217 s. Mean Reward: 3.366. Std of Reward: 27.046. Training.
[INFO] Rocket. Step: 34420000. Time Elapsed: 4339.085 s. Mean Reward: 10.299. Std of Reward: 22.278. Training.
[INFO] Rocket. Step: 34440000. Time Elapsed: 4353.826 s. Mean Reward: 4.383. Std of Reward: 25.520. Training.
[INFO] Rocket. Step: 34460000. Time Elapsed: 4368.966 s. Mean Reward: 10.528. Std of Reward: 23.012. Training.
[INFO] Rocket. Step: 34480000. Time Elapsed: 4391.157 s. Mean Reward: 0.239. Std of Reward: 23.476. Training.
[INFO] Rocket. Step: 34500000. Time Elapsed: 4408.991 s. Mean Reward: 8.819. Std of Reward: 21.163. Training.
[INFO] Exported results\L10\Rocket\Rocket-34499854.onnx
[INFO] Rocket. Step: 34520000. Time Elapsed: 4432.716 s. Mean Reward: 4.600. Std of Reward: 22.448. Training.
[INFO] Rocket. Step: 34540000. Time Elapsed: 4447.784 s. Mean Reward: -2.053. Std of Reward: 28.231. Training.
[INFO] Rocket. Step: 34560000. Time Elapsed: 4470.742 s. Mean Reward: 3.432. Std of Reward: 25.779. Training.
[INFO] Rocket. Step: 34580000. Time Elapsed: 4488.708 s. Mean Reward: 8.617. Std of Reward: 21.663. Training.
[INFO] Rocket. Step: 34600000. Time Elapsed: 4509.863 s. Mean Reward: 12.614. Std of Reward: 14.945. Training.
[INFO] Rocket. Step: 34620000. Time Elapsed: 4526.252 s. Mean Reward: -0.335. Std of Reward: 24.169. Training.
[INFO] Rocket. Step: 34640000. Time Elapsed: 4550.084 s. Mean Reward: 9.764. Std of Reward: 19.857. Training.
[INFO] Rocket. Step: 34660000. Time Elapsed: 4567.422 s. Mean Reward: 12.445. Std of Reward: 21.085. Training.
[INFO] Rocket. Step: 34680000. Time Elapsed: 4589.114 s. Mean Reward: 8.939. Std of Reward: 18.136. Training.
[INFO] Rocket. Step: 34700000. Time Elapsed: 4605.296 s. Mean Reward: 2.321. Std of Reward: 27.000. Training.
[INFO] Rocket. Step: 34720000. Time Elapsed: 4627.814 s. Mean Reward: 4.675. Std of Reward: 24.034. Training.
[INFO] Rocket. Step: 34740000. Time Elapsed: 4645.394 s. Mean Reward: 10.134. Std of Reward: 19.449. Training.
[INFO] Rocket. Step: 34760000. Time Elapsed: 4667.962 s. Mean Reward: 11.652. Std of Reward: 17.937. Training.
[INFO] Rocket. Step: 34780000. Time Elapsed: 4684.213 s. Mean Reward: 9.772. Std of Reward: 18.924. Training.
[INFO] Rocket. Step: 34800000. Time Elapsed: 4708.933 s. Mean Reward: 8.774. Std of Reward: 20.637. Training.
[INFO] Rocket. Step: 34820000. Time Elapsed: 4723.719 s. Mean Reward: 4.453. Std of Reward: 22.391. Training.
[INFO] Rocket. Step: 34840000. Time Elapsed: 4746.052 s. Mean Reward: 0.970. Std of Reward: 26.521. Training.
[INFO] Rocket. Step: 34860000. Time Elapsed: 4763.675 s. Mean Reward: 12.153. Std of Reward: 18.047. Training.
[INFO] Rocket. Step: 34880000. Time Elapsed: 4786.426 s. Mean Reward: 9.777. Std of Reward: 17.342. Training.
[INFO] Rocket. Step: 34900000. Time Elapsed: 4804.258 s. Mean Reward: 9.824. Std of Reward: 19.521. Training.
[INFO] Rocket. Step: 34920000. Time Elapsed: 4825.371 s. Mean Reward: 3.532. Std of Reward: 23.570. Training.
[INFO] Rocket. Step: 34940000. Time Elapsed: 4843.228 s. Mean Reward: 8.073. Std of Reward: 20.177. Training.
[INFO] Rocket. Step: 34960000. Time Elapsed: 4866.482 s. Mean Reward: 10.901. Std of Reward: 19.531. Training.
[INFO] Rocket. Step: 34980000. Time Elapsed: 4882.318 s. Mean Reward: 5.196. Std of Reward: 23.682. Training.
[INFO] Rocket. Step: 35000000. Time Elapsed: 4905.540 s. Mean Reward: 4.748. Std of Reward: 26.703. Training.
[INFO] Exported results\L10\Rocket\Rocket-34999856.onnx
[INFO] Rocket. Step: 35020000. Time Elapsed: 4921.800 s. Mean Reward: 10.678. Std of Reward: 18.782. Training.
[INFO] Rocket. Step: 35040000. Time Elapsed: 4945.855 s. Mean Reward: 10.712. Std of Reward: 19.473. Training.
[INFO] Rocket. Step: 35060000. Time Elapsed: 4960.076 s. Mean Reward: 9.685. Std of Reward: 21.532. Training.
[INFO] Rocket. Step: 35080000. Time Elapsed: 4984.820 s. Mean Reward: 9.702. Std of Reward: 17.079. Training.
[INFO] Rocket. Step: 35100000. Time Elapsed: 4999.662 s. Mean Reward: 8.560. Std of Reward: 22.512. Training.
[INFO] Rocket. Step: 35120000. Time Elapsed: 5016.819 s. Mean Reward: 7.266. Std of Reward: 24.004. Training.
[INFO] Rocket. Step: 35140000. Time Elapsed: 5040.088 s. Mean Reward: 0.321. Std of Reward: 28.578. Training.
[INFO] Rocket. Step: 35160000. Time Elapsed: 5054.920 s. Mean Reward: 13.285. Std of Reward: 15.365. Training.
[INFO] Rocket. Step: 35180000. Time Elapsed: 5078.004 s. Mean Reward: 10.113. Std of Reward: 21.036. Training.
[INFO] Rocket. Step: 35200000. Time Elapsed: 5094.604 s. Mean Reward: 11.370. Std of Reward: 17.948. Training.
[INFO] Rocket. Step: 35220000. Time Elapsed: 5116.343 s. Mean Reward: 0.831. Std of Reward: 27.169. Training.
[INFO] Rocket. Step: 35240000. Time Elapsed: 5134.584 s. Mean Reward: 10.966. Std of Reward: 20.172. Training.
[INFO] Rocket. Step: 35260000. Time Elapsed: 5156.524 s. Mean Reward: 7.636. Std of Reward: 21.735. Training.
[INFO] Rocket. Step: 35280000. Time Elapsed: 5175.594 s. Mean Reward: 1.660. Std of Reward: 26.642. Training.
[INFO] Rocket. Step: 35300000. Time Elapsed: 5197.192 s. Mean Reward: 9.651. Std of Reward: 20.177. Training.
[INFO] Rocket. Step: 35320000. Time Elapsed: 5213.689 s. Mean Reward: 5.430. Std of Reward: 22.507. Training.
[INFO] Rocket. Step: 35340000. Time Elapsed: 5234.829 s. Mean Reward: 5.695. Std of Reward: 23.494. Training.
[INFO] Rocket. Step: 35360000. Time Elapsed: 5252.252 s. Mean Reward: 8.018. Std of Reward: 20.016. Training.
[INFO] Rocket. Step: 35380000. Time Elapsed: 5275.588 s. Mean Reward: -1.743. Std of Reward: 27.173. Training.
[INFO] Rocket. Step: 35400000. Time Elapsed: 5290.382 s. Mean Reward: 6.093. Std of Reward: 21.596. Training.
[INFO] Rocket. Step: 35420000. Time Elapsed: 5313.774 s. Mean Reward: -1.774. Std of Reward: 27.122. Training.
[INFO] Rocket. Step: 35440000. Time Elapsed: 5329.999 s. Mean Reward: 9.068. Std of Reward: 18.634. Training.
[INFO] Rocket. Step: 35460000. Time Elapsed: 5352.181 s. Mean Reward: 6.238. Std of Reward: 24.711. Training.
[INFO] Rocket. Step: 35480000. Time Elapsed: 5369.267 s. Mean Reward: 3.101. Std of Reward: 25.270. Training.
[INFO] Rocket. Step: 35500000. Time Elapsed: 5391.787 s. Mean Reward: 11.473. Std of Reward: 18.544. Training.
[INFO] Exported results\L10\Rocket\Rocket-35499728.onnx
[INFO] Rocket. Step: 35520000. Time Elapsed: 5409.536 s. Mean Reward: 1.261. Std of Reward: 25.195. Training.
[INFO] Rocket. Step: 35540000. Time Elapsed: 5430.183 s. Mean Reward: 15.566. Std of Reward: 12.247. Training.
[INFO] Rocket. Step: 35560000. Time Elapsed: 5448.328 s. Mean Reward: 12.927. Std of Reward: 15.419. Training.
[INFO] Rocket. Step: 35580000. Time Elapsed: 5471.288 s. Mean Reward: 4.943. Std of Reward: 26.939. Training.
[INFO] Rocket. Step: 35600000. Time Elapsed: 5487.388 s. Mean Reward: 9.279. Std of Reward: 21.225. Training.
[INFO] Rocket. Step: 35620000. Time Elapsed: 5511.086 s. Mean Reward: 9.484. Std of Reward: 18.850. Training.
[INFO] Rocket. Step: 35640000. Time Elapsed: 5526.688 s. Mean Reward: 2.840. Std of Reward: 24.535. Training.
[INFO] Rocket. Step: 35660000. Time Elapsed: 5550.304 s. Mean Reward: 6.851. Std of Reward: 21.757. Training.
[INFO] Rocket. Step: 35680000. Time Elapsed: 5564.940 s. Mean Reward: 6.453. Std of Reward: 21.463. Training.
[INFO] Rocket. Step: 35700000. Time Elapsed: 5582.412 s. Mean Reward: 1.876. Std of Reward: 25.531. Training.
[INFO] Rocket. Step: 35720000. Time Elapsed: 5602.488 s. Mean Reward: 4.960. Std of Reward: 24.516. Training.
[INFO] Rocket. Step: 35740000. Time Elapsed: 5620.294 s. Mean Reward: 10.040. Std of Reward: 20.235. Training.
[INFO] Rocket. Step: 35760000. Time Elapsed: 5641.962 s. Mean Reward: 4.414. Std of Reward: 22.279. Training.
[INFO] Rocket. Step: 35780000. Time Elapsed: 5659.750 s. Mean Reward: 2.763. Std of Reward: 26.205. Training.
[INFO] Rocket. Step: 35800000. Time Elapsed: 5682.770 s. Mean Reward: 5.375. Std of Reward: 22.815. Training.
[INFO] Rocket. Step: 35820000. Time Elapsed: 5697.876 s. Mean Reward: 14.069. Std of Reward: 14.382. Training.
[INFO] Rocket. Step: 35840000. Time Elapsed: 5722.579 s. Mean Reward: 10.854. Std of Reward: 17.980. Training.
[INFO] Rocket. Step: 35860000. Time Elapsed: 5740.205 s. Mean Reward: 13.646. Std of Reward: 17.428. Training.
[INFO] Rocket. Step: 35880000. Time Elapsed: 5761.609 s. Mean Reward: 15.166. Std of Reward: 12.410. Training.
[INFO] Rocket. Step: 35900000. Time Elapsed: 5778.987 s. Mean Reward: 11.404. Std of Reward: 18.966. Training.
[INFO] Rocket. Step: 35920000. Time Elapsed: 5801.522 s. Mean Reward: 7.169. Std of Reward: 20.521. Training.
[INFO] Rocket. Step: 35940000. Time Elapsed: 5817.729 s. Mean Reward: 5.930. Std of Reward: 23.847. Training.
[INFO] Rocket. Step: 35960000. Time Elapsed: 5840.111 s. Mean Reward: 2.557. Std of Reward: 26.528. Training.
[INFO] Rocket. Step: 35980000. Time Elapsed: 5855.883 s. Mean Reward: 7.719. Std of Reward: 23.037. Training.
[INFO] Rocket. Step: 36000000. Time Elapsed: 5879.694 s. Mean Reward: 7.580. Std of Reward: 23.856. Training.
[INFO] Exported results\L10\Rocket\Rocket-35999803.onnx
[INFO] Rocket. Step: 36020000. Time Elapsed: 5897.690 s. Mean Reward: 1.745. Std of Reward: 26.815. Training.
[INFO] Rocket. Step: 36040000. Time Elapsed: 5918.136 s. Mean Reward: 8.574. Std of Reward: 24.675. Training.
[INFO] Rocket. Step: 36060000. Time Elapsed: 5934.425 s. Mean Reward: 7.780. Std of Reward: 22.503. Training.
[INFO] Rocket. Step: 36080000. Time Elapsed: 5958.046 s. Mean Reward: 4.421. Std of Reward: 22.414. Training.
[INFO] Rocket. Step: 36100000. Time Elapsed: 5974.042 s. Mean Reward: 10.045. Std of Reward: 19.340. Training.
[INFO] Rocket. Step: 36120000. Time Elapsed: 5997.313 s. Mean Reward: 14.742. Std of Reward: 14.409. Training.
[INFO] Rocket. Step: 36140000. Time Elapsed: 6013.298 s. Mean Reward: 8.845. Std of Reward: 20.593. Training.
[INFO] Rocket. Step: 36160000. Time Elapsed: 6035.488 s. Mean Reward: -1.002. Std of Reward: 26.110. Training.
[INFO] Rocket. Step: 36180000. Time Elapsed: 6053.463 s. Mean Reward: 3.636. Std of Reward: 27.179. Training.
[INFO] Rocket. Step: 36200000. Time Elapsed: 6074.997 s. Mean Reward: 5.546. Std of Reward: 22.546. Training.
[INFO] Rocket. Step: 36220000. Time Elapsed: 6092.748 s. Mean Reward: 0.637. Std of Reward: 28.462. Training.
[INFO] Rocket. Step: 36240000. Time Elapsed: 6114.909 s. Mean Reward: 3.789. Std of Reward: 23.315. Training.
[INFO] Rocket. Step: 36260000. Time Elapsed: 6130.637 s. Mean Reward: 6.806. Std of Reward: 23.123. Training.
[INFO] Rocket. Step: 36280000. Time Elapsed: 6153.799 s. Mean Reward: 12.097. Std of Reward: 16.048. Training.
[INFO] Rocket. Step: 36300000. Time Elapsed: 6170.007 s. Mean Reward: 8.546. Std of Reward: 20.055. Training.
[INFO] Rocket. Step: 36320000. Time Elapsed: 6193.957 s. Mean Reward: 10.622. Std of Reward: 19.464. Training.
[INFO] Rocket. Step: 36340000. Time Elapsed: 6209.091 s. Mean Reward: 13.104. Std of Reward: 16.365. Training.
[INFO] Rocket. Step: 36360000. Time Elapsed: 6224.599 s. Mean Reward: 7.350. Std of Reward: 23.018. Training.
[INFO] Rocket. Step: 36380000. Time Elapsed: 6247.739 s. Mean Reward: 9.528. Std of Reward: 22.771. Training.
[INFO] Rocket. Step: 36400000. Time Elapsed: 6263.082 s. Mean Reward: 5.589. Std of Reward: 23.262. Training.
[INFO] Rocket. Step: 36420000. Time Elapsed: 6286.831 s. Mean Reward: 2.422. Std of Reward: 22.640. Training.
[INFO] Rocket. Step: 36440000. Time Elapsed: 6302.784 s. Mean Reward: 9.584. Std of Reward: 21.227. Training.
[INFO] Rocket. Step: 36460000. Time Elapsed: 6326.384 s. Mean Reward: 9.838. Std of Reward: 22.205. Training.
[INFO] Rocket. Step: 36480000. Time Elapsed: 6342.785 s. Mean Reward: 6.141. Std of Reward: 25.892. Training.
[INFO] Rocket. Step: 36500000. Time Elapsed: 6365.025 s. Mean Reward: 9.910. Std of Reward: 19.159. Training.
[INFO] Exported results\L10\Rocket\Rocket-36499739.onnx
[INFO] Rocket. Step: 36520000. Time Elapsed: 6382.363 s. Mean Reward: 3.335. Std of Reward: 24.380. Training.
[INFO] Rocket. Step: 36540000. Time Elapsed: 6404.752 s. Mean Reward: 9.820. Std of Reward: 23.172. Training.
[INFO] Rocket. Step: 36560000. Time Elapsed: 6421.918 s. Mean Reward: 8.525. Std of Reward: 21.676. Training.
[INFO] Rocket. Step: 36580000. Time Elapsed: 6443.911 s. Mean Reward: 8.265. Std of Reward: 24.606. Training.
[INFO] Rocket. Step: 36600000. Time Elapsed: 6460.956 s. Mean Reward: 7.568. Std of Reward: 23.063. Training.
[INFO] Rocket. Step: 36620000. Time Elapsed: 6482.360 s. Mean Reward: 0.062. Std of Reward: 27.816. Training.
[INFO] Rocket. Step: 36640000. Time Elapsed: 6498.707 s. Mean Reward: 7.865. Std of Reward: 21.245. Training.
[INFO] Rocket. Step: 36660000. Time Elapsed: 6522.235 s. Mean Reward: -0.148. Std of Reward: 26.161. Training.
[INFO] Rocket. Step: 36680000. Time Elapsed: 6537.378 s. Mean Reward: 9.786. Std of Reward: 21.473. Training.
[INFO] Rocket. Step: 36700000. Time Elapsed: 6562.218 s. Mean Reward: 7.159. Std of Reward: 23.327. Training.
[INFO] Rocket. Step: 36720000. Time Elapsed: 6578.469 s. Mean Reward: 10.224. Std of Reward: 18.219. Training.
[INFO] Rocket. Step: 36740000. Time Elapsed: 6600.832 s. Mean Reward: 9.353. Std of Reward: 23.642. Training.
[INFO] Rocket. Step: 36760000. Time Elapsed: 6617.536 s. Mean Reward: 13.980. Std of Reward: 13.912. Training.
[INFO] Rocket. Step: 36780000. Time Elapsed: 6640.574 s. Mean Reward: 2.915. Std of Reward: 25.945. Training.
[INFO] Rocket. Step: 36800000. Time Elapsed: 6655.952 s. Mean Reward: 10.590. Std of Reward: 21.046. Training.
[INFO] Rocket. Step: 36820000. Time Elapsed: 6679.374 s. Mean Reward: 4.930. Std of Reward: 26.792. Training.
[INFO] Rocket. Step: 36840000. Time Elapsed: 6693.204 s. Mean Reward: 8.681. Std of Reward: 24.867. Training.
[INFO] Rocket. Step: 36860000. Time Elapsed: 6719.145 s. Mean Reward: 6.504. Std of Reward: 21.787. Training.
[INFO] Rocket. Step: 36880000. Time Elapsed: 6734.053 s. Mean Reward: 10.452. Std of Reward: 18.603. Training.
[INFO] Rocket. Step: 36900000. Time Elapsed: 6758.677 s. Mean Reward: 6.812. Std of Reward: 24.185. Training.
[INFO] Rocket. Step: 36920000. Time Elapsed: 6774.045 s. Mean Reward: 10.773. Std of Reward: 17.443. Training.
[INFO] Rocket. Step: 36940000. Time Elapsed: 6797.055 s. Mean Reward: -3.318. Std of Reward: 26.802. Training.
[INFO] Rocket. Step: 36960000. Time Elapsed: 6812.860 s. Mean Reward: 2.925. Std of Reward: 24.104. Training.
[INFO] Rocket. Step: 36980000. Time Elapsed: 6830.011 s. Mean Reward: 2.169. Std of Reward: 23.952. Training.
[INFO] Rocket. Step: 37000000. Time Elapsed: 6850.850 s. Mean Reward: 14.087. Std of Reward: 16.148. Training.
[INFO] Exported results\L10\Rocket\Rocket-36999703.onnx
[INFO] Rocket. Step: 37020000. Time Elapsed: 6867.460 s. Mean Reward: 11.420. Std of Reward: 19.313. Training.
[INFO] Rocket. Step: 37040000. Time Elapsed: 6891.015 s. Mean Reward: 3.318. Std of Reward: 26.877. Training.
[INFO] Rocket. Step: 37060000. Time Elapsed: 6908.565 s. Mean Reward: 6.955. Std of Reward: 22.515. Training.
[INFO] Rocket. Step: 37080000. Time Elapsed: 6929.787 s. Mean Reward: 3.320. Std of Reward: 24.438. Training.
[INFO] Rocket. Step: 37100000. Time Elapsed: 6946.535 s. Mean Reward: 3.328. Std of Reward: 26.279. Training.
[INFO] Rocket. Step: 37120000. Time Elapsed: 6968.279 s. Mean Reward: 8.549. Std of Reward: 21.733. Training.
[INFO] Rocket. Step: 37140000. Time Elapsed: 6986.244 s. Mean Reward: 8.548. Std of Reward: 18.879. Training.
[INFO] Rocket. Step: 37160000. Time Elapsed: 7009.489 s. Mean Reward: 8.973. Std of Reward: 20.032. Training.
[INFO] Rocket. Step: 37180000. Time Elapsed: 7026.057 s. Mean Reward: 10.592. Std of Reward: 15.613. Training.
[INFO] Rocket. Step: 37200000. Time Elapsed: 7048.262 s. Mean Reward: 9.953. Std of Reward: 22.777. Training.
[INFO] Rocket. Step: 37220000. Time Elapsed: 7064.972 s. Mean Reward: 17.243. Std of Reward: 13.259. Training.
[INFO] Rocket. Step: 37240000. Time Elapsed: 7088.561 s. Mean Reward: 11.032. Std of Reward: 17.599. Training.
[INFO] Rocket. Step: 37260000. Time Elapsed: 7104.523 s. Mean Reward: 4.741. Std of Reward: 26.528. Training.
[INFO] Rocket. Step: 37280000. Time Elapsed: 7127.710 s. Mean Reward: 5.665. Std of Reward: 20.849. Training.
[INFO] Rocket. Step: 37300000. Time Elapsed: 7143.202 s. Mean Reward: 6.417. Std of Reward: 22.943. Training.
[INFO] Rocket. Step: 37320000. Time Elapsed: 7166.051 s. Mean Reward: 5.546. Std of Reward: 21.849. Training.
[INFO] Rocket. Step: 37340000. Time Elapsed: 7183.321 s. Mean Reward: 0.560. Std of Reward: 29.555. Training.
[INFO] Rocket. Step: 37360000. Time Elapsed: 7205.697 s. Mean Reward: 6.091. Std of Reward: 26.163. Training.
[INFO] Rocket. Step: 37380000. Time Elapsed: 7221.593 s. Mean Reward: 7.833. Std of Reward: 21.689. Training.
[INFO] Rocket. Step: 37400000. Time Elapsed: 7243.783 s. Mean Reward: 7.031. Std of Reward: 23.589. Training.
[INFO] Rocket. Step: 37420000. Time Elapsed: 7260.895 s. Mean Reward: 9.468. Std of Reward: 18.856. Training.
[INFO] Rocket. Step: 37440000. Time Elapsed: 7283.628 s. Mean Reward: 7.953. Std of Reward: 18.434. Training.
[INFO] Rocket. Step: 37460000. Time Elapsed: 7301.348 s. Mean Reward: 9.192. Std of Reward: 18.757. Training.
[INFO] Rocket. Step: 37480000. Time Elapsed: 7322.830 s. Mean Reward: 13.049. Std of Reward: 17.835. Training.
[INFO] Rocket. Step: 37500000. Time Elapsed: 7340.238 s. Mean Reward: 2.395. Std of Reward: 27.261. Training.
[INFO] Exported results\L10\Rocket\Rocket-37499837.onnx
[INFO] Rocket. Step: 37520000. Time Elapsed: 7363.915 s. Mean Reward: 14.798. Std of Reward: 12.349. Training.
[INFO] Rocket. Step: 37540000. Time Elapsed: 7380.137 s. Mean Reward: 7.987. Std of Reward: 25.261. Training.
[INFO] Rocket. Step: 37560000. Time Elapsed: 7402.005 s. Mean Reward: -1.602. Std of Reward: 23.460. Training.
[INFO] Rocket. Step: 37580000. Time Elapsed: 7420.139 s. Mean Reward: 15.325. Std of Reward: 15.878. Training.
[INFO] Rocket. Step: 37600000. Time Elapsed: 7435.623 s. Mean Reward: 10.604. Std of Reward: 20.328. Training.
[INFO] Rocket. Step: 37620000. Time Elapsed: 7458.461 s. Mean Reward: 13.516. Std of Reward: 15.390. Training.
[INFO] Rocket. Step: 37640000. Time Elapsed: 7473.528 s. Mean Reward: 1.645. Std of Reward: 22.525. Training.
[INFO] Rocket. Step: 37660000. Time Elapsed: 7496.670 s. Mean Reward: 6.373. Std of Reward: 21.772. Training.
[INFO] Rocket. Step: 37680000. Time Elapsed: 7513.469 s. Mean Reward: -0.300. Std of Reward: 27.444. Training.
[INFO] Rocket. Step: 37700000. Time Elapsed: 7537.560 s. Mean Reward: 5.959. Std of Reward: 22.515. Training.
[INFO] Rocket. Step: 37720000. Time Elapsed: 7551.338 s. Mean Reward: 3.328. Std of Reward: 22.625. Training.
[INFO] Rocket. Step: 37740000. Time Elapsed: 7576.858 s. Mean Reward: 16.405. Std of Reward: 9.262. Training.
[INFO] Rocket. Step: 37760000. Time Elapsed: 7591.341 s. Mean Reward: 3.871. Std of Reward: 27.018. Training.
[INFO] Rocket. Step: 37780000. Time Elapsed: 7615.793 s. Mean Reward: -0.228. Std of Reward: 26.449. Training.
[INFO] Rocket. Step: 37800000. Time Elapsed: 7629.024 s. Mean Reward: 7.030. Std of Reward: 20.470. Training.
[INFO] Rocket. Step: 37820000. Time Elapsed: 7653.924 s. Mean Reward: 8.779. Std of Reward: 20.039. Training.
[INFO] Rocket. Step: 37840000. Time Elapsed: 7670.855 s. Mean Reward: 9.277. Std of Reward: 21.392. Training.
[INFO] Rocket. Step: 37860000. Time Elapsed: 7693.871 s. Mean Reward: 11.037. Std of Reward: 19.284. Training.
[INFO] Rocket. Step: 37880000. Time Elapsed: 7708.919 s. Mean Reward: 5.430. Std of Reward: 25.859. Training.
[INFO] Rocket. Step: 37900000. Time Elapsed: 7732.681 s. Mean Reward: 5.107. Std of Reward: 24.434. Training.
[INFO] Rocket. Step: 37920000. Time Elapsed: 7748.435 s. Mean Reward: 4.139. Std of Reward: 23.820. Training.
[INFO] Rocket. Step: 37940000. Time Elapsed: 7769.365 s. Mean Reward: 8.314. Std of Reward: 20.837. Training.
[INFO] Rocket. Step: 37960000. Time Elapsed: 7788.597 s. Mean Reward: 1.200. Std of Reward: 26.332. Training.
[INFO] Rocket. Step: 37980000. Time Elapsed: 7808.904 s. Mean Reward: 5.862. Std of Reward: 22.124. Training.
[INFO] Rocket. Step: 38000000. Time Elapsed: 7826.885 s. Mean Reward: 3.473. Std of Reward: 26.105. Training.
[INFO] Exported results\L10\Rocket\Rocket-37999857.onnx
[INFO] Rocket. Step: 38020000. Time Elapsed: 7849.258 s. Mean Reward: 4.108. Std of Reward: 21.942. Training.
[INFO] Rocket. Step: 38040000. Time Elapsed: 7865.193 s. Mean Reward: 3.872. Std of Reward: 23.320. Training.
[INFO] Rocket. Step: 38060000. Time Elapsed: 7888.994 s. Mean Reward: 7.141. Std of Reward: 21.728. Training.
[INFO] Rocket. Step: 38080000. Time Elapsed: 7903.988 s. Mean Reward: 10.667. Std of Reward: 17.843. Training.
[INFO] Rocket. Step: 38100000. Time Elapsed: 7926.571 s. Mean Reward: -5.729. Std of Reward: 26.095. Training.
[INFO] Rocket. Step: 38120000. Time Elapsed: 7942.576 s. Mean Reward: 11.613. Std of Reward: 18.462. Training.
[INFO] Rocket. Step: 38140000. Time Elapsed: 7966.751 s. Mean Reward: -0.982. Std of Reward: 28.048. Training.
[INFO] Rocket. Step: 38160000. Time Elapsed: 7982.629 s. Mean Reward: 9.635. Std of Reward: 19.162. Training.
[INFO] Rocket. Step: 38180000. Time Elapsed: 8006.344 s. Mean Reward: 8.471. Std of Reward: 23.423. Training.
[INFO] Rocket. Step: 38200000. Time Elapsed: 8020.975 s. Mean Reward: 1.525. Std of Reward: 25.178. Training.
[INFO] Rocket. Step: 38220000. Time Elapsed: 8038.408 s. Mean Reward: 4.974. Std of Reward: 23.620. Training.
[INFO] Rocket. Step: 38240000. Time Elapsed: 8061.504 s. Mean Reward: 4.847. Std of Reward: 24.792. Training.
[INFO] Rocket. Step: 38260000. Time Elapsed: 8076.996 s. Mean Reward: 11.288. Std of Reward: 16.676. Training.
[INFO] Rocket. Step: 38280000. Time Elapsed: 8100.419 s. Mean Reward: 6.904. Std of Reward: 24.079. Training.
[INFO] Rocket. Step: 38300000. Time Elapsed: 8117.232 s. Mean Reward: 11.972. Std of Reward: 16.109. Training.
[INFO] Rocket. Step: 38320000. Time Elapsed: 8138.010 s. Mean Reward: -1.700. Std of Reward: 26.930. Training.
[INFO] Rocket. Step: 38340000. Time Elapsed: 8157.281 s. Mean Reward: 12.044. Std of Reward: 16.534. Training.
[INFO] Rocket. Step: 38360000. Time Elapsed: 8177.181 s. Mean Reward: 10.367. Std of Reward: 16.364. Training.
[INFO] Rocket. Step: 38380000. Time Elapsed: 8194.729 s. Mean Reward: 11.429. Std of Reward: 17.705. Training.
[INFO] Rocket. Step: 38400000. Time Elapsed: 8217.615 s. Mean Reward: -6.249. Std of Reward: 30.835. Training.
[INFO] Rocket. Step: 38420000. Time Elapsed: 8234.503 s. Mean Reward: 6.737. Std of Reward: 21.945. Training.
[INFO] Rocket. Step: 38440000. Time Elapsed: 8257.032 s. Mean Reward: 0.885. Std of Reward: 25.674. Training.
[INFO] Rocket. Step: 38460000. Time Elapsed: 8273.115 s. Mean Reward: -3.967. Std of Reward: 28.954. Training.
[INFO] Rocket. Step: 38480000. Time Elapsed: 8295.603 s. Mean Reward: 5.631. Std of Reward: 24.940. Training.
[INFO] Rocket. Step: 38500000. Time Elapsed: 8310.631 s. Mean Reward: 7.558. Std of Reward: 25.181. Training.
[INFO] Exported results\L10\Rocket\Rocket-38499456.onnx
[INFO] Rocket. Step: 38520000. Time Elapsed: 8334.079 s. Mean Reward: 7.876. Std of Reward: 23.611. Training.
[INFO] Rocket. Step: 38540000. Time Elapsed: 8350.990 s. Mean Reward: 9.555. Std of Reward: 19.274. Training.
[INFO] Rocket. Step: 38560000. Time Elapsed: 8374.277 s. Mean Reward: 1.958. Std of Reward: 25.270. Training.
[INFO] Rocket. Step: 38580000. Time Elapsed: 8388.360 s. Mean Reward: 12.668. Std of Reward: 18.375. Training.
[INFO] Rocket. Step: 38600000. Time Elapsed: 8412.310 s. Mean Reward: 5.109. Std of Reward: 21.659. Training.
[INFO] Rocket. Step: 38620000. Time Elapsed: 8428.050 s. Mean Reward: 5.063. Std of Reward: 24.384. Training.
[INFO] Rocket. Step: 38640000. Time Elapsed: 8450.753 s. Mean Reward: 9.344. Std of Reward: 20.120. Training.
[INFO] Rocket. Step: 38660000. Time Elapsed: 8467.762 s. Mean Reward: -3.534. Std of Reward: 26.947. Training.
[INFO] Rocket. Step: 38680000. Time Elapsed: 8489.754 s. Mean Reward: 0.610. Std of Reward: 24.607. Training.
[INFO] Rocket. Step: 38700000. Time Elapsed: 8505.929 s. Mean Reward: 8.015. Std of Reward: 19.489. Training.
[INFO] Rocket. Step: 38720000. Time Elapsed: 8529.171 s. Mean Reward: 11.055. Std of Reward: 17.261. Training.
[INFO] Rocket. Step: 38740000. Time Elapsed: 8545.271 s. Mean Reward: 5.750. Std of Reward: 23.154. Training.
[INFO] Rocket. Step: 38760000. Time Elapsed: 8570.454 s. Mean Reward: 6.776. Std of Reward: 23.463. Training.
[INFO] Rocket. Step: 38780000. Time Elapsed: 8584.172 s. Mean Reward: 7.371. Std of Reward: 23.837. Training.
[INFO] Rocket. Step: 38800000. Time Elapsed: 8599.764 s. Mean Reward: 5.435. Std of Reward: 25.159. Training.
[INFO] Rocket. Step: 38820000. Time Elapsed: 8622.647 s. Mean Reward: 5.284. Std of Reward: 25.770. Training.
[INFO] Rocket. Step: 38840000. Time Elapsed: 8637.609 s. Mean Reward: 11.383. Std of Reward: 18.627. Training.
[INFO] Rocket. Step: 38860000. Time Elapsed: 8662.343 s. Mean Reward: 8.533. Std of Reward: 22.798. Training.
[INFO] Rocket. Step: 38880000. Time Elapsed: 8678.354 s. Mean Reward: 9.583. Std of Reward: 18.772. Training.
[INFO] Rocket. Step: 38900000. Time Elapsed: 8700.248 s. Mean Reward: 13.218. Std of Reward: 16.088. Training.
[INFO] Rocket. Step: 38920000. Time Elapsed: 8716.744 s. Mean Reward: 9.916. Std of Reward: 19.511. Training.
[INFO] Rocket. Step: 38940000. Time Elapsed: 8740.303 s. Mean Reward: 5.833. Std of Reward: 21.715. Training.
[INFO] Rocket. Step: 38960000. Time Elapsed: 8756.392 s. Mean Reward: 8.123. Std of Reward: 22.943. Training.
[INFO] Rocket. Step: 38980000. Time Elapsed: 8779.134 s. Mean Reward: 0.715. Std of Reward: 25.660. Training.
[INFO] Rocket. Step: 39000000. Time Elapsed: 8793.771 s. Mean Reward: 4.175. Std of Reward: 23.004. Training.
[INFO] Exported results\L10\Rocket\Rocket-38999521.onnx
[INFO] Rocket. Step: 39020000. Time Elapsed: 8817.573 s. Mean Reward: 2.507. Std of Reward: 25.615. Training.
[INFO] Rocket. Step: 39040000. Time Elapsed: 8834.242 s. Mean Reward: 11.508. Std of Reward: 18.170. Training.
[INFO] Rocket. Step: 39060000. Time Elapsed: 8856.311 s. Mean Reward: 12.714. Std of Reward: 20.396. Training.
[INFO] Rocket. Step: 39080000. Time Elapsed: 8871.920 s. Mean Reward: 9.044. Std of Reward: 19.677. Training.
[INFO] Rocket. Step: 39100000. Time Elapsed: 8896.393 s. Mean Reward: 7.809. Std of Reward: 22.419. Training.
[INFO] Rocket. Step: 39120000. Time Elapsed: 8911.793 s. Mean Reward: 8.811. Std of Reward: 19.387. Training.
[INFO] Rocket. Step: 39140000. Time Elapsed: 8933.184 s. Mean Reward: 4.296. Std of Reward: 23.807. Training.
[INFO] Rocket. Step: 39160000. Time Elapsed: 8950.257 s. Mean Reward: 0.824. Std of Reward: 25.125. Training.
[INFO] Rocket. Step: 39180000. Time Elapsed: 8974.343 s. Mean Reward: 13.443. Std of Reward: 14.719. Training.
[INFO] Rocket. Step: 39200000. Time Elapsed: 8990.615 s. Mean Reward: 10.924. Std of Reward: 17.616. Training.
[INFO] Rocket. Step: 39220000. Time Elapsed: 9014.875 s. Mean Reward: 7.968. Std of Reward: 21.339. Training.
[INFO] Rocket. Step: 39240000. Time Elapsed: 9027.996 s. Mean Reward: 7.393. Std of Reward: 24.723. Training.
[INFO] Rocket. Step: 39260000. Time Elapsed: 9051.258 s. Mean Reward: 7.995. Std of Reward: 22.516. Training.
[INFO] Rocket. Step: 39280000. Time Elapsed: 9067.698 s. Mean Reward: -1.575. Std of Reward: 26.846. Training.
[INFO] Rocket. Step: 39300000. Time Elapsed: 9089.786 s. Mean Reward: 5.854. Std of Reward: 23.384. Training.
[INFO] Rocket. Step: 39320000. Time Elapsed: 9106.678 s. Mean Reward: 2.204. Std of Reward: 25.720. Training.
[INFO] Rocket. Step: 39340000. Time Elapsed: 9129.318 s. Mean Reward: 6.738. Std of Reward: 27.126. Training.
[INFO] Rocket. Step: 39360000. Time Elapsed: 9144.932 s. Mean Reward: 5.530. Std of Reward: 23.006. Training.
[INFO] Rocket. Step: 39380000. Time Elapsed: 9168.661 s. Mean Reward: -1.852. Std of Reward: 30.417. Training.
[INFO] Rocket. Step: 39400000. Time Elapsed: 9185.257 s. Mean Reward: 9.589. Std of Reward: 17.895. Training.
[INFO] Rocket. Step: 39420000. Time Elapsed: 9201.161 s. Mean Reward: 8.848. Std of Reward: 22.177. Training.
[INFO] Rocket. Step: 39440000. Time Elapsed: 9223.567 s. Mean Reward: 6.007. Std of Reward: 22.903. Training.
[INFO] Rocket. Step: 39460000. Time Elapsed: 9239.851 s. Mean Reward: 6.441. Std of Reward: 24.439. Training.
[INFO] Rocket. Step: 39480000. Time Elapsed: 9264.024 s. Mean Reward: 6.395. Std of Reward: 22.648. Training.
[INFO] Rocket. Step: 39500000. Time Elapsed: 9277.989 s. Mean Reward: 9.900. Std of Reward: 18.207. Training.
[INFO] Exported results\L10\Rocket\Rocket-39499867.onnx
[INFO] Rocket. Step: 39520000. Time Elapsed: 9301.176 s. Mean Reward: 11.964. Std of Reward: 15.938. Training.
[INFO] Rocket. Step: 39540000. Time Elapsed: 9317.389 s. Mean Reward: 6.788. Std of Reward: 21.452. Training.
[INFO] Rocket. Step: 39560000. Time Elapsed: 9341.534 s. Mean Reward: 0.738. Std of Reward: 26.583. Training.
[INFO] Rocket. Step: 39580000. Time Elapsed: 9355.388 s. Mean Reward: 9.737. Std of Reward: 17.926. Training.
[INFO] Rocket. Step: 39600000. Time Elapsed: 9378.795 s. Mean Reward: 3.559. Std of Reward: 28.478. Training.
[INFO] Rocket. Step: 39620000. Time Elapsed: 9396.570 s. Mean Reward: 0.010. Std of Reward: 26.166. Training.
[INFO] Rocket. Step: 39640000. Time Elapsed: 9418.171 s. Mean Reward: 4.288. Std of Reward: 25.038. Training.
[INFO] Rocket. Step: 39660000. Time Elapsed: 9434.405 s. Mean Reward: 1.322. Std of Reward: 25.018. Training.
[INFO] Rocket. Step: 39680000. Time Elapsed: 9459.216 s. Mean Reward: -1.362. Std of Reward: 25.154. Training.
[INFO] Rocket. Step: 39700000. Time Elapsed: 9473.497 s. Mean Reward: 1.998. Std of Reward: 22.054. Training.
[INFO] Rocket. Step: 39720000. Time Elapsed: 9495.717 s. Mean Reward: 10.711. Std of Reward: 21.764. Training.
[INFO] Rocket. Step: 39740000. Time Elapsed: 9512.122 s. Mean Reward: 7.897. Std of Reward: 21.111. Training.
[INFO] Rocket. Step: 39760000. Time Elapsed: 9535.013 s. Mean Reward: 2.586. Std of Reward: 25.278. Training.
[INFO] Rocket. Step: 39780000. Time Elapsed: 9550.830 s. Mean Reward: 6.966. Std of Reward: 24.042. Training.
[INFO] Rocket. Step: 39800000. Time Elapsed: 9573.799 s. Mean Reward: 4.820. Std of Reward: 24.692. Training.
[INFO] Rocket. Step: 39820000. Time Elapsed: 9591.718 s. Mean Reward: -3.027. Std of Reward: 26.468. Training.
[INFO] Rocket. Step: 39840000. Time Elapsed: 9611.964 s. Mean Reward: 1.548. Std of Reward: 28.755. Training.
[INFO] Rocket. Step: 39860000. Time Elapsed: 9628.510 s. Mean Reward: 9.061. Std of Reward: 21.539. Training.
[INFO] Rocket. Step: 39880000. Time Elapsed: 9653.262 s. Mean Reward: 7.114. Std of Reward: 22.910. Training.
[INFO] Rocket. Step: 39900000. Time Elapsed: 9669.819 s. Mean Reward: 15.842. Std of Reward: 13.055. Training.
[INFO] Rocket. Step: 39920000. Time Elapsed: 9695.110 s. Mean Reward: 10.807. Std of Reward: 22.062. Training.
[INFO] Rocket. Step: 39940000. Time Elapsed: 9711.379 s. Mean Reward: 11.764. Std of Reward: 17.508. Training.
[INFO] Rocket. Step: 39960000. Time Elapsed: 9736.288 s. Mean Reward: 7.796. Std of Reward: 21.833. Training.
[INFO] Rocket. Step: 39980000. Time Elapsed: 9751.830 s. Mean Reward: 4.908. Std of Reward: 24.879. Training.
[INFO] Rocket. Step: 40000000. Time Elapsed: 9768.298 s. Mean Reward: 13.139. Std of Reward: 12.249. Training.
[INFO] Exported results\L10\Rocket\Rocket-39999427.onnx
[INFO] Rocket. Step: 40020000. Time Elapsed: 9791.702 s. Mean Reward: 10.050. Std of Reward: 18.937. Training.
[INFO] Rocket. Step: 40040000. Time Elapsed: 9808.705 s. Mean Reward: 6.223. Std of Reward: 20.057. Training.
[INFO] Rocket. Step: 40060000. Time Elapsed: 9829.820 s. Mean Reward: 5.707. Std of Reward: 18.855. Training.
[INFO] Rocket. Step: 40080000. Time Elapsed: 9847.184 s. Mean Reward: 2.852. Std of Reward: 24.808. Training.
[INFO] Rocket. Step: 40100000. Time Elapsed: 9868.912 s. Mean Reward: 4.038. Std of Reward: 23.926. Training.
[INFO] Rocket. Step: 40120000. Time Elapsed: 9885.034 s. Mean Reward: 6.320. Std of Reward: 20.589. Training.
[INFO] Rocket. Step: 40140000. Time Elapsed: 9907.686 s. Mean Reward: 3.459. Std of Reward: 23.396. Training.
[INFO] Rocket. Step: 40160000. Time Elapsed: 9925.613 s. Mean Reward: 3.926. Std of Reward: 23.982. Training.
[INFO] Rocket. Step: 40180000. Time Elapsed: 9947.024 s. Mean Reward: 9.008. Std of Reward: 22.221. Training.
[INFO] Rocket. Step: 40200000. Time Elapsed: 9964.114 s. Mean Reward: 2.455. Std of Reward: 24.306. Training.
[INFO] Rocket. Step: 40220000. Time Elapsed: 9986.651 s. Mean Reward: 13.904. Std of Reward: 14.707. Training.
[INFO] Rocket. Step: 40240000. Time Elapsed: 10003.159 s. Mean Reward: 11.075. Std of Reward: 16.845. Training.
[INFO] Rocket. Step: 40260000. Time Elapsed: 10024.271 s. Mean Reward: 3.874. Std of Reward: 23.361. Training.
[INFO] Rocket. Step: 40280000. Time Elapsed: 10040.390 s. Mean Reward: 3.566. Std of Reward: 22.838. Training.
[INFO] Rocket. Step: 40300000. Time Elapsed: 10062.963 s. Mean Reward: 6.094. Std of Reward: 24.821. Training.
[INFO] Rocket. Step: 40320000. Time Elapsed: 10080.642 s. Mean Reward: 5.263. Std of Reward: 24.763. Training.
[INFO] Rocket. Step: 40340000. Time Elapsed: 10103.418 s. Mean Reward: 3.162. Std of Reward: 26.015. Training.
[INFO] Rocket. Step: 40360000. Time Elapsed: 10119.550 s. Mean Reward: 4.739. Std of Reward: 22.940. Training.
[INFO] Rocket. Step: 40380000. Time Elapsed: 10140.427 s. Mean Reward: -3.332. Std of Reward: 25.387. Training.
[INFO] Rocket. Step: 40400000. Time Elapsed: 10157.539 s. Mean Reward: 5.420. Std of Reward: 24.274. Training.
[INFO] Rocket. Step: 40420000. Time Elapsed: 10180.421 s. Mean Reward: 8.788. Std of Reward: 24.659. Training.
[INFO] Rocket. Step: 40440000. Time Elapsed: 10195.799 s. Mean Reward: 7.059. Std of Reward: 21.239. Training.
[INFO] Rocket. Step: 40460000. Time Elapsed: 10219.114 s. Mean Reward: 10.589. Std of Reward: 16.958. Training.
[INFO] Rocket. Step: 40480000. Time Elapsed: 10236.996 s. Mean Reward: 11.904. Std of Reward: 15.065. Training.
[INFO] Rocket. Step: 40500000. Time Elapsed: 10258.500 s. Mean Reward: 1.467. Std of Reward: 27.394. Training.
[INFO] Exported results\L10\Rocket\Rocket-40499946.onnx
[INFO] Rocket. Step: 40520000. Time Elapsed: 10274.940 s. Mean Reward: 2.656. Std of Reward: 23.451. Training.
[INFO] Rocket. Step: 40540000. Time Elapsed: 10297.718 s. Mean Reward: 6.759. Std of Reward: 20.127. Training.
[INFO] Rocket. Step: 40560000. Time Elapsed: 10314.349 s. Mean Reward: 10.576. Std of Reward: 21.291. Training.
[INFO] Rocket. Step: 40580000. Time Elapsed: 10338.052 s. Mean Reward: -2.408. Std of Reward: 30.379. Training.
[INFO] Rocket. Step: 40600000. Time Elapsed: 10353.798 s. Mean Reward: 16.587. Std of Reward: 16.547. Training.
[INFO] Rocket. Step: 40620000. Time Elapsed: 10377.500 s. Mean Reward: -0.306. Std of Reward: 26.152. Training.
[INFO] Rocket. Step: 40640000. Time Elapsed: 10392.520 s. Mean Reward: 2.384. Std of Reward: 21.152. Training.
[INFO] Rocket. Step: 40660000. Time Elapsed: 10408.164 s. Mean Reward: 1.063. Std of Reward: 27.318. Training.
[INFO] Rocket. Step: 40680000. Time Elapsed: 10430.502 s. Mean Reward: 1.270. Std of Reward: 26.016. Training.
[INFO] Rocket. Step: 40700000. Time Elapsed: 10447.466 s. Mean Reward: 0.026. Std of Reward: 25.604. Training.
[INFO] Rocket. Step: 40720000. Time Elapsed: 10468.788 s. Mean Reward: 7.552. Std of Reward: 22.283. Training.
[INFO] Rocket. Step: 40740000. Time Elapsed: 10484.621 s. Mean Reward: 9.819. Std of Reward: 21.681. Training.
[INFO] Rocket. Step: 40760000. Time Elapsed: 10509.532 s. Mean Reward: 4.560. Std of Reward: 23.050. Training.
[INFO] Rocket. Step: 40780000. Time Elapsed: 10523.651 s. Mean Reward: 10.619. Std of Reward: 18.661. Training.
[INFO] Rocket. Step: 40800000. Time Elapsed: 10547.312 s. Mean Reward: 13.811. Std of Reward: 14.312. Training.
[INFO] Rocket. Step: 40820000. Time Elapsed: 10563.075 s. Mean Reward: 4.432. Std of Reward: 25.214. Training.
[INFO] Rocket. Step: 40840000. Time Elapsed: 10586.818 s. Mean Reward: 2.855. Std of Reward: 24.909. Training.
[INFO] Rocket. Step: 40860000. Time Elapsed: 10601.668 s. Mean Reward: 5.337. Std of Reward: 20.060. Training.
[INFO] Rocket. Step: 40880000. Time Elapsed: 10626.517 s. Mean Reward: 12.252. Std of Reward: 16.560. Training.
[INFO] Rocket. Step: 40900000. Time Elapsed: 10642.655 s. Mean Reward: 7.578. Std of Reward: 24.502. Training.
[INFO] Rocket. Step: 40920000. Time Elapsed: 10666.380 s. Mean Reward: 2.873. Std of Reward: 24.240. Training.
[INFO] Rocket. Step: 40940000. Time Elapsed: 10681.220 s. Mean Reward: 11.394. Std of Reward: 19.767. Training.
[INFO] Rocket. Step: 40960000. Time Elapsed: 10704.463 s. Mean Reward: -1.097. Std of Reward: 24.605. Training.
[INFO] Rocket. Step: 40980000. Time Elapsed: 10720.193 s. Mean Reward: 5.100. Std of Reward: 22.282. Training.
[INFO] Rocket. Step: 41000000. Time Elapsed: 10741.286 s. Mean Reward: -5.511. Std of Reward: 32.739. Training.
[INFO] Exported results\L10\Rocket\Rocket-40999766.onnx
[INFO] Rocket. Step: 41020000. Time Elapsed: 10760.091 s. Mean Reward: -2.180. Std of Reward: 30.586. Training.
[INFO] Rocket. Step: 41040000. Time Elapsed: 10780.540 s. Mean Reward: 7.867. Std of Reward: 24.063. Training.
[INFO] Rocket. Step: 41060000. Time Elapsed: 10796.834 s. Mean Reward: 10.367. Std of Reward: 20.508. Training.
[INFO] Rocket. Step: 41080000. Time Elapsed: 10821.763 s. Mean Reward: 2.540. Std of Reward: 24.928. Training.
[INFO] Rocket. Step: 41100000. Time Elapsed: 10835.479 s. Mean Reward: -0.387. Std of Reward: 29.237. Training.
[INFO] Rocket. Step: 41120000. Time Elapsed: 10858.801 s. Mean Reward: 7.159. Std of Reward: 20.440. Training.
[INFO] Rocket. Step: 41140000. Time Elapsed: 10875.309 s. Mean Reward: 6.990. Std of Reward: 25.026. Training.
[INFO] Rocket. Step: 41160000. Time Elapsed: 10897.514 s. Mean Reward: -0.528. Std of Reward: 27.523. Training.
[INFO] Rocket. Step: 41180000. Time Elapsed: 10914.351 s. Mean Reward: 4.436. Std of Reward: 22.752. Training.
[INFO] Rocket. Step: 41200000. Time Elapsed: 10937.709 s. Mean Reward: 5.574. Std of Reward: 28.177. Training.
[INFO] Rocket. Step: 41220000. Time Elapsed: 10953.735 s. Mean Reward: 11.468. Std of Reward: 19.073. Training.
[INFO] Rocket. Step: 41240000. Time Elapsed: 10968.660 s. Mean Reward: 5.026. Std of Reward: 26.188. Training.
[INFO] Rocket. Step: 41260000. Time Elapsed: 10991.664 s. Mean Reward: 1.004. Std of Reward: 28.013. Training.
[INFO] Rocket. Step: 41280000. Time Elapsed: 11009.289 s. Mean Reward: -0.678. Std of Reward: 29.344. Training.
[INFO] Rocket. Step: 41300000. Time Elapsed: 11030.104 s. Mean Reward: 14.243. Std of Reward: 15.542. Training.
[INFO] Rocket. Step: 41320000. Time Elapsed: 11047.412 s. Mean Reward: 5.457. Std of Reward: 24.121. Training.
[INFO] Rocket. Step: 41340000. Time Elapsed: 11069.812 s. Mean Reward: 6.605. Std of Reward: 23.851. Training.
[INFO] Rocket. Step: 41360000. Time Elapsed: 11084.832 s. Mean Reward: 0.141. Std of Reward: 29.070. Training.
[INFO] Rocket. Step: 41380000. Time Elapsed: 11108.700 s. Mean Reward: -1.164. Std of Reward: 27.703. Training.
[INFO] Rocket. Step: 41400000. Time Elapsed: 11124.318 s. Mean Reward: 5.202. Std of Reward: 21.082. Training.
[INFO] Rocket. Step: 41420000. Time Elapsed: 11147.807 s. Mean Reward: 7.596. Std of Reward: 20.028. Training.
[INFO] Rocket. Step: 41440000. Time Elapsed: 11163.138 s. Mean Reward: 14.536. Std of Reward: 17.536. Training.
[INFO] Rocket. Step: 41460000. Time Elapsed: 11186.534 s. Mean Reward: 8.696. Std of Reward: 26.390. Training.
[INFO] Rocket. Step: 41480000. Time Elapsed: 11203.404 s. Mean Reward: 3.271. Std of Reward: 25.307. Training.
[INFO] Rocket. Step: 41500000. Time Elapsed: 11225.452 s. Mean Reward: 10.992. Std of Reward: 21.384. Training.
[INFO] Exported results\L10\Rocket\Rocket-41499880.onnx
[INFO] Rocket. Step: 41520000. Time Elapsed: 11241.415 s. Mean Reward: 2.236. Std of Reward: 27.040. Training.
[INFO] Rocket. Step: 41540000. Time Elapsed: 11264.336 s. Mean Reward: 10.220. Std of Reward: 20.388. Training.
[INFO] Rocket. Step: 41560000. Time Elapsed: 11279.276 s. Mean Reward: 2.621. Std of Reward: 23.493. Training.
[INFO] Rocket. Step: 41580000. Time Elapsed: 11303.434 s. Mean Reward: 0.518. Std of Reward: 28.757. Training.
[INFO] Rocket. Step: 41600000. Time Elapsed: 11317.724 s. Mean Reward: 4.350. Std of Reward: 25.002. Training.
[INFO] Rocket. Step: 41620000. Time Elapsed: 11340.295 s. Mean Reward: -0.857. Std of Reward: 29.378. Training.
[INFO] Rocket. Step: 41640000. Time Elapsed: 11356.694 s. Mean Reward: 8.641. Std of Reward: 25.193. Training.
[INFO] Rocket. Step: 41660000. Time Elapsed: 11380.564 s. Mean Reward: 6.913. Std of Reward: 24.847. Training.
[INFO] Rocket. Step: 41680000. Time Elapsed: 11396.008 s. Mean Reward: 8.747. Std of Reward: 18.168. Training.
[INFO] Rocket. Step: 41700000. Time Elapsed: 11418.570 s. Mean Reward: 11.905. Std of Reward: 16.466. Training.
[INFO] Rocket. Step: 41720000. Time Elapsed: 11435.379 s. Mean Reward: 5.962. Std of Reward: 23.113. Training.
[INFO] Rocket. Step: 41740000. Time Elapsed: 11457.739 s. Mean Reward: 7.028. Std of Reward: 26.753. Training.
[INFO] Rocket. Step: 41760000. Time Elapsed: 11474.734 s. Mean Reward: 12.534. Std of Reward: 16.518. Training.
[INFO] Rocket. Step: 41780000. Time Elapsed: 11490.064 s. Mean Reward: 11.244. Std of Reward: 22.806. Training.
[INFO] Rocket. Step: 41800000. Time Elapsed: 11511.953 s. Mean Reward: 9.211. Std of Reward: 21.246. Training.
[INFO] Rocket. Step: 41820000. Time Elapsed: 11528.739 s. Mean Reward: 1.413. Std of Reward: 24.412. Training.
[INFO] Rocket. Step: 41840000. Time Elapsed: 11551.846 s. Mean Reward: 0.099. Std of Reward: 26.651. Training.
[INFO] Rocket. Step: 41860000. Time Elapsed: 11567.111 s. Mean Reward: 13.190. Std of Reward: 17.516. Training.
[INFO] Rocket. Step: 41880000. Time Elapsed: 11589.938 s. Mean Reward: -1.551. Std of Reward: 24.882. Training.
[INFO] Rocket. Step: 41900000. Time Elapsed: 11606.123 s. Mean Reward: 13.764. Std of Reward: 18.199. Training.
[INFO] Rocket. Step: 41920000. Time Elapsed: 11626.949 s. Mean Reward: 9.939. Std of Reward: 22.648. Training.
[INFO] Rocket. Step: 41940000. Time Elapsed: 11644.305 s. Mean Reward: 2.174. Std of Reward: 23.984. Training.
[INFO] Rocket. Step: 41960000. Time Elapsed: 11667.126 s. Mean Reward: 9.523. Std of Reward: 20.027. Training.
[INFO] Rocket. Step: 41980000. Time Elapsed: 11681.736 s. Mean Reward: 6.975. Std of Reward: 23.864. Training.
[INFO] Rocket. Step: 42000000. Time Elapsed: 11705.672 s. Mean Reward: 6.068. Std of Reward: 23.613. Training.
[INFO] Exported results\L10\Rocket\Rocket-41999917.onnx
[INFO] Rocket. Step: 42020000. Time Elapsed: 11719.712 s. Mean Reward: 9.735. Std of Reward: 23.492. Training.
[INFO] Rocket. Step: 42040000. Time Elapsed: 11743.519 s. Mean Reward: 7.750. Std of Reward: 21.040. Training.
[INFO] Rocket. Step: 42060000. Time Elapsed: 11762.331 s. Mean Reward: 5.339. Std of Reward: 21.805. Training.
[INFO] Rocket. Step: 42080000. Time Elapsed: 11782.554 s. Mean Reward: 4.824. Std of Reward: 27.541. Training.
[INFO] Rocket. Step: 42100000. Time Elapsed: 11800.871 s. Mean Reward: 5.107. Std of Reward: 24.958. Training.
[INFO] Rocket. Step: 42120000. Time Elapsed: 11821.969 s. Mean Reward: 5.929. Std of Reward: 22.438. Training.
[INFO] Rocket. Step: 42140000. Time Elapsed: 11836.335 s. Mean Reward: 3.272. Std of Reward: 25.421. Training.
[INFO] Rocket. Step: 42160000. Time Elapsed: 11860.858 s. Mean Reward: 9.886. Std of Reward: 18.975. Training.
[INFO] Rocket. Step: 42180000. Time Elapsed: 11875.107 s. Mean Reward: 6.578. Std of Reward: 21.441. Training.
[INFO] Rocket. Step: 42200000. Time Elapsed: 11898.666 s. Mean Reward: -0.264. Std of Reward: 26.121. Training.
[INFO] Rocket. Step: 42220000. Time Elapsed: 11915.155 s. Mean Reward: 9.968. Std of Reward: 18.288. Training.
[INFO] Rocket. Step: 42240000. Time Elapsed: 11937.186 s. Mean Reward: 8.887. Std of Reward: 19.204. Training.
[INFO] Rocket. Step: 42260000. Time Elapsed: 11952.348 s. Mean Reward: 8.908. Std of Reward: 22.264. Training.
[INFO] Rocket. Step: 42280000. Time Elapsed: 11976.963 s. Mean Reward: 7.139. Std of Reward: 21.329. Training.
[INFO] Rocket. Step: 42300000. Time Elapsed: 11992.284 s. Mean Reward: 4.292. Std of Reward: 23.299. Training.
[INFO] Rocket. Step: 42320000. Time Elapsed: 12015.403 s. Mean Reward: 4.826. Std of Reward: 28.227. Training.
[INFO] Rocket. Step: 42340000. Time Elapsed: 12031.890 s. Mean Reward: 11.468. Std of Reward: 17.507. Training.
[INFO] Rocket. Step: 42360000. Time Elapsed: 12054.766 s. Mean Reward: 19.715. Std of Reward: 4.452. Training.
[INFO] Rocket. Step: 42380000. Time Elapsed: 12069.602 s. Mean Reward: -4.031. Std of Reward: 29.828. Training.
[INFO] Rocket. Step: 42400000. Time Elapsed: 12086.231 s. Mean Reward: 10.523. Std of Reward: 18.935. Training.
[INFO] Rocket. Step: 42420000. Time Elapsed: 12109.086 s. Mean Reward: 3.780. Std of Reward: 26.669. Training.
[INFO] Rocket. Step: 42440000. Time Elapsed: 12125.335 s. Mean Reward: -1.351. Std of Reward: 31.492. Training.
[INFO] Rocket. Step: 42460000. Time Elapsed: 12147.896 s. Mean Reward: 4.979. Std of Reward: 24.374. Training.
[INFO] Rocket. Step: 42480000. Time Elapsed: 12164.107 s. Mean Reward: 5.956. Std of Reward: 23.496. Training.
[INFO] Rocket. Step: 42500000. Time Elapsed: 12186.398 s. Mean Reward: 12.326. Std of Reward: 19.794. Training.
[INFO] Exported results\L10\Rocket\Rocket-42499782.onnx
[INFO] Rocket. Step: 42520000. Time Elapsed: 12202.447 s. Mean Reward: 2.061. Std of Reward: 25.728. Training.
[INFO] Rocket. Step: 42540000. Time Elapsed: 12224.367 s. Mean Reward: 10.265. Std of Reward: 20.880. Training.
[INFO] Rocket. Step: 42560000. Time Elapsed: 12241.942 s. Mean Reward: 2.615. Std of Reward: 23.672. Training.
[INFO] Rocket. Step: 42580000. Time Elapsed: 12263.778 s. Mean Reward: 8.734. Std of Reward: 23.349. Training.
[INFO] Rocket. Step: 42600000. Time Elapsed: 12278.986 s. Mean Reward: 10.070. Std of Reward: 17.822. Training.
[INFO] Rocket. Step: 42620000. Time Elapsed: 12302.734 s. Mean Reward: 6.722. Std of Reward: 19.131. Training.
[INFO] Rocket. Step: 42640000. Time Elapsed: 12317.593 s. Mean Reward: 0.256. Std of Reward: 26.363. Training.
[INFO] Rocket. Step: 42660000. Time Elapsed: 12340.404 s. Mean Reward: 4.634. Std of Reward: 24.845. Training.
[INFO] Rocket. Step: 42680000. Time Elapsed: 12355.796 s. Mean Reward: 3.779. Std of Reward: 24.027. Training.
[INFO] Rocket. Step: 42700000. Time Elapsed: 12378.781 s. Mean Reward: 2.735. Std of Reward: 23.558. Training.
[INFO] Rocket. Step: 42720000. Time Elapsed: 12394.870 s. Mean Reward: 5.124. Std of Reward: 23.999. Training.
[INFO] Rocket. Step: 42740000. Time Elapsed: 12418.283 s. Mean Reward: 4.623. Std of Reward: 23.878. Training.
[INFO] Rocket. Step: 42760000. Time Elapsed: 12433.426 s. Mean Reward: 13.661. Std of Reward: 14.940. Training.
[INFO] Rocket. Step: 42780000. Time Elapsed: 12455.219 s. Mean Reward: 1.054. Std of Reward: 27.780. Training.
[INFO] Rocket. Step: 42800000. Time Elapsed: 12472.497 s. Mean Reward: 1.608. Std of Reward: 22.290. Training.
[INFO] Rocket. Step: 42820000. Time Elapsed: 12494.623 s. Mean Reward: 8.114. Std of Reward: 21.903. Training.
[INFO] Rocket. Step: 42840000. Time Elapsed: 12510.862 s. Mean Reward: 2.948. Std of Reward: 24.784. Training.
[INFO] Rocket. Step: 42860000. Time Elapsed: 12533.588 s. Mean Reward: 10.955. Std of Reward: 19.748. Training.
[INFO] Rocket. Step: 42880000. Time Elapsed: 12550.713 s. Mean Reward: 10.447. Std of Reward: 19.982. Training.
[INFO] Rocket. Step: 42900000. Time Elapsed: 12571.701 s. Mean Reward: 4.827. Std of Reward: 28.458. Training.
[INFO] Rocket. Step: 42920000. Time Elapsed: 12588.189 s. Mean Reward: 10.896. Std of Reward: 19.510. Training.
[INFO] Rocket. Step: 42940000. Time Elapsed: 12611.631 s. Mean Reward: 6.169. Std of Reward: 23.717. Training.
[INFO] Rocket. Step: 42960000. Time Elapsed: 12626.972 s. Mean Reward: 13.219. Std of Reward: 15.471. Training.
[INFO] Rocket. Step: 42980000. Time Elapsed: 12651.324 s. Mean Reward: 5.490. Std of Reward: 22.832. Training.
[INFO] Rocket. Step: 43000000. Time Elapsed: 12666.971 s. Mean Reward: 5.313. Std of Reward: 21.613. Training.
[INFO] Exported results\L10\Rocket\Rocket-42999310.onnx
[INFO] Rocket. Step: 43020000. Time Elapsed: 12688.585 s. Mean Reward: 4.371. Std of Reward: 24.759. Training.
[INFO] Rocket. Step: 43040000. Time Elapsed: 12704.135 s. Mean Reward: -5.591. Std of Reward: 24.919. Training.
[INFO] Rocket. Step: 43060000. Time Elapsed: 12720.986 s. Mean Reward: 3.547. Std of Reward: 22.430. Training.
[INFO] Rocket. Step: 43080000. Time Elapsed: 12742.250 s. Mean Reward: 12.620. Std of Reward: 18.123. Training.
[INFO] Rocket. Step: 43100000. Time Elapsed: 12758.847 s. Mean Reward: 6.107. Std of Reward: 20.412. Training.
[INFO] Rocket. Step: 43120000. Time Elapsed: 12781.191 s. Mean Reward: 9.711. Std of Reward: 18.643. Training.
[INFO] Rocket. Step: 43140000. Time Elapsed: 12796.984 s. Mean Reward: 5.614. Std of Reward: 22.633. Training.
[INFO] Rocket. Step: 43160000. Time Elapsed: 12818.925 s. Mean Reward: 11.157. Std of Reward: 18.876. Training.
[INFO] Rocket. Step: 43180000. Time Elapsed: 12837.562 s. Mean Reward: 9.354. Std of Reward: 19.409. Training.
[INFO] Rocket. Step: 43200000. Time Elapsed: 12860.321 s. Mean Reward: 4.090. Std of Reward: 23.660. Training.
[INFO] Rocket. Step: 43220000. Time Elapsed: 12876.263 s. Mean Reward: 9.642. Std of Reward: 23.182. Training.
[INFO] Rocket. Step: 43240000. Time Elapsed: 12896.660 s. Mean Reward: -0.651. Std of Reward: 30.908. Training.
[INFO] Rocket. Step: 43260000. Time Elapsed: 12914.222 s. Mean Reward: 3.749. Std of Reward: 26.095. Training.
[INFO] Rocket. Step: 43280000. Time Elapsed: 12935.327 s. Mean Reward: 2.271. Std of Reward: 26.305. Training.
[INFO] Rocket. Step: 43300000. Time Elapsed: 12953.703 s. Mean Reward: 0.214. Std of Reward: 23.147. Training.
[INFO] Rocket. Step: 43320000. Time Elapsed: 12976.130 s. Mean Reward: 9.484. Std of Reward: 19.737. Training.
[INFO] Rocket. Step: 43340000. Time Elapsed: 12992.167 s. Mean Reward: 5.526. Std of Reward: 22.632. Training.
[INFO] Rocket. Step: 43360000. Time Elapsed: 13013.705 s. Mean Reward: 8.812. Std of Reward: 19.748. Training.
[INFO] Rocket. Step: 43380000. Time Elapsed: 13029.790 s. Mean Reward: 14.606. Std of Reward: 15.047. Training.
[INFO] Rocket. Step: 43400000. Time Elapsed: 13051.754 s. Mean Reward: 5.862. Std of Reward: 25.533. Training.
[INFO] Rocket. Step: 43420000. Time Elapsed: 13068.892 s. Mean Reward: 14.900. Std of Reward: 15.670. Training.
[INFO] Rocket. Step: 43440000. Time Elapsed: 13089.979 s. Mean Reward: 8.981. Std of Reward: 22.101. Training.
[INFO] Rocket. Step: 43460000. Time Elapsed: 13107.192 s. Mean Reward: 5.126. Std of Reward: 25.649. Training.
[INFO] Rocket. Step: 43480000. Time Elapsed: 13130.271 s. Mean Reward: 11.885. Std of Reward: 16.263. Training.
[INFO] Rocket. Step: 43500000. Time Elapsed: 13144.539 s. Mean Reward: 3.431. Std of Reward: 23.436. Training.
[INFO] Exported results\L10\Rocket\Rocket-43499556.onnx
[INFO] Rocket. Step: 43520000. Time Elapsed: 13167.864 s. Mean Reward: -0.496. Std of Reward: 24.988. Training.
[INFO] Rocket. Step: 43540000. Time Elapsed: 13184.010 s. Mean Reward: 9.006. Std of Reward: 21.114. Training.
[INFO] Rocket. Step: 43560000. Time Elapsed: 13207.176 s. Mean Reward: 4.018. Std of Reward: 25.912. Training.
[INFO] Rocket. Step: 43580000. Time Elapsed: 13222.904 s. Mean Reward: -2.977. Std of Reward: 26.817. Training.
[INFO] Rocket. Step: 43600000. Time Elapsed: 13246.172 s. Mean Reward: 12.227. Std of Reward: 16.437. Training.
[INFO] Rocket. Step: 43620000. Time Elapsed: 13261.599 s. Mean Reward: 6.602. Std of Reward: 21.169. Training.
[INFO] Rocket. Step: 43640000. Time Elapsed: 13286.764 s. Mean Reward: 13.155. Std of Reward: 15.263. Training.
[INFO] Rocket. Step: 43660000. Time Elapsed: 13299.900 s. Mean Reward: 5.197. Std of Reward: 20.364. Training.
[INFO] Rocket. Step: 43680000. Time Elapsed: 13316.403 s. Mean Reward: 5.091. Std of Reward: 20.635. Training.
[INFO] Rocket. Step: 43700000. Time Elapsed: 13338.670 s. Mean Reward: 7.811. Std of Reward: 21.499. Training.
[INFO] Rocket. Step: 43720000. Time Elapsed: 13356.248 s. Mean Reward: 4.367. Std of Reward: 23.521. Training.
[INFO] Rocket. Step: 43740000. Time Elapsed: 13376.585 s. Mean Reward: 9.334. Std of Reward: 20.766. Training.
[INFO] Rocket. Step: 43760000. Time Elapsed: 13394.168 s. Mean Reward: 3.885. Std of Reward: 27.528. Training.
[INFO] Rocket. Step: 43780000. Time Elapsed: 13416.179 s. Mean Reward: 12.583. Std of Reward: 16.708. Training.
[INFO] Rocket. Step: 43800000. Time Elapsed: 13432.596 s. Mean Reward: 8.481. Std of Reward: 21.207. Training.
[INFO] Rocket. Step: 43820000. Time Elapsed: 13453.202 s. Mean Reward: 8.537. Std of Reward: 20.595. Training.
[INFO] Rocket. Step: 43840000. Time Elapsed: 13471.714 s. Mean Reward: 3.430. Std of Reward: 22.645. Training.
[INFO] Rocket. Step: 43860000. Time Elapsed: 13492.811 s. Mean Reward: 9.943. Std of Reward: 19.304. Training.
[INFO] Rocket. Step: 43880000. Time Elapsed: 13510.196 s. Mean Reward: 4.515. Std of Reward: 20.662. Training.
[INFO] Rocket. Step: 43900000. Time Elapsed: 13533.302 s. Mean Reward: 9.217. Std of Reward: 18.555. Training.
[INFO] Rocket. Step: 43920000. Time Elapsed: 13547.721 s. Mean Reward: 6.967. Std of Reward: 24.823. Training.
[INFO] Rocket. Step: 43940000. Time Elapsed: 13570.353 s. Mean Reward: -7.245. Std of Reward: 31.694. Training.
[INFO] Rocket. Step: 43960000. Time Elapsed: 13587.533 s. Mean Reward: 4.478. Std of Reward: 22.513. Training.
[INFO] Rocket. Step: 43980000. Time Elapsed: 13608.740 s. Mean Reward: 5.904. Std of Reward: 20.777. Training.
[INFO] Rocket. Step: 44000000. Time Elapsed: 13624.212 s. Mean Reward: 3.099. Std of Reward: 25.164. Training.
[INFO] Exported results\L10\Rocket\Rocket-43999285.onnx
[INFO] Rocket. Step: 44020000. Time Elapsed: 13646.287 s. Mean Reward: 7.483. Std of Reward: 21.830. Training.
[INFO] Rocket. Step: 44040000. Time Elapsed: 13662.547 s. Mean Reward: 5.044. Std of Reward: 21.840. Training.
[INFO] Rocket. Step: 44060000. Time Elapsed: 13686.120 s. Mean Reward: 10.060. Std of Reward: 21.023. Training.
[INFO] Rocket. Step: 44080000. Time Elapsed: 13701.319 s. Mean Reward: 12.124. Std of Reward: 18.911. Training.
[INFO] Rocket. Step: 44100000. Time Elapsed: 13723.961 s. Mean Reward: -6.635. Std of Reward: 26.115. Training.
[INFO] Rocket. Step: 44120000. Time Elapsed: 13739.267 s. Mean Reward: 7.434. Std of Reward: 21.566. Training.
[INFO] Rocket. Step: 44140000. Time Elapsed: 13762.705 s. Mean Reward: 0.900. Std of Reward: 21.988. Training.
[INFO] Rocket. Step: 44160000. Time Elapsed: 13778.205 s. Mean Reward: 8.491. Std of Reward: 21.122. Training.
[INFO] Rocket. Step: 44180000. Time Elapsed: 13801.429 s. Mean Reward: 7.820. Std of Reward: 23.434. Training.
[INFO] Rocket. Step: 44200000. Time Elapsed: 13816.559 s. Mean Reward: 4.203. Std of Reward: 22.437. Training.
[INFO] Rocket. Step: 44220000. Time Elapsed: 13840.467 s. Mean Reward: 7.358. Std of Reward: 18.720. Training.
[INFO] Rocket. Step: 44240000. Time Elapsed: 13855.398 s. Mean Reward: 0.261. Std of Reward: 26.186. Training.
[INFO] Rocket. Step: 44260000. Time Elapsed: 13871.124 s. Mean Reward: 1.071. Std of Reward: 23.859. Training.
[INFO] Rocket. Step: 44280000. Time Elapsed: 13894.606 s. Mean Reward: 12.076. Std of Reward: 16.615. Training.
[INFO] Rocket. Step: 44300000. Time Elapsed: 13910.966 s. Mean Reward: -0.273. Std of Reward: 25.367. Training.
[INFO] Rocket. Step: 44320000. Time Elapsed: 13933.002 s. Mean Reward: 8.023. Std of Reward: 21.629. Training.
[INFO] Rocket. Step: 44340000. Time Elapsed: 13948.364 s. Mean Reward: 13.503. Std of Reward: 19.532. Training.
[INFO] Rocket. Step: 44360000. Time Elapsed: 13970.962 s. Mean Reward: 4.920. Std of Reward: 25.718. Training.
[INFO] Rocket. Step: 44380000. Time Elapsed: 13987.450 s. Mean Reward: 2.874. Std of Reward: 25.962. Training.
[INFO] Rocket. Step: 44400000. Time Elapsed: 14010.067 s. Mean Reward: 5.474. Std of Reward: 24.129. Training.
[INFO] Rocket. Step: 44420000. Time Elapsed: 14026.376 s. Mean Reward: 7.057. Std of Reward: 21.075. Training.
[INFO] Rocket. Step: 44440000. Time Elapsed: 14048.569 s. Mean Reward: -0.368. Std of Reward: 27.858. Training.
[INFO] Rocket. Step: 44460000. Time Elapsed: 14064.878 s. Mean Reward: 2.403. Std of Reward: 25.284. Training.
[INFO] Rocket. Step: 44480000. Time Elapsed: 14087.902 s. Mean Reward: 9.428. Std of Reward: 18.330. Training.
[INFO] Rocket. Step: 44500000. Time Elapsed: 14102.924 s. Mean Reward: 11.024. Std of Reward: 18.757. Training.
[INFO] Exported results\L10\Rocket\Rocket-44499506.onnx
[INFO] Rocket. Step: 44520000. Time Elapsed: 14125.380 s. Mean Reward: 13.846. Std of Reward: 19.562. Training.
[INFO] Rocket. Step: 44540000. Time Elapsed: 14142.744 s. Mean Reward: 5.782. Std of Reward: 26.241. Training.
[INFO] Rocket. Step: 44560000. Time Elapsed: 14165.810 s. Mean Reward: 4.181. Std of Reward: 25.309. Training.
[INFO] Rocket. Step: 44580000. Time Elapsed: 14181.634 s. Mean Reward: -0.774. Std of Reward: 26.517. Training.
[INFO] Rocket. Step: 44600000. Time Elapsed: 14203.444 s. Mean Reward: 6.802. Std of Reward: 22.563. Training.
[INFO] Rocket. Step: 44620000. Time Elapsed: 14219.032 s. Mean Reward: 2.238. Std of Reward: 24.424. Training.
[INFO] Rocket. Step: 44640000. Time Elapsed: 14240.106 s. Mean Reward: -3.915. Std of Reward: 27.944. Training.
[INFO] Rocket. Step: 44660000. Time Elapsed: 14258.623 s. Mean Reward: 1.761. Std of Reward: 25.443. Training.
[INFO] Rocket. Step: 44680000. Time Elapsed: 14278.956 s. Mean Reward: 0.523. Std of Reward: 22.890. Training.
[INFO] Rocket. Step: 44700000. Time Elapsed: 14294.347 s. Mean Reward: 13.048. Std of Reward: 18.571. Training.
[INFO] Rocket. Step: 44720000. Time Elapsed: 14318.955 s. Mean Reward: 4.775. Std of Reward: 19.876. Training.
[INFO] Rocket. Step: 44740000. Time Elapsed: 14334.736 s. Mean Reward: 10.637. Std of Reward: 21.276. Training.
[INFO] Rocket. Step: 44760000. Time Elapsed: 14357.012 s. Mean Reward: 1.185. Std of Reward: 25.394. Training.
[INFO] Rocket. Step: 44780000. Time Elapsed: 14374.197 s. Mean Reward: 4.811. Std of Reward: 22.905. Training.
[INFO] Rocket. Step: 44800000. Time Elapsed: 14396.788 s. Mean Reward: 5.605. Std of Reward: 21.109. Training.
[INFO] Rocket. Step: 44820000. Time Elapsed: 14411.971 s. Mean Reward: 2.206. Std of Reward: 23.919. Training.
[INFO] Rocket. Step: 44840000. Time Elapsed: 14436.438 s. Mean Reward: 11.406. Std of Reward: 19.256. Training.
[INFO] Rocket. Step: 44860000. Time Elapsed: 14450.657 s. Mean Reward: 5.642. Std of Reward: 20.396. Training.
[INFO] Rocket. Step: 44880000. Time Elapsed: 14467.328 s. Mean Reward: 11.074. Std of Reward: 18.311. Training.
[INFO] Rocket. Step: 44900000. Time Elapsed: 14488.822 s. Mean Reward: 8.419. Std of Reward: 22.462. Training.
[INFO] Rocket. Step: 44920000. Time Elapsed: 14504.646 s. Mean Reward: 7.717. Std of Reward: 22.715. Training.
[INFO] Rocket. Step: 44940000. Time Elapsed: 14528.676 s. Mean Reward: 13.549. Std of Reward: 15.743. Training.
[INFO] Rocket. Step: 44960000. Time Elapsed: 14543.267 s. Mean Reward: 3.455. Std of Reward: 24.913. Training.
[INFO] Rocket. Step: 44980000. Time Elapsed: 14566.221 s. Mean Reward: 9.691. Std of Reward: 19.936. Training.
[INFO] Rocket. Step: 45000000. Time Elapsed: 14582.926 s. Mean Reward: 5.991. Std of Reward: 20.374. Training.
[INFO] Exported results\L10\Rocket\Rocket-44999619.onnx
[INFO] Rocket. Step: 45020000. Time Elapsed: 14604.809 s. Mean Reward: 6.887. Std of Reward: 24.014. Training.
[INFO] Rocket. Step: 45040000. Time Elapsed: 14621.844 s. Mean Reward: 7.789. Std of Reward: 24.602. Training.
[INFO] Rocket. Step: 45060000. Time Elapsed: 14644.842 s. Mean Reward: 15.851. Std of Reward: 9.772. Training.
[INFO] Rocket. Step: 45080000. Time Elapsed: 14662.127 s. Mean Reward: 1.136. Std of Reward: 25.203. Training.
[INFO] Rocket. Step: 45100000. Time Elapsed: 14681.792 s. Mean Reward: 6.657. Std of Reward: 21.090. Training.
[INFO] Rocket. Step: 45120000. Time Elapsed: 14699.592 s. Mean Reward: 12.344. Std of Reward: 17.271. Training.
[INFO] Rocket. Step: 45140000. Time Elapsed: 14723.330 s. Mean Reward: -2.608. Std of Reward: 28.828. Training.
[INFO] Rocket. Step: 45160000. Time Elapsed: 14736.277 s. Mean Reward: 0.143. Std of Reward: 25.582. Training.
[INFO] Rocket. Step: 45180000. Time Elapsed: 14759.218 s. Mean Reward: -2.156. Std of Reward: 25.282. Training.
[INFO] Rocket. Step: 45200000. Time Elapsed: 14777.294 s. Mean Reward: 2.732. Std of Reward: 24.496. Training.
[INFO] Rocket. Step: 45220000. Time Elapsed: 14798.365 s. Mean Reward: 5.497. Std of Reward: 22.613. Training.
[INFO] Rocket. Step: 45240000. Time Elapsed: 14815.673 s. Mean Reward: 8.027. Std of Reward: 19.333. Training.
[INFO] Rocket. Step: 45260000. Time Elapsed: 14836.023 s. Mean Reward: -0.014. Std of Reward: 28.139. Training.
[INFO] Rocket. Step: 45280000. Time Elapsed: 14853.350 s. Mean Reward: -0.536. Std of Reward: 25.041. Training.
[INFO] Rocket. Step: 45300000. Time Elapsed: 14875.496 s. Mean Reward: -1.041. Std of Reward: 29.487. Training.
[INFO] Rocket. Step: 45320000. Time Elapsed: 14892.424 s. Mean Reward: 5.545. Std of Reward: 26.029. Training.
[INFO] Rocket. Step: 45340000. Time Elapsed: 14914.614 s. Mean Reward: 1.919. Std of Reward: 24.378. Training.
[INFO] Rocket. Step: 45360000. Time Elapsed: 14930.652 s. Mean Reward: 7.616. Std of Reward: 23.281. Training.
[INFO] Rocket. Step: 45380000. Time Elapsed: 14952.241 s. Mean Reward: 0.185. Std of Reward: 23.041. Training.
[INFO] Rocket. Step: 45400000. Time Elapsed: 14968.089 s. Mean Reward: 5.830. Std of Reward: 23.570. Training.
[INFO] Rocket. Step: 45420000. Time Elapsed: 14991.674 s. Mean Reward: 10.458. Std of Reward: 18.574. Training.
[INFO] Rocket. Step: 45440000. Time Elapsed: 15007.589 s. Mean Reward: 0.633. Std of Reward: 24.271. Training.
[INFO] Rocket. Step: 45460000. Time Elapsed: 15029.028 s. Mean Reward: 13.013. Std of Reward: 16.496. Training.
[INFO] Rocket. Step: 45480000. Time Elapsed: 15044.460 s. Mean Reward: 8.435. Std of Reward: 22.628. Training.
[INFO] Rocket. Step: 45500000. Time Elapsed: 15068.076 s. Mean Reward: 0.224. Std of Reward: 21.497. Training.
[INFO] Exported results\L10\Rocket\Rocket-45499487.onnx
[INFO] Rocket. Step: 45520000. Time Elapsed: 15082.723 s. Mean Reward: 3.378. Std of Reward: 25.178. Training.
[INFO] Rocket. Step: 45540000. Time Elapsed: 15109.029 s. Mean Reward: 5.342. Std of Reward: 21.307. Training.
[INFO] Rocket. Step: 45560000. Time Elapsed: 15122.011 s. Mean Reward: 2.169. Std of Reward: 26.969. Training.
[INFO] Rocket. Step: 45580000. Time Elapsed: 15138.616 s. Mean Reward: 2.667. Std of Reward: 23.393. Training.
[INFO] Rocket. Step: 45600000. Time Elapsed: 15160.292 s. Mean Reward: 3.973. Std of Reward: 21.397. Training.
[INFO] Rocket. Step: 45620000. Time Elapsed: 15176.174 s. Mean Reward: 7.083. Std of Reward: 23.858. Training.
[INFO] Rocket. Step: 45640000. Time Elapsed: 15198.282 s. Mean Reward: 2.424. Std of Reward: 22.765. Training.
[INFO] Rocket. Step: 45660000. Time Elapsed: 15214.411 s. Mean Reward: 1.967. Std of Reward: 25.453. Training.
[INFO] Rocket. Step: 45680000. Time Elapsed: 15237.777 s. Mean Reward: 3.887. Std of Reward: 25.740. Training.
[INFO] Rocket. Step: 45700000. Time Elapsed: 15253.517 s. Mean Reward: 3.610. Std of Reward: 24.449. Training.
[INFO] Rocket. Step: 45720000. Time Elapsed: 15276.436 s. Mean Reward: 6.349. Std of Reward: 20.127. Training.
[INFO] Rocket. Step: 45740000. Time Elapsed: 15292.389 s. Mean Reward: 5.032. Std of Reward: 24.789. Training.
[INFO] Rocket. Step: 45760000. Time Elapsed: 15315.687 s. Mean Reward: 9.226. Std of Reward: 23.621. Training.
[INFO] Rocket. Step: 45780000. Time Elapsed: 15331.561 s. Mean Reward: 4.945. Std of Reward: 22.695. Training.
[INFO] Rocket. Step: 45800000. Time Elapsed: 15352.430 s. Mean Reward: 5.388. Std of Reward: 24.294. Training.
[INFO] Rocket. Step: 45820000. Time Elapsed: 15370.214 s. Mean Reward: 12.013. Std of Reward: 18.802. Training.
[INFO] Rocket. Step: 45840000. Time Elapsed: 15390.985 s. Mean Reward: 9.265. Std of Reward: 21.920. Training.
[INFO] Rocket. Step: 45860000. Time Elapsed: 15407.716 s. Mean Reward: 10.132. Std of Reward: 21.204. Training.
[INFO] Rocket. Step: 45880000. Time Elapsed: 15431.138 s. Mean Reward: 3.876. Std of Reward: 22.448. Training.
[INFO] Rocket. Step: 45900000. Time Elapsed: 15445.591 s. Mean Reward: 8.842. Std of Reward: 19.865. Training.
[INFO] Rocket. Step: 45920000. Time Elapsed: 15469.104 s. Mean Reward: 8.588. Std of Reward: 24.021. Training.
[INFO] Rocket. Step: 45940000. Time Elapsed: 15483.899 s. Mean Reward: 5.437. Std of Reward: 23.292. Training.
[INFO] Rocket. Step: 45960000. Time Elapsed: 15506.850 s. Mean Reward: -3.706. Std of Reward: 25.737. Training.
[INFO] Rocket. Step: 45980000. Time Elapsed: 15523.625 s. Mean Reward: 11.126. Std of Reward: 17.130. Training.
[INFO] Rocket. Step: 46000000. Time Elapsed: 15545.008 s. Mean Reward: 9.539. Std of Reward: 17.722. Training.
[INFO] Exported results\L10\Rocket\Rocket-45999285.onnx
[INFO] Rocket. Step: 46020000. Time Elapsed: 15563.213 s. Mean Reward: 4.637. Std of Reward: 22.969. Training.
[INFO] Rocket. Step: 46040000. Time Elapsed: 15583.798 s. Mean Reward: 2.215. Std of Reward: 27.132. Training.
[INFO] Rocket. Step: 46060000. Time Elapsed: 15600.668 s. Mean Reward: 3.922. Std of Reward: 22.677. Training.
[INFO] Rocket. Step: 46080000. Time Elapsed: 15622.787 s. Mean Reward: 3.128. Std of Reward: 22.835. Training.
[INFO] Rocket. Step: 46100000. Time Elapsed: 15638.243 s. Mean Reward: 3.559. Std of Reward: 24.829. Training.
[INFO] Rocket. Step: 46120000. Time Elapsed: 15660.410 s. Mean Reward: 6.523. Std of Reward: 22.675. Training.
[INFO] Rocket. Step: 46140000. Time Elapsed: 15677.431 s. Mean Reward: 12.322. Std of Reward: 19.692. Training.
[INFO] Rocket. Step: 46160000. Time Elapsed: 15700.224 s. Mean Reward: 6.966. Std of Reward: 23.217. Training.
[INFO] Rocket. Step: 46180000. Time Elapsed: 15713.985 s. Mean Reward: 6.347. Std of Reward: 21.870. Training.
[INFO] Rocket. Step: 46200000. Time Elapsed: 15731.164 s. Mean Reward: 3.472. Std of Reward: 23.979. Training.
[INFO] Rocket. Step: 46220000. Time Elapsed: 15754.265 s. Mean Reward: 9.633. Std of Reward: 17.468. Training.
[INFO] Rocket. Step: 46240000. Time Elapsed: 15769.273 s. Mean Reward: 2.825. Std of Reward: 24.056. Training.
[INFO] Rocket. Step: 46260000. Time Elapsed: 15792.279 s. Mean Reward: 9.573. Std of Reward: 21.020. Training.
[INFO] Rocket. Step: 46280000. Time Elapsed: 15807.987 s. Mean Reward: 7.681. Std of Reward: 19.316. Training.
[INFO] Rocket. Step: 46300000. Time Elapsed: 15830.217 s. Mean Reward: -4.608. Std of Reward: 28.896. Training.
[INFO] Rocket. Step: 46320000. Time Elapsed: 15846.965 s. Mean Reward: 5.473. Std of Reward: 23.590. Training.
[INFO] Rocket. Step: 46340000. Time Elapsed: 15867.693 s. Mean Reward: -0.639. Std of Reward: 27.734. Training.
[INFO] Rocket. Step: 46360000. Time Elapsed: 15884.980 s. Mean Reward: 4.791. Std of Reward: 24.762. Training.
[INFO] Rocket. Step: 46380000. Time Elapsed: 15907.249 s. Mean Reward: 2.721. Std of Reward: 25.687. Training.
[INFO] Rocket. Step: 46400000. Time Elapsed: 15923.028 s. Mean Reward: -0.362. Std of Reward: 26.084. Training.
[INFO] Rocket. Step: 46420000. Time Elapsed: 15943.529 s. Mean Reward: 2.062. Std of Reward: 24.969. Training.
[INFO] Rocket. Step: 46440000. Time Elapsed: 15962.076 s. Mean Reward: 12.555. Std of Reward: 18.549. Training.
[INFO] Rocket. Step: 46460000. Time Elapsed: 15983.829 s. Mean Reward: 13.573. Std of Reward: 15.701. Training.
[INFO] Rocket. Step: 46480000. Time Elapsed: 15999.741 s. Mean Reward: 1.345. Std of Reward: 24.425. Training.
[INFO] Rocket. Step: 46500000. Time Elapsed: 16022.315 s. Mean Reward: 2.295. Std of Reward: 25.010. Training.
[INFO] Exported results\L10\Rocket\Rocket-46499555.onnx
[INFO] Rocket. Step: 46520000. Time Elapsed: 16037.895 s. Mean Reward: 13.306. Std of Reward: 14.970. Training.
[INFO] Rocket. Step: 46540000. Time Elapsed: 16059.577 s. Mean Reward: 6.713. Std of Reward: 25.703. Training.
[INFO] Rocket. Step: 46560000. Time Elapsed: 16076.573 s. Mean Reward: -1.283. Std of Reward: 26.567. Training.
[INFO] Rocket. Step: 46580000. Time Elapsed: 16098.548 s. Mean Reward: 4.957. Std of Reward: 25.423. Training.
[INFO] Rocket. Step: 46600000. Time Elapsed: 16113.532 s. Mean Reward: -3.048. Std of Reward: 28.557. Training.
[INFO] Rocket. Step: 46620000. Time Elapsed: 16135.830 s. Mean Reward: 5.384. Std of Reward: 24.579. Training.
[INFO] Rocket. Step: 46640000. Time Elapsed: 16154.064 s. Mean Reward: 4.674. Std of Reward: 19.562. Training.
[INFO] Rocket. Step: 46660000. Time Elapsed: 16176.266 s. Mean Reward: 2.525. Std of Reward: 24.340. Training.
[INFO] Rocket. Step: 46680000. Time Elapsed: 16191.667 s. Mean Reward: 7.852. Std of Reward: 20.807. Training.
[INFO] Rocket. Step: 46700000. Time Elapsed: 16213.663 s. Mean Reward: 7.433. Std of Reward: 20.756. Training.
[INFO] Rocket. Step: 46720000. Time Elapsed: 16229.564 s. Mean Reward: 7.570. Std of Reward: 22.993. Training.
[INFO] Rocket. Step: 46740000. Time Elapsed: 16252.661 s. Mean Reward: 1.148. Std of Reward: 27.355. Training.
[INFO] Rocket. Step: 46760000. Time Elapsed: 16268.626 s. Mean Reward: 10.190. Std of Reward: 17.278. Training.
[INFO] Rocket. Step: 46780000. Time Elapsed: 16290.748 s. Mean Reward: -5.791. Std of Reward: 28.680. Training.
[INFO] Rocket. Step: 46800000. Time Elapsed: 16305.993 s. Mean Reward: 6.399. Std of Reward: 21.812. Training.
[INFO] Rocket. Step: 46820000. Time Elapsed: 16320.461 s. Mean Reward: -0.455. Std of Reward: 27.048. Training.
[INFO] Rocket. Step: 46840000. Time Elapsed: 16344.002 s. Mean Reward: 6.237. Std of Reward: 23.652. Training.
[INFO] Rocket. Step: 46860000. Time Elapsed: 16359.371 s. Mean Reward: 7.257. Std of Reward: 19.312. Training.
[INFO] Rocket. Step: 46880000. Time Elapsed: 16381.269 s. Mean Reward: 9.718. Std of Reward: 20.369. Training.
[INFO] Rocket. Step: 46900000. Time Elapsed: 16397.679 s. Mean Reward: 6.806. Std of Reward: 22.145. Training.
[INFO] Rocket. Step: 46920000. Time Elapsed: 16420.876 s. Mean Reward: 2.735. Std of Reward: 24.534. Training.
[INFO] Rocket. Step: 46940000. Time Elapsed: 16436.683 s. Mean Reward: 16.150. Std of Reward: 9.514. Training.
[INFO] Rocket. Step: 46960000. Time Elapsed: 16458.547 s. Mean Reward: 1.003. Std of Reward: 26.930. Training.
[INFO] Rocket. Step: 46980000. Time Elapsed: 16476.845 s. Mean Reward: 5.844. Std of Reward: 23.372. Training.
[INFO] Rocket. Step: 47000000. Time Elapsed: 16495.869 s. Mean Reward: 2.376. Std of Reward: 28.880. Training.
[INFO] Exported results\L10\Rocket\Rocket-46999598.onnx
[INFO] Rocket. Step: 47020000. Time Elapsed: 16513.345 s. Mean Reward: 18.350. Std of Reward: 10.788. Training.
[INFO] Rocket. Step: 47040000. Time Elapsed: 16535.577 s. Mean Reward: -0.371. Std of Reward: 25.427. Training.
[INFO] Rocket. Step: 47060000. Time Elapsed: 16552.649 s. Mean Reward: 6.386. Std of Reward: 22.344. Training.
[INFO] Rocket. Step: 47080000. Time Elapsed: 16573.566 s. Mean Reward: 7.027. Std of Reward: 20.990. Training.
[INFO] Rocket. Step: 47100000. Time Elapsed: 16590.000 s. Mean Reward: 5.809. Std of Reward: 19.690. Training.
[INFO] Rocket. Step: 47120000. Time Elapsed: 16612.451 s. Mean Reward: 1.284. Std of Reward: 23.673. Training.
[INFO] Rocket. Step: 47140000. Time Elapsed: 16628.153 s. Mean Reward: 5.380. Std of Reward: 23.415. Training.
[INFO] Rocket. Step: 47160000. Time Elapsed: 16649.740 s. Mean Reward: 13.575. Std of Reward: 17.048. Training.
[INFO] Rocket. Step: 47180000. Time Elapsed: 16666.568 s. Mean Reward: 8.103. Std of Reward: 22.471. Training.
[INFO] Rocket. Step: 47200000. Time Elapsed: 16690.185 s. Mean Reward: 1.584. Std of Reward: 27.509. Training.
[INFO] Rocket. Step: 47220000. Time Elapsed: 16705.153 s. Mean Reward: 5.906. Std of Reward: 22.941. Training.
[INFO] Rocket. Step: 47240000. Time Elapsed: 16728.700 s. Mean Reward: 6.670. Std of Reward: 19.850. Training.
[INFO] Rocket. Step: 47260000. Time Elapsed: 16743.310 s. Mean Reward: 5.698. Std of Reward: 22.843. Training.
[INFO] Rocket. Step: 47280000. Time Elapsed: 16766.940 s. Mean Reward: 0.876. Std of Reward: 26.747. Training.
[INFO] Rocket. Step: 47300000. Time Elapsed: 16782.214 s. Mean Reward: 8.077. Std of Reward: 20.005. Training.
[INFO] Rocket. Step: 47320000. Time Elapsed: 16804.541 s. Mean Reward: 16.815. Std of Reward: 9.327. Training.
[INFO] Rocket. Step: 47340000. Time Elapsed: 16820.286 s. Mean Reward: 1.309. Std of Reward: 25.550. Training.
[INFO] Rocket. Step: 47360000. Time Elapsed: 16843.601 s. Mean Reward: 3.725. Std of Reward: 24.689. Training.
[INFO] Rocket. Step: 47380000. Time Elapsed: 16858.370 s. Mean Reward: 6.578. Std of Reward: 20.792. Training.
[INFO] Rocket. Step: 47400000. Time Elapsed: 16876.251 s. Mean Reward: -2.031. Std of Reward: 23.885. Training.
[INFO] Rocket. Step: 47420000. Time Elapsed: 16896.861 s. Mean Reward: 10.174. Std of Reward: 17.968. Training.
[INFO] Rocket. Step: 47440000. Time Elapsed: 16915.193 s. Mean Reward: 9.847. Std of Reward: 18.073. Training.
[INFO] Rocket. Step: 47460000. Time Elapsed: 16935.381 s. Mean Reward: 9.569. Std of Reward: 18.047. Training.
[INFO] Rocket. Step: 47480000. Time Elapsed: 16952.457 s. Mean Reward: 5.519. Std of Reward: 24.589. Training.
[INFO] Rocket. Step: 47500000. Time Elapsed: 16976.167 s. Mean Reward: 5.733. Std of Reward: 22.282. Training.
[INFO] Exported results\L10\Rocket\Rocket-47499913.onnx
[INFO] Rocket. Step: 47520000. Time Elapsed: 16992.722 s. Mean Reward: 7.768. Std of Reward: 21.911. Training.
[INFO] Rocket. Step: 47540000. Time Elapsed: 17013.093 s. Mean Reward: 4.255. Std of Reward: 22.587. Training.
[INFO] Rocket. Step: 47560000. Time Elapsed: 17029.805 s. Mean Reward: 5.245. Std of Reward: 24.173. Training.
[INFO] Rocket. Step: 47580000. Time Elapsed: 17052.664 s. Mean Reward: 14.409. Std of Reward: 18.531. Training.
[INFO] Rocket. Step: 47600000. Time Elapsed: 17067.281 s. Mean Reward: 6.309. Std of Reward: 20.223. Training.
[INFO] Rocket. Step: 47620000. Time Elapsed: 17090.399 s. Mean Reward: 9.201. Std of Reward: 22.978. Training.
[INFO] Rocket. Step: 47640000. Time Elapsed: 17106.728 s. Mean Reward: 9.580. Std of Reward: 21.074. Training.
[INFO] Rocket. Step: 47660000. Time Elapsed: 17128.155 s. Mean Reward: 9.603. Std of Reward: 21.137. Training.
[INFO] Rocket. Step: 47680000. Time Elapsed: 17143.959 s. Mean Reward: 0.709. Std of Reward: 26.401. Training.
[INFO] Rocket. Step: 47700000. Time Elapsed: 17169.146 s. Mean Reward: 5.191. Std of Reward: 21.989. Training.
[INFO] Rocket. Step: 47720000. Time Elapsed: 17183.423 s. Mean Reward: 1.612. Std of Reward: 27.451. Training.
[INFO] Rocket. Step: 47740000. Time Elapsed: 17206.778 s. Mean Reward: -0.408. Std of Reward: 28.524. Training.
[INFO] Rocket. Step: 47760000. Time Elapsed: 17221.735 s. Mean Reward: 1.630. Std of Reward: 24.541. Training.
[INFO] Rocket. Step: 47780000. Time Elapsed: 17244.740 s. Mean Reward: 9.580. Std of Reward: 22.575. Training.
[INFO] Rocket. Step: 47800000. Time Elapsed: 17260.782 s. Mean Reward: 11.617. Std of Reward: 16.558. Training.
[INFO] Rocket. Step: 47820000. Time Elapsed: 17283.689 s. Mean Reward: 4.781. Std of Reward: 26.201. Training.
[INFO] Rocket. Step: 47840000. Time Elapsed: 17298.846 s. Mean Reward: -3.414. Std of Reward: 25.944. Training.
[INFO] Rocket. Step: 47860000. Time Elapsed: 17322.075 s. Mean Reward: 11.476. Std of Reward: 19.349. Training.
[INFO] Rocket. Step: 47880000. Time Elapsed: 17337.102 s. Mean Reward: 8.825. Std of Reward: 22.627. Training.
[INFO] Rocket. Step: 47900000. Time Elapsed: 17360.943 s. Mean Reward: 5.144. Std of Reward: 27.875. Training.
[INFO] Rocket. Step: 47920000. Time Elapsed: 17375.165 s. Mean Reward: 0.335. Std of Reward: 27.840. Training.
[INFO] Rocket. Step: 47940000. Time Elapsed: 17399.883 s. Mean Reward: 3.222. Std of Reward: 24.272. Training.
[INFO] Rocket. Step: 47960000. Time Elapsed: 17413.802 s. Mean Reward: 10.468. Std of Reward: 20.434. Training.
[INFO] Rocket. Step: 47980000. Time Elapsed: 17431.208 s. Mean Reward: 5.603. Std of Reward: 24.752. Training.
[INFO] Rocket. Step: 48000000. Time Elapsed: 17452.927 s. Mean Reward: 11.299. Std of Reward: 18.928. Training.
[INFO] Exported results\L10\Rocket\Rocket-47999638.onnx
[INFO] Rocket. Step: 48020000. Time Elapsed: 17469.964 s. Mean Reward: 11.147. Std of Reward: 19.774. Training.
[INFO] Rocket. Step: 48040000. Time Elapsed: 17490.917 s. Mean Reward: 15.590. Std of Reward: 12.734. Training.
[INFO] Rocket. Step: 48060000. Time Elapsed: 17508.624 s. Mean Reward: -1.277. Std of Reward: 25.520. Training.
[INFO] Rocket. Step: 48080000. Time Elapsed: 17531.104 s. Mean Reward: 7.644. Std of Reward: 22.314. Training.
[INFO] Rocket. Step: 48100000. Time Elapsed: 17546.849 s. Mean Reward: -1.323. Std of Reward: 29.788. Training.
[INFO] Rocket. Step: 48120000. Time Elapsed: 17569.137 s. Mean Reward: 9.668. Std of Reward: 18.778. Training.
[INFO] Rocket. Step: 48140000. Time Elapsed: 17584.141 s. Mean Reward: 11.604. Std of Reward: 18.257. Training.
[INFO] Rocket. Step: 48160000. Time Elapsed: 17606.558 s. Mean Reward: 4.772. Std of Reward: 24.694. Training.
[INFO] Rocket. Step: 48180000. Time Elapsed: 17622.421 s. Mean Reward: 3.081. Std of Reward: 25.728. Training.
[INFO] Rocket. Step: 48200000. Time Elapsed: 17645.557 s. Mean Reward: -4.381. Std of Reward: 27.252. Training.
[INFO] Rocket. Step: 48220000. Time Elapsed: 17662.314 s. Mean Reward: 7.032. Std of Reward: 20.451. Training.
[INFO] Rocket. Step: 48240000. Time Elapsed: 17683.948 s. Mean Reward: 8.226. Std of Reward: 20.664. Training.
[INFO] Rocket. Step: 48260000. Time Elapsed: 17699.388 s. Mean Reward: 4.327. Std of Reward: 23.647. Training.
[INFO] Rocket. Step: 48280000. Time Elapsed: 17723.020 s. Mean Reward: 2.147. Std of Reward: 22.845. Training.
[INFO] Rocket. Step: 48300000. Time Elapsed: 17737.426 s. Mean Reward: 8.163. Std of Reward: 23.009. Training.
[INFO] Rocket. Step: 48320000. Time Elapsed: 17759.633 s. Mean Reward: 1.753. Std of Reward: 21.616. Training.
[INFO] Rocket. Step: 48340000. Time Elapsed: 17777.447 s. Mean Reward: 12.794. Std of Reward: 17.916. Training.
[INFO] Rocket. Step: 48360000. Time Elapsed: 17798.881 s. Mean Reward: 11.213. Std of Reward: 18.344. Training.
[INFO] Rocket. Step: 48380000. Time Elapsed: 17814.513 s. Mean Reward: 4.698. Std of Reward: 21.324. Training.
[INFO] Rocket. Step: 48400000. Time Elapsed: 17836.758 s. Mean Reward: 1.920. Std of Reward: 24.453. Training.
[INFO] Rocket. Step: 48420000. Time Elapsed: 17852.729 s. Mean Reward: 8.125. Std of Reward: 21.569. Training.
[INFO] Rocket. Step: 48440000. Time Elapsed: 17875.511 s. Mean Reward: 2.151. Std of Reward: 26.650. Training.
[INFO] Rocket. Step: 48460000. Time Elapsed: 17892.289 s. Mean Reward: 9.927. Std of Reward: 21.041. Training.
[INFO] Rocket. Step: 48480000. Time Elapsed: 17914.014 s. Mean Reward: 7.187. Std of Reward: 24.850. Training.
[INFO] Rocket. Step: 48500000. Time Elapsed: 17931.152 s. Mean Reward: 11.800. Std of Reward: 16.111. Training.
[INFO] Exported results\L10\Rocket\Rocket-48499810.onnx
[INFO] Rocket. Step: 48520000. Time Elapsed: 17952.391 s. Mean Reward: 1.495. Std of Reward: 25.959. Training.
[INFO] Rocket. Step: 48540000. Time Elapsed: 17967.877 s. Mean Reward: -2.984. Std of Reward: 24.917. Training.
[INFO] Rocket. Step: 48560000. Time Elapsed: 17990.391 s. Mean Reward: 2.504. Std of Reward: 28.229. Training.
[INFO] Rocket. Step: 48580000. Time Elapsed: 18006.588 s. Mean Reward: 0.773. Std of Reward: 26.568. Training.
[INFO] Rocket. Step: 48600000. Time Elapsed: 18029.703 s. Mean Reward: 6.537. Std of Reward: 23.288. Training.
[INFO] Rocket. Step: 48620000. Time Elapsed: 18044.977 s. Mean Reward: 7.736. Std of Reward: 19.865. Training.
[INFO] Rocket. Step: 48640000. Time Elapsed: 18059.380 s. Mean Reward: 8.119. Std of Reward: 19.161. Training.
[INFO] Rocket. Step: 48660000. Time Elapsed: 18084.165 s. Mean Reward: 5.555. Std of Reward: 22.470. Training.
[INFO] Rocket. Step: 48680000. Time Elapsed: 18098.545 s. Mean Reward: 10.324. Std of Reward: 18.810. Training.
[INFO] Rocket. Step: 48700000. Time Elapsed: 18120.673 s. Mean Reward: 6.915. Std of Reward: 23.484. Training.
[INFO] Rocket. Step: 48720000. Time Elapsed: 18137.894 s. Mean Reward: 0.609. Std of Reward: 23.393. Training.
[INFO] Rocket. Step: 48740000. Time Elapsed: 18160.110 s. Mean Reward: 10.356. Std of Reward: 18.035. Training.
[INFO] Rocket. Step: 48760000. Time Elapsed: 18177.229 s. Mean Reward: 5.147. Std of Reward: 22.552. Training.
[INFO] Rocket. Step: 48780000. Time Elapsed: 18197.688 s. Mean Reward: 7.354. Std of Reward: 24.678. Training.
[INFO] Rocket. Step: 48800000. Time Elapsed: 18214.933 s. Mean Reward: 8.185. Std of Reward: 19.865. Training.
[INFO] Rocket. Step: 48820000. Time Elapsed: 18235.264 s. Mean Reward: 7.973. Std of Reward: 18.756. Training.
[INFO] Rocket. Step: 48840000. Time Elapsed: 18252.443 s. Mean Reward: 4.463. Std of Reward: 22.376. Training.
[INFO] Rocket. Step: 48860000. Time Elapsed: 18275.584 s. Mean Reward: 6.200. Std of Reward: 24.020. Training.
[INFO] Rocket. Step: 48880000. Time Elapsed: 18291.397 s. Mean Reward: 10.874. Std of Reward: 18.567. Training.
[INFO] Rocket. Step: 48900000. Time Elapsed: 18312.417 s. Mean Reward: 8.309. Std of Reward: 19.009. Training.
[INFO] Rocket. Step: 48920000. Time Elapsed: 18329.697 s. Mean Reward: 6.299. Std of Reward: 24.129. Training.
[INFO] Rocket. Step: 48940000. Time Elapsed: 18351.007 s. Mean Reward: 9.594. Std of Reward: 20.181. Training.
[INFO] Rocket. Step: 48960000. Time Elapsed: 18368.764 s. Mean Reward: 5.542. Std of Reward: 23.694. Training.
[INFO] Rocket. Step: 48980000. Time Elapsed: 18390.074 s. Mean Reward: 2.210. Std of Reward: 25.849. Training.
[INFO] Rocket. Step: 49000000. Time Elapsed: 18406.208 s. Mean Reward: 6.283. Std of Reward: 21.341. Training.
[INFO] Exported results\L10\Rocket\Rocket-48999775.onnx
[INFO] Rocket. Step: 49020000. Time Elapsed: 18429.077 s. Mean Reward: 9.657. Std of Reward: 24.105. Training.
[INFO] Rocket. Step: 49040000. Time Elapsed: 18443.873 s. Mean Reward: -0.013. Std of Reward: 25.005. Training.
[INFO] Rocket. Step: 49060000. Time Elapsed: 18466.680 s. Mean Reward: 2.279. Std of Reward: 24.740. Training.
[INFO] Rocket. Step: 49080000. Time Elapsed: 18481.733 s. Mean Reward: 5.259. Std of Reward: 21.598. Training.
[INFO] Rocket. Step: 49100000. Time Elapsed: 18504.980 s. Mean Reward: 2.531. Std of Reward: 24.220. Training.
[INFO] Rocket. Step: 49120000. Time Elapsed: 18521.253 s. Mean Reward: 9.752. Std of Reward: 18.948. Training.
[INFO] Rocket. Step: 49140000. Time Elapsed: 18545.486 s. Mean Reward: -4.388. Std of Reward: 27.928. Training.
[INFO] Rocket. Step: 49160000. Time Elapsed: 18559.045 s. Mean Reward: 13.200. Std of Reward: 16.407. Training.
[INFO] Rocket. Step: 49180000. Time Elapsed: 18575.413 s. Mean Reward: 7.017. Std of Reward: 22.510. Training.
[INFO] Rocket. Step: 49200000. Time Elapsed: 18597.210 s. Mean Reward: 5.771. Std of Reward: 20.264. Training.
[INFO] Rocket. Step: 49220000. Time Elapsed: 18612.647 s. Mean Reward: 3.759. Std of Reward: 20.803. Training.
[INFO] Rocket. Step: 49240000. Time Elapsed: 18635.201 s. Mean Reward: 3.161. Std of Reward: 25.920. Training.
[INFO] Rocket. Step: 49260000. Time Elapsed: 18653.317 s. Mean Reward: 3.142. Std of Reward: 24.857. Training.
[INFO] Rocket. Step: 49280000. Time Elapsed: 18674.614 s. Mean Reward: 8.674. Std of Reward: 20.025. Training.
[INFO] Rocket. Step: 49300000. Time Elapsed: 18691.251 s. Mean Reward: 4.589. Std of Reward: 23.865. Training.
[INFO] Rocket. Step: 49320000. Time Elapsed: 18712.957 s. Mean Reward: -4.705. Std of Reward: 27.044. Training.
[INFO] Rocket. Step: 49340000. Time Elapsed: 18729.019 s. Mean Reward: 5.179. Std of Reward: 21.479. Training.
[INFO] Rocket. Step: 49360000. Time Elapsed: 18751.988 s. Mean Reward: 3.427. Std of Reward: 24.651. Training.
[INFO] Rocket. Step: 49380000. Time Elapsed: 18768.844 s. Mean Reward: 15.831. Std of Reward: 9.751. Training.
[INFO] Rocket. Step: 49400000. Time Elapsed: 18789.206 s. Mean Reward: 10.584. Std of Reward: 16.685. Training.
[INFO] Rocket. Step: 49420000. Time Elapsed: 18806.445 s. Mean Reward: 3.334. Std of Reward: 28.162. Training.
[INFO] Rocket. Step: 49440000. Time Elapsed: 18829.437 s. Mean Reward: 7.537. Std of Reward: 19.224. Training.
[INFO] Rocket. Step: 49460000. Time Elapsed: 18845.328 s. Mean Reward: 9.577. Std of Reward: 19.558. Training.
[INFO] Rocket. Step: 49480000. Time Elapsed: 18867.041 s. Mean Reward: 6.884. Std of Reward: 18.544. Training.
[INFO] Rocket. Step: 49500000. Time Elapsed: 18883.940 s. Mean Reward: 5.347. Std of Reward: 22.123. Training.
[INFO] Exported results\L10\Rocket\Rocket-49499944.onnx
[INFO] Rocket. Step: 49520000. Time Elapsed: 18906.751 s. Mean Reward: 4.479. Std of Reward: 25.875. Training.
[INFO] Rocket. Step: 49540000. Time Elapsed: 18922.521 s. Mean Reward: 3.245. Std of Reward: 23.681. Training.
[INFO] Rocket. Step: 49560000. Time Elapsed: 18943.893 s. Mean Reward: 4.152. Std of Reward: 23.884. Training.
[INFO] Rocket. Step: 49580000. Time Elapsed: 18960.179 s. Mean Reward: 3.758. Std of Reward: 27.093. Training.
[INFO] Rocket. Step: 49600000. Time Elapsed: 18983.197 s. Mean Reward: 4.253. Std of Reward: 26.898. Training.
[INFO] Rocket. Step: 49620000. Time Elapsed: 18998.620 s. Mean Reward: -5.659. Std of Reward: 28.036. Training.
[INFO] Rocket. Step: 49640000. Time Elapsed: 19021.697 s. Mean Reward: 9.815. Std of Reward: 20.919. Training.
[INFO] Rocket. Step: 49660000. Time Elapsed: 19037.507 s. Mean Reward: 3.940. Std of Reward: 22.712. Training.
[INFO] Rocket. Step: 49680000. Time Elapsed: 19060.490 s. Mean Reward: 3.273. Std of Reward: 23.755. Training.
[INFO] Rocket. Step: 49700000. Time Elapsed: 19075.285 s. Mean Reward: 5.844. Std of Reward: 21.449. Training.
[INFO] Rocket. Step: 49720000. Time Elapsed: 19097.696 s. Mean Reward: 8.988. Std of Reward: 23.387. Training.
[INFO] Rocket. Step: 49740000. Time Elapsed: 19113.887 s. Mean Reward: 4.530. Std of Reward: 23.279. Training.
[INFO] Rocket. Step: 49760000. Time Elapsed: 19137.616 s. Mean Reward: -3.992. Std of Reward: 31.075. Training.
[INFO] Rocket. Step: 49780000. Time Elapsed: 19152.026 s. Mean Reward: 9.577. Std of Reward: 17.228. Training.
[INFO] Rocket. Step: 49800000. Time Elapsed: 19169.528 s. Mean Reward: 2.059. Std of Reward: 27.918. Training.
[INFO] Rocket. Step: 49820000. Time Elapsed: 19190.449 s. Mean Reward: 10.189. Std of Reward: 23.091. Training.
[INFO] Rocket. Step: 49840000. Time Elapsed: 19205.693 s. Mean Reward: 5.245. Std of Reward: 24.953. Training.
[INFO] Rocket. Step: 49860000. Time Elapsed: 19229.113 s. Mean Reward: -0.439. Std of Reward: 25.448. Training.
[INFO] Rocket. Step: 49880000. Time Elapsed: 19244.999 s. Mean Reward: 10.347. Std of Reward: 20.169. Training.
[INFO] Rocket. Step: 49900000. Time Elapsed: 19267.291 s. Mean Reward: 6.518. Std of Reward: 21.607. Training.
[INFO] Rocket. Step: 49920000. Time Elapsed: 19282.543 s. Mean Reward: 7.189. Std of Reward: 24.288. Training.
[INFO] Rocket. Step: 49940000. Time Elapsed: 19304.402 s. Mean Reward: 6.934. Std of Reward: 19.329. Training.
[INFO] Rocket. Step: 49960000. Time Elapsed: 19321.524 s. Mean Reward: 0.143. Std of Reward: 26.481. Training.
[INFO] Rocket. Step: 49980000. Time Elapsed: 19343.943 s. Mean Reward: -4.887. Std of Reward: 28.269. Training.
[INFO] Rocket. Step: 50000000. Time Elapsed: 19359.898 s. Mean Reward: 6.880. Std of Reward: 20.893. Training.
[INFO] Exported results\L10\Rocket\Rocket-49999254.onnx
[INFO] Exported results\L10\Rocket\Rocket-50000278.onnx
[INFO] Copied results\L10\Rocket\Rocket-50000278.onnx to results\L10\Rocket.onnx.
