[RocketSim] Trainer started at 2026-08-30T15:16:23.8340016Z
[RocketSim] Working directory: C:\Users\dadii\Falcon9
[RocketSim] Command: C:\Users\dadii\Anaconda3\envs\mlagents_gpu\python.exe -u -m mlagents.trainers.learn "C:\Users\dadii\Falcon9\results\L10\TrainingConfig.yaml" --run-id="L10" --force --torch-device "cuda" --seed 1


	Unity Technologies

 Version information:
  ml-agents: 1.1.0,
  ml-agents-envs: 1.1.0,
  Communicator API: 1.5.0,
  PyTorch: 2.1.0+cu121
[INFO] Listening on port 5004. Start training by pressing the Play button in the Unity Editor.
[INFO] Connected to Unity environment with package version 4.0.2 and communication version 1.5.0
[INFO] Connected new brain: Rocket?team=0
[INFO] Hyperparameters for behavior name Rocket: 
	trainer_type:	ppo
	hyperparameters:	
	  batch_size:	4096
	  buffer_size:	40960
	  learning_rate:	0.0002
	  beta:	0.01
	  epsilon:	0.2
	  lambd:	0.98
	  num_epoch:	6
	  shared_critic:	False
	  learning_rate_schedule:	linear
	  beta_schedule:	linear
	  epsilon_schedule:	linear
	checkpoint_interval:	500000
	network_settings:	
	  normalize:	True
	  hidden_units:	512
	  num_layers:	3
	  vis_encode_type:	simple
	  memory:	None
	  goal_conditioning_type:	hyper
	  deterministic:	False
	reward_signals:	
	  extrinsic:	
	    gamma:	0.9995
	    strength:	1.0
	    network_settings:	
	      normalize:	False
	      hidden_units:	128
	      num_layers:	2
	      vis_encode_type:	simple
	      memory:	None
	      goal_conditioning_type:	hyper
	      deterministic:	False
	init_path:	None
	keep_checkpoints:	60
	even_checkpoints:	False
	max_steps:	30000000
	time_horizon:	1024
	summary_freq:	20000
	threaded:	True
	self_play:	None
	behavioral_cloning:	None
[INFO] Rocket. Step: 20000. Time Elapsed: 18.687 s. Mean Reward: -61.019. Std of Reward: 1.678. Training.
[INFO] Rocket. Step: 40000. Time Elapsed: 33.658 s. Mean Reward: -61.101. Std of Reward: 1.348. Training.
[INFO] Rocket. Step: 60000. Time Elapsed: 54.983 s. Mean Reward: -61.635. Std of Reward: 1.812. Training.
[INFO] Rocket. Step: 80000. Time Elapsed: 69.954 s. Mean Reward: -61.234. Std of Reward: 1.807. Training.
[INFO] Rocket. Step: 100000. Time Elapsed: 91.160 s. Mean Reward: -61.332. Std of Reward: 1.750. Training.
[INFO] Rocket. Step: 120000. Time Elapsed: 105.403 s. Mean Reward: -61.392. Std of Reward: 1.392. Training.
[INFO] Rocket. Step: 140000. Time Elapsed: 126.453 s. Mean Reward: -61.384. Std of Reward: 1.463. Training.
[INFO] Rocket. Step: 160000. Time Elapsed: 141.142 s. Mean Reward: -61.412. Std of Reward: 1.450. Training.
[INFO] Rocket. Step: 180000. Time Elapsed: 160.905 s. Mean Reward: -61.476. Std of Reward: 1.656. Training.
[INFO] Rocket. Step: 200000. Time Elapsed: 174.784 s. Mean Reward: -61.575. Std of Reward: 1.667. Training.
[INFO] Rocket. Step: 220000. Time Elapsed: 195.751 s. Mean Reward: -61.320. Std of Reward: 1.970. Training.
[INFO] Rocket. Step: 240000. Time Elapsed: 209.809 s. Mean Reward: -61.501. Std of Reward: 1.836. Training.
[INFO] Rocket. Step: 260000. Time Elapsed: 230.597 s. Mean Reward: -61.115. Std of Reward: 1.970. Training.
[INFO] Rocket. Step: 280000. Time Elapsed: 243.732 s. Mean Reward: -61.452. Std of Reward: 2.133. Training.
[INFO] Rocket. Step: 300000. Time Elapsed: 265.584 s. Mean Reward: -61.611. Std of Reward: 2.210. Training.
[INFO] Rocket. Step: 320000. Time Elapsed: 279.760 s. Mean Reward: -62.091. Std of Reward: 2.455. Training.
[INFO] Rocket. Step: 340000. Time Elapsed: 300.190 s. Mean Reward: -61.974. Std of Reward: 1.925. Training.
[INFO] Rocket. Step: 360000. Time Elapsed: 313.290 s. Mean Reward: -61.154. Std of Reward: 2.649. Training.
[INFO] Rocket. Step: 380000. Time Elapsed: 335.211 s. Mean Reward: -60.876. Std of Reward: 2.303. Training.
[INFO] Rocket. Step: 400000. Time Elapsed: 348.800 s. Mean Reward: -61.179. Std of Reward: 3.286. Training.
[INFO] Rocket. Step: 420000. Time Elapsed: 369.910 s. Mean Reward: -60.193. Std of Reward: 3.099. Training.
[INFO] Rocket. Step: 440000. Time Elapsed: 384.319 s. Mean Reward: -59.862. Std of Reward: 4.300. Training.
[INFO] Rocket. Step: 460000. Time Elapsed: 404.788 s. Mean Reward: -59.431. Std of Reward: 4.178. Training.
[INFO] Rocket. Step: 480000. Time Elapsed: 419.289 s. Mean Reward: -59.477. Std of Reward: 4.510. Training.
[INFO] Rocket. Step: 500000. Time Elapsed: 439.907 s. Mean Reward: -58.552. Std of Reward: 5.064. Training.
[INFO] Exported results\L10\Rocket\Rocket-499825.onnx
[INFO] Rocket. Step: 520000. Time Elapsed: 454.458 s. Mean Reward: -57.745. Std of Reward: 5.550. Training.
[INFO] Rocket. Step: 540000. Time Elapsed: 474.060 s. Mean Reward: -57.992. Std of Reward: 5.273. Training.
[INFO] Rocket. Step: 560000. Time Elapsed: 488.124 s. Mean Reward: -56.233. Std of Reward: 4.805. Training.
[INFO] Rocket. Step: 580000. Time Elapsed: 509.152 s. Mean Reward: -55.698. Std of Reward: 6.593. Training.
[INFO] Rocket. Step: 600000. Time Elapsed: 522.926 s. Mean Reward: -55.611. Std of Reward: 5.877. Training.
[INFO] Rocket. Step: 620000. Time Elapsed: 544.711 s. Mean Reward: -54.489. Std of Reward: 7.129. Training.
[INFO] Rocket. Step: 640000. Time Elapsed: 557.862 s. Mean Reward: -55.907. Std of Reward: 5.713. Training.
[INFO] Rocket. Step: 660000. Time Elapsed: 572.467 s. Mean Reward: -54.696. Std of Reward: 6.547. Training.
[INFO] Rocket. Step: 680000. Time Elapsed: 592.634 s. Mean Reward: -53.378. Std of Reward: 5.908. Training.
[INFO] Rocket. Step: 700000. Time Elapsed: 606.913 s. Mean Reward: -53.702. Std of Reward: 6.555. Training.
[INFO] Rocket. Step: 720000. Time Elapsed: 627.667 s. Mean Reward: -52.832. Std of Reward: 6.410. Training.
[INFO] Rocket. Step: 740000. Time Elapsed: 642.356 s. Mean Reward: -52.557. Std of Reward: 6.018. Training.
[INFO] Rocket. Step: 760000. Time Elapsed: 662.231 s. Mean Reward: -51.983. Std of Reward: 5.660. Training.
[INFO] Rocket. Step: 780000. Time Elapsed: 676.606 s. Mean Reward: -49.842. Std of Reward: 5.166. Training.
[INFO] Rocket. Step: 800000. Time Elapsed: 697.861 s. Mean Reward: -48.634. Std of Reward: 4.341. Training.
[INFO] Rocket. Step: 820000. Time Elapsed: 711.679 s. Mean Reward: -49.858. Std of Reward: 4.583. Training.
[INFO] Rocket. Step: 840000. Time Elapsed: 732.347 s. Mean Reward: -49.928. Std of Reward: 5.090. Training.
[INFO] Rocket. Step: 860000. Time Elapsed: 747.368 s. Mean Reward: -49.264. Std of Reward: 4.849. Training.
[INFO] Rocket. Step: 880000. Time Elapsed: 767.380 s. Mean Reward: -47.965. Std of Reward: 4.206. Training.
[INFO] Rocket. Step: 900000. Time Elapsed: 781.385 s. Mean Reward: -47.773. Std of Reward: 2.701. Training.
[INFO] Rocket. Step: 920000. Time Elapsed: 801.461 s. Mean Reward: -48.369. Std of Reward: 3.716. Training.
[INFO] Rocket. Step: 940000. Time Elapsed: 816.210 s. Mean Reward: -47.449. Std of Reward: 3.132. Training.
[INFO] Rocket. Step: 960000. Time Elapsed: 836.797 s. Mean Reward: -47.164. Std of Reward: 3.336. Training.
[INFO] Rocket. Step: 980000. Time Elapsed: 851.113 s. Mean Reward: -47.438. Std of Reward: 3.081. Training.
[INFO] Rocket. Step: 1000000. Time Elapsed: 871.750 s. Mean Reward: -47.291. Std of Reward: 3.126. Training.
[INFO] Exported results\L10\Rocket\Rocket-999916.onnx
[INFO] Rocket. Step: 1020000. Time Elapsed: 886.793 s. Mean Reward: -47.498. Std of Reward: 3.238. Training.
[INFO] Rocket. Step: 1040000. Time Elapsed: 906.708 s. Mean Reward: -47.272. Std of Reward: 3.048. Training.
[INFO] Rocket. Step: 1060000. Time Elapsed: 921.020 s. Mean Reward: -47.506. Std of Reward: 3.223. Training.
[INFO] Rocket. Step: 1080000. Time Elapsed: 941.857 s. Mean Reward: -46.971. Std of Reward: 2.464. Training.
[INFO] Rocket. Step: 1100000. Time Elapsed: 956.382 s. Mean Reward: -47.173. Std of Reward: 2.791. Training.
[INFO] Rocket. Step: 1120000. Time Elapsed: 976.756 s. Mean Reward: -46.981. Std of Reward: 2.804. Training.
[INFO] Rocket. Step: 1140000. Time Elapsed: 991.040 s. Mean Reward: -46.877. Std of Reward: 2.436. Training.
[INFO] Rocket. Step: 1160000. Time Elapsed: 1011.700 s. Mean Reward: -46.818. Std of Reward: 2.038. Training.
[INFO] Rocket. Step: 1180000. Time Elapsed: 1026.308 s. Mean Reward: -46.890. Std of Reward: 2.478. Training.
[INFO] Rocket. Step: 1200000. Time Elapsed: 1046.716 s. Mean Reward: -46.441. Std of Reward: 1.737. Training.
[INFO] Rocket. Step: 1220000. Time Elapsed: 1061.205 s. Mean Reward: -46.525. Std of Reward: 1.496. Training.
[INFO] Rocket. Step: 1240000. Time Elapsed: 1081.892 s. Mean Reward: -46.653. Std of Reward: 1.925. Training.
[INFO] Rocket. Step: 1260000. Time Elapsed: 1095.851 s. Mean Reward: -46.738. Std of Reward: 1.736. Training.
[INFO] Rocket. Step: 1280000. Time Elapsed: 1116.255 s. Mean Reward: -46.556. Std of Reward: 2.162. Training.
[INFO] Rocket. Step: 1300000. Time Elapsed: 1130.299 s. Mean Reward: -46.625. Std of Reward: 2.169. Training.
[INFO] Rocket. Step: 1320000. Time Elapsed: 1151.589 s. Mean Reward: -46.397. Std of Reward: 1.215. Training.
[INFO] Rocket. Step: 1340000. Time Elapsed: 1165.656 s. Mean Reward: -46.630. Std of Reward: 1.710. Training.
[INFO] Rocket. Step: 1360000. Time Elapsed: 1187.271 s. Mean Reward: -46.551. Std of Reward: 1.554. Training.
[INFO] Rocket. Step: 1380000. Time Elapsed: 1200.772 s. Mean Reward: -46.397. Std of Reward: 1.455. Training.
[INFO] Rocket. Step: 1400000. Time Elapsed: 1222.940 s. Mean Reward: -46.352. Std of Reward: 1.538. Training.
[INFO] Rocket. Step: 1420000. Time Elapsed: 1235.959 s. Mean Reward: -46.295. Std of Reward: 1.245. Training.
[INFO] Rocket. Step: 1440000. Time Elapsed: 1250.121 s. Mean Reward: -46.586. Std of Reward: 1.729. Training.
[INFO] Rocket. Step: 1460000. Time Elapsed: 1270.850 s. Mean Reward: -46.286. Std of Reward: 1.428. Training.
[INFO] Rocket. Step: 1480000. Time Elapsed: 1285.643 s. Mean Reward: -46.667. Std of Reward: 2.101. Training.
[INFO] Rocket. Step: 1500000. Time Elapsed: 1306.061 s. Mean Reward: -46.605. Std of Reward: 2.075. Training.
[INFO] Exported results\L10\Rocket\Rocket-1499961.onnx
[INFO] Rocket. Step: 1520000. Time Elapsed: 1320.519 s. Mean Reward: -46.674. Std of Reward: 1.663. Training.
[INFO] Rocket. Step: 1540000. Time Elapsed: 1341.453 s. Mean Reward: -46.861. Std of Reward: 2.539. Training.
[INFO] Rocket. Step: 1560000. Time Elapsed: 1355.796 s. Mean Reward: -46.774. Std of Reward: 1.710. Training.
[INFO] Rocket. Step: 1580000. Time Elapsed: 1376.260 s. Mean Reward: -46.446. Std of Reward: 1.264. Training.
[INFO] Rocket. Step: 1600000. Time Elapsed: 1391.143 s. Mean Reward: -46.657. Std of Reward: 1.907. Training.
[INFO] Rocket. Step: 1620000. Time Elapsed: 1411.312 s. Mean Reward: -46.694. Std of Reward: 2.434. Training.
[INFO] Rocket. Step: 1640000. Time Elapsed: 1425.789 s. Mean Reward: -46.727. Std of Reward: 1.507. Training.
[INFO] Rocket. Step: 1660000. Time Elapsed: 1446.824 s. Mean Reward: -46.539. Std of Reward: 1.518. Training.
[INFO] Rocket. Step: 1680000. Time Elapsed: 1460.855 s. Mean Reward: -46.595. Std of Reward: 1.679. Training.
[INFO] Rocket. Step: 1700000. Time Elapsed: 1481.890 s. Mean Reward: -46.344. Std of Reward: 1.783. Training.
[INFO] Rocket. Step: 1720000. Time Elapsed: 1496.053 s. Mean Reward: -46.653. Std of Reward: 1.549. Training.
[INFO] Rocket. Step: 1740000. Time Elapsed: 1516.620 s. Mean Reward: -46.629. Std of Reward: 2.101. Training.
[INFO] Rocket. Step: 1760000. Time Elapsed: 1531.203 s. Mean Reward: -46.289. Std of Reward: 1.424. Training.
[INFO] Rocket. Step: 1780000. Time Elapsed: 1551.924 s. Mean Reward: -46.808. Std of Reward: 2.028. Training.
[INFO] Rocket. Step: 1800000. Time Elapsed: 1566.531 s. Mean Reward: -46.532. Std of Reward: 2.006. Training.
[INFO] Rocket. Step: 1820000. Time Elapsed: 1586.526 s. Mean Reward: -46.482. Std of Reward: 1.613. Training.
[INFO] Rocket. Step: 1840000. Time Elapsed: 1600.956 s. Mean Reward: -46.280. Std of Reward: 1.588. Training.
[INFO] Rocket. Step: 1860000. Time Elapsed: 1621.190 s. Mean Reward: -46.662. Std of Reward: 1.259. Training.
[INFO] Rocket. Step: 1880000. Time Elapsed: 1635.723 s. Mean Reward: -46.846. Std of Reward: 1.817. Training.
[INFO] Rocket. Step: 1900000. Time Elapsed: 1656.994 s. Mean Reward: -46.660. Std of Reward: 1.872. Training.
[INFO] Rocket. Step: 1920000. Time Elapsed: 1670.623 s. Mean Reward: -47.108. Std of Reward: 3.032. Training.
[INFO] Rocket. Step: 1940000. Time Elapsed: 1690.981 s. Mean Reward: -47.016. Std of Reward: 2.052. Training.
[INFO] Rocket. Step: 1960000. Time Elapsed: 1705.247 s. Mean Reward: -46.740. Std of Reward: 2.248. Training.
[INFO] Rocket. Step: 1980000. Time Elapsed: 1726.010 s. Mean Reward: -46.797. Std of Reward: 2.278. Training.
[INFO] Rocket. Step: 2000000. Time Elapsed: 1740.485 s. Mean Reward: -46.624. Std of Reward: 1.844. Training.
[INFO] Exported results\L10\Rocket\Rocket-1999761.onnx
[INFO] Rocket. Step: 2020000. Time Elapsed: 1760.990 s. Mean Reward: -46.756. Std of Reward: 3.547. Training.
[INFO] Rocket. Step: 2040000. Time Elapsed: 1774.815 s. Mean Reward: -46.509. Std of Reward: 3.136. Training.
[INFO] Rocket. Step: 2060000. Time Elapsed: 1796.025 s. Mean Reward: -47.004. Std of Reward: 3.301. Training.
[INFO] Rocket. Step: 2080000. Time Elapsed: 1809.888 s. Mean Reward: -46.557. Std of Reward: 3.244. Training.
[INFO] Rocket. Step: 2100000. Time Elapsed: 1831.388 s. Mean Reward: -47.047. Std of Reward: 3.279. Training.
[INFO] Rocket. Step: 2120000. Time Elapsed: 1844.532 s. Mean Reward: -46.095. Std of Reward: 4.029. Training.
[INFO] Rocket. Step: 2140000. Time Elapsed: 1866.030 s. Mean Reward: -46.971. Std of Reward: 2.702. Training.
[INFO] Rocket. Step: 2160000. Time Elapsed: 1879.733 s. Mean Reward: -46.468. Std of Reward: 3.083. Training.
[INFO] Rocket. Step: 2180000. Time Elapsed: 1893.795 s. Mean Reward: -46.237. Std of Reward: 3.144. Training.
[INFO] Rocket. Step: 2200000. Time Elapsed: 1913.860 s. Mean Reward: -46.532. Std of Reward: 3.440. Training.
[INFO] Rocket. Step: 2220000. Time Elapsed: 1928.746 s. Mean Reward: -46.933. Std of Reward: 2.976. Training.
[INFO] Rocket. Step: 2240000. Time Elapsed: 1949.221 s. Mean Reward: -47.010. Std of Reward: 2.636. Training.
[INFO] Rocket. Step: 2260000. Time Elapsed: 1963.431 s. Mean Reward: -47.733. Std of Reward: 3.451. Training.
[INFO] Rocket. Step: 2280000. Time Elapsed: 1984.421 s. Mean Reward: -46.823. Std of Reward: 3.104. Training.
[INFO] Rocket. Step: 2300000. Time Elapsed: 1998.711 s. Mean Reward: -46.990. Std of Reward: 3.777. Training.
[INFO] Rocket. Step: 2320000. Time Elapsed: 2019.253 s. Mean Reward: -47.169. Std of Reward: 2.342. Training.
[INFO] Rocket. Step: 2340000. Time Elapsed: 2033.037 s. Mean Reward: -45.992. Std of Reward: 3.125. Training.
[INFO] Rocket. Step: 2360000. Time Elapsed: 2053.582 s. Mean Reward: -46.188. Std of Reward: 2.936. Training.
[INFO] Rocket. Step: 2380000. Time Elapsed: 2068.149 s. Mean Reward: -46.674. Std of Reward: 1.991. Training.
[INFO] Rocket. Step: 2400000. Time Elapsed: 2088.418 s. Mean Reward: -46.285. Std of Reward: 3.486. Training.
[INFO] Rocket. Step: 2420000. Time Elapsed: 2102.645 s. Mean Reward: -45.885. Std of Reward: 3.184. Training.
[INFO] Rocket. Step: 2440000. Time Elapsed: 2123.341 s. Mean Reward: -46.498. Std of Reward: 2.681. Training.
[INFO] Rocket. Step: 2460000. Time Elapsed: 2137.922 s. Mean Reward: -46.476. Std of Reward: 3.884. Training.
[INFO] Rocket. Step: 2480000. Time Elapsed: 2158.832 s. Mean Reward: -46.481. Std of Reward: 3.221. Training.
[INFO] Rocket. Step: 2500000. Time Elapsed: 2172.704 s. Mean Reward: -46.032. Std of Reward: 3.921. Training.
[INFO] Exported results\L10\Rocket\Rocket-2499730.onnx
[INFO] Rocket. Step: 2520000. Time Elapsed: 2193.367 s. Mean Reward: -46.610. Std of Reward: 3.629. Training.
[INFO] Rocket. Step: 2540000. Time Elapsed: 2207.509 s. Mean Reward: -46.696. Std of Reward: 3.501. Training.
[INFO] Rocket. Step: 2560000. Time Elapsed: 2228.008 s. Mean Reward: -46.759. Std of Reward: 3.892. Training.
[INFO] Rocket. Step: 2580000. Time Elapsed: 2242.344 s. Mean Reward: -46.466. Std of Reward: 3.049. Training.
[INFO] Rocket. Step: 2600000. Time Elapsed: 2262.535 s. Mean Reward: -47.585. Std of Reward: 3.629. Training.
[INFO] Rocket. Step: 2620000. Time Elapsed: 2277.649 s. Mean Reward: -46.915. Std of Reward: 4.850. Training.
[INFO] Rocket. Step: 2640000. Time Elapsed: 2297.868 s. Mean Reward: -47.589. Std of Reward: 4.693. Training.
[INFO] Rocket. Step: 2660000. Time Elapsed: 2312.264 s. Mean Reward: -46.281. Std of Reward: 4.366. Training.
[INFO] Rocket. Step: 2680000. Time Elapsed: 2333.081 s. Mean Reward: -46.872. Std of Reward: 3.668. Training.
[INFO] Rocket. Step: 2700000. Time Elapsed: 2347.056 s. Mean Reward: -46.749. Std of Reward: 3.506. Training.
[INFO] Rocket. Step: 2720000. Time Elapsed: 2368.278 s. Mean Reward: -46.238. Std of Reward: 4.711. Training.
[INFO] Rocket. Step: 2740000. Time Elapsed: 2382.427 s. Mean Reward: -46.926. Std of Reward: 4.224. Training.
[INFO] Rocket. Step: 2760000. Time Elapsed: 2403.475 s. Mean Reward: -46.518. Std of Reward: 4.694. Training.
[INFO] Rocket. Step: 2780000. Time Elapsed: 2417.125 s. Mean Reward: -46.058. Std of Reward: 4.213. Training.
[INFO] Rocket. Step: 2800000. Time Elapsed: 2438.241 s. Mean Reward: -46.370. Std of Reward: 4.196. Training.
[INFO] Rocket. Step: 2820000. Time Elapsed: 2452.386 s. Mean Reward: -46.200. Std of Reward: 4.840. Training.
[INFO] Rocket. Step: 2840000. Time Elapsed: 2473.437 s. Mean Reward: -46.859. Std of Reward: 4.212. Training.
[INFO] Rocket. Step: 2860000. Time Elapsed: 2487.635 s. Mean Reward: -46.444. Std of Reward: 3.952. Training.
[INFO] Rocket. Step: 2880000. Time Elapsed: 2508.712 s. Mean Reward: -47.199. Std of Reward: 5.050. Training.
[INFO] Rocket. Step: 2900000. Time Elapsed: 2522.127 s. Mean Reward: -46.745. Std of Reward: 4.058. Training.
[INFO] Rocket. Step: 2920000. Time Elapsed: 2544.425 s. Mean Reward: -47.322. Std of Reward: 4.210. Training.
[INFO] Rocket. Step: 2940000. Time Elapsed: 2557.090 s. Mean Reward: -47.888. Std of Reward: 3.972. Training.
[INFO] Rocket. Step: 2960000. Time Elapsed: 2571.195 s. Mean Reward: -46.320. Std of Reward: 3.961. Training.
[INFO] Rocket. Step: 2980000. Time Elapsed: 2592.430 s. Mean Reward: -47.113. Std of Reward: 4.078. Training.
[INFO] Rocket. Step: 3000000. Time Elapsed: 2606.546 s. Mean Reward: -45.925. Std of Reward: 4.024. Training.
[INFO] Exported results\L10\Rocket\Rocket-2999876.onnx
[INFO] Rocket. Step: 3020000. Time Elapsed: 2627.373 s. Mean Reward: -46.407. Std of Reward: 3.809. Training.
[INFO] Rocket. Step: 3040000. Time Elapsed: 2641.883 s. Mean Reward: -45.057. Std of Reward: 5.508. Training.
[INFO] Rocket. Step: 3060000. Time Elapsed: 2662.132 s. Mean Reward: -46.014. Std of Reward: 4.048. Training.
[INFO] Rocket. Step: 3080000. Time Elapsed: 2676.169 s. Mean Reward: -45.490. Std of Reward: 3.739. Training.
[INFO] Rocket. Step: 3100000. Time Elapsed: 2697.280 s. Mean Reward: -45.862. Std of Reward: 4.480. Training.
[INFO] Rocket. Step: 3120000. Time Elapsed: 2711.284 s. Mean Reward: -46.400. Std of Reward: 3.797. Training.
[INFO] Rocket. Step: 3140000. Time Elapsed: 2732.186 s. Mean Reward: -45.678. Std of Reward: 4.136. Training.
[INFO] Rocket. Step: 3160000. Time Elapsed: 2746.043 s. Mean Reward: -46.711. Std of Reward: 4.388. Training.
[INFO] Rocket. Step: 3180000. Time Elapsed: 2766.914 s. Mean Reward: -45.908. Std of Reward: 4.248. Training.
[INFO] Rocket. Step: 3200000. Time Elapsed: 2781.497 s. Mean Reward: -46.021. Std of Reward: 3.564. Training.
[INFO] Rocket. Step: 3220000. Time Elapsed: 2802.295 s. Mean Reward: -45.473. Std of Reward: 7.251. Training.
[INFO] Rocket. Step: 3240000. Time Elapsed: 2816.934 s. Mean Reward: -45.936. Std of Reward: 4.925. Training.
[INFO] Rocket. Step: 3260000. Time Elapsed: 2837.140 s. Mean Reward: -47.008. Std of Reward: 4.124. Training.
[INFO] Rocket. Step: 3280000. Time Elapsed: 2851.400 s. Mean Reward: -46.178. Std of Reward: 4.239. Training.
[INFO] Rocket. Step: 3300000. Time Elapsed: 2872.228 s. Mean Reward: -45.944. Std of Reward: 5.116. Training.
[INFO] Rocket. Step: 3320000. Time Elapsed: 2887.096 s. Mean Reward: -45.657. Std of Reward: 5.763. Training.
[INFO] Rocket. Step: 3340000. Time Elapsed: 2907.550 s. Mean Reward: -45.248. Std of Reward: 5.161. Training.
[INFO] Rocket. Step: 3360000. Time Elapsed: 2921.885 s. Mean Reward: -45.729. Std of Reward: 4.566. Training.
[INFO] Rocket. Step: 3380000. Time Elapsed: 2942.502 s. Mean Reward: -46.611. Std of Reward: 4.328. Training.
[INFO] Rocket. Step: 3400000. Time Elapsed: 2957.011 s. Mean Reward: -45.984. Std of Reward: 4.409. Training.
[INFO] Rocket. Step: 3420000. Time Elapsed: 2977.155 s. Mean Reward: -45.952. Std of Reward: 4.701. Training.
[INFO] Rocket. Step: 3440000. Time Elapsed: 2991.672 s. Mean Reward: -45.458. Std of Reward: 4.158. Training.
[INFO] Rocket. Step: 3460000. Time Elapsed: 3012.577 s. Mean Reward: -46.068. Std of Reward: 5.078. Training.
[INFO] Rocket. Step: 3480000. Time Elapsed: 3027.023 s. Mean Reward: -46.211. Std of Reward: 4.509. Training.
[INFO] Rocket. Step: 3500000. Time Elapsed: 3047.655 s. Mean Reward: -46.657. Std of Reward: 5.379. Training.
[INFO] Exported results\L10\Rocket\Rocket-3499792.onnx
[INFO] Rocket. Step: 3520000. Time Elapsed: 3061.411 s. Mean Reward: -44.705. Std of Reward: 5.409. Training.
[INFO] Rocket. Step: 3540000. Time Elapsed: 3082.265 s. Mean Reward: -46.451. Std of Reward: 6.263. Training.
[INFO] Rocket. Step: 3560000. Time Elapsed: 3096.312 s. Mean Reward: -46.017. Std of Reward: 5.541. Training.
[INFO] Rocket. Step: 3580000. Time Elapsed: 3116.889 s. Mean Reward: -45.418. Std of Reward: 5.913. Training.
[INFO] Rocket. Step: 3600000. Time Elapsed: 3131.414 s. Mean Reward: -46.497. Std of Reward: 5.676. Training.
[INFO] Rocket. Step: 3620000. Time Elapsed: 3153.176 s. Mean Reward: -46.984. Std of Reward: 4.782. Training.
[INFO] Rocket. Step: 3640000. Time Elapsed: 3166.609 s. Mean Reward: -46.506. Std of Reward: 5.215. Training.
[INFO] Rocket. Step: 3660000. Time Elapsed: 3188.287 s. Mean Reward: -47.183. Std of Reward: 6.150. Training.
[INFO] Rocket. Step: 3680000. Time Elapsed: 3201.184 s. Mean Reward: -45.174. Std of Reward: 5.145. Training.
[INFO] Rocket. Step: 3700000. Time Elapsed: 3216.189 s. Mean Reward: -45.396. Std of Reward: 4.489. Training.
[INFO] Rocket. Step: 3720000. Time Elapsed: 3237.108 s. Mean Reward: -45.611. Std of Reward: 4.941. Training.
[INFO] Rocket. Step: 3740000. Time Elapsed: 3250.802 s. Mean Reward: -45.025. Std of Reward: 5.215. Training.
[INFO] Rocket. Step: 3760000. Time Elapsed: 3271.671 s. Mean Reward: -44.633. Std of Reward: 5.126. Training.
[INFO] Rocket. Step: 3780000. Time Elapsed: 3285.873 s. Mean Reward: -44.818. Std of Reward: 5.564. Training.
[INFO] Rocket. Step: 3800000. Time Elapsed: 3306.750 s. Mean Reward: -44.866. Std of Reward: 8.420. Training.
[INFO] Rocket. Step: 3820000. Time Elapsed: 3321.151 s. Mean Reward: -44.594. Std of Reward: 5.614. Training.
[INFO] Rocket. Step: 3840000. Time Elapsed: 3342.274 s. Mean Reward: -46.155. Std of Reward: 5.147. Training.
[INFO] Rocket. Step: 3860000. Time Elapsed: 3356.021 s. Mean Reward: -45.390. Std of Reward: 5.502. Training.
[INFO] Rocket. Step: 3880000. Time Elapsed: 3376.653 s. Mean Reward: -45.830. Std of Reward: 4.852. Training.
[INFO] Rocket. Step: 3900000. Time Elapsed: 3391.335 s. Mean Reward: -45.682. Std of Reward: 5.339. Training.
[INFO] Rocket. Step: 3920000. Time Elapsed: 3411.954 s. Mean Reward: -45.766. Std of Reward: 5.354. Training.
[INFO] Rocket. Step: 3940000. Time Elapsed: 3426.428 s. Mean Reward: -44.475. Std of Reward: 8.810. Training.
[INFO] Rocket. Step: 3960000. Time Elapsed: 3447.666 s. Mean Reward: -45.273. Std of Reward: 8.960. Training.
[INFO] Rocket. Step: 3980000. Time Elapsed: 3461.403 s. Mean Reward: -44.925. Std of Reward: 6.023. Training.
[INFO] Rocket. Step: 4000000. Time Elapsed: 3481.865 s. Mean Reward: -46.891. Std of Reward: 3.693. Training.
[INFO] Exported results\L10\Rocket\Rocket-3999794.onnx
[INFO] Rocket. Step: 4020000. Time Elapsed: 3496.286 s. Mean Reward: -45.555. Std of Reward: 5.604. Training.
[INFO] Rocket. Step: 4040000. Time Elapsed: 3517.105 s. Mean Reward: -46.298. Std of Reward: 5.285. Training.
[INFO] Rocket. Step: 4060000. Time Elapsed: 3531.515 s. Mean Reward: -45.196. Std of Reward: 5.239. Training.
[INFO] Rocket. Step: 4080000. Time Elapsed: 3552.252 s. Mean Reward: -45.733. Std of Reward: 5.017. Training.
[INFO] Rocket. Step: 4100000. Time Elapsed: 3566.391 s. Mean Reward: -45.198. Std of Reward: 6.616. Training.
[INFO] Rocket. Step: 4120000. Time Elapsed: 3587.554 s. Mean Reward: -44.537. Std of Reward: 4.951. Training.
[INFO] Rocket. Step: 4140000. Time Elapsed: 3601.900 s. Mean Reward: -45.117. Std of Reward: 6.022. Training.
[INFO] Rocket. Step: 4160000. Time Elapsed: 3622.542 s. Mean Reward: -43.511. Std of Reward: 6.806. Training.
[INFO] Rocket. Step: 4180000. Time Elapsed: 3637.164 s. Mean Reward: -45.741. Std of Reward: 6.172. Training.
[INFO] Rocket. Step: 4200000. Time Elapsed: 3657.898 s. Mean Reward: -43.939. Std of Reward: 8.116. Training.
[INFO] Rocket. Step: 4220000. Time Elapsed: 3672.234 s. Mean Reward: -43.398. Std of Reward: 9.873. Training.
[INFO] Rocket. Step: 4240000. Time Elapsed: 3693.293 s. Mean Reward: -43.438. Std of Reward: 8.446. Training.
[INFO] Rocket. Step: 4260000. Time Elapsed: 3707.152 s. Mean Reward: -43.784. Std of Reward: 8.847. Training.
[INFO] Rocket. Step: 4280000. Time Elapsed: 3728.330 s. Mean Reward: -46.112. Std of Reward: 5.119. Training.
[INFO] Rocket. Step: 4300000. Time Elapsed: 3742.462 s. Mean Reward: -45.087. Std of Reward: 8.847. Training.
[INFO] Rocket. Step: 4320000. Time Elapsed: 3763.738 s. Mean Reward: -42.564. Std of Reward: 9.953. Training.
[INFO] Rocket. Step: 4340000. Time Elapsed: 3777.616 s. Mean Reward: -45.073. Std of Reward: 5.326. Training.
[INFO] Rocket. Step: 4360000. Time Elapsed: 3799.283 s. Mean Reward: -44.306. Std of Reward: 6.201. Training.
[INFO] Rocket. Step: 4380000. Time Elapsed: 3812.589 s. Mean Reward: -44.379. Std of Reward: 5.960. Training.
[INFO] Rocket. Step: 4400000. Time Elapsed: 3826.795 s. Mean Reward: -43.926. Std of Reward: 6.370. Training.
[INFO] Rocket. Step: 4420000. Time Elapsed: 3847.645 s. Mean Reward: -42.555. Std of Reward: 9.842. Training.
[INFO] Rocket. Step: 4440000. Time Elapsed: 3861.977 s. Mean Reward: -45.046. Std of Reward: 5.815. Training.
[INFO] Rocket. Step: 4460000. Time Elapsed: 3882.963 s. Mean Reward: -45.311. Std of Reward: 7.086. Training.
[INFO] Rocket. Step: 4480000. Time Elapsed: 3896.826 s. Mean Reward: -44.945. Std of Reward: 6.701. Training.
[INFO] Rocket. Step: 4500000. Time Elapsed: 3917.452 s. Mean Reward: -44.421. Std of Reward: 6.350. Training.
[INFO] Exported results\L10\Rocket\Rocket-4499792.onnx
[INFO] Rocket. Step: 4520000. Time Elapsed: 3932.286 s. Mean Reward: -45.000. Std of Reward: 6.448. Training.
[INFO] Rocket. Step: 4540000. Time Elapsed: 3952.284 s. Mean Reward: -42.519. Std of Reward: 6.779. Training.
[INFO] Rocket. Step: 4560000. Time Elapsed: 3967.405 s. Mean Reward: -44.272. Std of Reward: 6.207. Training.
[INFO] Rocket. Step: 4580000. Time Elapsed: 3988.214 s. Mean Reward: -44.940. Std of Reward: 5.671. Training.
[INFO] Rocket. Step: 4600000. Time Elapsed: 4002.186 s. Mean Reward: -44.583. Std of Reward: 5.557. Training.
[INFO] Rocket. Step: 4620000. Time Elapsed: 4022.931 s. Mean Reward: -44.611. Std of Reward: 6.160. Training.
[INFO] Rocket. Step: 4640000. Time Elapsed: 4036.939 s. Mean Reward: -43.633. Std of Reward: 6.851. Training.
[INFO] Rocket. Step: 4660000. Time Elapsed: 4057.695 s. Mean Reward: -44.200. Std of Reward: 5.621. Training.
[INFO] Rocket. Step: 4680000. Time Elapsed: 4071.865 s. Mean Reward: -44.355. Std of Reward: 6.137. Training.
[INFO] Rocket. Step: 4700000. Time Elapsed: 4092.607 s. Mean Reward: -43.457. Std of Reward: 9.025. Training.
[INFO] Rocket. Step: 4720000. Time Elapsed: 4106.930 s. Mean Reward: -42.907. Std of Reward: 11.295. Training.
[INFO] Rocket. Step: 4740000. Time Elapsed: 4127.412 s. Mean Reward: -43.319. Std of Reward: 6.352. Training.
[INFO] Rocket. Step: 4760000. Time Elapsed: 4141.981 s. Mean Reward: -43.962. Std of Reward: 6.132. Training.
[INFO] Rocket. Step: 4780000. Time Elapsed: 4163.206 s. Mean Reward: -42.459. Std of Reward: 6.421. Training.
[INFO] Rocket. Step: 4800000. Time Elapsed: 4177.667 s. Mean Reward: -44.000. Std of Reward: 6.065. Training.
[INFO] Rocket. Step: 4820000. Time Elapsed: 4198.490 s. Mean Reward: -44.076. Std of Reward: 5.869. Training.
[INFO] Rocket. Step: 4840000. Time Elapsed: 4212.960 s. Mean Reward: -43.595. Std of Reward: 6.137. Training.
[INFO] Rocket. Step: 4860000. Time Elapsed: 4234.164 s. Mean Reward: -44.386. Std of Reward: 5.942. Training.
[INFO] Rocket. Step: 4880000. Time Elapsed: 4248.321 s. Mean Reward: -43.457. Std of Reward: 8.149. Training.
[INFO] Rocket. Step: 4900000. Time Elapsed: 4268.447 s. Mean Reward: -43.606. Std of Reward: 6.349. Training.
[INFO] Rocket. Step: 4920000. Time Elapsed: 4282.453 s. Mean Reward: -43.825. Std of Reward: 7.465. Training.
[INFO] Rocket. Step: 4940000. Time Elapsed: 4303.313 s. Mean Reward: -44.067. Std of Reward: 6.431. Training.
[INFO] Rocket. Step: 4960000. Time Elapsed: 4318.267 s. Mean Reward: -44.391. Std of Reward: 6.504. Training.
[INFO] Rocket. Step: 4980000. Time Elapsed: 4339.174 s. Mean Reward: -43.120. Std of Reward: 7.025. Training.
[INFO] Rocket. Step: 5000000. Time Elapsed: 4353.212 s. Mean Reward: -43.084. Std of Reward: 5.560. Training.
[INFO] Exported results\L10\Rocket\Rocket-4999945.onnx
[INFO] Rocket. Step: 5020000. Time Elapsed: 4374.283 s. Mean Reward: -43.324. Std of Reward: 7.149. Training.
[INFO] Rocket. Step: 5040000. Time Elapsed: 4388.006 s. Mean Reward: -42.171. Std of Reward: 6.645. Training.
[INFO] Rocket. Step: 5060000. Time Elapsed: 4409.579 s. Mean Reward: -43.012. Std of Reward: 9.467. Training.
[INFO] Rocket. Step: 5080000. Time Elapsed: 4423.453 s. Mean Reward: -44.507. Std of Reward: 6.504. Training.
[INFO] Rocket. Step: 5100000. Time Elapsed: 4445.549 s. Mean Reward: -43.031. Std of Reward: 7.560. Training.
[INFO] Rocket. Step: 5120000. Time Elapsed: 4458.829 s. Mean Reward: -43.728. Std of Reward: 8.014. Training.
[INFO] Rocket. Step: 5140000. Time Elapsed: 4473.108 s. Mean Reward: -42.776. Std of Reward: 6.318. Training.
[INFO] Rocket. Step: 5160000. Time Elapsed: 4494.900 s. Mean Reward: -42.571. Std of Reward: 9.807. Training.
[INFO] Rocket. Step: 5180000. Time Elapsed: 4508.551 s. Mean Reward: -44.173. Std of Reward: 7.701. Training.
[INFO] Rocket. Step: 5200000. Time Elapsed: 4529.517 s. Mean Reward: -43.249. Std of Reward: 6.568. Training.
[INFO] Rocket. Step: 5220000. Time Elapsed: 4543.778 s. Mean Reward: -41.924. Std of Reward: 6.593. Training.
[INFO] Rocket. Step: 5240000. Time Elapsed: 4564.817 s. Mean Reward: -41.842. Std of Reward: 8.854. Training.
[INFO] Rocket. Step: 5260000. Time Elapsed: 4578.928 s. Mean Reward: -44.230. Std of Reward: 7.045. Training.
[INFO] Rocket. Step: 5280000. Time Elapsed: 4599.390 s. Mean Reward: -43.635. Std of Reward: 6.234. Training.
[INFO] Rocket. Step: 5300000. Time Elapsed: 4613.953 s. Mean Reward: -42.460. Std of Reward: 6.738. Training.
[INFO] Rocket. Step: 5320000. Time Elapsed: 4634.549 s. Mean Reward: -42.037. Std of Reward: 6.385. Training.
[INFO] Rocket. Step: 5340000. Time Elapsed: 4649.259 s. Mean Reward: -43.004. Std of Reward: 5.656. Training.
[INFO] Rocket. Step: 5360000. Time Elapsed: 4669.860 s. Mean Reward: -42.936. Std of Reward: 6.341. Training.
[INFO] Rocket. Step: 5380000. Time Elapsed: 4684.780 s. Mean Reward: -42.478. Std of Reward: 7.031. Training.
[INFO] Rocket. Step: 5400000. Time Elapsed: 4704.912 s. Mean Reward: -40.839. Std of Reward: 6.980. Training.
[INFO] Rocket. Step: 5420000. Time Elapsed: 4719.101 s. Mean Reward: -42.810. Std of Reward: 6.864. Training.
[INFO] Rocket. Step: 5440000. Time Elapsed: 4739.615 s. Mean Reward: -42.673. Std of Reward: 6.975. Training.
[INFO] Rocket. Step: 5460000. Time Elapsed: 4754.549 s. Mean Reward: -41.511. Std of Reward: 10.535. Training.
[INFO] Rocket. Step: 5480000. Time Elapsed: 4774.959 s. Mean Reward: -42.018. Std of Reward: 9.641. Training.
[INFO] Rocket. Step: 5500000. Time Elapsed: 4789.887 s. Mean Reward: -41.077. Std of Reward: 6.299. Training.
[INFO] Exported results\L10\Rocket\Rocket-5499804.onnx
[INFO] Rocket. Step: 5520000. Time Elapsed: 4811.466 s. Mean Reward: -43.463. Std of Reward: 6.944. Training.
[INFO] Rocket. Step: 5540000. Time Elapsed: 4825.457 s. Mean Reward: -41.891. Std of Reward: 9.931. Training.
[INFO] Rocket. Step: 5560000. Time Elapsed: 4846.287 s. Mean Reward: -41.524. Std of Reward: 7.693. Training.
[INFO] Rocket. Step: 5580000. Time Elapsed: 4861.033 s. Mean Reward: -41.611. Std of Reward: 5.883. Training.
[INFO] Rocket. Step: 5600000. Time Elapsed: 4881.627 s. Mean Reward: -41.416. Std of Reward: 7.581. Training.
[INFO] Rocket. Step: 5620000. Time Elapsed: 4895.906 s. Mean Reward: -40.604. Std of Reward: 9.531. Training.
[INFO] Rocket. Step: 5640000. Time Elapsed: 4916.532 s. Mean Reward: -41.566. Std of Reward: 6.902. Training.
[INFO] Rocket. Step: 5660000. Time Elapsed: 4931.607 s. Mean Reward: -40.757. Std of Reward: 6.906. Training.
[INFO] Rocket. Step: 5680000. Time Elapsed: 4951.433 s. Mean Reward: -42.051. Std of Reward: 10.915. Training.
[INFO] Rocket. Step: 5700000. Time Elapsed: 4965.761 s. Mean Reward: -40.190. Std of Reward: 7.051. Training.
[INFO] Rocket. Step: 5720000. Time Elapsed: 4986.409 s. Mean Reward: -40.669. Std of Reward: 6.440. Training.
[INFO] Rocket. Step: 5740000. Time Elapsed: 5001.292 s. Mean Reward: -41.356. Std of Reward: 9.671. Training.
[INFO] Rocket. Step: 5760000. Time Elapsed: 5022.879 s. Mean Reward: -39.674. Std of Reward: 12.271. Training.
[INFO] Rocket. Step: 5780000. Time Elapsed: 5036.626 s. Mean Reward: -39.893. Std of Reward: 6.716. Training.
[INFO] Rocket. Step: 5800000. Time Elapsed: 5058.052 s. Mean Reward: -40.429. Std of Reward: 9.274. Training.
[INFO] Rocket. Step: 5820000. Time Elapsed: 5072.264 s. Mean Reward: -40.813. Std of Reward: 7.240. Training.
[INFO] Rocket. Step: 5840000. Time Elapsed: 5094.141 s. Mean Reward: -38.915. Std of Reward: 11.571. Training.
[INFO] Rocket. Step: 5860000. Time Elapsed: 5107.930 s. Mean Reward: -41.829. Std of Reward: 9.546. Training.
[INFO] Rocket. Step: 5880000. Time Elapsed: 5122.472 s. Mean Reward: -43.366. Std of Reward: 7.377. Training.
[INFO] Rocket. Step: 5900000. Time Elapsed: 5142.605 s. Mean Reward: -41.302. Std of Reward: 7.726. Training.
[INFO] Rocket. Step: 5920000. Time Elapsed: 5157.378 s. Mean Reward: -40.444. Std of Reward: 6.120. Training.
[INFO] Rocket. Step: 5940000. Time Elapsed: 5178.040 s. Mean Reward: -41.873. Std of Reward: 8.126. Training.
[INFO] Rocket. Step: 5960000. Time Elapsed: 5193.387 s. Mean Reward: -40.836. Std of Reward: 7.453. Training.
[INFO] Rocket. Step: 5980000. Time Elapsed: 5213.769 s. Mean Reward: -41.151. Std of Reward: 10.394. Training.
[INFO] Rocket. Step: 6000000. Time Elapsed: 5227.899 s. Mean Reward: -41.550. Std of Reward: 8.114. Training.
[INFO] Exported results\L10\Rocket\Rocket-5999789.onnx
[INFO] Rocket. Step: 6020000. Time Elapsed: 5248.378 s. Mean Reward: -42.986. Std of Reward: 8.235. Training.
[INFO] Rocket. Step: 6040000. Time Elapsed: 5263.780 s. Mean Reward: -41.390. Std of Reward: 7.063. Training.
[INFO] Rocket. Step: 6060000. Time Elapsed: 5285.389 s. Mean Reward: -41.299. Std of Reward: 12.181. Training.
[INFO] Rocket. Step: 6080000. Time Elapsed: 5298.606 s. Mean Reward: -40.394. Std of Reward: 10.409. Training.
[INFO] Rocket. Step: 6100000. Time Elapsed: 5319.448 s. Mean Reward: -39.639. Std of Reward: 5.947. Training.
[INFO] Rocket. Step: 6120000. Time Elapsed: 5334.780 s. Mean Reward: -39.510. Std of Reward: 10.003. Training.
[INFO] Rocket. Step: 6140000. Time Elapsed: 5355.089 s. Mean Reward: -39.460. Std of Reward: 10.253. Training.
[INFO] Rocket. Step: 6160000. Time Elapsed: 5369.672 s. Mean Reward: -41.864. Std of Reward: 6.896. Training.
[INFO] Rocket. Step: 6180000. Time Elapsed: 5391.344 s. Mean Reward: -39.951. Std of Reward: 11.878. Training.
[INFO] Rocket. Step: 6200000. Time Elapsed: 5405.948 s. Mean Reward: -39.841. Std of Reward: 6.691. Training.
[INFO] Rocket. Step: 6220000. Time Elapsed: 5426.943 s. Mean Reward: -38.760. Std of Reward: 9.729. Training.
[INFO] Rocket. Step: 6240000. Time Elapsed: 5440.941 s. Mean Reward: -38.410. Std of Reward: 6.628. Training.
[INFO] Rocket. Step: 6260000. Time Elapsed: 5462.516 s. Mean Reward: -39.597. Std of Reward: 6.797. Training.
[INFO] Rocket. Step: 6280000. Time Elapsed: 5476.593 s. Mean Reward: -40.089. Std of Reward: 6.865. Training.
[INFO] Rocket. Step: 6300000. Time Elapsed: 5497.765 s. Mean Reward: -40.560. Std of Reward: 9.741. Training.
[INFO] Rocket. Step: 6320000. Time Elapsed: 5512.379 s. Mean Reward: -38.741. Std of Reward: 12.861. Training.
[INFO] Rocket. Step: 6340000. Time Elapsed: 5532.731 s. Mean Reward: -39.490. Std of Reward: 7.020. Training.
[INFO] Rocket. Step: 6360000. Time Elapsed: 5548.156 s. Mean Reward: -39.773. Std of Reward: 13.016. Training.
[INFO] Rocket. Step: 6380000. Time Elapsed: 5568.501 s. Mean Reward: -38.815. Std of Reward: 10.240. Training.
[INFO] Rocket. Step: 6400000. Time Elapsed: 5583.503 s. Mean Reward: -38.604. Std of Reward: 8.286. Training.
[INFO] Rocket. Step: 6420000. Time Elapsed: 5603.116 s. Mean Reward: -39.786. Std of Reward: 8.647. Training.
[INFO] Rocket. Step: 6440000. Time Elapsed: 5617.702 s. Mean Reward: -38.118. Std of Reward: 6.535. Training.
[INFO] Rocket. Step: 6460000. Time Elapsed: 5639.068 s. Mean Reward: -39.689. Std of Reward: 8.759. Training.
[INFO] Rocket. Step: 6480000. Time Elapsed: 5652.893 s. Mean Reward: -40.501. Std of Reward: 8.607. Training.
[INFO] Rocket. Step: 6500000. Time Elapsed: 5674.487 s. Mean Reward: -38.514. Std of Reward: 9.063. Training.
[INFO] Exported results\L10\Rocket\Rocket-6499845.onnx
[INFO] Rocket. Step: 6520000. Time Elapsed: 5688.612 s. Mean Reward: -38.886. Std of Reward: 8.313. Training.
[INFO] Rocket. Step: 6540000. Time Elapsed: 5711.748 s. Mean Reward: -40.455. Std of Reward: 8.710. Training.
[INFO] Rocket. Step: 6560000. Time Elapsed: 5724.157 s. Mean Reward: -38.952. Std of Reward: 10.851. Training.
[INFO] Rocket. Step: 6580000. Time Elapsed: 5739.174 s. Mean Reward: -41.330. Std of Reward: 8.519. Training.
[INFO] Rocket. Step: 6600000. Time Elapsed: 5759.504 s. Mean Reward: -37.677. Std of Reward: 9.097. Training.
[INFO] Rocket. Step: 6620000. Time Elapsed: 5774.265 s. Mean Reward: -40.891. Std of Reward: 7.283. Training.
[INFO] Rocket. Step: 6640000. Time Elapsed: 5795.962 s. Mean Reward: -36.743. Std of Reward: 11.161. Training.
[INFO] Rocket. Step: 6660000. Time Elapsed: 5810.067 s. Mean Reward: -41.061. Std of Reward: 8.384. Training.
[INFO] Rocket. Step: 6680000. Time Elapsed: 5831.035 s. Mean Reward: -40.341. Std of Reward: 8.156. Training.
[INFO] Rocket. Step: 6700000. Time Elapsed: 5845.224 s. Mean Reward: -40.274. Std of Reward: 10.554. Training.
[INFO] Rocket. Step: 6720000. Time Elapsed: 5865.631 s. Mean Reward: -39.152. Std of Reward: 7.609. Training.
[INFO] Rocket. Step: 6740000. Time Elapsed: 5881.626 s. Mean Reward: -36.485. Std of Reward: 13.371. Training.
[INFO] Rocket. Step: 6760000. Time Elapsed: 5901.373 s. Mean Reward: -38.839. Std of Reward: 7.944. Training.
[INFO] Rocket. Step: 6780000. Time Elapsed: 5916.395 s. Mean Reward: -37.204. Std of Reward: 10.546. Training.
[INFO] Rocket. Step: 6800000. Time Elapsed: 5937.317 s. Mean Reward: -38.239. Std of Reward: 10.067. Training.
[INFO] Rocket. Step: 6820000. Time Elapsed: 5951.806 s. Mean Reward: -36.485. Std of Reward: 9.299. Training.
[INFO] Rocket. Step: 6840000. Time Elapsed: 5973.956 s. Mean Reward: -39.833. Std of Reward: 7.650. Training.
[INFO] Rocket. Step: 6860000. Time Elapsed: 5988.647 s. Mean Reward: -38.482. Std of Reward: 8.865. Training.
[INFO] Rocket. Step: 6880000. Time Elapsed: 6008.875 s. Mean Reward: -38.554. Std of Reward: 14.442. Training.
[INFO] Rocket. Step: 6900000. Time Elapsed: 6023.555 s. Mean Reward: -39.057. Std of Reward: 14.913. Training.
[INFO] Rocket. Step: 6920000. Time Elapsed: 6044.024 s. Mean Reward: -38.220. Std of Reward: 6.572. Training.
[INFO] Rocket. Step: 6940000. Time Elapsed: 6059.002 s. Mean Reward: -34.938. Std of Reward: 11.295. Training.
[INFO] Rocket. Step: 6960000. Time Elapsed: 6080.681 s. Mean Reward: -36.097. Std of Reward: 13.336. Training.
[INFO] Rocket. Step: 6980000. Time Elapsed: 6095.384 s. Mean Reward: -35.949. Std of Reward: 16.080. Training.
[INFO] Rocket. Step: 7000000. Time Elapsed: 6116.243 s. Mean Reward: -37.813. Std of Reward: 7.662. Training.
[INFO] Exported results\L10\Rocket\Rocket-6999921.onnx
[INFO] Rocket. Step: 7020000. Time Elapsed: 6131.060 s. Mean Reward: -37.623. Std of Reward: 8.188. Training.
[INFO] Rocket. Step: 7040000. Time Elapsed: 6152.372 s. Mean Reward: -38.359. Std of Reward: 9.877. Training.
[INFO] Rocket. Step: 7060000. Time Elapsed: 6167.424 s. Mean Reward: -36.742. Std of Reward: 5.827. Training.
[INFO] Rocket. Step: 7080000. Time Elapsed: 6188.489 s. Mean Reward: -36.544. Std of Reward: 6.647. Training.
[INFO] Rocket. Step: 7100000. Time Elapsed: 6202.224 s. Mean Reward: -38.151. Std of Reward: 7.240. Training.
[INFO] Rocket. Step: 7120000. Time Elapsed: 6223.653 s. Mean Reward: -38.243. Std of Reward: 7.762. Training.
[INFO] Rocket. Step: 7140000. Time Elapsed: 6239.067 s. Mean Reward: -35.495. Std of Reward: 13.669. Training.
[INFO] Rocket. Step: 7160000. Time Elapsed: 6260.056 s. Mean Reward: -37.668. Std of Reward: 11.546. Training.
[INFO] Rocket. Step: 7180000. Time Elapsed: 6273.966 s. Mean Reward: -37.813. Std of Reward: 9.737. Training.
[INFO] Rocket. Step: 7200000. Time Elapsed: 6296.593 s. Mean Reward: -38.949. Std of Reward: 13.247. Training.
[INFO] Rocket. Step: 7220000. Time Elapsed: 6310.267 s. Mean Reward: -35.685. Std of Reward: 9.850. Training.
[INFO] Rocket. Step: 7240000. Time Elapsed: 6325.266 s. Mean Reward: -37.401. Std of Reward: 7.075. Training.
[INFO] Rocket. Step: 7260000. Time Elapsed: 6345.658 s. Mean Reward: -37.421. Std of Reward: 8.251. Training.
[INFO] Rocket. Step: 7280000. Time Elapsed: 6360.493 s. Mean Reward: -36.319. Std of Reward: 9.845. Training.
[INFO] Rocket. Step: 7300000. Time Elapsed: 6381.030 s. Mean Reward: -37.781. Std of Reward: 7.631. Training.
[INFO] Rocket. Step: 7320000. Time Elapsed: 6396.368 s. Mean Reward: -38.487. Std of Reward: 8.071. Training.
[INFO] Rocket. Step: 7340000. Time Elapsed: 6418.035 s. Mean Reward: -37.795. Std of Reward: 12.803. Training.
[INFO] Rocket. Step: 7360000. Time Elapsed: 6432.811 s. Mean Reward: -38.188. Std of Reward: 11.976. Training.
[INFO] Rocket. Step: 7380000. Time Elapsed: 6453.724 s. Mean Reward: -34.944. Std of Reward: 12.734. Training.
[INFO] Rocket. Step: 7400000. Time Elapsed: 6468.558 s. Mean Reward: -34.775. Std of Reward: 12.803. Training.
[INFO] Rocket. Step: 7420000. Time Elapsed: 6489.793 s. Mean Reward: -35.222. Std of Reward: 12.678. Training.
[INFO] Rocket. Step: 7440000. Time Elapsed: 6504.338 s. Mean Reward: -35.837. Std of Reward: 12.093. Training.
[INFO] Rocket. Step: 7460000. Time Elapsed: 6525.257 s. Mean Reward: -37.360. Std of Reward: 13.967. Training.
[INFO] Rocket. Step: 7480000. Time Elapsed: 6541.069 s. Mean Reward: -34.174. Std of Reward: 13.062. Training.
[INFO] Rocket. Step: 7500000. Time Elapsed: 6563.977 s. Mean Reward: -37.694. Std of Reward: 11.147. Training.
[INFO] Exported results\L10\Rocket\Rocket-7499652.onnx
[INFO] Rocket. Step: 7520000. Time Elapsed: 6579.580 s. Mean Reward: -34.942. Std of Reward: 16.707. Training.
[INFO] Rocket. Step: 7540000. Time Elapsed: 6603.627 s. Mean Reward: -36.086. Std of Reward: 8.895. Training.
[INFO] Rocket. Step: 7560000. Time Elapsed: 6619.288 s. Mean Reward: -35.881. Std of Reward: 13.959. Training.
[INFO] Rocket. Step: 7580000. Time Elapsed: 6641.384 s. Mean Reward: -37.486. Std of Reward: 11.705. Training.
[INFO] Rocket. Step: 7600000. Time Elapsed: 6657.059 s. Mean Reward: -38.225. Std of Reward: 8.831. Training.
[INFO] Rocket. Step: 7620000. Time Elapsed: 6677.464 s. Mean Reward: -34.768. Std of Reward: 12.758. Training.
[INFO] Rocket. Step: 7640000. Time Elapsed: 6691.766 s. Mean Reward: -37.774. Std of Reward: 11.147. Training.
[INFO] Rocket. Step: 7660000. Time Elapsed: 6713.330 s. Mean Reward: -37.098. Std of Reward: 10.036. Training.
[INFO] Rocket. Step: 7680000. Time Elapsed: 6728.017 s. Mean Reward: -35.439. Std of Reward: 9.362. Training.
[INFO] Rocket. Step: 7700000. Time Elapsed: 6748.669 s. Mean Reward: -35.084. Std of Reward: 12.408. Training.
[INFO] Rocket. Step: 7720000. Time Elapsed: 6762.720 s. Mean Reward: -36.553. Std of Reward: 13.779. Training.
[INFO] Rocket. Step: 7740000. Time Elapsed: 6783.887 s. Mean Reward: -34.277. Std of Reward: 11.664. Training.
[INFO] Rocket. Step: 7760000. Time Elapsed: 6798.876 s. Mean Reward: -35.757. Std of Reward: 9.265. Training.
[INFO] Rocket. Step: 7780000. Time Elapsed: 6819.026 s. Mean Reward: -34.968. Std of Reward: 13.574. Training.
[INFO] Rocket. Step: 7800000. Time Elapsed: 6834.812 s. Mean Reward: -38.437. Std of Reward: 11.527. Training.
[INFO] Rocket. Step: 7820000. Time Elapsed: 6856.090 s. Mean Reward: -37.922. Std of Reward: 14.198. Training.
[INFO] Rocket. Step: 7840000. Time Elapsed: 6869.854 s. Mean Reward: -36.583. Std of Reward: 10.218. Training.
[INFO] Rocket. Step: 7860000. Time Elapsed: 6892.007 s. Mean Reward: -35.081. Std of Reward: 12.360. Training.
[INFO] Rocket. Step: 7880000. Time Elapsed: 6906.050 s. Mean Reward: -37.958. Std of Reward: 10.917. Training.
[INFO] Rocket. Step: 7900000. Time Elapsed: 6928.736 s. Mean Reward: -32.689. Std of Reward: 12.465. Training.
[INFO] Rocket. Step: 7920000. Time Elapsed: 6942.692 s. Mean Reward: -36.434. Std of Reward: 10.701. Training.
[INFO] Rocket. Step: 7940000. Time Elapsed: 6956.918 s. Mean Reward: -34.998. Std of Reward: 11.186. Training.
[INFO] Rocket. Step: 7960000. Time Elapsed: 6978.202 s. Mean Reward: -35.540. Std of Reward: 6.308. Training.
[INFO] Rocket. Step: 7980000. Time Elapsed: 6992.533 s. Mean Reward: -32.267. Std of Reward: 14.465. Training.
[INFO] Rocket. Step: 8000000. Time Elapsed: 7014.409 s. Mean Reward: -35.050. Std of Reward: 12.958. Training.
[INFO] Exported results\L10\Rocket\Rocket-7999951.onnx
[INFO] Rocket. Step: 8020000. Time Elapsed: 7029.043 s. Mean Reward: -37.909. Std of Reward: 11.290. Training.
[INFO] Rocket. Step: 8040000. Time Elapsed: 7051.750 s. Mean Reward: -33.210. Std of Reward: 17.371. Training.
[INFO] Rocket. Step: 8060000. Time Elapsed: 7065.658 s. Mean Reward: -34.609. Std of Reward: 14.406. Training.
[INFO] Rocket. Step: 8080000. Time Elapsed: 7086.632 s. Mean Reward: -35.069. Std of Reward: 9.134. Training.
[INFO] Rocket. Step: 8100000. Time Elapsed: 7102.231 s. Mean Reward: -35.125. Std of Reward: 9.029. Training.
[INFO] Rocket. Step: 8120000. Time Elapsed: 7122.837 s. Mean Reward: -35.598. Std of Reward: 10.757. Training.
[INFO] Rocket. Step: 8140000. Time Elapsed: 7137.933 s. Mean Reward: -34.525. Std of Reward: 13.788. Training.
[INFO] Rocket. Step: 8160000. Time Elapsed: 7158.457 s. Mean Reward: -36.225. Std of Reward: 10.199. Training.
[INFO] Rocket. Step: 8180000. Time Elapsed: 7173.348 s. Mean Reward: -35.520. Std of Reward: 9.633. Training.
[INFO] Rocket. Step: 8200000. Time Elapsed: 7194.614 s. Mean Reward: -34.029. Std of Reward: 11.574. Training.
[INFO] Rocket. Step: 8220000. Time Elapsed: 7210.291 s. Mean Reward: -32.364. Std of Reward: 17.311. Training.
[INFO] Rocket. Step: 8240000. Time Elapsed: 7230.354 s. Mean Reward: -32.386. Std of Reward: 19.120. Training.
[INFO] Rocket. Step: 8260000. Time Elapsed: 7246.971 s. Mean Reward: -35.360. Std of Reward: 12.006. Training.
[INFO] Rocket. Step: 8280000. Time Elapsed: 7268.115 s. Mean Reward: -36.709. Std of Reward: 12.354. Training.
[INFO] Rocket. Step: 8300000. Time Elapsed: 7282.881 s. Mean Reward: -32.817. Std of Reward: 14.566. Training.
[INFO] Rocket. Step: 8320000. Time Elapsed: 7303.955 s. Mean Reward: -34.910. Std of Reward: 9.302. Training.
[INFO] Rocket. Step: 8340000. Time Elapsed: 7319.733 s. Mean Reward: -36.124. Std of Reward: 14.318. Training.
[INFO] Rocket. Step: 8360000. Time Elapsed: 7340.457 s. Mean Reward: -34.735. Std of Reward: 12.271. Training.
[INFO] Rocket. Step: 8380000. Time Elapsed: 7356.503 s. Mean Reward: -36.189. Std of Reward: 10.563. Training.
[INFO] Rocket. Step: 8400000. Time Elapsed: 7377.034 s. Mean Reward: -35.231. Std of Reward: 11.722. Training.
[INFO] Rocket. Step: 8420000. Time Elapsed: 7392.217 s. Mean Reward: -36.109. Std of Reward: 8.605. Training.
[INFO] Rocket. Step: 8440000. Time Elapsed: 7413.045 s. Mean Reward: -33.904. Std of Reward: 16.122. Training.
[INFO] Rocket. Step: 8460000. Time Elapsed: 7428.020 s. Mean Reward: -35.888. Std of Reward: 11.447. Training.
[INFO] Rocket. Step: 8480000. Time Elapsed: 7450.505 s. Mean Reward: -34.201. Std of Reward: 14.852. Training.
[INFO] Rocket. Step: 8500000. Time Elapsed: 7465.572 s. Mean Reward: -35.359. Std of Reward: 13.775. Training.
[INFO] Exported results\L10\Rocket\Rocket-8499299.onnx
[INFO] Rocket. Step: 8520000. Time Elapsed: 7486.141 s. Mean Reward: -35.433. Std of Reward: 12.839. Training.
[INFO] Rocket. Step: 8540000. Time Elapsed: 7501.477 s. Mean Reward: -34.662. Std of Reward: 10.398. Training.
[INFO] Rocket. Step: 8560000. Time Elapsed: 7522.971 s. Mean Reward: -39.219. Std of Reward: 12.572. Training.
[INFO] Rocket. Step: 8580000. Time Elapsed: 7538.205 s. Mean Reward: -33.328. Std of Reward: 14.787. Training.
[INFO] Rocket. Step: 8600000. Time Elapsed: 7560.356 s. Mean Reward: -35.564. Std of Reward: 16.448. Training.
[INFO] Rocket. Step: 8620000. Time Elapsed: 7574.630 s. Mean Reward: -34.779. Std of Reward: 13.595. Training.
[INFO] Rocket. Step: 8640000. Time Elapsed: 7590.110 s. Mean Reward: -34.780. Std of Reward: 12.731. Training.
[INFO] Rocket. Step: 8660000. Time Elapsed: 7610.668 s. Mean Reward: -35.884. Std of Reward: 11.179. Training.
[INFO] Rocket. Step: 8680000. Time Elapsed: 7625.063 s. Mean Reward: -33.026. Std of Reward: 17.009. Training.
[INFO] Rocket. Step: 8700000. Time Elapsed: 7646.778 s. Mean Reward: -37.284. Std of Reward: 11.678. Training.
[INFO] Rocket. Step: 8720000. Time Elapsed: 7661.891 s. Mean Reward: -35.043. Std of Reward: 13.595. Training.
[INFO] Rocket. Step: 8740000. Time Elapsed: 7683.546 s. Mean Reward: -35.539. Std of Reward: 8.004. Training.
[INFO] Rocket. Step: 8760000. Time Elapsed: 7697.914 s. Mean Reward: -30.531. Std of Reward: 19.043. Training.
[INFO] Rocket. Step: 8780000. Time Elapsed: 7720.082 s. Mean Reward: -34.216. Std of Reward: 11.777. Training.
[INFO] Rocket. Step: 8800000. Time Elapsed: 7734.630 s. Mean Reward: -35.959. Std of Reward: 7.459. Training.
[INFO] Rocket. Step: 8820000. Time Elapsed: 7756.755 s. Mean Reward: -36.930. Std of Reward: 13.544. Training.
[INFO] Rocket. Step: 8840000. Time Elapsed: 7771.363 s. Mean Reward: -33.423. Std of Reward: 16.916. Training.
[INFO] Rocket. Step: 8860000. Time Elapsed: 7790.753 s. Mean Reward: -33.215. Std of Reward: 11.505. Training.
[INFO] Rocket. Step: 8880000. Time Elapsed: 7807.580 s. Mean Reward: -30.446. Std of Reward: 18.335. Training.
[INFO] Rocket. Step: 8900000. Time Elapsed: 7829.445 s. Mean Reward: -36.513. Std of Reward: 13.117. Training.
[INFO] Rocket. Step: 8920000. Time Elapsed: 7845.997 s. Mean Reward: -31.319. Std of Reward: 14.553. Training.
[INFO] Rocket. Step: 8940000. Time Elapsed: 7866.043 s. Mean Reward: -35.017. Std of Reward: 17.670. Training.
[INFO] Rocket. Step: 8960000. Time Elapsed: 7881.921 s. Mean Reward: -32.716. Std of Reward: 13.543. Training.
[INFO] Rocket. Step: 8980000. Time Elapsed: 7902.118 s. Mean Reward: -33.349. Std of Reward: 12.035. Training.
[INFO] Rocket. Step: 9000000. Time Elapsed: 7916.966 s. Mean Reward: -36.207. Std of Reward: 18.021. Training.
[INFO] Exported results\L10\Rocket\Rocket-8999723.onnx
[INFO] Rocket. Step: 9020000. Time Elapsed: 7939.090 s. Mean Reward: -32.781. Std of Reward: 15.207. Training.
[INFO] Rocket. Step: 9040000. Time Elapsed: 7954.131 s. Mean Reward: -34.943. Std of Reward: 11.018. Training.
[INFO] Rocket. Step: 9060000. Time Elapsed: 7975.552 s. Mean Reward: -32.561. Std of Reward: 16.296. Training.
[INFO] Rocket. Step: 9080000. Time Elapsed: 7991.327 s. Mean Reward: -33.742. Std of Reward: 17.132. Training.
[INFO] Rocket. Step: 9100000. Time Elapsed: 8012.007 s. Mean Reward: -34.136. Std of Reward: 14.560. Training.
[INFO] Rocket. Step: 9120000. Time Elapsed: 8028.035 s. Mean Reward: -32.733. Std of Reward: 15.736. Training.
[INFO] Rocket. Step: 9140000. Time Elapsed: 8049.977 s. Mean Reward: -36.352. Std of Reward: 13.560. Training.
[INFO] Rocket. Step: 9160000. Time Elapsed: 8064.288 s. Mean Reward: -36.620. Std of Reward: 11.971. Training.
[INFO] Rocket. Step: 9180000. Time Elapsed: 8085.625 s. Mean Reward: -32.264. Std of Reward: 20.526. Training.
[INFO] Rocket. Step: 9200000. Time Elapsed: 8100.383 s. Mean Reward: -34.120. Std of Reward: 11.276. Training.
[INFO] Rocket. Step: 9220000. Time Elapsed: 8122.738 s. Mean Reward: -33.501. Std of Reward: 13.766. Training.
[INFO] Rocket. Step: 9240000. Time Elapsed: 8137.714 s. Mean Reward: -31.896. Std of Reward: 19.851. Training.
[INFO] Rocket. Step: 9260000. Time Elapsed: 8160.201 s. Mean Reward: -36.587. Std of Reward: 15.623. Training.
[INFO] Rocket. Step: 9280000. Time Elapsed: 8174.373 s. Mean Reward: -36.604. Std of Reward: 7.980. Training.
[INFO] Rocket. Step: 9300000. Time Elapsed: 8189.855 s. Mean Reward: -35.316. Std of Reward: 16.624. Training.
[INFO] Rocket. Step: 9320000. Time Elapsed: 8212.227 s. Mean Reward: -31.280. Std of Reward: 17.998. Training.
[INFO] Rocket. Step: 9340000. Time Elapsed: 8226.720 s. Mean Reward: -35.349. Std of Reward: 15.939. Training.
[INFO] Rocket. Step: 9360000. Time Elapsed: 8247.337 s. Mean Reward: -30.707. Std of Reward: 17.028. Training.
[INFO] Rocket. Step: 9380000. Time Elapsed: 8262.875 s. Mean Reward: -35.318. Std of Reward: 10.385. Training.
[INFO] Rocket. Step: 9400000. Time Elapsed: 8284.363 s. Mean Reward: -31.388. Std of Reward: 14.935. Training.
[INFO] Rocket. Step: 9420000. Time Elapsed: 8298.775 s. Mean Reward: -34.045. Std of Reward: 15.344. Training.
[INFO] Rocket. Step: 9440000. Time Elapsed: 8320.228 s. Mean Reward: -38.335. Std of Reward: 11.633. Training.
[INFO] Rocket. Step: 9460000. Time Elapsed: 8336.235 s. Mean Reward: -34.589. Std of Reward: 12.666. Training.
[INFO] Rocket. Step: 9480000. Time Elapsed: 8356.982 s. Mean Reward: -33.869. Std of Reward: 18.259. Training.
[INFO] Rocket. Step: 9500000. Time Elapsed: 8372.234 s. Mean Reward: -32.487. Std of Reward: 13.168. Training.
[INFO] Exported results\L10\Rocket\Rocket-9499946.onnx
[INFO] Rocket. Step: 9520000. Time Elapsed: 8394.015 s. Mean Reward: -35.296. Std of Reward: 11.989. Training.
[INFO] Rocket. Step: 9540000. Time Elapsed: 8408.265 s. Mean Reward: -30.896. Std of Reward: 14.331. Training.
[INFO] Rocket. Step: 9560000. Time Elapsed: 8430.086 s. Mean Reward: -32.112. Std of Reward: 15.548. Training.
[INFO] Rocket. Step: 9580000. Time Elapsed: 8446.057 s. Mean Reward: -35.516. Std of Reward: 13.021. Training.
[INFO] Rocket. Step: 9600000. Time Elapsed: 8466.934 s. Mean Reward: -31.744. Std of Reward: 16.090. Training.
[INFO] Rocket. Step: 9620000. Time Elapsed: 8482.889 s. Mean Reward: -35.859. Std of Reward: 12.260. Training.
[INFO] Rocket. Step: 9640000. Time Elapsed: 8503.046 s. Mean Reward: -36.480. Std of Reward: 13.967. Training.
[INFO] Rocket. Step: 9660000. Time Elapsed: 8519.336 s. Mean Reward: -30.626. Std of Reward: 13.732. Training.
[INFO] Rocket. Step: 9680000. Time Elapsed: 8541.110 s. Mean Reward: -34.399. Std of Reward: 17.778. Training.
[INFO] Rocket. Step: 9700000. Time Elapsed: 8555.383 s. Mean Reward: -34.910. Std of Reward: 14.164. Training.
[INFO] Rocket. Step: 9720000. Time Elapsed: 8576.465 s. Mean Reward: -31.257. Std of Reward: 15.823. Training.
[INFO] Rocket. Step: 9740000. Time Elapsed: 8592.035 s. Mean Reward: -34.399. Std of Reward: 14.590. Training.
[INFO] Rocket. Step: 9760000. Time Elapsed: 8613.190 s. Mean Reward: -33.555. Std of Reward: 16.467. Training.
[INFO] Rocket. Step: 9780000. Time Elapsed: 8629.683 s. Mean Reward: -30.904. Std of Reward: 14.895. Training.
[INFO] Rocket. Step: 9800000. Time Elapsed: 8649.976 s. Mean Reward: -30.648. Std of Reward: 14.625. Training.
[INFO] Rocket. Step: 9820000. Time Elapsed: 8666.567 s. Mean Reward: -30.532. Std of Reward: 14.443. Training.
[INFO] Rocket. Step: 9840000. Time Elapsed: 8687.191 s. Mean Reward: -31.187. Std of Reward: 17.634. Training.
[INFO] Rocket. Step: 9860000. Time Elapsed: 8702.637 s. Mean Reward: -31.091. Std of Reward: 19.936. Training.
[INFO] Rocket. Step: 9880000. Time Elapsed: 8724.230 s. Mean Reward: -32.593. Std of Reward: 18.858. Training.
[INFO] Rocket. Step: 9900000. Time Elapsed: 8739.966 s. Mean Reward: -33.174. Std of Reward: 14.054. Training.
[INFO] Rocket. Step: 9920000. Time Elapsed: 8761.126 s. Mean Reward: -31.963. Std of Reward: 17.281. Training.
[INFO] Rocket. Step: 9940000. Time Elapsed: 8775.622 s. Mean Reward: -31.219. Std of Reward: 14.954. Training.
[INFO] Rocket. Step: 9960000. Time Elapsed: 8798.561 s. Mean Reward: -32.757. Std of Reward: 12.896. Training.
[INFO] Rocket. Step: 9980000. Time Elapsed: 8813.401 s. Mean Reward: -33.449. Std of Reward: 14.293. Training.
[INFO] Rocket. Step: 10000000. Time Elapsed: 8828.326 s. Mean Reward: -36.635. Std of Reward: 11.426. Training.
[INFO] Exported results\L10\Rocket\Rocket-9999728.onnx
[INFO] Rocket. Step: 10020000. Time Elapsed: 8849.311 s. Mean Reward: -32.979. Std of Reward: 14.831. Training.
[INFO] Rocket. Step: 10040000. Time Elapsed: 8864.627 s. Mean Reward: -31.929. Std of Reward: 16.015. Training.
[INFO] Rocket. Step: 10060000. Time Elapsed: 8886.244 s. Mean Reward: -32.407. Std of Reward: 16.074. Training.
[INFO] Rocket. Step: 10080000. Time Elapsed: 8901.204 s. Mean Reward: -32.813. Std of Reward: 14.848. Training.
[INFO] Rocket. Step: 10100000. Time Elapsed: 8922.740 s. Mean Reward: -32.296. Std of Reward: 17.493. Training.
[INFO] Rocket. Step: 10120000. Time Elapsed: 8938.593 s. Mean Reward: -31.494. Std of Reward: 12.924. Training.
[INFO] Rocket. Step: 10140000. Time Elapsed: 8960.101 s. Mean Reward: -31.208. Std of Reward: 21.308. Training.
[INFO] Rocket. Step: 10160000. Time Elapsed: 8974.983 s. Mean Reward: -34.267. Std of Reward: 13.205. Training.
[INFO] Rocket. Step: 10180000. Time Elapsed: 8996.486 s. Mean Reward: -29.974. Std of Reward: 17.482. Training.
[INFO] Rocket. Step: 10200000. Time Elapsed: 9011.408 s. Mean Reward: -26.394. Std of Reward: 19.989. Training.
[INFO] Rocket. Step: 10220000. Time Elapsed: 9033.049 s. Mean Reward: -34.092. Std of Reward: 13.139. Training.
[INFO] Rocket. Step: 10240000. Time Elapsed: 9048.079 s. Mean Reward: -32.681. Std of Reward: 19.303. Training.
[INFO] Rocket. Step: 10260000. Time Elapsed: 9069.964 s. Mean Reward: -28.354. Std of Reward: 17.083. Training.
[INFO] Rocket. Step: 10280000. Time Elapsed: 9084.184 s. Mean Reward: -32.491. Std of Reward: 17.017. Training.
[INFO] Rocket. Step: 10300000. Time Elapsed: 9106.016 s. Mean Reward: -31.018. Std of Reward: 13.123. Training.
[INFO] Rocket. Step: 10320000. Time Elapsed: 9121.664 s. Mean Reward: -26.432. Std of Reward: 20.149. Training.
[INFO] Rocket. Step: 10340000. Time Elapsed: 9142.990 s. Mean Reward: -29.933. Std of Reward: 20.292. Training.
[INFO] Rocket. Step: 10360000. Time Elapsed: 9158.874 s. Mean Reward: -28.900. Std of Reward: 20.597. Training.
[INFO] Rocket. Step: 10380000. Time Elapsed: 9180.400 s. Mean Reward: -30.677. Std of Reward: 18.196. Training.
[INFO] Rocket. Step: 10400000. Time Elapsed: 9195.439 s. Mean Reward: -29.780. Std of Reward: 21.917. Training.
[INFO] Rocket. Step: 10420000. Time Elapsed: 9216.543 s. Mean Reward: -29.585. Std of Reward: 18.215. Training.
[INFO] Rocket. Step: 10440000. Time Elapsed: 9232.032 s. Mean Reward: -33.849. Std of Reward: 10.743. Training.
[INFO] Rocket. Step: 10460000. Time Elapsed: 9253.692 s. Mean Reward: -30.254. Std of Reward: 17.142. Training.
[INFO] Rocket. Step: 10480000. Time Elapsed: 9267.730 s. Mean Reward: -32.674. Std of Reward: 16.574. Training.
[INFO] Rocket. Step: 10500000. Time Elapsed: 9290.206 s. Mean Reward: -28.441. Std of Reward: 17.873. Training.
[INFO] Exported results\L10\Rocket\Rocket-10499564.onnx
[INFO] Rocket. Step: 10520000. Time Elapsed: 9305.172 s. Mean Reward: -34.462. Std of Reward: 18.061. Training.
[INFO] Rocket. Step: 10540000. Time Elapsed: 9327.573 s. Mean Reward: -37.804. Std of Reward: 16.065. Training.
[INFO] Rocket. Step: 10560000. Time Elapsed: 9342.934 s. Mean Reward: -30.129. Std of Reward: 17.814. Training.
[INFO] Rocket. Step: 10580000. Time Elapsed: 9365.226 s. Mean Reward: -29.429. Std of Reward: 21.321. Training.
[INFO] Rocket. Step: 10600000. Time Elapsed: 9380.271 s. Mean Reward: -30.061. Std of Reward: 19.209. Training.
[INFO] Rocket. Step: 10620000. Time Elapsed: 9401.060 s. Mean Reward: -20.941. Std of Reward: 23.278. Training.
[INFO] Rocket. Step: 10640000. Time Elapsed: 9416.152 s. Mean Reward: -31.413. Std of Reward: 17.828. Training.
[INFO] Rocket. Step: 10660000. Time Elapsed: 9438.775 s. Mean Reward: -33.068. Std of Reward: 16.279. Training.
[INFO] Rocket. Step: 10680000. Time Elapsed: 9453.714 s. Mean Reward: -23.538. Std of Reward: 19.085. Training.
[INFO] Rocket. Step: 10700000. Time Elapsed: 9468.175 s. Mean Reward: -30.700. Std of Reward: 18.869. Training.
[INFO] Rocket. Step: 10720000. Time Elapsed: 9489.239 s. Mean Reward: -27.618. Std of Reward: 20.461. Training.
[INFO] Rocket. Step: 10740000. Time Elapsed: 9505.376 s. Mean Reward: -30.143. Std of Reward: 16.864. Training.
[INFO] Rocket. Step: 10760000. Time Elapsed: 9525.456 s. Mean Reward: -35.971. Std of Reward: 17.838. Training.
[INFO] Rocket. Step: 10780000. Time Elapsed: 9539.812 s. Mean Reward: -31.765. Std of Reward: 13.324. Training.
[INFO] Rocket. Step: 10800000. Time Elapsed: 9561.271 s. Mean Reward: -28.437. Std of Reward: 17.150. Training.
[INFO] Rocket. Step: 10820000. Time Elapsed: 9577.813 s. Mean Reward: -29.959. Std of Reward: 15.118. Training.
[INFO] Rocket. Step: 10840000. Time Elapsed: 9599.834 s. Mean Reward: -29.091. Std of Reward: 21.314. Training.
[INFO] Rocket. Step: 10860000. Time Elapsed: 9614.472 s. Mean Reward: -28.628. Std of Reward: 19.485. Training.
[INFO] Rocket. Step: 10880000. Time Elapsed: 9636.908 s. Mean Reward: -27.195. Std of Reward: 20.043. Training.
[INFO] Rocket. Step: 10900000. Time Elapsed: 9651.090 s. Mean Reward: -32.991. Std of Reward: 14.944. Training.
[INFO] Rocket. Step: 10920000. Time Elapsed: 9672.203 s. Mean Reward: -31.348. Std of Reward: 19.069. Training.
[INFO] Rocket. Step: 10940000. Time Elapsed: 9687.270 s. Mean Reward: -24.195. Std of Reward: 23.302. Training.
[INFO] Rocket. Step: 10960000. Time Elapsed: 9709.729 s. Mean Reward: -30.459. Std of Reward: 21.073. Training.
[INFO] Rocket. Step: 10980000. Time Elapsed: 9724.902 s. Mean Reward: -31.317. Std of Reward: 15.637. Training.
[INFO] Rocket. Step: 11000000. Time Elapsed: 9746.566 s. Mean Reward: -28.394. Std of Reward: 19.913. Training.
[INFO] Exported results\L10\Rocket\Rocket-10999781.onnx
[INFO] Rocket. Step: 11020000. Time Elapsed: 9762.887 s. Mean Reward: -29.904. Std of Reward: 23.067. Training.
[INFO] Rocket. Step: 11040000. Time Elapsed: 9783.232 s. Mean Reward: -30.471. Std of Reward: 21.743. Training.
[INFO] Rocket. Step: 11060000. Time Elapsed: 9798.505 s. Mean Reward: -24.797. Std of Reward: 21.325. Training.
[INFO] Rocket. Step: 11080000. Time Elapsed: 9820.856 s. Mean Reward: -30.015. Std of Reward: 16.834. Training.
[INFO] Rocket. Step: 11100000. Time Elapsed: 9836.239 s. Mean Reward: -29.992. Std of Reward: 22.755. Training.
[INFO] Rocket. Step: 11120000. Time Elapsed: 9857.831 s. Mean Reward: -26.995. Std of Reward: 17.694. Training.
[INFO] Rocket. Step: 11140000. Time Elapsed: 9872.799 s. Mean Reward: -26.928. Std of Reward: 22.417. Training.
[INFO] Rocket. Step: 11160000. Time Elapsed: 9895.018 s. Mean Reward: -24.089. Std of Reward: 21.090. Training.
[INFO] Rocket. Step: 11180000. Time Elapsed: 9909.702 s. Mean Reward: -30.573. Std of Reward: 18.792. Training.
[INFO] Rocket. Step: 11200000. Time Elapsed: 9930.749 s. Mean Reward: -23.784. Std of Reward: 17.609. Training.
[INFO] Rocket. Step: 11220000. Time Elapsed: 9945.270 s. Mean Reward: -28.840. Std of Reward: 18.724. Training.
[INFO] Rocket. Step: 11240000. Time Elapsed: 9967.571 s. Mean Reward: -30.638. Std of Reward: 17.090. Training.
[INFO] Rocket. Step: 11260000. Time Elapsed: 9983.265 s. Mean Reward: -25.130. Std of Reward: 20.795. Training.
[INFO] Rocket. Step: 11280000. Time Elapsed: 10004.707 s. Mean Reward: -22.923. Std of Reward: 18.928. Training.
[INFO] Rocket. Step: 11300000. Time Elapsed: 10020.602 s. Mean Reward: -21.081. Std of Reward: 25.063. Training.
[INFO] Rocket. Step: 11320000. Time Elapsed: 10041.983 s. Mean Reward: -25.436. Std of Reward: 21.419. Training.
[INFO] Rocket. Step: 11340000. Time Elapsed: 10055.417 s. Mean Reward: -26.190. Std of Reward: 20.036. Training.
[INFO] Rocket. Step: 11360000. Time Elapsed: 10071.020 s. Mean Reward: -25.389. Std of Reward: 17.297. Training.
[INFO] Rocket. Step: 11380000. Time Elapsed: 10093.152 s. Mean Reward: -26.373. Std of Reward: 22.473. Training.
[INFO] Rocket. Step: 11400000. Time Elapsed: 10108.060 s. Mean Reward: -25.251. Std of Reward: 22.454. Training.
[INFO] Rocket. Step: 11420000. Time Elapsed: 10129.926 s. Mean Reward: -25.414. Std of Reward: 21.458. Training.
[INFO] Rocket. Step: 11440000. Time Elapsed: 10145.630 s. Mean Reward: -27.064. Std of Reward: 21.658. Training.
[INFO] Rocket. Step: 11460000. Time Elapsed: 10166.375 s. Mean Reward: -28.446. Std of Reward: 17.397. Training.
[INFO] Rocket. Step: 11480000. Time Elapsed: 10181.609 s. Mean Reward: -27.826. Std of Reward: 20.694. Training.
[INFO] Rocket. Step: 11500000. Time Elapsed: 10204.276 s. Mean Reward: -26.691. Std of Reward: 21.431. Training.
[INFO] Exported results\L10\Rocket\Rocket-11499993.onnx
[INFO] Rocket. Step: 11520000. Time Elapsed: 10218.705 s. Mean Reward: -28.610. Std of Reward: 24.055. Training.
[INFO] Rocket. Step: 11540000. Time Elapsed: 10240.762 s. Mean Reward: -28.654. Std of Reward: 22.590. Training.
[INFO] Rocket. Step: 11560000. Time Elapsed: 10254.395 s. Mean Reward: -28.930. Std of Reward: 21.353. Training.
[INFO] Rocket. Step: 11580000. Time Elapsed: 10276.644 s. Mean Reward: -27.155. Std of Reward: 20.202. Training.
[INFO] Rocket. Step: 11600000. Time Elapsed: 10292.500 s. Mean Reward: -23.680. Std of Reward: 22.561. Training.
[INFO] Rocket. Step: 11620000. Time Elapsed: 10312.976 s. Mean Reward: -23.566. Std of Reward: 22.554. Training.
[INFO] Rocket. Step: 11640000. Time Elapsed: 10330.748 s. Mean Reward: -27.744. Std of Reward: 22.740. Training.
[INFO] Rocket. Step: 11660000. Time Elapsed: 10350.534 s. Mean Reward: -27.202. Std of Reward: 19.942. Training.
[INFO] Rocket. Step: 11680000. Time Elapsed: 10366.321 s. Mean Reward: -28.688. Std of Reward: 20.372. Training.
[INFO] Rocket. Step: 11700000. Time Elapsed: 10387.072 s. Mean Reward: -23.646. Std of Reward: 22.454. Training.
[INFO] Rocket. Step: 11720000. Time Elapsed: 10402.466 s. Mean Reward: -24.003. Std of Reward: 19.678. Training.
[INFO] Rocket. Step: 11740000. Time Elapsed: 10423.476 s. Mean Reward: -25.221. Std of Reward: 22.118. Training.
[INFO] Rocket. Step: 11760000. Time Elapsed: 10439.884 s. Mean Reward: -26.055. Std of Reward: 17.557. Training.
[INFO] Rocket. Step: 11780000. Time Elapsed: 10461.010 s. Mean Reward: -30.823. Std of Reward: 16.394. Training.
[INFO] Rocket. Step: 11800000. Time Elapsed: 10477.580 s. Mean Reward: -22.345. Std of Reward: 22.604. Training.
[INFO] Rocket. Step: 11820000. Time Elapsed: 10498.453 s. Mean Reward: -29.266. Std of Reward: 19.552. Training.
[INFO] Rocket. Step: 11840000. Time Elapsed: 10513.808 s. Mean Reward: -19.399. Std of Reward: 23.672. Training.
[INFO] Rocket. Step: 11860000. Time Elapsed: 10535.566 s. Mean Reward: -25.594. Std of Reward: 19.298. Training.
[INFO] Rocket. Step: 11880000. Time Elapsed: 10550.029 s. Mean Reward: -20.505. Std of Reward: 22.605. Training.
[INFO] Rocket. Step: 11900000. Time Elapsed: 10572.799 s. Mean Reward: -26.907. Std of Reward: 19.850. Training.
[INFO] Rocket. Step: 11920000. Time Elapsed: 10587.963 s. Mean Reward: -24.421. Std of Reward: 21.691. Training.
[INFO] Rocket. Step: 11940000. Time Elapsed: 10609.430 s. Mean Reward: -23.529. Std of Reward: 22.209. Training.
[INFO] Rocket. Step: 11960000. Time Elapsed: 10624.159 s. Mean Reward: -20.557. Std of Reward: 24.325. Training.
[INFO] Rocket. Step: 11980000. Time Elapsed: 10646.175 s. Mean Reward: -21.523. Std of Reward: 23.806. Training.
[INFO] Rocket. Step: 12000000. Time Elapsed: 10660.886 s. Mean Reward: -24.788. Std of Reward: 19.662. Training.
[INFO] Exported results\L10\Rocket\Rocket-11999508.onnx
[INFO] Rocket. Step: 12020000. Time Elapsed: 10684.792 s. Mean Reward: -15.694. Std of Reward: 24.952. Training.
[INFO] Rocket. Step: 12040000. Time Elapsed: 10697.862 s. Mean Reward: -27.629. Std of Reward: 20.178. Training.
[INFO] Rocket. Step: 12060000. Time Elapsed: 10712.386 s. Mean Reward: -23.491. Std of Reward: 21.240. Training.
[INFO] Rocket. Step: 12080000. Time Elapsed: 10733.936 s. Mean Reward: -23.957. Std of Reward: 20.070. Training.
[INFO] Rocket. Step: 12100000. Time Elapsed: 10750.965 s. Mean Reward: -24.072. Std of Reward: 22.431. Training.
[INFO] Rocket. Step: 12120000. Time Elapsed: 10772.805 s. Mean Reward: -26.173. Std of Reward: 24.111. Training.
[INFO] Rocket. Step: 12140000. Time Elapsed: 10787.015 s. Mean Reward: -26.438. Std of Reward: 22.486. Training.
[INFO] Rocket. Step: 12160000. Time Elapsed: 10809.127 s. Mean Reward: -18.079. Std of Reward: 25.712. Training.
[INFO] Rocket. Step: 12180000. Time Elapsed: 10824.007 s. Mean Reward: -27.459. Std of Reward: 21.908. Training.
[INFO] Rocket. Step: 12200000. Time Elapsed: 10844.789 s. Mean Reward: -28.291. Std of Reward: 19.211. Training.
[INFO] Rocket. Step: 12220000. Time Elapsed: 10860.908 s. Mean Reward: -25.830. Std of Reward: 19.911. Training.
[INFO] Rocket. Step: 12240000. Time Elapsed: 10882.056 s. Mean Reward: -27.058. Std of Reward: 22.390. Training.
[INFO] Rocket. Step: 12260000. Time Elapsed: 10899.007 s. Mean Reward: -25.086. Std of Reward: 20.066. Training.
[INFO] Rocket. Step: 12280000. Time Elapsed: 10920.519 s. Mean Reward: -25.495. Std of Reward: 23.647. Training.
[INFO] Rocket. Step: 12300000. Time Elapsed: 10936.461 s. Mean Reward: -28.035. Std of Reward: 15.992. Training.
[INFO] Rocket. Step: 12320000. Time Elapsed: 10959.170 s. Mean Reward: -20.327. Std of Reward: 23.368. Training.
[INFO] Rocket. Step: 12340000. Time Elapsed: 10976.484 s. Mean Reward: -26.457. Std of Reward: 20.771. Training.
[INFO] Rocket. Step: 12360000. Time Elapsed: 10998.696 s. Mean Reward: -22.262. Std of Reward: 21.426. Training.
[INFO] Rocket. Step: 12380000. Time Elapsed: 11015.912 s. Mean Reward: -26.021. Std of Reward: 23.214. Training.
[INFO] Rocket. Step: 12400000. Time Elapsed: 11039.872 s. Mean Reward: -25.664. Std of Reward: 22.653. Training.
[INFO] Rocket. Step: 12420000. Time Elapsed: 11056.366 s. Mean Reward: -26.149. Std of Reward: 19.801. Training.
[INFO] Rocket. Step: 12440000. Time Elapsed: 11080.014 s. Mean Reward: -21.744. Std of Reward: 21.517. Training.
[INFO] Rocket. Step: 12460000. Time Elapsed: 11097.588 s. Mean Reward: -26.037. Std of Reward: 22.388. Training.
[INFO] Rocket. Step: 12480000. Time Elapsed: 11122.301 s. Mean Reward: -17.441. Std of Reward: 24.472. Training.
[INFO] Rocket. Step: 12500000. Time Elapsed: 11138.957 s. Mean Reward: -22.185. Std of Reward: 20.492. Training.
[INFO] Exported results\L10\Rocket\Rocket-12499961.onnx
[INFO] Rocket. Step: 12520000. Time Elapsed: 11162.803 s. Mean Reward: -23.659. Std of Reward: 20.581. Training.
[INFO] Rocket. Step: 12540000. Time Elapsed: 11177.870 s. Mean Reward: -21.233. Std of Reward: 22.063. Training.
[INFO] Rocket. Step: 12560000. Time Elapsed: 11201.227 s. Mean Reward: -22.228. Std of Reward: 23.001. Training.
[INFO] Rocket. Step: 12580000. Time Elapsed: 11216.838 s. Mean Reward: -26.591. Std of Reward: 20.222. Training.
[INFO] Rocket. Step: 12600000. Time Elapsed: 11240.302 s. Mean Reward: -25.510. Std of Reward: 17.865. Training.
[INFO] Rocket. Step: 12620000. Time Elapsed: 11257.085 s. Mean Reward: -23.222. Std of Reward: 23.084. Training.
[INFO] Rocket. Step: 12640000. Time Elapsed: 11281.538 s. Mean Reward: -22.464. Std of Reward: 21.180. Training.
[INFO] Rocket. Step: 12660000. Time Elapsed: 11298.426 s. Mean Reward: -21.276. Std of Reward: 25.550. Training.
[INFO] Rocket. Step: 12680000. Time Elapsed: 11323.579 s. Mean Reward: -23.369. Std of Reward: 24.173. Training.
[INFO] Rocket. Step: 12700000. Time Elapsed: 11337.772 s. Mean Reward: -24.872. Std of Reward: 21.594. Training.
[INFO] Rocket. Step: 12720000. Time Elapsed: 11356.402 s. Mean Reward: -24.374. Std of Reward: 20.156. Training.
[INFO] Rocket. Step: 12740000. Time Elapsed: 11378.044 s. Mean Reward: -31.006. Std of Reward: 21.911. Training.
[INFO] Rocket. Step: 12760000. Time Elapsed: 11394.748 s. Mean Reward: -26.553. Std of Reward: 20.418. Training.
[INFO] Rocket. Step: 12780000. Time Elapsed: 11419.881 s. Mean Reward: -16.936. Std of Reward: 25.846. Training.
[INFO] Rocket. Step: 12800000. Time Elapsed: 11437.101 s. Mean Reward: -19.916. Std of Reward: 23.218. Training.
[INFO] Rocket. Step: 12820000. Time Elapsed: 11459.508 s. Mean Reward: -23.511. Std of Reward: 21.887. Training.
[INFO] Rocket. Step: 12840000. Time Elapsed: 11476.380 s. Mean Reward: -20.336. Std of Reward: 24.655. Training.
[INFO] Rocket. Step: 12860000. Time Elapsed: 11500.208 s. Mean Reward: -24.232. Std of Reward: 22.265. Training.
[INFO] Rocket. Step: 12880000. Time Elapsed: 11516.782 s. Mean Reward: -24.668. Std of Reward: 24.725. Training.
[INFO] Rocket. Step: 12900000. Time Elapsed: 11540.029 s. Mean Reward: -21.460. Std of Reward: 23.467. Training.
[INFO] Rocket. Step: 12920000. Time Elapsed: 11557.306 s. Mean Reward: -18.624. Std of Reward: 25.204. Training.
[INFO] Rocket. Step: 12940000. Time Elapsed: 11582.271 s. Mean Reward: -26.375. Std of Reward: 17.045. Training.
[INFO] Rocket. Step: 12960000. Time Elapsed: 11599.420 s. Mean Reward: -22.842. Std of Reward: 23.819. Training.
[INFO] Rocket. Step: 12980000. Time Elapsed: 11621.628 s. Mean Reward: -25.298. Std of Reward: 21.834. Training.
[INFO] Rocket. Step: 13000000. Time Elapsed: 11640.513 s. Mean Reward: -16.013. Std of Reward: 23.931. Training.
[INFO] Exported results\L10\Rocket\Rocket-12999874.onnx
[INFO] Rocket. Step: 13020000. Time Elapsed: 11663.226 s. Mean Reward: -25.389. Std of Reward: 22.632. Training.
[INFO] Rocket. Step: 13040000. Time Elapsed: 11679.683 s. Mean Reward: -20.411. Std of Reward: 22.637. Training.
[INFO] Rocket. Step: 13060000. Time Elapsed: 11703.000 s. Mean Reward: -22.405. Std of Reward: 22.325. Training.
[INFO] Rocket. Step: 13080000. Time Elapsed: 11721.189 s. Mean Reward: -23.827. Std of Reward: 22.056. Training.
[INFO] Rocket. Step: 13100000. Time Elapsed: 11743.994 s. Mean Reward: -23.584. Std of Reward: 23.535. Training.
[INFO] Rocket. Step: 13120000. Time Elapsed: 11760.323 s. Mean Reward: -20.982. Std of Reward: 23.105. Training.
[INFO] Rocket. Step: 13140000. Time Elapsed: 11782.546 s. Mean Reward: -24.801. Std of Reward: 18.754. Training.
[INFO] Rocket. Step: 13160000. Time Elapsed: 11798.889 s. Mean Reward: -25.492. Std of Reward: 16.592. Training.
[INFO] Rocket. Step: 13180000. Time Elapsed: 11821.402 s. Mean Reward: -14.777. Std of Reward: 24.631. Training.
[INFO] Rocket. Step: 13200000. Time Elapsed: 11837.538 s. Mean Reward: -15.560. Std of Reward: 24.897. Training.
[INFO] Rocket. Step: 13220000. Time Elapsed: 11859.311 s. Mean Reward: -19.123. Std of Reward: 23.060. Training.
[INFO] Rocket. Step: 13240000. Time Elapsed: 11875.003 s. Mean Reward: -20.674. Std of Reward: 20.202. Training.
[INFO] Rocket. Step: 13260000. Time Elapsed: 11897.490 s. Mean Reward: -20.607. Std of Reward: 24.366. Training.
[INFO] Rocket. Step: 13280000. Time Elapsed: 11911.498 s. Mean Reward: -21.294. Std of Reward: 25.037. Training.
[INFO] Rocket. Step: 13300000. Time Elapsed: 11934.240 s. Mean Reward: -14.457. Std of Reward: 24.058. Training.
[INFO] Rocket. Step: 13320000. Time Elapsed: 11948.923 s. Mean Reward: -24.365. Std of Reward: 21.768. Training.
[INFO] Rocket. Step: 13340000. Time Elapsed: 11971.755 s. Mean Reward: -28.431. Std of Reward: 20.457. Training.
[INFO] Rocket. Step: 13360000. Time Elapsed: 11987.155 s. Mean Reward: -19.022. Std of Reward: 21.756. Training.
[INFO] Rocket. Step: 13380000. Time Elapsed: 12011.066 s. Mean Reward: -19.955. Std of Reward: 24.581. Training.
[INFO] Rocket. Step: 13400000. Time Elapsed: 12025.585 s. Mean Reward: -15.535. Std of Reward: 24.890. Training.
[INFO] Rocket. Step: 13420000. Time Elapsed: 12041.493 s. Mean Reward: -21.063. Std of Reward: 22.927. Training.
[INFO] Rocket. Step: 13440000. Time Elapsed: 12064.129 s. Mean Reward: -14.356. Std of Reward: 22.088. Training.
[INFO] Rocket. Step: 13460000. Time Elapsed: 12079.522 s. Mean Reward: -23.104. Std of Reward: 21.482. Training.
[INFO] Rocket. Step: 13480000. Time Elapsed: 12101.549 s. Mean Reward: -16.987. Std of Reward: 23.924. Training.
[INFO] Rocket. Step: 13500000. Time Elapsed: 12116.913 s. Mean Reward: -13.750. Std of Reward: 24.203. Training.
[INFO] Exported results\L10\Rocket\Rocket-13499752.onnx
[INFO] Rocket. Step: 13520000. Time Elapsed: 12140.532 s. Mean Reward: -15.160. Std of Reward: 25.964. Training.
[INFO] Rocket. Step: 13540000. Time Elapsed: 12155.614 s. Mean Reward: -23.040. Std of Reward: 24.152. Training.
[INFO] Rocket. Step: 13560000. Time Elapsed: 12177.266 s. Mean Reward: -17.149. Std of Reward: 23.421. Training.
[INFO] Rocket. Step: 13580000. Time Elapsed: 12194.241 s. Mean Reward: -19.500. Std of Reward: 22.808. Training.
[INFO] Rocket. Step: 13600000. Time Elapsed: 12216.069 s. Mean Reward: -19.024. Std of Reward: 22.499. Training.
[INFO] Rocket. Step: 13620000. Time Elapsed: 12231.650 s. Mean Reward: -18.622. Std of Reward: 24.942. Training.
[INFO] Rocket. Step: 13640000. Time Elapsed: 12254.109 s. Mean Reward: -20.992. Std of Reward: 25.132. Training.
[INFO] Rocket. Step: 13660000. Time Elapsed: 12268.893 s. Mean Reward: -19.836. Std of Reward: 21.837. Training.
[INFO] Rocket. Step: 13680000. Time Elapsed: 12291.580 s. Mean Reward: -22.029. Std of Reward: 24.012. Training.
[INFO] Rocket. Step: 13700000. Time Elapsed: 12307.932 s. Mean Reward: -24.007. Std of Reward: 20.639. Training.
[INFO] Rocket. Step: 13720000. Time Elapsed: 12329.583 s. Mean Reward: -16.780. Std of Reward: 24.422. Training.
[INFO] Rocket. Step: 13740000. Time Elapsed: 12346.293 s. Mean Reward: -20.692. Std of Reward: 20.548. Training.
[INFO] Rocket. Step: 13760000. Time Elapsed: 12367.354 s. Mean Reward: -18.947. Std of Reward: 25.486. Training.
[INFO] Rocket. Step: 13780000. Time Elapsed: 12385.649 s. Mean Reward: -17.514. Std of Reward: 20.952. Training.
[INFO] Rocket. Step: 13800000. Time Elapsed: 12405.122 s. Mean Reward: -16.834. Std of Reward: 24.077. Training.
[INFO] Rocket. Step: 13820000. Time Elapsed: 12421.719 s. Mean Reward: -12.760. Std of Reward: 24.797. Training.
[INFO] Rocket. Step: 13840000. Time Elapsed: 12443.630 s. Mean Reward: -11.980. Std of Reward: 26.888. Training.
[INFO] Rocket. Step: 13860000. Time Elapsed: 12459.385 s. Mean Reward: -17.842. Std of Reward: 22.770. Training.
[INFO] Rocket. Step: 13880000. Time Elapsed: 12481.503 s. Mean Reward: -19.922. Std of Reward: 25.120. Training.
[INFO] Rocket. Step: 13900000. Time Elapsed: 12498.022 s. Mean Reward: -9.317. Std of Reward: 23.289. Training.
[INFO] Rocket. Step: 13920000. Time Elapsed: 12520.887 s. Mean Reward: -18.090. Std of Reward: 23.459. Training.
[INFO] Rocket. Step: 13940000. Time Elapsed: 12536.278 s. Mean Reward: -18.043. Std of Reward: 26.070. Training.
[INFO] Rocket. Step: 13960000. Time Elapsed: 12559.050 s. Mean Reward: -20.822. Std of Reward: 19.741. Training.
[INFO] Rocket. Step: 13980000. Time Elapsed: 12573.152 s. Mean Reward: -15.033. Std of Reward: 24.554. Training.
[INFO] Rocket. Step: 14000000. Time Elapsed: 12597.068 s. Mean Reward: -10.103. Std of Reward: 26.185. Training.
[INFO] Exported results\L10\Rocket\Rocket-13999527.onnx
[INFO] Rocket. Step: 14020000. Time Elapsed: 12611.892 s. Mean Reward: -19.521. Std of Reward: 21.669. Training.
[INFO] Rocket. Step: 14040000. Time Elapsed: 12635.835 s. Mean Reward: -15.743. Std of Reward: 24.331. Training.
[INFO] Rocket. Step: 14060000. Time Elapsed: 12650.118 s. Mean Reward: -13.939. Std of Reward: 22.266. Training.
[INFO] Rocket. Step: 14080000. Time Elapsed: 12667.358 s. Mean Reward: -20.444. Std of Reward: 19.837. Training.
[INFO] Rocket. Step: 14100000. Time Elapsed: 12687.719 s. Mean Reward: -14.228. Std of Reward: 25.513. Training.
[INFO] Rocket. Step: 14120000. Time Elapsed: 12703.900 s. Mean Reward: -12.803. Std of Reward: 23.168. Training.
[INFO] Rocket. Step: 14140000. Time Elapsed: 12727.009 s. Mean Reward: -15.599. Std of Reward: 22.453. Training.
[INFO] Rocket. Step: 14160000. Time Elapsed: 12742.502 s. Mean Reward: -19.514. Std of Reward: 22.496. Training.
[INFO] Rocket. Step: 14180000. Time Elapsed: 12765.448 s. Mean Reward: -14.567. Std of Reward: 24.154. Training.
[INFO] Rocket. Step: 14200000. Time Elapsed: 12780.663 s. Mean Reward: -17.424. Std of Reward: 25.831. Training.
[INFO] Rocket. Step: 14220000. Time Elapsed: 12803.930 s. Mean Reward: -20.331. Std of Reward: 20.345. Training.
[INFO] Rocket. Step: 14240000. Time Elapsed: 12818.785 s. Mean Reward: -13.196. Std of Reward: 22.427. Training.
[INFO] Rocket. Step: 14260000. Time Elapsed: 12842.128 s. Mean Reward: -9.046. Std of Reward: 24.992. Training.
[INFO] Rocket. Step: 14280000. Time Elapsed: 12857.366 s. Mean Reward: -19.721. Std of Reward: 21.652. Training.
[INFO] Rocket. Step: 14300000. Time Elapsed: 12880.514 s. Mean Reward: -10.561. Std of Reward: 24.489. Training.
[INFO] Rocket. Step: 14320000. Time Elapsed: 12897.058 s. Mean Reward: -12.950. Std of Reward: 24.361. Training.
[INFO] Rocket. Step: 14340000. Time Elapsed: 12918.608 s. Mean Reward: -16.762. Std of Reward: 24.070. Training.
[INFO] Rocket. Step: 14360000. Time Elapsed: 12934.704 s. Mean Reward: -16.027. Std of Reward: 25.714. Training.
[INFO] Rocket. Step: 14380000. Time Elapsed: 12956.889 s. Mean Reward: -11.550. Std of Reward: 25.172. Training.
[INFO] Rocket. Step: 14400000. Time Elapsed: 12972.554 s. Mean Reward: -18.226. Std of Reward: 25.511. Training.
[INFO] Rocket. Step: 14420000. Time Elapsed: 12995.082 s. Mean Reward: -12.123. Std of Reward: 23.880. Training.
[INFO] Rocket. Step: 14440000. Time Elapsed: 13011.502 s. Mean Reward: -12.498. Std of Reward: 27.079. Training.
[INFO] Rocket. Step: 14460000. Time Elapsed: 13033.992 s. Mean Reward: -23.303. Std of Reward: 22.821. Training.
[INFO] Rocket. Step: 14480000. Time Elapsed: 13051.901 s. Mean Reward: -11.532. Std of Reward: 23.819. Training.
[INFO] Rocket. Step: 14500000. Time Elapsed: 13074.822 s. Mean Reward: -14.983. Std of Reward: 24.830. Training.
[INFO] Exported results\L10\Rocket\Rocket-14499970.onnx
[INFO] Rocket. Step: 14520000. Time Elapsed: 13091.087 s. Mean Reward: -6.772. Std of Reward: 22.606. Training.
[INFO] Rocket. Step: 14540000. Time Elapsed: 13112.419 s. Mean Reward: -17.591. Std of Reward: 22.521. Training.
[INFO] Rocket. Step: 14560000. Time Elapsed: 13129.215 s. Mean Reward: -7.431. Std of Reward: 26.048. Training.
[INFO] Rocket. Step: 14580000. Time Elapsed: 13150.695 s. Mean Reward: -16.597. Std of Reward: 22.463. Training.
[INFO] Rocket. Step: 14600000. Time Elapsed: 13167.977 s. Mean Reward: -14.367. Std of Reward: 24.222. Training.
[INFO] Rocket. Step: 14620000. Time Elapsed: 13189.397 s. Mean Reward: -13.096. Std of Reward: 26.332. Training.
[INFO] Rocket. Step: 14640000. Time Elapsed: 13205.990 s. Mean Reward: -12.065. Std of Reward: 26.495. Training.
[INFO] Rocket. Step: 14660000. Time Elapsed: 13228.731 s. Mean Reward: -13.304. Std of Reward: 23.199. Training.
[INFO] Rocket. Step: 14680000. Time Elapsed: 13243.841 s. Mean Reward: -15.157. Std of Reward: 24.537. Training.
[INFO] Rocket. Step: 14700000. Time Elapsed: 13267.489 s. Mean Reward: -12.701. Std of Reward: 22.273. Training.
[INFO] Rocket. Step: 14720000. Time Elapsed: 13283.895 s. Mean Reward: -11.111. Std of Reward: 25.168. Training.
[INFO] Rocket. Step: 14740000. Time Elapsed: 13306.277 s. Mean Reward: -15.776. Std of Reward: 25.139. Training.
[INFO] Rocket. Step: 14760000. Time Elapsed: 13322.071 s. Mean Reward: -17.278. Std of Reward: 23.268. Training.
[INFO] Rocket. Step: 14780000. Time Elapsed: 13338.231 s. Mean Reward: -10.884. Std of Reward: 25.392. Training.
[INFO] Rocket. Step: 14800000. Time Elapsed: 13360.290 s. Mean Reward: -15.664. Std of Reward: 25.863. Training.
[INFO] Rocket. Step: 14820000. Time Elapsed: 13375.867 s. Mean Reward: -18.681. Std of Reward: 26.865. Training.
[INFO] Rocket. Step: 14840000. Time Elapsed: 13398.207 s. Mean Reward: -13.234. Std of Reward: 24.157. Training.
[INFO] Rocket. Step: 14860000. Time Elapsed: 13415.022 s. Mean Reward: -8.609. Std of Reward: 26.313. Training.
[INFO] Rocket. Step: 14880000. Time Elapsed: 13438.587 s. Mean Reward: -13.562. Std of Reward: 24.810. Training.
[INFO] Rocket. Step: 14900000. Time Elapsed: 13453.562 s. Mean Reward: -7.524. Std of Reward: 23.339. Training.
[INFO] Rocket. Step: 14920000. Time Elapsed: 13476.151 s. Mean Reward: -11.586. Std of Reward: 24.080. Training.
[INFO] Rocket. Step: 14940000. Time Elapsed: 13492.359 s. Mean Reward: -11.179. Std of Reward: 23.391. Training.
[INFO] Rocket. Step: 14960000. Time Elapsed: 13514.532 s. Mean Reward: -12.477. Std of Reward: 23.561. Training.
[INFO] Rocket. Step: 14980000. Time Elapsed: 13531.395 s. Mean Reward: -14.115. Std of Reward: 24.551. Training.
[INFO] Rocket. Step: 15000000. Time Elapsed: 13553.500 s. Mean Reward: -8.667. Std of Reward: 24.882. Training.
[INFO] Exported results\L10\Rocket\Rocket-14999818.onnx
[INFO] Rocket. Step: 15020000. Time Elapsed: 13569.434 s. Mean Reward: -14.811. Std of Reward: 21.894. Training.
[INFO] Rocket. Step: 15040000. Time Elapsed: 13590.961 s. Mean Reward: -16.043. Std of Reward: 22.737. Training.
[INFO] Rocket. Step: 15060000. Time Elapsed: 13608.003 s. Mean Reward: -10.602. Std of Reward: 23.745. Training.
[INFO] Rocket. Step: 15080000. Time Elapsed: 13629.706 s. Mean Reward: -5.515. Std of Reward: 22.921. Training.
[INFO] Rocket. Step: 15100000. Time Elapsed: 13647.902 s. Mean Reward: -8.756. Std of Reward: 25.374. Training.
[INFO] Rocket. Step: 15120000. Time Elapsed: 13670.074 s. Mean Reward: 0.441. Std of Reward: 23.149. Training.
[INFO] Rocket. Step: 15140000. Time Elapsed: 13686.519 s. Mean Reward: -15.916. Std of Reward: 24.587. Training.
[INFO] Rocket. Step: 15160000. Time Elapsed: 13708.731 s. Mean Reward: -5.422. Std of Reward: 26.476. Training.
[INFO] Rocket. Step: 15180000. Time Elapsed: 13724.168 s. Mean Reward: -8.085. Std of Reward: 22.330. Training.
[INFO] Rocket. Step: 15200000. Time Elapsed: 13747.058 s. Mean Reward: -13.996. Std of Reward: 26.466. Training.
[INFO] Rocket. Step: 15220000. Time Elapsed: 13764.738 s. Mean Reward: -9.490. Std of Reward: 23.602. Training.
[INFO] Rocket. Step: 15240000. Time Elapsed: 13786.908 s. Mean Reward: -14.307. Std of Reward: 26.307. Training.
[INFO] Rocket. Step: 15260000. Time Elapsed: 13803.892 s. Mean Reward: -3.075. Std of Reward: 24.648. Training.
[INFO] Rocket. Step: 15280000. Time Elapsed: 13825.827 s. Mean Reward: -6.731. Std of Reward: 23.816. Training.
[INFO] Rocket. Step: 15300000. Time Elapsed: 13842.092 s. Mean Reward: -16.020. Std of Reward: 23.428. Training.
[INFO] Rocket. Step: 15320000. Time Elapsed: 13865.880 s. Mean Reward: -10.163. Std of Reward: 25.581. Training.
[INFO] Rocket. Step: 15340000. Time Elapsed: 13881.820 s. Mean Reward: -9.816. Std of Reward: 24.787. Training.
[INFO] Rocket. Step: 15360000. Time Elapsed: 13905.469 s. Mean Reward: -8.545. Std of Reward: 24.714. Training.
[INFO] Rocket. Step: 15380000. Time Elapsed: 13919.663 s. Mean Reward: -9.675. Std of Reward: 25.994. Training.
[INFO] Rocket. Step: 15400000. Time Elapsed: 13937.191 s. Mean Reward: -12.026. Std of Reward: 25.918. Training.
[INFO] Rocket. Step: 15420000. Time Elapsed: 13958.984 s. Mean Reward: -11.955. Std of Reward: 26.665. Training.
[INFO] Rocket. Step: 15440000. Time Elapsed: 13975.435 s. Mean Reward: -12.251. Std of Reward: 28.124. Training.
[INFO] Rocket. Step: 15460000. Time Elapsed: 13998.608 s. Mean Reward: -10.563. Std of Reward: 24.335. Training.
[INFO] Rocket. Step: 15480000. Time Elapsed: 14013.280 s. Mean Reward: -10.512. Std of Reward: 27.430. Training.
[INFO] Rocket. Step: 15500000. Time Elapsed: 14037.724 s. Mean Reward: -15.483. Std of Reward: 25.441. Training.
[INFO] Exported results\L10\Rocket\Rocket-15499766.onnx
[INFO] Rocket. Step: 15520000. Time Elapsed: 14052.309 s. Mean Reward: -12.889. Std of Reward: 24.688. Training.
[INFO] Rocket. Step: 15540000. Time Elapsed: 14075.839 s. Mean Reward: -14.955. Std of Reward: 23.440. Training.
[INFO] Rocket. Step: 15560000. Time Elapsed: 14091.979 s. Mean Reward: -3.534. Std of Reward: 25.232. Training.
[INFO] Rocket. Step: 15580000. Time Elapsed: 14114.910 s. Mean Reward: -4.996. Std of Reward: 24.495. Training.
[INFO] Rocket. Step: 15600000. Time Elapsed: 14130.815 s. Mean Reward: -8.588. Std of Reward: 25.458. Training.
[INFO] Rocket. Step: 15620000. Time Elapsed: 14153.061 s. Mean Reward: -6.847. Std of Reward: 26.112. Training.
[INFO] Rocket. Step: 15640000. Time Elapsed: 14169.761 s. Mean Reward: -10.573. Std of Reward: 25.402. Training.
[INFO] Rocket. Step: 15660000. Time Elapsed: 14191.561 s. Mean Reward: -11.821. Std of Reward: 25.274. Training.
[INFO] Rocket. Step: 15680000. Time Elapsed: 14208.874 s. Mean Reward: -10.127. Std of Reward: 26.253. Training.
[INFO] Rocket. Step: 15700000. Time Elapsed: 14230.947 s. Mean Reward: -16.496. Std of Reward: 25.885. Training.
[INFO] Rocket. Step: 15720000. Time Elapsed: 14247.029 s. Mean Reward: -6.432. Std of Reward: 26.915. Training.
[INFO] Rocket. Step: 15740000. Time Elapsed: 14270.708 s. Mean Reward: -5.613. Std of Reward: 24.656. Training.
[INFO] Rocket. Step: 15760000. Time Elapsed: 14287.973 s. Mean Reward: -13.007. Std of Reward: 26.747. Training.
[INFO] Rocket. Step: 15780000. Time Elapsed: 14309.856 s. Mean Reward: -6.249. Std of Reward: 24.861. Training.
[INFO] Rocket. Step: 15800000. Time Elapsed: 14327.849 s. Mean Reward: -9.136. Std of Reward: 28.310. Training.
[INFO] Rocket. Step: 15820000. Time Elapsed: 14350.063 s. Mean Reward: -10.349. Std of Reward: 27.447. Training.
[INFO] Rocket. Step: 15840000. Time Elapsed: 14366.019 s. Mean Reward: -10.313. Std of Reward: 27.474. Training.
[INFO] Rocket. Step: 15860000. Time Elapsed: 14387.542 s. Mean Reward: -15.472. Std of Reward: 26.120. Training.
[INFO] Rocket. Step: 15880000. Time Elapsed: 14405.351 s. Mean Reward: -10.511. Std of Reward: 27.275. Training.
[INFO] Rocket. Step: 15900000. Time Elapsed: 14427.423 s. Mean Reward: 1.722. Std of Reward: 23.190. Training.
[INFO] Rocket. Step: 15920000. Time Elapsed: 14444.348 s. Mean Reward: -11.822. Std of Reward: 24.580. Training.
[INFO] Rocket. Step: 15940000. Time Elapsed: 14466.746 s. Mean Reward: -12.085. Std of Reward: 24.491. Training.
[INFO] Rocket. Step: 15960000. Time Elapsed: 14482.378 s. Mean Reward: -14.886. Std of Reward: 25.921. Training.
[INFO] Rocket. Step: 15980000. Time Elapsed: 14505.084 s. Mean Reward: -10.491. Std of Reward: 24.999. Training.
[INFO] Rocket. Step: 16000000. Time Elapsed: 14522.633 s. Mean Reward: -9.924. Std of Reward: 26.318. Training.
[INFO] Exported results\L10\Rocket\Rocket-15999614.onnx
[INFO] Rocket. Step: 16020000. Time Elapsed: 14543.441 s. Mean Reward: -15.469. Std of Reward: 25.334. Training.
[INFO] Rocket. Step: 16040000. Time Elapsed: 14559.305 s. Mean Reward: -14.155. Std of Reward: 24.950. Training.
[INFO] Rocket. Step: 16060000. Time Elapsed: 14582.142 s. Mean Reward: -18.112. Std of Reward: 23.050. Training.
[INFO] Rocket. Step: 16080000. Time Elapsed: 14597.126 s. Mean Reward: -9.359. Std of Reward: 25.720. Training.
[INFO] Rocket. Step: 16100000. Time Elapsed: 14614.591 s. Mean Reward: -7.415. Std of Reward: 24.248. Training.
[INFO] Rocket. Step: 16120000. Time Elapsed: 14637.497 s. Mean Reward: -9.208. Std of Reward: 23.812. Training.
[INFO] Rocket. Step: 16140000. Time Elapsed: 14653.143 s. Mean Reward: -5.625. Std of Reward: 24.368. Training.
[INFO] Rocket. Step: 16160000. Time Elapsed: 14676.302 s. Mean Reward: -6.680. Std of Reward: 25.735. Training.
[INFO] Rocket. Step: 16180000. Time Elapsed: 14693.052 s. Mean Reward: -5.874. Std of Reward: 24.354. Training.
[INFO] Rocket. Step: 16200000. Time Elapsed: 14715.918 s. Mean Reward: -4.008. Std of Reward: 23.931. Training.
[INFO] Rocket. Step: 16220000. Time Elapsed: 14733.104 s. Mean Reward: -5.932. Std of Reward: 25.368. Training.
[INFO] Rocket. Step: 16240000. Time Elapsed: 14755.181 s. Mean Reward: -4.207. Std of Reward: 23.784. Training.
[INFO] Rocket. Step: 16260000. Time Elapsed: 14771.128 s. Mean Reward: -9.021. Std of Reward: 25.268. Training.
[INFO] Rocket. Step: 16280000. Time Elapsed: 14794.872 s. Mean Reward: -2.208. Std of Reward: 23.229. Training.
[INFO] Rocket. Step: 16300000. Time Elapsed: 14811.572 s. Mean Reward: -5.587. Std of Reward: 26.037. Training.
[INFO] Rocket. Step: 16320000. Time Elapsed: 14833.771 s. Mean Reward: -7.474. Std of Reward: 25.209. Training.
[INFO] Rocket. Step: 16340000. Time Elapsed: 14849.308 s. Mean Reward: -6.194. Std of Reward: 24.794. Training.
[INFO] Rocket. Step: 16360000. Time Elapsed: 14871.695 s. Mean Reward: -12.784. Std of Reward: 27.591. Training.
[INFO] Rocket. Step: 16380000. Time Elapsed: 14888.256 s. Mean Reward: -9.782. Std of Reward: 22.920. Training.
[INFO] Rocket. Step: 16400000. Time Elapsed: 14911.449 s. Mean Reward: -6.122. Std of Reward: 27.457. Training.
[INFO] Rocket. Step: 16420000. Time Elapsed: 14927.312 s. Mean Reward: -12.531. Std of Reward: 24.076. Training.
[INFO] Rocket. Step: 16440000. Time Elapsed: 14949.134 s. Mean Reward: -3.638. Std of Reward: 25.415. Training.
[INFO] Rocket. Step: 16460000. Time Elapsed: 14966.530 s. Mean Reward: -0.917. Std of Reward: 22.492. Training.
[INFO] Rocket. Step: 16480000. Time Elapsed: 14989.845 s. Mean Reward: -11.625. Std of Reward: 25.532. Training.
[INFO] Rocket. Step: 16500000. Time Elapsed: 15005.742 s. Mean Reward: -9.797. Std of Reward: 24.323. Training.
[INFO] Exported results\L10\Rocket\Rocket-16499702.onnx
[INFO] Rocket. Step: 16520000. Time Elapsed: 15028.426 s. Mean Reward: -4.853. Std of Reward: 23.256. Training.
[INFO] Rocket. Step: 16540000. Time Elapsed: 15044.875 s. Mean Reward: -6.482. Std of Reward: 24.615. Training.
[INFO] Rocket. Step: 16560000. Time Elapsed: 15067.890 s. Mean Reward: -11.578. Std of Reward: 23.485. Training.
[INFO] Rocket. Step: 16580000. Time Elapsed: 15084.764 s. Mean Reward: -3.406. Std of Reward: 22.054. Training.
[INFO] Rocket. Step: 16600000. Time Elapsed: 15106.607 s. Mean Reward: -11.524. Std of Reward: 25.677. Training.
[INFO] Rocket. Step: 16620000. Time Elapsed: 15123.447 s. Mean Reward: -7.514. Std of Reward: 26.054. Training.
[INFO] Rocket. Step: 16640000. Time Elapsed: 15146.806 s. Mean Reward: -4.757. Std of Reward: 25.227. Training.
[INFO] Rocket. Step: 16660000. Time Elapsed: 15162.125 s. Mean Reward: -14.636. Std of Reward: 25.204. Training.
[INFO] Rocket. Step: 16680000. Time Elapsed: 15185.517 s. Mean Reward: -17.904. Std of Reward: 24.918. Training.
[INFO] Rocket. Step: 16700000. Time Elapsed: 15201.376 s. Mean Reward: -7.338. Std of Reward: 27.840. Training.
[INFO] Rocket. Step: 16720000. Time Elapsed: 15224.593 s. Mean Reward: -9.900. Std of Reward: 26.337. Training.
[INFO] Rocket. Step: 16740000. Time Elapsed: 15239.991 s. Mean Reward: -9.210. Std of Reward: 24.825. Training.
[INFO] Rocket. Step: 16760000. Time Elapsed: 15256.469 s. Mean Reward: -14.614. Std of Reward: 23.749. Training.
[INFO] Rocket. Step: 16780000. Time Elapsed: 15279.106 s. Mean Reward: -9.035. Std of Reward: 24.017. Training.
[INFO] Rocket. Step: 16800000. Time Elapsed: 15294.367 s. Mean Reward: -9.714. Std of Reward: 23.815. Training.
[INFO] Rocket. Step: 16820000. Time Elapsed: 15318.268 s. Mean Reward: -10.974. Std of Reward: 25.938. Training.
[INFO] Rocket. Step: 16840000. Time Elapsed: 15334.410 s. Mean Reward: -12.109. Std of Reward: 27.250. Training.
[INFO] Rocket. Step: 16860000. Time Elapsed: 15356.233 s. Mean Reward: -10.446. Std of Reward: 26.979. Training.
[INFO] Rocket. Step: 16880000. Time Elapsed: 15372.587 s. Mean Reward: -8.426. Std of Reward: 29.584. Training.
[INFO] Rocket. Step: 16900000. Time Elapsed: 15395.224 s. Mean Reward: -6.513. Std of Reward: 23.106. Training.
[INFO] Rocket. Step: 16920000. Time Elapsed: 15411.670 s. Mean Reward: -9.050. Std of Reward: 24.780. Training.
[INFO] Rocket. Step: 16940000. Time Elapsed: 15433.979 s. Mean Reward: -4.725. Std of Reward: 24.897. Training.
[INFO] Rocket. Step: 16960000. Time Elapsed: 15450.909 s. Mean Reward: -12.728. Std of Reward: 24.434. Training.
[INFO] Rocket. Step: 16980000. Time Elapsed: 15474.146 s. Mean Reward: -1.506. Std of Reward: 23.255. Training.
[INFO] Rocket. Step: 17000000. Time Elapsed: 15489.883 s. Mean Reward: 2.230. Std of Reward: 22.050. Training.
[INFO] Exported results\L10\Rocket\Rocket-16999647.onnx
[INFO] Rocket. Step: 17020000. Time Elapsed: 15513.889 s. Mean Reward: -2.223. Std of Reward: 22.894. Training.
[INFO] Rocket. Step: 17040000. Time Elapsed: 15530.614 s. Mean Reward: -8.409. Std of Reward: 24.787. Training.
[INFO] Rocket. Step: 17060000. Time Elapsed: 15552.462 s. Mean Reward: -4.853. Std of Reward: 23.416. Training.
[INFO] Rocket. Step: 17080000. Time Elapsed: 15569.486 s. Mean Reward: -8.045. Std of Reward: 23.804. Training.
[INFO] Rocket. Step: 17100000. Time Elapsed: 15591.575 s. Mean Reward: -7.041. Std of Reward: 24.463. Training.
[INFO] Rocket. Step: 17120000. Time Elapsed: 15607.845 s. Mean Reward: -4.758. Std of Reward: 22.813. Training.
[INFO] Rocket. Step: 17140000. Time Elapsed: 15631.248 s. Mean Reward: -9.980. Std of Reward: 28.851. Training.
[INFO] Rocket. Step: 17160000. Time Elapsed: 15646.678 s. Mean Reward: -0.106. Std of Reward: 22.937. Training.
[INFO] Rocket. Step: 17180000. Time Elapsed: 15670.528 s. Mean Reward: -8.564. Std of Reward: 22.464. Training.
[INFO] Rocket. Step: 17200000. Time Elapsed: 15686.963 s. Mean Reward: -6.997. Std of Reward: 23.926. Training.
[INFO] Rocket. Step: 17220000. Time Elapsed: 15710.053 s. Mean Reward: -2.847. Std of Reward: 23.441. Training.
[INFO] Rocket. Step: 17240000. Time Elapsed: 15725.705 s. Mean Reward: -5.077. Std of Reward: 26.579. Training.
[INFO] Rocket. Step: 17260000. Time Elapsed: 15749.116 s. Mean Reward: -4.887. Std of Reward: 24.956. Training.
[INFO] Rocket. Step: 17280000. Time Elapsed: 15765.668 s. Mean Reward: -8.107. Std of Reward: 25.995. Training.
[INFO] Rocket. Step: 17300000. Time Elapsed: 15788.088 s. Mean Reward: -9.221. Std of Reward: 25.830. Training.
[INFO] Rocket. Step: 17320000. Time Elapsed: 15805.525 s. Mean Reward: -2.946. Std of Reward: 24.807. Training.
[INFO] Rocket. Step: 17340000. Time Elapsed: 15827.798 s. Mean Reward: 4.720. Std of Reward: 18.810. Training.
[INFO] Rocket. Step: 17360000. Time Elapsed: 15843.857 s. Mean Reward: -7.162. Std of Reward: 23.457. Training.
[INFO] Rocket. Step: 17380000. Time Elapsed: 15868.204 s. Mean Reward: -12.805. Std of Reward: 23.896. Training.
[INFO] Rocket. Step: 17400000. Time Elapsed: 15882.983 s. Mean Reward: -5.604. Std of Reward: 23.413. Training.
[INFO] Rocket. Step: 17420000. Time Elapsed: 15899.326 s. Mean Reward: -3.341. Std of Reward: 23.073. Training.
[INFO] Rocket. Step: 17440000. Time Elapsed: 15923.282 s. Mean Reward: -2.698. Std of Reward: 21.863. Training.
[INFO] Rocket. Step: 17460000. Time Elapsed: 15938.611 s. Mean Reward: -8.927. Std of Reward: 23.172. Training.
[INFO] Rocket. Step: 17480000. Time Elapsed: 15961.573 s. Mean Reward: -3.499. Std of Reward: 22.393. Training.
[INFO] Rocket. Step: 17500000. Time Elapsed: 15977.605 s. Mean Reward: 2.470. Std of Reward: 24.308. Training.
[INFO] Exported results\L10\Rocket\Rocket-17499398.onnx
[INFO] Rocket. Step: 17520000. Time Elapsed: 16002.613 s. Mean Reward: -2.974. Std of Reward: 23.376. Training.
[INFO] Rocket. Step: 17540000. Time Elapsed: 16016.665 s. Mean Reward: -3.447. Std of Reward: 25.969. Training.
[INFO] Rocket. Step: 17560000. Time Elapsed: 16039.768 s. Mean Reward: -8.546. Std of Reward: 23.985. Training.
[INFO] Rocket. Step: 17580000. Time Elapsed: 16057.583 s. Mean Reward: 2.404. Std of Reward: 21.659. Training.
[INFO] Rocket. Step: 17600000. Time Elapsed: 16079.924 s. Mean Reward: -12.266. Std of Reward: 25.060. Training.
[INFO] Rocket. Step: 17620000. Time Elapsed: 16098.133 s. Mean Reward: -1.845. Std of Reward: 22.498. Training.
[INFO] Rocket. Step: 17640000. Time Elapsed: 16119.359 s. Mean Reward: 1.963. Std of Reward: 20.762. Training.
[INFO] Rocket. Step: 17660000. Time Elapsed: 16136.386 s. Mean Reward: -7.329. Std of Reward: 23.094. Training.
[INFO] Rocket. Step: 17680000. Time Elapsed: 16159.802 s. Mean Reward: -2.779. Std of Reward: 26.269. Training.
[INFO] Rocket. Step: 17700000. Time Elapsed: 16176.162 s. Mean Reward: -1.621. Std of Reward: 25.342. Training.
[INFO] Rocket. Step: 17720000. Time Elapsed: 16198.538 s. Mean Reward: -11.514. Std of Reward: 24.800. Training.
[INFO] Rocket. Step: 17740000. Time Elapsed: 16216.721 s. Mean Reward: -6.494. Std of Reward: 26.660. Training.
[INFO] Rocket. Step: 17760000. Time Elapsed: 16236.554 s. Mean Reward: -6.709. Std of Reward: 24.776. Training.
[INFO] Rocket. Step: 17780000. Time Elapsed: 16253.753 s. Mean Reward: -1.904. Std of Reward: 23.825. Training.
[INFO] Rocket. Step: 17800000. Time Elapsed: 16277.629 s. Mean Reward: -7.489. Std of Reward: 25.990. Training.
[INFO] Rocket. Step: 17820000. Time Elapsed: 16295.684 s. Mean Reward: -3.720. Std of Reward: 25.863. Training.
[INFO] Rocket. Step: 17840000. Time Elapsed: 16317.569 s. Mean Reward: -5.035. Std of Reward: 25.801. Training.
[INFO] Rocket. Step: 17860000. Time Elapsed: 16333.452 s. Mean Reward: -10.602. Std of Reward: 25.365. Training.
[INFO] Rocket. Step: 17880000. Time Elapsed: 16356.419 s. Mean Reward: -9.615. Std of Reward: 22.835. Training.
[INFO] Rocket. Step: 17900000. Time Elapsed: 16372.052 s. Mean Reward: -6.943. Std of Reward: 24.216. Training.
[INFO] Rocket. Step: 17920000. Time Elapsed: 16396.368 s. Mean Reward: -7.870. Std of Reward: 25.651. Training.
[INFO] Rocket. Step: 17940000. Time Elapsed: 16414.535 s. Mean Reward: -2.401. Std of Reward: 22.777. Training.
[INFO] Rocket. Step: 17960000. Time Elapsed: 16438.183 s. Mean Reward: 2.184. Std of Reward: 22.870. Training.
[INFO] Rocket. Step: 17980000. Time Elapsed: 16453.285 s. Mean Reward: -8.380. Std of Reward: 24.878. Training.
[INFO] Rocket. Step: 18000000. Time Elapsed: 16475.552 s. Mean Reward: -0.326. Std of Reward: 22.829. Training.
[INFO] Exported results\L10\Rocket\Rocket-17999725.onnx
[INFO] Rocket. Step: 18020000. Time Elapsed: 16492.705 s. Mean Reward: -3.875. Std of Reward: 24.316. Training.
[INFO] Rocket. Step: 18040000. Time Elapsed: 16515.299 s. Mean Reward: -6.801. Std of Reward: 26.873. Training.
[INFO] Rocket. Step: 18060000. Time Elapsed: 16531.058 s. Mean Reward: -6.735. Std of Reward: 23.903. Training.
[INFO] Rocket. Step: 18080000. Time Elapsed: 16547.602 s. Mean Reward: -3.328. Std of Reward: 23.412. Training.
[INFO] Rocket. Step: 18100000. Time Elapsed: 16569.707 s. Mean Reward: 2.497. Std of Reward: 21.628. Training.
[INFO] Rocket. Step: 18120000. Time Elapsed: 16586.081 s. Mean Reward: -7.404. Std of Reward: 23.744. Training.
[INFO] Rocket. Step: 18140000. Time Elapsed: 16609.118 s. Mean Reward: -5.161. Std of Reward: 23.615. Training.
[INFO] Rocket. Step: 18160000. Time Elapsed: 16625.099 s. Mean Reward: -3.070. Std of Reward: 24.270. Training.
[INFO] Rocket. Step: 18180000. Time Elapsed: 16646.721 s. Mean Reward: -6.243. Std of Reward: 25.134. Training.
[INFO] Rocket. Step: 18200000. Time Elapsed: 16664.858 s. Mean Reward: -4.438. Std of Reward: 26.906. Training.
[INFO] Rocket. Step: 18220000. Time Elapsed: 16686.832 s. Mean Reward: 1.643. Std of Reward: 21.295. Training.
[INFO] Rocket. Step: 18240000. Time Elapsed: 16703.307 s. Mean Reward: -0.420. Std of Reward: 23.688. Training.
[INFO] Rocket. Step: 18260000. Time Elapsed: 16725.733 s. Mean Reward: 0.441. Std of Reward: 25.534. Training.
[INFO] Rocket. Step: 18280000. Time Elapsed: 16740.487 s. Mean Reward: -0.221. Std of Reward: 21.817. Training.
[INFO] Rocket. Step: 18300000. Time Elapsed: 16763.958 s. Mean Reward: -6.974. Std of Reward: 25.908. Training.
[INFO] Rocket. Step: 18320000. Time Elapsed: 16780.383 s. Mean Reward: -3.377. Std of Reward: 24.002. Training.
[INFO] Rocket. Step: 18340000. Time Elapsed: 16802.344 s. Mean Reward: 1.084. Std of Reward: 23.604. Training.
[INFO] Rocket. Step: 18360000. Time Elapsed: 16818.784 s. Mean Reward: -8.934. Std of Reward: 22.012. Training.
[INFO] Rocket. Step: 18380000. Time Elapsed: 16841.591 s. Mean Reward: -5.403. Std of Reward: 23.831. Training.
[INFO] Rocket. Step: 18400000. Time Elapsed: 16857.114 s. Mean Reward: -8.515. Std of Reward: 25.301. Training.
[INFO] Rocket. Step: 18420000. Time Elapsed: 16879.191 s. Mean Reward: -6.542. Std of Reward: 26.279. Training.
[INFO] Rocket. Step: 18440000. Time Elapsed: 16895.299 s. Mean Reward: -4.933. Std of Reward: 26.809. Training.
[INFO] Rocket. Step: 18460000. Time Elapsed: 16917.708 s. Mean Reward: -8.570. Std of Reward: 23.957. Training.
[INFO] Rocket. Step: 18480000. Time Elapsed: 16934.257 s. Mean Reward: -9.228. Std of Reward: 26.562. Training.
[INFO] Rocket. Step: 18500000. Time Elapsed: 16956.406 s. Mean Reward: -9.404. Std of Reward: 24.060. Training.
[INFO] Exported results\L10\Rocket\Rocket-18499550.onnx
[INFO] Rocket. Step: 18520000. Time Elapsed: 16972.784 s. Mean Reward: -5.747. Std of Reward: 25.275. Training.
[INFO] Rocket. Step: 18540000. Time Elapsed: 16994.571 s. Mean Reward: -5.503. Std of Reward: 26.342. Training.
[INFO] Rocket. Step: 18560000. Time Elapsed: 17011.606 s. Mean Reward: 2.900. Std of Reward: 21.492. Training.
[INFO] Rocket. Step: 18580000. Time Elapsed: 17034.619 s. Mean Reward: 2.457. Std of Reward: 20.715. Training.
[INFO] Rocket. Step: 18600000. Time Elapsed: 17049.942 s. Mean Reward: -7.184. Std of Reward: 25.895. Training.
[INFO] Rocket. Step: 18620000. Time Elapsed: 17073.527 s. Mean Reward: -3.874. Std of Reward: 25.480. Training.
[INFO] Rocket. Step: 18640000. Time Elapsed: 17089.728 s. Mean Reward: -1.208. Std of Reward: 22.018. Training.
[INFO] Rocket. Step: 18660000. Time Elapsed: 17112.927 s. Mean Reward: -0.221. Std of Reward: 25.545. Training.
[INFO] Rocket. Step: 18680000. Time Elapsed: 17128.769 s. Mean Reward: 1.426. Std of Reward: 22.180. Training.
[INFO] Rocket. Step: 18700000. Time Elapsed: 17152.895 s. Mean Reward: -1.609. Std of Reward: 23.243. Training.
[INFO] Rocket. Step: 18720000. Time Elapsed: 17168.346 s. Mean Reward: -1.186. Std of Reward: 25.640. Training.
[INFO] Rocket. Step: 18740000. Time Elapsed: 17185.776 s. Mean Reward: 1.682. Std of Reward: 22.876. Training.
[INFO] Rocket. Step: 18760000. Time Elapsed: 17207.479 s. Mean Reward: 7.280. Std of Reward: 20.322. Training.
[INFO] Rocket. Step: 18780000. Time Elapsed: 17224.634 s. Mean Reward: 4.203. Std of Reward: 20.524. Training.
[INFO] Rocket. Step: 18800000. Time Elapsed: 17246.796 s. Mean Reward: -4.704. Std of Reward: 23.342. Training.
[INFO] Rocket. Step: 18820000. Time Elapsed: 17264.009 s. Mean Reward: -3.949. Std of Reward: 23.348. Training.
[INFO] Rocket. Step: 18840000. Time Elapsed: 17286.625 s. Mean Reward: 2.978. Std of Reward: 21.074. Training.
[INFO] Rocket. Step: 18860000. Time Elapsed: 17303.328 s. Mean Reward: 3.469. Std of Reward: 21.678. Training.
[INFO] Rocket. Step: 18880000. Time Elapsed: 17325.260 s. Mean Reward: -6.717. Std of Reward: 24.120. Training.
[INFO] Rocket. Step: 18900000. Time Elapsed: 17340.401 s. Mean Reward: -6.427. Std of Reward: 27.532. Training.
[INFO] Rocket. Step: 18920000. Time Elapsed: 17366.203 s. Mean Reward: -7.489. Std of Reward: 27.569. Training.
[INFO] Rocket. Step: 18940000. Time Elapsed: 17382.498 s. Mean Reward: -2.402. Std of Reward: 23.867. Training.
[INFO] Rocket. Step: 18960000. Time Elapsed: 17404.918 s. Mean Reward: 0.643. Std of Reward: 21.658. Training.
[INFO] Rocket. Step: 18980000. Time Elapsed: 17422.031 s. Mean Reward: 2.862. Std of Reward: 23.493. Training.
[INFO] Rocket. Step: 19000000. Time Elapsed: 17443.799 s. Mean Reward: 4.834. Std of Reward: 20.129. Training.
[INFO] Exported results\L10\Rocket\Rocket-18999529.onnx
[INFO] Rocket. Step: 19020000. Time Elapsed: 17461.320 s. Mean Reward: 5.685. Std of Reward: 20.328. Training.
[INFO] Rocket. Step: 19040000. Time Elapsed: 17484.423 s. Mean Reward: 1.202. Std of Reward: 23.538. Training.
[INFO] Rocket. Step: 19060000. Time Elapsed: 17500.445 s. Mean Reward: 8.282. Std of Reward: 20.167. Training.
[INFO] Rocket. Step: 19080000. Time Elapsed: 17523.113 s. Mean Reward: -2.997. Std of Reward: 24.467. Training.
[INFO] Rocket. Step: 19100000. Time Elapsed: 17540.252 s. Mean Reward: -0.637. Std of Reward: 23.053. Training.
[INFO] Rocket. Step: 19120000. Time Elapsed: 17562.166 s. Mean Reward: -5.344. Std of Reward: 25.802. Training.
[INFO] Rocket. Step: 19140000. Time Elapsed: 17578.159 s. Mean Reward: -10.548. Std of Reward: 23.404. Training.
[INFO] Rocket. Step: 19160000. Time Elapsed: 17600.576 s. Mean Reward: 1.549. Std of Reward: 23.205. Training.
[INFO] Rocket. Step: 19180000. Time Elapsed: 17616.908 s. Mean Reward: -4.874. Std of Reward: 24.634. Training.
[INFO] Rocket. Step: 19200000. Time Elapsed: 17640.324 s. Mean Reward: 0.102. Std of Reward: 22.710. Training.
[INFO] Rocket. Step: 19220000. Time Elapsed: 17657.543 s. Mean Reward: 2.808. Std of Reward: 23.605. Training.
[INFO] Rocket. Step: 19240000. Time Elapsed: 17678.580 s. Mean Reward: -0.805. Std of Reward: 23.485. Training.
[INFO] Rocket. Step: 19260000. Time Elapsed: 17695.471 s. Mean Reward: 4.110. Std of Reward: 21.503. Training.
[INFO] Rocket. Step: 19280000. Time Elapsed: 17718.060 s. Mean Reward: 2.774. Std of Reward: 21.466. Training.
[INFO] Rocket. Step: 19300000. Time Elapsed: 17735.365 s. Mean Reward: 8.233. Std of Reward: 17.357. Training.
[INFO] Rocket. Step: 19320000. Time Elapsed: 17758.157 s. Mean Reward: 1.011. Std of Reward: 25.043. Training.
[INFO] Rocket. Step: 19340000. Time Elapsed: 17772.919 s. Mean Reward: -0.358. Std of Reward: 22.414. Training.
[INFO] Rocket. Step: 19360000. Time Elapsed: 17790.223 s. Mean Reward: 7.021. Std of Reward: 17.754. Training.
[INFO] Rocket. Step: 19380000. Time Elapsed: 17812.620 s. Mean Reward: -1.846. Std of Reward: 26.856. Training.
[INFO] Rocket. Step: 19400000. Time Elapsed: 17828.694 s. Mean Reward: -1.419. Std of Reward: 22.905. Training.
[INFO] Rocket. Step: 19420000. Time Elapsed: 17851.795 s. Mean Reward: 7.476. Std of Reward: 18.759. Training.
[INFO] Rocket. Step: 19440000. Time Elapsed: 17867.782 s. Mean Reward: -0.759. Std of Reward: 24.640. Training.
[INFO] Rocket. Step: 19460000. Time Elapsed: 17891.357 s. Mean Reward: 6.992. Std of Reward: 19.567. Training.
[INFO] Rocket. Step: 19480000. Time Elapsed: 17907.845 s. Mean Reward: 9.701. Std of Reward: 18.565. Training.
[INFO] Rocket. Step: 19500000. Time Elapsed: 17929.781 s. Mean Reward: -2.901. Std of Reward: 24.508. Training.
[INFO] Exported results\L10\Rocket\Rocket-19499763.onnx
[INFO] Rocket. Step: 19520000. Time Elapsed: 17947.059 s. Mean Reward: -3.424. Std of Reward: 25.742. Training.
[INFO] Rocket. Step: 19540000. Time Elapsed: 17969.931 s. Mean Reward: 4.441. Std of Reward: 21.372. Training.
[INFO] Rocket. Step: 19560000. Time Elapsed: 17986.466 s. Mean Reward: 2.639. Std of Reward: 23.380. Training.
[INFO] Rocket. Step: 19580000. Time Elapsed: 18009.128 s. Mean Reward: 4.528. Std of Reward: 22.728. Training.
[INFO] Rocket. Step: 19600000. Time Elapsed: 18024.358 s. Mean Reward: 1.772. Std of Reward: 23.678. Training.
[INFO] Rocket. Step: 19620000. Time Elapsed: 18048.119 s. Mean Reward: 2.003. Std of Reward: 22.495. Training.
[INFO] Rocket. Step: 19640000. Time Elapsed: 18063.758 s. Mean Reward: 6.218. Std of Reward: 20.627. Training.
[INFO] Rocket. Step: 19660000. Time Elapsed: 18086.812 s. Mean Reward: -0.570. Std of Reward: 23.336. Training.
[INFO] Rocket. Step: 19680000. Time Elapsed: 18103.095 s. Mean Reward: 1.161. Std of Reward: 24.056. Training.
[INFO] Rocket. Step: 19700000. Time Elapsed: 18126.021 s. Mean Reward: -1.426. Std of Reward: 23.141. Training.
[INFO] Rocket. Step: 19720000. Time Elapsed: 18141.364 s. Mean Reward: 8.704. Std of Reward: 18.542. Training.
[INFO] Rocket. Step: 19740000. Time Elapsed: 18165.481 s. Mean Reward: 2.914. Std of Reward: 22.617. Training.
[INFO] Rocket. Step: 19760000. Time Elapsed: 18181.825 s. Mean Reward: -1.046. Std of Reward: 25.211. Training.
[INFO] Rocket. Step: 19780000. Time Elapsed: 18204.872 s. Mean Reward: 4.148. Std of Reward: 21.055. Training.
[INFO] Rocket. Step: 19800000. Time Elapsed: 18219.026 s. Mean Reward: -3.624. Std of Reward: 22.424. Training.
[INFO] Rocket. Step: 19820000. Time Elapsed: 18243.421 s. Mean Reward: 0.086. Std of Reward: 24.589. Training.
[INFO] Rocket. Step: 19840000. Time Elapsed: 18259.086 s. Mean Reward: 2.241. Std of Reward: 24.020. Training.
[INFO] Rocket. Step: 19860000. Time Elapsed: 18281.612 s. Mean Reward: -1.064. Std of Reward: 23.239. Training.
[INFO] Rocket. Step: 19880000. Time Elapsed: 18297.343 s. Mean Reward: -1.356. Std of Reward: 25.406. Training.
[INFO] Rocket. Step: 19900000. Time Elapsed: 18320.039 s. Mean Reward: 0.758. Std of Reward: 22.266. Training.
[INFO] Rocket. Step: 19920000. Time Elapsed: 18337.692 s. Mean Reward: 4.121. Std of Reward: 21.776. Training.
[INFO] Rocket. Step: 19940000. Time Elapsed: 18359.586 s. Mean Reward: 6.983. Std of Reward: 21.192. Training.
[INFO] Rocket. Step: 19960000. Time Elapsed: 18377.013 s. Mean Reward: 5.436. Std of Reward: 20.278. Training.
[INFO] Rocket. Step: 19980000. Time Elapsed: 18399.497 s. Mean Reward: 7.653. Std of Reward: 19.322. Training.
[INFO] Rocket. Step: 20000000. Time Elapsed: 18415.363 s. Mean Reward: -4.567. Std of Reward: 24.049. Training.
[INFO] Exported results\L10\Rocket\Rocket-19999934.onnx
[INFO] Rocket. Step: 20020000. Time Elapsed: 18431.723 s. Mean Reward: 5.803. Std of Reward: 21.417. Training.
[INFO] Rocket. Step: 20040000. Time Elapsed: 18453.696 s. Mean Reward: 4.920. Std of Reward: 20.001. Training.
[INFO] Rocket. Step: 20060000. Time Elapsed: 18470.732 s. Mean Reward: 8.992. Std of Reward: 18.234. Training.
[INFO] Rocket. Step: 20080000. Time Elapsed: 18493.596 s. Mean Reward: 1.833. Std of Reward: 23.464. Training.
[INFO] Rocket. Step: 20100000. Time Elapsed: 18509.901 s. Mean Reward: 4.719. Std of Reward: 20.510. Training.
[INFO] Rocket. Step: 20120000. Time Elapsed: 18532.628 s. Mean Reward: -0.615. Std of Reward: 23.418. Training.
[INFO] Rocket. Step: 20140000. Time Elapsed: 18549.275 s. Mean Reward: 8.947. Std of Reward: 19.031. Training.
[INFO] Rocket. Step: 20160000. Time Elapsed: 18571.809 s. Mean Reward: 0.171. Std of Reward: 22.987. Training.
[INFO] Rocket. Step: 20180000. Time Elapsed: 18587.843 s. Mean Reward: 1.257. Std of Reward: 23.836. Training.
[INFO] Rocket. Step: 20200000. Time Elapsed: 18610.825 s. Mean Reward: 1.853. Std of Reward: 22.653. Training.
[INFO] Rocket. Step: 20220000. Time Elapsed: 18626.584 s. Mean Reward: 6.449. Std of Reward: 19.456. Training.
[INFO] Rocket. Step: 20240000. Time Elapsed: 18651.237 s. Mean Reward: 9.667. Std of Reward: 17.402. Training.
[INFO] Rocket. Step: 20260000. Time Elapsed: 18666.644 s. Mean Reward: 3.114. Std of Reward: 24.710. Training.
[INFO] Rocket. Step: 20280000. Time Elapsed: 18688.534 s. Mean Reward: -3.387. Std of Reward: 24.890. Training.
[INFO] Rocket. Step: 20300000. Time Elapsed: 18705.833 s. Mean Reward: 7.550. Std of Reward: 22.382. Training.
[INFO] Rocket. Step: 20320000. Time Elapsed: 18729.310 s. Mean Reward: 5.599. Std of Reward: 22.419. Training.
[INFO] Rocket. Step: 20340000. Time Elapsed: 18744.664 s. Mean Reward: -2.820. Std of Reward: 25.053. Training.
[INFO] Rocket. Step: 20360000. Time Elapsed: 18768.219 s. Mean Reward: -6.153. Std of Reward: 26.687. Training.
[INFO] Rocket. Step: 20380000. Time Elapsed: 18783.686 s. Mean Reward: 3.422. Std of Reward: 20.795. Training.
[INFO] Rocket. Step: 20400000. Time Elapsed: 18806.973 s. Mean Reward: 1.181. Std of Reward: 24.497. Training.
[INFO] Rocket. Step: 20420000. Time Elapsed: 18823.346 s. Mean Reward: -1.736. Std of Reward: 24.917. Training.
[INFO] Rocket. Step: 20440000. Time Elapsed: 18846.217 s. Mean Reward: 4.492. Std of Reward: 25.067. Training.
[INFO] Rocket. Step: 20460000. Time Elapsed: 18861.414 s. Mean Reward: -3.747. Std of Reward: 22.796. Training.
[INFO] Rocket. Step: 20480000. Time Elapsed: 18884.501 s. Mean Reward: 3.993. Std of Reward: 21.005. Training.
[INFO] Rocket. Step: 20500000. Time Elapsed: 18900.283 s. Mean Reward: -2.023. Std of Reward: 23.455. Training.
[INFO] Exported results\L10\Rocket\Rocket-20499483.onnx
[INFO] Rocket. Step: 20520000. Time Elapsed: 18923.185 s. Mean Reward: -2.115. Std of Reward: 24.219. Training.
[INFO] Rocket. Step: 20540000. Time Elapsed: 18941.202 s. Mean Reward: 4.519. Std of Reward: 21.701. Training.
[INFO] Rocket. Step: 20560000. Time Elapsed: 18964.282 s. Mean Reward: 5.897. Std of Reward: 19.862. Training.
[INFO] Rocket. Step: 20580000. Time Elapsed: 18979.598 s. Mean Reward: -3.523. Std of Reward: 25.976. Training.
[INFO] Rocket. Step: 20600000. Time Elapsed: 19004.059 s. Mean Reward: 7.740. Std of Reward: 18.277. Training.
[INFO] Rocket. Step: 20620000. Time Elapsed: 19019.629 s. Mean Reward: 2.259. Std of Reward: 23.694. Training.
[INFO] Rocket. Step: 20640000. Time Elapsed: 19043.391 s. Mean Reward: 8.396. Std of Reward: 19.226. Training.
[INFO] Rocket. Step: 20660000. Time Elapsed: 19057.881 s. Mean Reward: 4.847. Std of Reward: 21.808. Training.
[INFO] Rocket. Step: 20680000. Time Elapsed: 19075.253 s. Mean Reward: -0.325. Std of Reward: 22.341. Training.
[INFO] Rocket. Step: 20700000. Time Elapsed: 19097.925 s. Mean Reward: 3.398. Std of Reward: 23.006. Training.
[INFO] Rocket. Step: 20720000. Time Elapsed: 19114.622 s. Mean Reward: 4.038. Std of Reward: 23.089. Training.
[INFO] Rocket. Step: 20740000. Time Elapsed: 19136.656 s. Mean Reward: 0.854. Std of Reward: 20.713. Training.
[INFO] Rocket. Step: 20760000. Time Elapsed: 19153.944 s. Mean Reward: 0.700. Std of Reward: 26.123. Training.
[INFO] Rocket. Step: 20780000. Time Elapsed: 19175.530 s. Mean Reward: 6.974. Std of Reward: 19.153. Training.
[INFO] Rocket. Step: 20800000. Time Elapsed: 19192.221 s. Mean Reward: 7.544. Std of Reward: 19.260. Training.
[INFO] Rocket. Step: 20820000. Time Elapsed: 19215.335 s. Mean Reward: -5.196. Std of Reward: 24.121. Training.
[INFO] Rocket. Step: 20840000. Time Elapsed: 19230.817 s. Mean Reward: 5.278. Std of Reward: 19.820. Training.
[INFO] Rocket. Step: 20860000. Time Elapsed: 19253.999 s. Mean Reward: 8.221. Std of Reward: 19.331. Training.
[INFO] Rocket. Step: 20880000. Time Elapsed: 19271.639 s. Mean Reward: 5.661. Std of Reward: 21.708. Training.
[INFO] Rocket. Step: 20900000. Time Elapsed: 19293.742 s. Mean Reward: -2.793. Std of Reward: 25.760. Training.
[INFO] Rocket. Step: 20920000. Time Elapsed: 19310.815 s. Mean Reward: 1.448. Std of Reward: 23.073. Training.
[INFO] Rocket. Step: 20940000. Time Elapsed: 19333.071 s. Mean Reward: 12.395. Std of Reward: 15.197. Training.
[INFO] Rocket. Step: 20960000. Time Elapsed: 19350.433 s. Mean Reward: 13.038. Std of Reward: 16.835. Training.
[INFO] Rocket. Step: 20980000. Time Elapsed: 19373.579 s. Mean Reward: 6.873. Std of Reward: 19.735. Training.
[INFO] Rocket. Step: 21000000. Time Elapsed: 19388.627 s. Mean Reward: 3.989. Std of Reward: 23.374. Training.
[INFO] Exported results\L10\Rocket\Rocket-20999726.onnx
[INFO] Rocket. Step: 21020000. Time Elapsed: 19411.677 s. Mean Reward: 0.691. Std of Reward: 25.869. Training.
[INFO] Rocket. Step: 21040000. Time Elapsed: 19428.825 s. Mean Reward: 3.054. Std of Reward: 25.393. Training.
[INFO] Rocket. Step: 21060000. Time Elapsed: 19451.159 s. Mean Reward: 11.258. Std of Reward: 16.924. Training.
[INFO] Rocket. Step: 21080000. Time Elapsed: 19468.516 s. Mean Reward: 1.059. Std of Reward: 22.655. Training.
[INFO] Rocket. Step: 21100000. Time Elapsed: 19491.451 s. Mean Reward: 5.646. Std of Reward: 19.261. Training.
[INFO] Rocket. Step: 21120000. Time Elapsed: 19507.152 s. Mean Reward: 12.889. Std of Reward: 13.375. Training.
[INFO] Rocket. Step: 21140000. Time Elapsed: 19530.387 s. Mean Reward: 7.282. Std of Reward: 19.757. Training.
[INFO] Rocket. Step: 21160000. Time Elapsed: 19547.203 s. Mean Reward: 9.235. Std of Reward: 18.734. Training.
[INFO] Rocket. Step: 21180000. Time Elapsed: 19570.644 s. Mean Reward: 7.620. Std of Reward: 20.321. Training.
[INFO] Rocket. Step: 21200000. Time Elapsed: 19588.361 s. Mean Reward: 6.005. Std of Reward: 21.394. Training.
[INFO] Rocket. Step: 21220000. Time Elapsed: 19610.314 s. Mean Reward: 11.416. Std of Reward: 15.869. Training.
[INFO] Rocket. Step: 21240000. Time Elapsed: 19626.449 s. Mean Reward: 5.425. Std of Reward: 20.805. Training.
[INFO] Rocket. Step: 21260000. Time Elapsed: 19650.704 s. Mean Reward: 7.201. Std of Reward: 21.840. Training.
[INFO] Rocket. Step: 21280000. Time Elapsed: 19667.206 s. Mean Reward: 4.013. Std of Reward: 21.766. Training.
[INFO] Rocket. Step: 21300000. Time Elapsed: 19683.575 s. Mean Reward: 6.679. Std of Reward: 21.072. Training.
[INFO] Rocket. Step: 21320000. Time Elapsed: 19705.717 s. Mean Reward: -2.766. Std of Reward: 25.055. Training.
[INFO] Rocket. Step: 21340000. Time Elapsed: 19722.173 s. Mean Reward: 2.580. Std of Reward: 23.457. Training.
[INFO] Rocket. Step: 21360000. Time Elapsed: 19744.275 s. Mean Reward: 7.980. Std of Reward: 19.596. Training.
[INFO] Rocket. Step: 21380000. Time Elapsed: 19761.048 s. Mean Reward: 4.015. Std of Reward: 21.911. Training.
[INFO] Rocket. Step: 21400000. Time Elapsed: 19784.280 s. Mean Reward: 4.559. Std of Reward: 21.025. Training.
[INFO] Rocket. Step: 21420000. Time Elapsed: 19800.697 s. Mean Reward: 2.733. Std of Reward: 22.315. Training.
[INFO] Rocket. Step: 21440000. Time Elapsed: 19824.059 s. Mean Reward: 7.026. Std of Reward: 21.620. Training.
[INFO] Rocket. Step: 21460000. Time Elapsed: 19839.562 s. Mean Reward: 4.498. Std of Reward: 21.416. Training.
[INFO] Rocket. Step: 21480000. Time Elapsed: 19862.819 s. Mean Reward: 3.319. Std of Reward: 24.269. Training.
[INFO] Rocket. Step: 21500000. Time Elapsed: 19878.541 s. Mean Reward: 6.636. Std of Reward: 22.031. Training.
[INFO] Exported results\L10\Rocket\Rocket-21499438.onnx
[INFO] Rocket. Step: 21520000. Time Elapsed: 19902.069 s. Mean Reward: 10.257. Std of Reward: 16.389. Training.
[INFO] Rocket. Step: 21540000. Time Elapsed: 19917.948 s. Mean Reward: 3.552. Std of Reward: 22.220. Training.
[INFO] Rocket. Step: 21560000. Time Elapsed: 19939.500 s. Mean Reward: -0.025. Std of Reward: 25.437. Training.
[INFO] Rocket. Step: 21580000. Time Elapsed: 19956.549 s. Mean Reward: 4.457. Std of Reward: 21.259. Training.
[INFO] Rocket. Step: 21600000. Time Elapsed: 19978.552 s. Mean Reward: -2.908. Std of Reward: 27.474. Training.
[INFO] Rocket. Step: 21620000. Time Elapsed: 19995.010 s. Mean Reward: 2.161. Std of Reward: 21.597. Training.
[INFO] Rocket. Step: 21640000. Time Elapsed: 20017.749 s. Mean Reward: 8.127. Std of Reward: 18.903. Training.
[INFO] Rocket. Step: 21660000. Time Elapsed: 20035.226 s. Mean Reward: 4.745. Std of Reward: 20.678. Training.
[INFO] Rocket. Step: 21680000. Time Elapsed: 20057.477 s. Mean Reward: 3.222. Std of Reward: 24.631. Training.
[INFO] Rocket. Step: 21700000. Time Elapsed: 20074.668 s. Mean Reward: 6.185. Std of Reward: 19.577. Training.
[INFO] Rocket. Step: 21720000. Time Elapsed: 20097.104 s. Mean Reward: 9.475. Std of Reward: 19.281. Training.
[INFO] Rocket. Step: 21740000. Time Elapsed: 20114.053 s. Mean Reward: -5.973. Std of Reward: 24.908. Training.
[INFO] Rocket. Step: 21760000. Time Elapsed: 20137.345 s. Mean Reward: 6.339. Std of Reward: 21.607. Training.
[INFO] Rocket. Step: 21780000. Time Elapsed: 20153.054 s. Mean Reward: 5.714. Std of Reward: 24.291. Training.
[INFO] Rocket. Step: 21800000. Time Elapsed: 20175.094 s. Mean Reward: 3.209. Std of Reward: 25.478. Training.
[INFO] Rocket. Step: 21820000. Time Elapsed: 20191.654 s. Mean Reward: 8.884. Std of Reward: 21.505. Training.
[INFO] Rocket. Step: 21840000. Time Elapsed: 20215.529 s. Mean Reward: 2.139. Std of Reward: 24.507. Training.
[INFO] Rocket. Step: 21860000. Time Elapsed: 20231.299 s. Mean Reward: 6.785. Std of Reward: 19.616. Training.
[INFO] Rocket. Step: 21880000. Time Elapsed: 20254.837 s. Mean Reward: 4.629. Std of Reward: 20.047. Training.
[INFO] Rocket. Step: 21900000. Time Elapsed: 20271.302 s. Mean Reward: -1.437. Std of Reward: 26.034. Training.
[INFO] Rocket. Step: 21920000. Time Elapsed: 20295.024 s. Mean Reward: -0.326. Std of Reward: 23.645. Training.
[INFO] Rocket. Step: 21940000. Time Elapsed: 20310.726 s. Mean Reward: 7.635. Std of Reward: 18.874. Training.
[INFO] Rocket. Step: 21960000. Time Elapsed: 20327.657 s. Mean Reward: 10.537. Std of Reward: 18.294. Training.
[INFO] Rocket. Step: 21980000. Time Elapsed: 20348.922 s. Mean Reward: 4.421. Std of Reward: 27.108. Training.
[INFO] Rocket. Step: 22000000. Time Elapsed: 20367.608 s. Mean Reward: 6.366. Std of Reward: 22.605. Training.
[INFO] Exported results\L10\Rocket\Rocket-21999242.onnx
[INFO] Rocket. Step: 22020000. Time Elapsed: 20389.708 s. Mean Reward: 4.585. Std of Reward: 23.445. Training.
[INFO] Rocket. Step: 22040000. Time Elapsed: 20407.410 s. Mean Reward: 2.917. Std of Reward: 24.799. Training.
[INFO] Rocket. Step: 22060000. Time Elapsed: 20429.508 s. Mean Reward: 7.595. Std of Reward: 20.071. Training.
[INFO] Rocket. Step: 22080000. Time Elapsed: 20444.610 s. Mean Reward: 8.097. Std of Reward: 23.279. Training.
[INFO] Rocket. Step: 22100000. Time Elapsed: 20468.335 s. Mean Reward: 11.965. Std of Reward: 16.205. Training.
[INFO] Rocket. Step: 22120000. Time Elapsed: 20485.665 s. Mean Reward: 6.636. Std of Reward: 23.365. Training.
[INFO] Rocket. Step: 22140000. Time Elapsed: 20508.986 s. Mean Reward: 11.506. Std of Reward: 17.690. Training.
[INFO] Rocket. Step: 22160000. Time Elapsed: 20524.016 s. Mean Reward: 7.710. Std of Reward: 20.056. Training.
[INFO] Rocket. Step: 22180000. Time Elapsed: 20548.444 s. Mean Reward: 4.025. Std of Reward: 21.675. Training.
[INFO] Rocket. Step: 22200000. Time Elapsed: 20563.866 s. Mean Reward: 6.398. Std of Reward: 19.934. Training.
[INFO] Rocket. Step: 22220000. Time Elapsed: 20586.220 s. Mean Reward: 3.391. Std of Reward: 21.939. Training.
[INFO] Rocket. Step: 22240000. Time Elapsed: 20603.839 s. Mean Reward: 7.131. Std of Reward: 20.374. Training.
[INFO] Rocket. Step: 22260000. Time Elapsed: 20626.086 s. Mean Reward: 7.246. Std of Reward: 19.661. Training.
[INFO] Rocket. Step: 22280000. Time Elapsed: 20642.631 s. Mean Reward: 4.241. Std of Reward: 21.408. Training.
[INFO] Rocket. Step: 22300000. Time Elapsed: 20665.372 s. Mean Reward: 5.734. Std of Reward: 21.585. Training.
[INFO] Rocket. Step: 22320000. Time Elapsed: 20681.534 s. Mean Reward: 14.453. Std of Reward: 13.573. Training.
[INFO] Rocket. Step: 22340000. Time Elapsed: 20704.894 s. Mean Reward: 11.349. Std of Reward: 15.899. Training.
[INFO] Rocket. Step: 22360000. Time Elapsed: 20721.852 s. Mean Reward: 10.851. Std of Reward: 18.576. Training.
[INFO] Rocket. Step: 22380000. Time Elapsed: 20744.208 s. Mean Reward: 11.315. Std of Reward: 17.545. Training.
[INFO] Rocket. Step: 22400000. Time Elapsed: 20761.412 s. Mean Reward: 7.058. Std of Reward: 22.819. Training.
[INFO] Rocket. Step: 22420000. Time Elapsed: 20783.952 s. Mean Reward: 3.731. Std of Reward: 22.030. Training.
[INFO] Rocket. Step: 22440000. Time Elapsed: 20799.125 s. Mean Reward: 10.192. Std of Reward: 19.386. Training.
[INFO] Rocket. Step: 22460000. Time Elapsed: 20822.757 s. Mean Reward: 9.500. Std of Reward: 22.241. Training.
[INFO] Rocket. Step: 22480000. Time Elapsed: 20840.165 s. Mean Reward: 5.131. Std of Reward: 23.286. Training.
[INFO] Rocket. Step: 22500000. Time Elapsed: 20863.286 s. Mean Reward: 10.830. Std of Reward: 20.373. Training.
[INFO] Exported results\L10\Rocket\Rocket-22499675.onnx
[INFO] Rocket. Step: 22520000. Time Elapsed: 20878.620 s. Mean Reward: 11.850. Std of Reward: 17.118. Training.
[INFO] Rocket. Step: 22540000. Time Elapsed: 20895.818 s. Mean Reward: 10.193. Std of Reward: 18.514. Training.
[INFO] Rocket. Step: 22560000. Time Elapsed: 20918.392 s. Mean Reward: 6.157. Std of Reward: 20.588. Training.
[INFO] Rocket. Step: 22580000. Time Elapsed: 20934.307 s. Mean Reward: 12.361. Std of Reward: 16.303. Training.
[INFO] Rocket. Step: 22600000. Time Elapsed: 20957.688 s. Mean Reward: 9.650. Std of Reward: 19.342. Training.
[INFO] Rocket. Step: 22620000. Time Elapsed: 20974.221 s. Mean Reward: 4.465. Std of Reward: 23.613. Training.
[INFO] Rocket. Step: 22640000. Time Elapsed: 20996.101 s. Mean Reward: 5.617. Std of Reward: 22.260. Training.
[INFO] Rocket. Step: 22660000. Time Elapsed: 21013.073 s. Mean Reward: 9.370. Std of Reward: 20.173. Training.
[INFO] Rocket. Step: 22680000. Time Elapsed: 21034.818 s. Mean Reward: 7.271. Std of Reward: 20.301. Training.
[INFO] Rocket. Step: 22700000. Time Elapsed: 21053.998 s. Mean Reward: 9.543. Std of Reward: 19.438. Training.
[INFO] Rocket. Step: 22720000. Time Elapsed: 21074.595 s. Mean Reward: 6.669. Std of Reward: 21.355. Training.
[INFO] Rocket. Step: 22740000. Time Elapsed: 21091.687 s. Mean Reward: 9.993. Std of Reward: 18.746. Training.
[INFO] Rocket. Step: 22760000. Time Elapsed: 21113.800 s. Mean Reward: 7.028. Std of Reward: 21.599. Training.
[INFO] Rocket. Step: 22780000. Time Elapsed: 21132.116 s. Mean Reward: 11.526. Std of Reward: 18.806. Training.
[INFO] Rocket. Step: 22800000. Time Elapsed: 21154.799 s. Mean Reward: 5.217. Std of Reward: 24.251. Training.
[INFO] Rocket. Step: 22820000. Time Elapsed: 21170.575 s. Mean Reward: 8.019. Std of Reward: 19.693. Training.
[INFO] Rocket. Step: 22840000. Time Elapsed: 21193.865 s. Mean Reward: 13.228. Std of Reward: 14.947. Training.
[INFO] Rocket. Step: 22860000. Time Elapsed: 21209.676 s. Mean Reward: 3.311. Std of Reward: 23.435. Training.
[INFO] Rocket. Step: 22880000. Time Elapsed: 21232.782 s. Mean Reward: 8.655. Std of Reward: 19.027. Training.
[INFO] Rocket. Step: 22900000. Time Elapsed: 21248.418 s. Mean Reward: 6.092. Std of Reward: 22.941. Training.
[INFO] Rocket. Step: 22920000. Time Elapsed: 21271.678 s. Mean Reward: 8.373. Std of Reward: 20.868. Training.
[INFO] Rocket. Step: 22940000. Time Elapsed: 21288.729 s. Mean Reward: 3.721. Std of Reward: 22.000. Training.
[INFO] Rocket. Step: 22960000. Time Elapsed: 21311.509 s. Mean Reward: 12.355. Std of Reward: 16.762. Training.
[INFO] Rocket. Step: 22980000. Time Elapsed: 21328.373 s. Mean Reward: 8.789. Std of Reward: 21.840. Training.
[INFO] Rocket. Step: 23000000. Time Elapsed: 21350.792 s. Mean Reward: 5.268. Std of Reward: 24.122. Training.
[INFO] Exported results\L10\Rocket\Rocket-22999824.onnx
[INFO] Rocket. Step: 23020000. Time Elapsed: 21366.768 s. Mean Reward: 9.995. Std of Reward: 18.741. Training.
[INFO] Rocket. Step: 23040000. Time Elapsed: 21389.094 s. Mean Reward: 8.566. Std of Reward: 19.801. Training.
[INFO] Rocket. Step: 23060000. Time Elapsed: 21407.570 s. Mean Reward: 6.200. Std of Reward: 22.033. Training.
[INFO] Rocket. Step: 23080000. Time Elapsed: 21429.963 s. Mean Reward: 12.495. Std of Reward: 14.290. Training.
[INFO] Rocket. Step: 23100000. Time Elapsed: 21446.585 s. Mean Reward: 6.845. Std of Reward: 22.275. Training.
[INFO] Rocket. Step: 23120000. Time Elapsed: 21470.191 s. Mean Reward: 8.597. Std of Reward: 19.988. Training.
[INFO] Rocket. Step: 23140000. Time Elapsed: 21485.287 s. Mean Reward: 8.596. Std of Reward: 19.610. Training.
[INFO] Rocket. Step: 23160000. Time Elapsed: 21508.317 s. Mean Reward: 2.505. Std of Reward: 22.943. Training.
[INFO] Rocket. Step: 23180000. Time Elapsed: 21524.948 s. Mean Reward: 9.222. Std of Reward: 21.354. Training.
[INFO] Rocket. Step: 23200000. Time Elapsed: 21548.137 s. Mean Reward: 2.045. Std of Reward: 24.233. Training.
[INFO] Rocket. Step: 23220000. Time Elapsed: 21564.160 s. Mean Reward: 8.382. Std of Reward: 20.955. Training.
[INFO] Rocket. Step: 23240000. Time Elapsed: 21580.580 s. Mean Reward: 8.208. Std of Reward: 20.873. Training.
[INFO] Rocket. Step: 23260000. Time Elapsed: 21603.153 s. Mean Reward: 17.188. Std of Reward: 9.113. Training.
[INFO] Rocket. Step: 23280000. Time Elapsed: 21620.027 s. Mean Reward: 16.294. Std of Reward: 14.046. Training.
[INFO] Rocket. Step: 23300000. Time Elapsed: 21643.946 s. Mean Reward: 9.400. Std of Reward: 21.349. Training.
[INFO] Rocket. Step: 23320000. Time Elapsed: 21659.914 s. Mean Reward: 6.194. Std of Reward: 20.283. Training.
[INFO] Rocket. Step: 23340000. Time Elapsed: 21683.390 s. Mean Reward: 7.864. Std of Reward: 19.340. Training.
[INFO] Rocket. Step: 23360000. Time Elapsed: 21700.810 s. Mean Reward: 8.827. Std of Reward: 18.636. Training.
[INFO] Rocket. Step: 23380000. Time Elapsed: 21723.501 s. Mean Reward: 11.358. Std of Reward: 18.344. Training.
[INFO] Rocket. Step: 23400000. Time Elapsed: 21740.037 s. Mean Reward: 12.263. Std of Reward: 15.864. Training.
[INFO] Rocket. Step: 23420000. Time Elapsed: 21763.668 s. Mean Reward: 7.976. Std of Reward: 19.989. Training.
[INFO] Rocket. Step: 23440000. Time Elapsed: 21779.588 s. Mean Reward: 5.128. Std of Reward: 23.231. Training.
[INFO] Rocket. Step: 23460000. Time Elapsed: 21803.384 s. Mean Reward: 10.133. Std of Reward: 19.364. Training.
[INFO] Rocket. Step: 23480000. Time Elapsed: 21819.640 s. Mean Reward: 13.319. Std of Reward: 13.659. Training.
[INFO] Rocket. Step: 23500000. Time Elapsed: 21844.004 s. Mean Reward: 5.043. Std of Reward: 25.393. Training.
[INFO] Exported results\L10\Rocket\Rocket-23499625.onnx
[INFO] Rocket. Step: 23520000. Time Elapsed: 21859.410 s. Mean Reward: 8.117. Std of Reward: 23.641. Training.
[INFO] Rocket. Step: 23540000. Time Elapsed: 21882.815 s. Mean Reward: 9.144. Std of Reward: 20.967. Training.
[INFO] Rocket. Step: 23560000. Time Elapsed: 21898.829 s. Mean Reward: 6.031. Std of Reward: 21.714. Training.
[INFO] Rocket. Step: 23580000. Time Elapsed: 21921.644 s. Mean Reward: 11.139. Std of Reward: 17.611. Training.
[INFO] Rocket. Step: 23600000. Time Elapsed: 21938.100 s. Mean Reward: 10.831. Std of Reward: 19.203. Training.
[INFO] Rocket. Step: 23620000. Time Elapsed: 21960.791 s. Mean Reward: 5.200. Std of Reward: 22.672. Training.
[INFO] Rocket. Step: 23640000. Time Elapsed: 21978.625 s. Mean Reward: 7.352. Std of Reward: 21.898. Training.
[INFO] Rocket. Step: 23660000. Time Elapsed: 22001.462 s. Mean Reward: 8.554. Std of Reward: 18.807. Training.
[INFO] Rocket. Step: 23680000. Time Elapsed: 22017.442 s. Mean Reward: 7.835. Std of Reward: 23.179. Training.
[INFO] Rocket. Step: 23700000. Time Elapsed: 22040.508 s. Mean Reward: 10.546. Std of Reward: 19.679. Training.
[INFO] Rocket. Step: 23720000. Time Elapsed: 22055.411 s. Mean Reward: 5.617. Std of Reward: 20.150. Training.
[INFO] Rocket. Step: 23740000. Time Elapsed: 22080.534 s. Mean Reward: 8.013. Std of Reward: 18.844. Training.
[INFO] Rocket. Step: 23760000. Time Elapsed: 22096.876 s. Mean Reward: 11.139. Std of Reward: 19.198. Training.
[INFO] Rocket. Step: 23780000. Time Elapsed: 22119.508 s. Mean Reward: 11.969. Std of Reward: 16.812. Training.
[INFO] Rocket. Step: 23800000. Time Elapsed: 22136.135 s. Mean Reward: 10.438. Std of Reward: 18.445. Training.
[INFO] Rocket. Step: 23820000. Time Elapsed: 22158.458 s. Mean Reward: 5.418. Std of Reward: 20.537. Training.
[INFO] Rocket. Step: 23840000. Time Elapsed: 22174.768 s. Mean Reward: 15.311. Std of Reward: 11.272. Training.
[INFO] Rocket. Step: 23860000. Time Elapsed: 22199.754 s. Mean Reward: 11.484. Std of Reward: 18.382. Training.
[INFO] Rocket. Step: 23880000. Time Elapsed: 22215.157 s. Mean Reward: 11.318. Std of Reward: 17.339. Training.
[INFO] Rocket. Step: 23900000. Time Elapsed: 22231.415 s. Mean Reward: 12.298. Std of Reward: 16.785. Training.
[INFO] Rocket. Step: 23920000. Time Elapsed: 22253.608 s. Mean Reward: 8.946. Std of Reward: 20.660. Training.
[INFO] Rocket. Step: 23940000. Time Elapsed: 22269.953 s. Mean Reward: 9.792. Std of Reward: 20.149. Training.
[INFO] Rocket. Step: 23960000. Time Elapsed: 22293.390 s. Mean Reward: 8.337. Std of Reward: 19.701. Training.
[INFO] Rocket. Step: 23980000. Time Elapsed: 22311.552 s. Mean Reward: 12.232. Std of Reward: 19.343. Training.
[INFO] Rocket. Step: 24000000. Time Elapsed: 22332.904 s. Mean Reward: 11.477. Std of Reward: 16.523. Training.
[INFO] Exported results\L10\Rocket\Rocket-23999439.onnx
[INFO] Rocket. Step: 24020000. Time Elapsed: 22349.521 s. Mean Reward: 5.747. Std of Reward: 23.095. Training.
[INFO] Rocket. Step: 24040000. Time Elapsed: 22372.284 s. Mean Reward: 4.544. Std of Reward: 23.785. Training.
[INFO] Rocket. Step: 24060000. Time Elapsed: 22388.853 s. Mean Reward: -0.426. Std of Reward: 26.227. Training.
[INFO] Rocket. Step: 24080000. Time Elapsed: 22411.965 s. Mean Reward: 11.857. Std of Reward: 17.094. Training.
[INFO] Rocket. Step: 24100000. Time Elapsed: 22428.146 s. Mean Reward: 5.119. Std of Reward: 22.528. Training.
[INFO] Rocket. Step: 24120000. Time Elapsed: 22450.791 s. Mean Reward: 4.651. Std of Reward: 20.240. Training.
[INFO] Rocket. Step: 24140000. Time Elapsed: 22468.102 s. Mean Reward: 8.010. Std of Reward: 22.297. Training.
[INFO] Rocket. Step: 24160000. Time Elapsed: 22490.480 s. Mean Reward: 10.276. Std of Reward: 16.490. Training.
[INFO] Rocket. Step: 24180000. Time Elapsed: 22507.265 s. Mean Reward: 8.366. Std of Reward: 19.897. Training.
[INFO] Rocket. Step: 24200000. Time Elapsed: 22529.269 s. Mean Reward: 10.379. Std of Reward: 20.745. Training.
[INFO] Rocket. Step: 24220000. Time Elapsed: 22547.540 s. Mean Reward: 10.737. Std of Reward: 17.669. Training.
[INFO] Rocket. Step: 24240000. Time Elapsed: 22570.897 s. Mean Reward: 10.920. Std of Reward: 14.685. Training.
[INFO] Rocket. Step: 24260000. Time Elapsed: 22585.796 s. Mean Reward: 6.051. Std of Reward: 19.041. Training.
[INFO] Rocket. Step: 24280000. Time Elapsed: 22609.863 s. Mean Reward: 6.511. Std of Reward: 20.092. Training.
[INFO] Rocket. Step: 24300000. Time Elapsed: 22625.807 s. Mean Reward: 6.835. Std of Reward: 21.707. Training.
[INFO] Rocket. Step: 24320000. Time Elapsed: 22648.548 s. Mean Reward: 13.565. Std of Reward: 12.626. Training.
[INFO] Rocket. Step: 24340000. Time Elapsed: 22665.370 s. Mean Reward: 12.758. Std of Reward: 16.061. Training.
[INFO] Rocket. Step: 24360000. Time Elapsed: 22688.777 s. Mean Reward: 2.780. Std of Reward: 21.902. Training.
[INFO] Rocket. Step: 24380000. Time Elapsed: 22704.777 s. Mean Reward: 0.558. Std of Reward: 23.057. Training.
[INFO] Rocket. Step: 24400000. Time Elapsed: 22727.411 s. Mean Reward: 5.479. Std of Reward: 20.300. Training.
[INFO] Rocket. Step: 24420000. Time Elapsed: 22742.979 s. Mean Reward: 6.785. Std of Reward: 20.878. Training.
[INFO] Rocket. Step: 24440000. Time Elapsed: 22766.821 s. Mean Reward: 2.394. Std of Reward: 23.069. Training.
[INFO] Rocket. Step: 24460000. Time Elapsed: 22782.805 s. Mean Reward: 6.686. Std of Reward: 22.191. Training.
[INFO] Rocket. Step: 24480000. Time Elapsed: 22805.765 s. Mean Reward: 6.218. Std of Reward: 21.977. Training.
[INFO] Rocket. Step: 24500000. Time Elapsed: 22821.187 s. Mean Reward: 2.475. Std of Reward: 22.314. Training.
[INFO] Exported results\L10\Rocket\Rocket-24499518.onnx
[INFO] Rocket. Step: 24520000. Time Elapsed: 22846.152 s. Mean Reward: 6.224. Std of Reward: 23.449. Training.
[INFO] Rocket. Step: 24540000. Time Elapsed: 22861.467 s. Mean Reward: 11.958. Std of Reward: 16.828. Training.
[INFO] Rocket. Step: 24560000. Time Elapsed: 22878.351 s. Mean Reward: 12.157. Std of Reward: 15.359. Training.
[INFO] Rocket. Step: 24580000. Time Elapsed: 22901.561 s. Mean Reward: 11.579. Std of Reward: 17.401. Training.
[INFO] Rocket. Step: 24600000. Time Elapsed: 22918.358 s. Mean Reward: 12.225. Std of Reward: 15.492. Training.
[INFO] Rocket. Step: 24620000. Time Elapsed: 22940.356 s. Mean Reward: 12.739. Std of Reward: 16.946. Training.
[INFO] Rocket. Step: 24640000. Time Elapsed: 22957.051 s. Mean Reward: 11.106. Std of Reward: 17.703. Training.
[INFO] Rocket. Step: 24660000. Time Elapsed: 22979.533 s. Mean Reward: 7.379. Std of Reward: 21.313. Training.
[INFO] Rocket. Step: 24680000. Time Elapsed: 22995.204 s. Mean Reward: 3.201. Std of Reward: 20.892. Training.
[INFO] Rocket. Step: 24700000. Time Elapsed: 23019.224 s. Mean Reward: 8.747. Std of Reward: 20.869. Training.
[INFO] Rocket. Step: 24720000. Time Elapsed: 23036.210 s. Mean Reward: 11.727. Std of Reward: 19.839. Training.
[INFO] Rocket. Step: 24740000. Time Elapsed: 23059.348 s. Mean Reward: 14.355. Std of Reward: 14.245. Training.
[INFO] Rocket. Step: 24760000. Time Elapsed: 23075.389 s. Mean Reward: 10.495. Std of Reward: 21.296. Training.
[INFO] Rocket. Step: 24780000. Time Elapsed: 23097.347 s. Mean Reward: 8.839. Std of Reward: 20.018. Training.
[INFO] Rocket. Step: 24800000. Time Elapsed: 23114.368 s. Mean Reward: 7.157. Std of Reward: 19.747. Training.
[INFO] Rocket. Step: 24820000. Time Elapsed: 23138.480 s. Mean Reward: 12.108. Std of Reward: 15.965. Training.
[INFO] Rocket. Step: 24840000. Time Elapsed: 23154.854 s. Mean Reward: 2.884. Std of Reward: 25.051. Training.
[INFO] Rocket. Step: 24860000. Time Elapsed: 23176.381 s. Mean Reward: 8.704. Std of Reward: 20.681. Training.
[INFO] Rocket. Step: 24880000. Time Elapsed: 23193.474 s. Mean Reward: 5.379. Std of Reward: 21.459. Training.
[INFO] Rocket. Step: 24900000. Time Elapsed: 23217.363 s. Mean Reward: 10.011. Std of Reward: 18.936. Training.
[INFO] Rocket. Step: 24920000. Time Elapsed: 23232.749 s. Mean Reward: 5.278. Std of Reward: 21.793. Training.
[INFO] Rocket. Step: 24940000. Time Elapsed: 23256.271 s. Mean Reward: 5.825. Std of Reward: 22.770. Training.
[INFO] Rocket. Step: 24960000. Time Elapsed: 23272.789 s. Mean Reward: 4.928. Std of Reward: 22.177. Training.
[INFO] Rocket. Step: 24980000. Time Elapsed: 23295.182 s. Mean Reward: 4.696. Std of Reward: 21.285. Training.
[INFO] Rocket. Step: 25000000. Time Elapsed: 23311.511 s. Mean Reward: 9.300. Std of Reward: 19.597. Training.
[INFO] Exported results\L10\Rocket\Rocket-24999590.onnx
[INFO] Rocket. Step: 25020000. Time Elapsed: 23334.450 s. Mean Reward: 8.243. Std of Reward: 20.703. Training.
[INFO] Rocket. Step: 25040000. Time Elapsed: 23351.654 s. Mean Reward: 6.571. Std of Reward: 21.049. Training.
[INFO] Rocket. Step: 25060000. Time Elapsed: 23373.927 s. Mean Reward: 4.480. Std of Reward: 23.429. Training.
[INFO] Rocket. Step: 25080000. Time Elapsed: 23390.914 s. Mean Reward: 10.265. Std of Reward: 19.655. Training.
[INFO] Rocket. Step: 25100000. Time Elapsed: 23413.190 s. Mean Reward: 10.239. Std of Reward: 18.004. Training.
[INFO] Rocket. Step: 25120000. Time Elapsed: 23429.998 s. Mean Reward: 1.361. Std of Reward: 28.067. Training.
[INFO] Rocket. Step: 25140000. Time Elapsed: 23452.603 s. Mean Reward: 8.699. Std of Reward: 22.248. Training.
[INFO] Rocket. Step: 25160000. Time Elapsed: 23469.017 s. Mean Reward: 8.091. Std of Reward: 20.548. Training.
[INFO] Rocket. Step: 25180000. Time Elapsed: 23492.351 s. Mean Reward: 7.758. Std of Reward: 19.990. Training.
[INFO] Rocket. Step: 25200000. Time Elapsed: 23507.944 s. Mean Reward: 4.000. Std of Reward: 22.537. Training.
[INFO] Rocket. Step: 25220000. Time Elapsed: 23531.480 s. Mean Reward: 9.278. Std of Reward: 21.760. Training.
[INFO] Rocket. Step: 25240000. Time Elapsed: 23547.276 s. Mean Reward: 10.949. Std of Reward: 19.751. Training.
[INFO] Rocket. Step: 25260000. Time Elapsed: 23563.940 s. Mean Reward: 6.232. Std of Reward: 24.056. Training.
[INFO] Rocket. Step: 25280000. Time Elapsed: 23585.815 s. Mean Reward: 7.810. Std of Reward: 23.538. Training.
[INFO] Rocket. Step: 25300000. Time Elapsed: 23604.172 s. Mean Reward: -0.162. Std of Reward: 24.150. Training.
[INFO] Rocket. Step: 25320000. Time Elapsed: 23626.782 s. Mean Reward: 4.791. Std of Reward: 22.948. Training.
[INFO] Rocket. Step: 25340000. Time Elapsed: 23642.387 s. Mean Reward: 13.025. Std of Reward: 16.545. Training.
[INFO] Rocket. Step: 25360000. Time Elapsed: 23665.935 s. Mean Reward: 9.225. Std of Reward: 18.567. Training.
[INFO] Rocket. Step: 25380000. Time Elapsed: 23682.079 s. Mean Reward: 13.991. Std of Reward: 13.022. Training.
[INFO] Rocket. Step: 25400000. Time Elapsed: 23704.533 s. Mean Reward: 5.485. Std of Reward: 20.578. Training.
[INFO] Rocket. Step: 25420000. Time Elapsed: 23721.937 s. Mean Reward: 15.082. Std of Reward: 12.209. Training.
[INFO] Rocket. Step: 25440000. Time Elapsed: 23745.523 s. Mean Reward: 4.217. Std of Reward: 24.067. Training.
[INFO] Rocket. Step: 25460000. Time Elapsed: 23762.123 s. Mean Reward: 11.875. Std of Reward: 16.089. Training.
[INFO] Rocket. Step: 25480000. Time Elapsed: 23784.538 s. Mean Reward: 10.302. Std of Reward: 21.054. Training.
[INFO] Rocket. Step: 25500000. Time Elapsed: 23800.726 s. Mean Reward: 2.623. Std of Reward: 23.391. Training.
[INFO] Exported results\L10\Rocket\Rocket-25499875.onnx
[INFO] Rocket. Step: 25520000. Time Elapsed: 23822.360 s. Mean Reward: 11.524. Std of Reward: 18.333. Training.
[INFO] Rocket. Step: 25540000. Time Elapsed: 23839.239 s. Mean Reward: 8.036. Std of Reward: 21.419. Training.
[INFO] Rocket. Step: 25560000. Time Elapsed: 23862.174 s. Mean Reward: 8.224. Std of Reward: 23.380. Training.
[INFO] Rocket. Step: 25580000. Time Elapsed: 23878.381 s. Mean Reward: 4.797. Std of Reward: 25.778. Training.
[INFO] Rocket. Step: 25600000. Time Elapsed: 23901.890 s. Mean Reward: 6.654. Std of Reward: 24.339. Training.
[INFO] Rocket. Step: 25620000. Time Elapsed: 23918.372 s. Mean Reward: 2.761. Std of Reward: 23.499. Training.
[INFO] Rocket. Step: 25640000. Time Elapsed: 23941.416 s. Mean Reward: 12.182. Std of Reward: 15.008. Training.
[INFO] Rocket. Step: 25660000. Time Elapsed: 23957.437 s. Mean Reward: 10.600. Std of Reward: 16.001. Training.
[INFO] Rocket. Step: 25680000. Time Elapsed: 23980.112 s. Mean Reward: 8.895. Std of Reward: 18.409. Training.
[INFO] Rocket. Step: 25700000. Time Elapsed: 23996.797 s. Mean Reward: 2.426. Std of Reward: 25.391. Training.
[INFO] Rocket. Step: 25720000. Time Elapsed: 24019.288 s. Mean Reward: 6.873. Std of Reward: 25.646. Training.
[INFO] Rocket. Step: 25740000. Time Elapsed: 24037.236 s. Mean Reward: 2.564. Std of Reward: 22.588. Training.
[INFO] Rocket. Step: 25760000. Time Elapsed: 24058.915 s. Mean Reward: 6.785. Std of Reward: 22.527. Training.
[INFO] Rocket. Step: 25780000. Time Elapsed: 24074.812 s. Mean Reward: 7.464. Std of Reward: 20.565. Training.
[INFO] Rocket. Step: 25800000. Time Elapsed: 24098.679 s. Mean Reward: -0.410. Std of Reward: 26.609. Training.
[INFO] Rocket. Step: 25820000. Time Elapsed: 24113.318 s. Mean Reward: 4.073. Std of Reward: 20.682. Training.
[INFO] Rocket. Step: 25840000. Time Elapsed: 24138.221 s. Mean Reward: 6.290. Std of Reward: 22.059. Training.
[INFO] Rocket. Step: 25860000. Time Elapsed: 24154.491 s. Mean Reward: 8.673. Std of Reward: 21.027. Training.
[INFO] Rocket. Step: 25880000. Time Elapsed: 24170.559 s. Mean Reward: 13.238. Std of Reward: 15.319. Training.
[INFO] Rocket. Step: 25900000. Time Elapsed: 24193.742 s. Mean Reward: 8.338. Std of Reward: 20.379. Training.
[INFO] Rocket. Step: 25920000. Time Elapsed: 24209.527 s. Mean Reward: 11.909. Std of Reward: 17.424. Training.
[INFO] Rocket. Step: 25940000. Time Elapsed: 24232.045 s. Mean Reward: 12.584. Std of Reward: 15.399. Training.
[INFO] Rocket. Step: 25960000. Time Elapsed: 24249.474 s. Mean Reward: 15.148. Std of Reward: 14.291. Training.
[INFO] Rocket. Step: 25980000. Time Elapsed: 24271.923 s. Mean Reward: 15.932. Std of Reward: 9.506. Training.
[INFO] Rocket. Step: 26000000. Time Elapsed: 24288.479 s. Mean Reward: 6.864. Std of Reward: 23.661. Training.
[INFO] Exported results\L10\Rocket\Rocket-25999589.onnx
[INFO] Rocket. Step: 26020000. Time Elapsed: 24311.306 s. Mean Reward: 5.050. Std of Reward: 21.862. Training.
[INFO] Rocket. Step: 26040000. Time Elapsed: 24329.757 s. Mean Reward: 7.452. Std of Reward: 20.627. Training.
[INFO] Rocket. Step: 26060000. Time Elapsed: 24350.769 s. Mean Reward: 4.075. Std of Reward: 26.469. Training.
[INFO] Rocket. Step: 26080000. Time Elapsed: 24367.283 s. Mean Reward: 4.254. Std of Reward: 23.154. Training.
[INFO] Rocket. Step: 26100000. Time Elapsed: 24391.639 s. Mean Reward: 5.971. Std of Reward: 21.192. Training.
[INFO] Rocket. Step: 26120000. Time Elapsed: 24408.114 s. Mean Reward: 4.371. Std of Reward: 22.020. Training.
[INFO] Rocket. Step: 26140000. Time Elapsed: 24429.642 s. Mean Reward: 9.000. Std of Reward: 20.010. Training.
[INFO] Rocket. Step: 26160000. Time Elapsed: 24444.168 s. Mean Reward: 1.560. Std of Reward: 24.844. Training.
[INFO] Rocket. Step: 26180000. Time Elapsed: 24468.235 s. Mean Reward: 5.621. Std of Reward: 27.238. Training.
[INFO] Rocket. Step: 26200000. Time Elapsed: 24484.122 s. Mean Reward: 5.172. Std of Reward: 23.826. Training.
[INFO] Rocket. Step: 26220000. Time Elapsed: 24507.559 s. Mean Reward: -2.235. Std of Reward: 24.493. Training.
[INFO] Rocket. Step: 26240000. Time Elapsed: 24524.167 s. Mean Reward: 11.269. Std of Reward: 16.475. Training.
[INFO] Rocket. Step: 26260000. Time Elapsed: 24547.199 s. Mean Reward: 8.245. Std of Reward: 20.309. Training.
[INFO] Rocket. Step: 26280000. Time Elapsed: 24563.677 s. Mean Reward: 6.555. Std of Reward: 22.396. Training.
[INFO] Rocket. Step: 26300000. Time Elapsed: 24585.129 s. Mean Reward: 4.446. Std of Reward: 23.203. Training.
[INFO] Rocket. Step: 26320000. Time Elapsed: 24602.127 s. Mean Reward: 12.170. Std of Reward: 15.689. Training.
[INFO] Rocket. Step: 26340000. Time Elapsed: 24624.640 s. Mean Reward: 5.326. Std of Reward: 23.381. Training.
[INFO] Rocket. Step: 26360000. Time Elapsed: 24642.255 s. Mean Reward: 6.908. Std of Reward: 23.205. Training.
[INFO] Rocket. Step: 26380000. Time Elapsed: 24666.263 s. Mean Reward: 17.728. Std of Reward: 8.935. Training.
[INFO] Rocket. Step: 26400000. Time Elapsed: 24682.866 s. Mean Reward: 12.337. Std of Reward: 16.274. Training.
[INFO] Rocket. Step: 26420000. Time Elapsed: 24704.723 s. Mean Reward: 5.486. Std of Reward: 22.040. Training.
[INFO] Rocket. Step: 26440000. Time Elapsed: 24720.495 s. Mean Reward: 5.782. Std of Reward: 21.489. Training.
[INFO] Rocket. Step: 26460000. Time Elapsed: 24744.381 s. Mean Reward: 10.103. Std of Reward: 20.630. Training.
[INFO] Rocket. Step: 26480000. Time Elapsed: 24759.824 s. Mean Reward: 3.966. Std of Reward: 24.905. Training.
[INFO] Rocket. Step: 26500000. Time Elapsed: 24784.788 s. Mean Reward: -0.318. Std of Reward: 27.173. Training.
[INFO] Exported results\L10\Rocket\Rocket-26499637.onnx
[INFO] Rocket. Step: 26520000. Time Elapsed: 24799.809 s. Mean Reward: 8.095. Std of Reward: 24.616. Training.
[INFO] Rocket. Step: 26540000. Time Elapsed: 24816.940 s. Mean Reward: -0.126. Std of Reward: 28.072. Training.
[INFO] Rocket. Step: 26560000. Time Elapsed: 24838.424 s. Mean Reward: 1.923. Std of Reward: 22.897. Training.
[INFO] Rocket. Step: 26580000. Time Elapsed: 24854.997 s. Mean Reward: 8.681. Std of Reward: 23.202. Training.
[INFO] Rocket. Step: 26600000. Time Elapsed: 24878.000 s. Mean Reward: 6.642. Std of Reward: 22.810. Training.
[INFO] Rocket. Step: 26620000. Time Elapsed: 24894.482 s. Mean Reward: 6.624. Std of Reward: 25.156. Training.
[INFO] Rocket. Step: 26640000. Time Elapsed: 24917.878 s. Mean Reward: 5.691. Std of Reward: 23.237. Training.
[INFO] Rocket. Step: 26660000. Time Elapsed: 24934.602 s. Mean Reward: 9.665. Std of Reward: 20.294. Training.
[INFO] Rocket. Step: 26680000. Time Elapsed: 24956.040 s. Mean Reward: 3.921. Std of Reward: 26.031. Training.
[INFO] Rocket. Step: 26700000. Time Elapsed: 24974.177 s. Mean Reward: 9.926. Std of Reward: 18.559. Training.
[INFO] Rocket. Step: 26720000. Time Elapsed: 24996.712 s. Mean Reward: 10.198. Std of Reward: 21.498. Training.
[INFO] Rocket. Step: 26740000. Time Elapsed: 25012.272 s. Mean Reward: 7.455. Std of Reward: 21.387. Training.
[INFO] Rocket. Step: 26760000. Time Elapsed: 25034.915 s. Mean Reward: 8.750. Std of Reward: 20.676. Training.
[INFO] Rocket. Step: 26780000. Time Elapsed: 25051.563 s. Mean Reward: 8.092. Std of Reward: 21.155. Training.
[INFO] Rocket. Step: 26800000. Time Elapsed: 25073.091 s. Mean Reward: 8.501. Std of Reward: 19.384. Training.
[INFO] Rocket. Step: 26820000. Time Elapsed: 25090.802 s. Mean Reward: 8.265. Std of Reward: 19.884. Training.
[INFO] Rocket. Step: 26840000. Time Elapsed: 25113.275 s. Mean Reward: -3.571. Std of Reward: 29.664. Training.
[INFO] Rocket. Step: 26860000. Time Elapsed: 25130.273 s. Mean Reward: 7.723. Std of Reward: 20.428. Training.
[INFO] Rocket. Step: 26880000. Time Elapsed: 25152.665 s. Mean Reward: 6.626. Std of Reward: 20.709. Training.
[INFO] Rocket. Step: 26900000. Time Elapsed: 25168.113 s. Mean Reward: 9.180. Std of Reward: 20.681. Training.
[INFO] Rocket. Step: 26920000. Time Elapsed: 25190.948 s. Mean Reward: 5.625. Std of Reward: 21.705. Training.
[INFO] Rocket. Step: 26940000. Time Elapsed: 25207.766 s. Mean Reward: 11.025. Std of Reward: 16.920. Training.
[INFO] Rocket. Step: 26960000. Time Elapsed: 25231.193 s. Mean Reward: 11.193. Std of Reward: 17.582. Training.
[INFO] Rocket. Step: 26980000. Time Elapsed: 25248.208 s. Mean Reward: 9.411. Std of Reward: 18.221. Training.
[INFO] Rocket. Step: 27000000. Time Elapsed: 25270.710 s. Mean Reward: 8.031. Std of Reward: 22.783. Training.
[INFO] Exported results\L10\Rocket\Rocket-26999632.onnx
[INFO] Rocket. Step: 27020000. Time Elapsed: 25286.514 s. Mean Reward: 12.433. Std of Reward: 16.073. Training.
[INFO] Rocket. Step: 27040000. Time Elapsed: 25309.532 s. Mean Reward: 11.371. Std of Reward: 17.776. Training.
[INFO] Rocket. Step: 27060000. Time Elapsed: 25326.122 s. Mean Reward: 5.876. Std of Reward: 23.838. Training.
[INFO] Rocket. Step: 27080000. Time Elapsed: 25350.118 s. Mean Reward: 1.166. Std of Reward: 26.598. Training.
[INFO] Rocket. Step: 27100000. Time Elapsed: 25365.729 s. Mean Reward: 3.783. Std of Reward: 22.373. Training.
[INFO] Rocket. Step: 27120000. Time Elapsed: 25388.997 s. Mean Reward: 8.921. Std of Reward: 19.145. Training.
[INFO] Rocket. Step: 27140000. Time Elapsed: 25404.734 s. Mean Reward: 4.402. Std of Reward: 21.954. Training.
[INFO] Rocket. Step: 27160000. Time Elapsed: 25427.997 s. Mean Reward: 6.579. Std of Reward: 21.298. Training.
[INFO] Rocket. Step: 27180000. Time Elapsed: 25442.743 s. Mean Reward: 1.154. Std of Reward: 24.663. Training.
[INFO] Rocket. Step: 27200000. Time Elapsed: 25460.397 s. Mean Reward: 10.077. Std of Reward: 16.991. Training.
[INFO] Rocket. Step: 27220000. Time Elapsed: 25482.715 s. Mean Reward: 8.793. Std of Reward: 19.037. Training.
[INFO] Rocket. Step: 27240000. Time Elapsed: 25499.318 s. Mean Reward: 12.198. Std of Reward: 17.070. Training.
[INFO] Rocket. Step: 27260000. Time Elapsed: 25521.075 s. Mean Reward: 6.981. Std of Reward: 22.273. Training.
[INFO] Rocket. Step: 27280000. Time Elapsed: 25538.146 s. Mean Reward: 2.712. Std of Reward: 25.519. Training.
[INFO] Rocket. Step: 27300000. Time Elapsed: 25560.568 s. Mean Reward: 4.811. Std of Reward: 21.902. Training.
[INFO] Rocket. Step: 27320000. Time Elapsed: 25576.943 s. Mean Reward: 6.365. Std of Reward: 21.376. Training.
[INFO] Rocket. Step: 27340000. Time Elapsed: 25599.165 s. Mean Reward: 12.302. Std of Reward: 20.866. Training.
[INFO] Rocket. Step: 27360000. Time Elapsed: 25616.560 s. Mean Reward: 7.354. Std of Reward: 21.189. Training.
[INFO] Rocket. Step: 27380000. Time Elapsed: 25638.948 s. Mean Reward: 12.731. Std of Reward: 16.729. Training.
[INFO] Rocket. Step: 27400000. Time Elapsed: 25655.790 s. Mean Reward: -0.097. Std of Reward: 27.019. Training.
[INFO] Rocket. Step: 27420000. Time Elapsed: 25678.412 s. Mean Reward: 4.629. Std of Reward: 21.031. Training.
[INFO] Rocket. Step: 27440000. Time Elapsed: 25695.510 s. Mean Reward: 4.900. Std of Reward: 23.665. Training.
[INFO] Rocket. Step: 27460000. Time Elapsed: 25719.023 s. Mean Reward: 3.514. Std of Reward: 21.047. Training.
[INFO] Rocket. Step: 27480000. Time Elapsed: 25736.484 s. Mean Reward: 7.447. Std of Reward: 23.987. Training.
[INFO] Rocket. Step: 27500000. Time Elapsed: 25760.077 s. Mean Reward: 2.376. Std of Reward: 26.084. Training.
[INFO] Exported results\L10\Rocket\Rocket-27499549.onnx
[INFO] Rocket. Step: 27520000. Time Elapsed: 25777.490 s. Mean Reward: 9.982. Std of Reward: 17.686. Training.
[INFO] Rocket. Step: 27540000. Time Elapsed: 25801.613 s. Mean Reward: 12.527. Std of Reward: 13.507. Training.
[INFO] Rocket. Step: 27560000. Time Elapsed: 25817.242 s. Mean Reward: 4.142. Std of Reward: 25.818. Training.
[INFO] Rocket. Step: 27580000. Time Elapsed: 25841.394 s. Mean Reward: 9.858. Std of Reward: 19.300. Training.
[INFO] Rocket. Step: 27600000. Time Elapsed: 25857.808 s. Mean Reward: 5.735. Std of Reward: 22.560. Training.
[INFO] Rocket. Step: 27620000. Time Elapsed: 25881.256 s. Mean Reward: 8.340. Std of Reward: 18.686. Training.
[INFO] Rocket. Step: 27640000. Time Elapsed: 25900.216 s. Mean Reward: 4.982. Std of Reward: 25.288. Training.
[INFO] Rocket. Step: 27660000. Time Elapsed: 25925.633 s. Mean Reward: 10.512. Std of Reward: 17.745. Training.
[INFO] Rocket. Step: 27680000. Time Elapsed: 25943.830 s. Mean Reward: 9.074. Std of Reward: 20.917. Training.
[INFO] Rocket. Step: 27700000. Time Elapsed: 25969.479 s. Mean Reward: 5.827. Std of Reward: 21.840. Training.
[INFO] Rocket. Step: 27720000. Time Elapsed: 25987.094 s. Mean Reward: 3.625. Std of Reward: 27.543. Training.
[INFO] Rocket. Step: 27740000. Time Elapsed: 26012.611 s. Mean Reward: 7.655. Std of Reward: 22.858. Training.
[INFO] Rocket. Step: 27760000. Time Elapsed: 26031.099 s. Mean Reward: 3.858. Std of Reward: 25.765. Training.
[INFO] Rocket. Step: 27780000. Time Elapsed: 26056.985 s. Mean Reward: 8.776. Std of Reward: 20.232. Training.
[INFO] Rocket. Step: 27800000. Time Elapsed: 26075.179 s. Mean Reward: 12.296. Std of Reward: 16.470. Training.
[INFO] Rocket. Step: 27820000. Time Elapsed: 26094.603 s. Mean Reward: 3.582. Std of Reward: 24.486. Training.
[INFO] Rocket. Step: 27840000. Time Elapsed: 26119.051 s. Mean Reward: 9.598. Std of Reward: 20.438. Training.
[INFO] Rocket. Step: 27860000. Time Elapsed: 26135.828 s. Mean Reward: 10.227. Std of Reward: 18.022. Training.
[INFO] Rocket. Step: 27880000. Time Elapsed: 26159.637 s. Mean Reward: 8.173. Std of Reward: 19.577. Training.
[INFO] Rocket. Step: 27900000. Time Elapsed: 26176.993 s. Mean Reward: 4.602. Std of Reward: 26.081. Training.
[INFO] Rocket. Step: 27920000. Time Elapsed: 26201.412 s. Mean Reward: 5.839. Std of Reward: 21.859. Training.
[INFO] Rocket. Step: 27940000. Time Elapsed: 26219.949 s. Mean Reward: 0.900. Std of Reward: 21.161. Training.
[INFO] Rocket. Step: 27960000. Time Elapsed: 26242.789 s. Mean Reward: 8.554. Std of Reward: 17.631. Training.
[INFO] Rocket. Step: 27980000. Time Elapsed: 26262.549 s. Mean Reward: 2.884. Std of Reward: 23.613. Training.
[INFO] Rocket. Step: 28000000. Time Elapsed: 26286.264 s. Mean Reward: 9.102. Std of Reward: 22.243. Training.
[INFO] Exported results\L10\Rocket\Rocket-27999615.onnx
[INFO] Rocket. Step: 28020000. Time Elapsed: 26305.265 s. Mean Reward: 5.306. Std of Reward: 22.500. Training.
[INFO] Rocket. Step: 28040000. Time Elapsed: 26332.355 s. Mean Reward: 11.520. Std of Reward: 17.975. Training.
[INFO] Rocket. Step: 28060000. Time Elapsed: 26349.956 s. Mean Reward: 5.262. Std of Reward: 24.892. Training.
[INFO] Rocket. Step: 28080000. Time Elapsed: 26375.460 s. Mean Reward: 11.711. Std of Reward: 16.952. Training.
[INFO] Rocket. Step: 28100000. Time Elapsed: 26392.533 s. Mean Reward: 2.176. Std of Reward: 23.782. Training.
[INFO] Rocket. Step: 28120000. Time Elapsed: 26416.309 s. Mean Reward: 5.813. Std of Reward: 24.350. Training.
[INFO] Rocket. Step: 28140000. Time Elapsed: 26434.211 s. Mean Reward: 3.978. Std of Reward: 26.838. Training.
[INFO] Rocket. Step: 28160000. Time Elapsed: 26458.228 s. Mean Reward: 3.109. Std of Reward: 25.053. Training.
[INFO] Rocket. Step: 28180000. Time Elapsed: 26476.440 s. Mean Reward: 9.985. Std of Reward: 18.192. Training.
[INFO] Rocket. Step: 28200000. Time Elapsed: 26500.530 s. Mean Reward: 9.156. Std of Reward: 20.939. Training.
[INFO] Rocket. Step: 28220000. Time Elapsed: 26518.344 s. Mean Reward: 10.819. Std of Reward: 20.089. Training.
[INFO] Rocket. Step: 28240000. Time Elapsed: 26541.751 s. Mean Reward: 5.902. Std of Reward: 23.640. Training.
[INFO] Rocket. Step: 28260000. Time Elapsed: 26559.693 s. Mean Reward: 6.975. Std of Reward: 20.997. Training.
[INFO] Rocket. Step: 28280000. Time Elapsed: 26583.555 s. Mean Reward: 0.536. Std of Reward: 25.216. Training.
[INFO] Rocket. Step: 28300000. Time Elapsed: 26600.159 s. Mean Reward: 1.166. Std of Reward: 24.742. Training.
[INFO] Rocket. Step: 28320000. Time Elapsed: 26624.758 s. Mean Reward: 14.156. Std of Reward: 14.058. Training.
[INFO] Rocket. Step: 28340000. Time Elapsed: 26642.796 s. Mean Reward: 7.313. Std of Reward: 22.040. Training.
[INFO] Rocket. Step: 28360000. Time Elapsed: 26667.061 s. Mean Reward: 6.412. Std of Reward: 21.139. Training.
[INFO] Rocket. Step: 28380000. Time Elapsed: 26683.666 s. Mean Reward: 2.207. Std of Reward: 24.640. Training.
[INFO] Rocket. Step: 28400000. Time Elapsed: 26707.515 s. Mean Reward: 8.167. Std of Reward: 21.883. Training.
[INFO] Rocket. Step: 28420000. Time Elapsed: 26724.252 s. Mean Reward: 2.192. Std of Reward: 23.465. Training.
[INFO] Rocket. Step: 28440000. Time Elapsed: 26742.061 s. Mean Reward: 12.103. Std of Reward: 18.819. Training.
[INFO] Rocket. Step: 28460000. Time Elapsed: 26764.969 s. Mean Reward: 6.391. Std of Reward: 24.280. Training.
[INFO] Rocket. Step: 28480000. Time Elapsed: 26782.410 s. Mean Reward: -1.374. Std of Reward: 23.669. Training.
[INFO] Rocket. Step: 28500000. Time Elapsed: 26807.421 s. Mean Reward: 6.114. Std of Reward: 22.445. Training.
[INFO] Exported results\L10\Rocket\Rocket-28499691.onnx
[INFO] Rocket. Step: 28520000. Time Elapsed: 26825.839 s. Mean Reward: 3.329. Std of Reward: 26.699. Training.
[INFO] Rocket. Step: 28540000. Time Elapsed: 26847.632 s. Mean Reward: 7.922. Std of Reward: 22.396. Training.
[INFO] Rocket. Step: 28560000. Time Elapsed: 26866.232 s. Mean Reward: 8.699. Std of Reward: 21.138. Training.
[INFO] Rocket. Step: 28580000. Time Elapsed: 26888.821 s. Mean Reward: 3.879. Std of Reward: 25.307. Training.
[INFO] Rocket. Step: 28600000. Time Elapsed: 26904.571 s. Mean Reward: 6.574. Std of Reward: 21.926. Training.
[INFO] Rocket. Step: 28620000. Time Elapsed: 26929.075 s. Mean Reward: 8.679. Std of Reward: 22.338. Training.
[INFO] Rocket. Step: 28640000. Time Elapsed: 26945.565 s. Mean Reward: 10.570. Std of Reward: 19.487. Training.
[INFO] Rocket. Step: 28660000. Time Elapsed: 26968.950 s. Mean Reward: 5.331. Std of Reward: 21.726. Training.
[INFO] Rocket. Step: 28680000. Time Elapsed: 26987.268 s. Mean Reward: 13.502. Std of Reward: 13.823. Training.
[INFO] Rocket. Step: 28700000. Time Elapsed: 27009.352 s. Mean Reward: 2.979. Std of Reward: 25.525. Training.
[INFO] Rocket. Step: 28720000. Time Elapsed: 27025.169 s. Mean Reward: 11.856. Std of Reward: 15.098. Training.
[INFO] Rocket. Step: 28740000. Time Elapsed: 27048.567 s. Mean Reward: 7.225. Std of Reward: 23.447. Training.
[INFO] Rocket. Step: 28760000. Time Elapsed: 27066.314 s. Mean Reward: 6.573. Std of Reward: 24.082. Training.
[INFO] Rocket. Step: 28780000. Time Elapsed: 27090.000 s. Mean Reward: 10.017. Std of Reward: 18.434. Training.
[INFO] Rocket. Step: 28800000. Time Elapsed: 27105.516 s. Mean Reward: 13.698. Std of Reward: 14.215. Training.
[INFO] Rocket. Step: 28820000. Time Elapsed: 27130.129 s. Mean Reward: 2.038. Std of Reward: 26.083. Training.
[INFO] Rocket. Step: 28840000. Time Elapsed: 27146.935 s. Mean Reward: 7.155. Std of Reward: 20.847. Training.
[INFO] Rocket. Step: 28860000. Time Elapsed: 27171.446 s. Mean Reward: 3.336. Std of Reward: 20.352. Training.
[INFO] Rocket. Step: 28880000. Time Elapsed: 27185.973 s. Mean Reward: 11.223. Std of Reward: 17.878. Training.
[INFO] Rocket. Step: 28900000. Time Elapsed: 27210.983 s. Mean Reward: 2.060. Std of Reward: 22.758. Training.
[INFO] Rocket. Step: 28920000. Time Elapsed: 27225.642 s. Mean Reward: 7.540. Std of Reward: 21.989. Training.
[INFO] Rocket. Step: 28940000. Time Elapsed: 27249.273 s. Mean Reward: 4.714. Std of Reward: 19.843. Training.
[INFO] Rocket. Step: 28960000. Time Elapsed: 27265.936 s. Mean Reward: 4.721. Std of Reward: 24.945. Training.
[INFO] Rocket. Step: 28980000. Time Elapsed: 27291.463 s. Mean Reward: 5.009. Std of Reward: 22.446. Training.
[INFO] Rocket. Step: 29000000. Time Elapsed: 27308.491 s. Mean Reward: 11.054. Std of Reward: 15.881. Training.
[INFO] Exported results\L10\Rocket\Rocket-28999505.onnx
[INFO] Rocket. Step: 29020000. Time Elapsed: 27333.463 s. Mean Reward: 11.231. Std of Reward: 13.657. Training.
[INFO] Rocket. Step: 29040000. Time Elapsed: 27349.276 s. Mean Reward: 9.405. Std of Reward: 16.772. Training.
[INFO] Rocket. Step: 29060000. Time Elapsed: 27365.088 s. Mean Reward: 7.153. Std of Reward: 23.621. Training.
[INFO] Rocket. Step: 29080000. Time Elapsed: 27387.283 s. Mean Reward: 0.146. Std of Reward: 24.253. Training.
[INFO] Rocket. Step: 29100000. Time Elapsed: 27404.609 s. Mean Reward: 6.686. Std of Reward: 23.010. Training.
[INFO] Rocket. Step: 29120000. Time Elapsed: 27427.566 s. Mean Reward: 4.699. Std of Reward: 22.727. Training.
[INFO] Rocket. Step: 29140000. Time Elapsed: 27443.816 s. Mean Reward: 13.384. Std of Reward: 16.624. Training.
[INFO] Rocket. Step: 29160000. Time Elapsed: 27466.830 s. Mean Reward: 7.291. Std of Reward: 22.200. Training.
[INFO] Rocket. Step: 29180000. Time Elapsed: 27484.019 s. Mean Reward: 6.757. Std of Reward: 19.871. Training.
[INFO] Rocket. Step: 29200000. Time Elapsed: 27508.355 s. Mean Reward: 4.942. Std of Reward: 23.019. Training.
[INFO] Rocket. Step: 29220000. Time Elapsed: 27523.743 s. Mean Reward: -0.416. Std of Reward: 24.871. Training.
[INFO] Rocket. Step: 29240000. Time Elapsed: 27547.788 s. Mean Reward: 7.183. Std of Reward: 22.305. Training.
[INFO] Rocket. Step: 29260000. Time Elapsed: 27565.595 s. Mean Reward: 10.594. Std of Reward: 20.717. Training.
[INFO] Rocket. Step: 29280000. Time Elapsed: 27588.579 s. Mean Reward: 10.160. Std of Reward: 19.576. Training.
[INFO] Rocket. Step: 29300000. Time Elapsed: 27603.719 s. Mean Reward: 6.072. Std of Reward: 23.372. Training.
[INFO] Rocket. Step: 29320000. Time Elapsed: 27627.490 s. Mean Reward: 5.436. Std of Reward: 20.363. Training.
[INFO] Rocket. Step: 29340000. Time Elapsed: 27642.720 s. Mean Reward: 8.270. Std of Reward: 19.884. Training.
[INFO] Rocket. Step: 29360000. Time Elapsed: 27666.762 s. Mean Reward: 8.818. Std of Reward: 18.009. Training.
[INFO] Rocket. Step: 29380000. Time Elapsed: 27685.079 s. Mean Reward: 6.441. Std of Reward: 20.098. Training.
[INFO] Rocket. Step: 29400000. Time Elapsed: 27706.756 s. Mean Reward: 9.654. Std of Reward: 18.493. Training.
[INFO] Rocket. Step: 29420000. Time Elapsed: 27724.307 s. Mean Reward: 13.839. Std of Reward: 15.058. Training.
[INFO] Rocket. Step: 29440000. Time Elapsed: 27746.930 s. Mean Reward: 4.235. Std of Reward: 24.462. Training.
[INFO] Rocket. Step: 29460000. Time Elapsed: 27763.621 s. Mean Reward: 1.308. Std of Reward: 26.405. Training.
[INFO] Rocket. Step: 29480000. Time Elapsed: 27786.994 s. Mean Reward: 8.067. Std of Reward: 18.673. Training.
[INFO] Rocket. Step: 29500000. Time Elapsed: 27804.752 s. Mean Reward: 11.542. Std of Reward: 18.394. Training.
[INFO] Exported results\L10\Rocket\Rocket-29499747.onnx
[INFO] Rocket. Step: 29520000. Time Elapsed: 27827.974 s. Mean Reward: 7.759. Std of Reward: 23.516. Training.
[INFO] Rocket. Step: 29540000. Time Elapsed: 27842.306 s. Mean Reward: 5.704. Std of Reward: 21.868. Training.
[INFO] Rocket. Step: 29560000. Time Elapsed: 27869.046 s. Mean Reward: 5.498. Std of Reward: 21.566. Training.
[INFO] Rocket. Step: 29580000. Time Elapsed: 27884.564 s. Mean Reward: -3.672. Std of Reward: 28.413. Training.
[INFO] Rocket. Step: 29600000. Time Elapsed: 27909.253 s. Mean Reward: -1.513. Std of Reward: 29.733. Training.
[INFO] Rocket. Step: 29620000. Time Elapsed: 27925.611 s. Mean Reward: 6.270. Std of Reward: 23.404. Training.
[INFO] Rocket. Step: 29640000. Time Elapsed: 27950.465 s. Mean Reward: 6.516. Std of Reward: 21.310. Training.
[INFO] Rocket. Step: 29660000. Time Elapsed: 27963.919 s. Mean Reward: 9.327. Std of Reward: 19.899. Training.
[INFO] Rocket. Step: 29680000. Time Elapsed: 27981.928 s. Mean Reward: 5.529. Std of Reward: 23.554. Training.
[INFO] Rocket. Step: 29700000. Time Elapsed: 28004.807 s. Mean Reward: 9.544. Std of Reward: 19.667. Training.
[INFO] Rocket. Step: 29720000. Time Elapsed: 28022.738 s. Mean Reward: 3.053. Std of Reward: 24.210. Training.
[INFO] Rocket. Step: 29740000. Time Elapsed: 28046.336 s. Mean Reward: 3.911. Std of Reward: 23.138. Training.
[INFO] Rocket. Step: 29760000. Time Elapsed: 28064.083 s. Mean Reward: 10.147. Std of Reward: 19.901. Training.
[INFO] Rocket. Step: 29780000. Time Elapsed: 28086.561 s. Mean Reward: 11.170. Std of Reward: 23.116. Training.
[INFO] Rocket. Step: 29800000. Time Elapsed: 28104.804 s. Mean Reward: 6.725. Std of Reward: 20.933. Training.
[INFO] Rocket. Step: 29820000. Time Elapsed: 28126.152 s. Mean Reward: 15.304. Std of Reward: 13.036. Training.
[INFO] Rocket. Step: 29840000. Time Elapsed: 28144.102 s. Mean Reward: 7.561. Std of Reward: 20.046. Training.
[INFO] Rocket. Step: 29860000. Time Elapsed: 28173.023 s. Mean Reward: 2.887. Std of Reward: 24.588. Training.
[INFO] Rocket. Step: 29880000. Time Elapsed: 28192.796 s. Mean Reward: 9.568. Std of Reward: 20.607. Training.
[INFO] Rocket. Step: 29900000. Time Elapsed: 28214.912 s. Mean Reward: -0.465. Std of Reward: 24.931. Training.
[INFO] Rocket. Step: 29920000. Time Elapsed: 28232.356 s. Mean Reward: 2.297. Std of Reward: 26.380. Training.
[INFO] Rocket. Step: 29940000. Time Elapsed: 28256.844 s. Mean Reward: 6.318. Std of Reward: 24.198. Training.
[INFO] Rocket. Step: 29960000. Time Elapsed: 28274.223 s. Mean Reward: 10.397. Std of Reward: 22.145. Training.
[INFO] Rocket. Step: 29980000. Time Elapsed: 28298.821 s. Mean Reward: 9.075. Std of Reward: 19.233. Training.
[INFO] Rocket. Step: 30000000. Time Elapsed: 28316.427 s. Mean Reward: 7.394. Std of Reward: 19.663. Training.
[INFO] Exported results\L10\Rocket\Rocket-29999781.onnx
[INFO] Exported results\L10\Rocket\Rocket-30000477.onnx
[INFO] Copied results\L10\Rocket\Rocket-30000477.onnx to results\L10\Rocket.onnx.
