[RocketSim] Trainer started at 2026-08-31T11:21:58.0969726Z
[RocketSim] Working directory: C:\Users\dadii\Falcon9
[RocketSim] Command: C:\Users\dadii\Anaconda3\envs\mlagents_gpu\python.exe -u -m mlagents.trainers.learn "C:\Users\dadii\Falcon9\results\L10\TrainingConfig.yaml" --run-id="L10" --resume --torch-device "cuda" --seed 1


	Unity Technologies

 Version information:
  ml-agents: 1.1.0,
  ml-agents-envs: 1.1.0,
  Communicator API: 1.5.0,
  PyTorch: 2.1.0+cu121
[INFO] Listening on port 5004. Start training by pressing the Play button in the Unity Editor.
[INFO] Connected to Unity environment with package version 4.0.2 and communication version 1.5.0
[INFO] Connected new brain: Rocket?team=0
[INFO] Hyperparameters for behavior name Rocket: 
	trainer_type:	ppo
	hyperparameters:	
	  batch_size:	4096
	  buffer_size:	40960
	  learning_rate:	6.03e-05
	  beta:	0.00209
	  epsilon:	0.139
	  lambd:	0.98
	  num_epoch:	6
	  shared_critic:	False
	  learning_rate_schedule:	linear
	  beta_schedule:	linear
	  epsilon_schedule:	linear
	checkpoint_interval:	500000
	network_settings:	
	  normalize:	True
	  hidden_units:	512
	  num_layers:	3
	  vis_encode_type:	simple
	  memory:	None
	  goal_conditioning_type:	hyper
	  deterministic:	False
	reward_signals:	
	  extrinsic:	
	    gamma:	0.9995
	    strength:	1.0
	    network_settings:	
	      normalize:	False
	      hidden_units:	128
	      num_layers:	2
	      vis_encode_type:	simple
	      memory:	None
	      goal_conditioning_type:	hyper
	      deterministic:	False
	init_path:	None
	keep_checkpoints:	80
	even_checkpoints:	False
	max_steps:	79629000
	time_horizon:	1024
	summary_freq:	20000
	threaded:	True
	self_play:	None
	behavioral_cloning:	None
[INFO] Resuming from results\L10\Rocket.
[INFO] Resuming training from step 50000278.
[INFO] Rocket. Step: 50020000. Time Elapsed: 23.557 s. Mean Reward: 4.299. Std of Reward: 23.398. Training.
[INFO] Rocket. Step: 50040000. Time Elapsed: 39.462 s. Mean Reward: -3.492. Std of Reward: 26.906. Training.
[INFO] Rocket. Step: 50060000. Time Elapsed: 62.268 s. Mean Reward: -5.460. Std of Reward: 27.567. Training.
[INFO] Rocket. Step: 50080000. Time Elapsed: 80.917 s. Mean Reward: 4.145. Std of Reward: 25.407. Training.
[INFO] Rocket. Step: 50100000. Time Elapsed: 101.322 s. Mean Reward: 8.716. Std of Reward: 21.910. Training.
[INFO] Rocket. Step: 50120000. Time Elapsed: 117.326 s. Mean Reward: 1.859. Std of Reward: 23.400. Training.
[INFO] Rocket. Step: 50140000. Time Elapsed: 139.569 s. Mean Reward: -2.432. Std of Reward: 26.065. Training.
[INFO] Rocket. Step: 50160000. Time Elapsed: 157.625 s. Mean Reward: 1.260. Std of Reward: 24.764. Training.
[INFO] Rocket. Step: 50180000. Time Elapsed: 178.008 s. Mean Reward: 0.814. Std of Reward: 26.723. Training.
[INFO] Rocket. Step: 50200000. Time Elapsed: 194.598 s. Mean Reward: 2.394. Std of Reward: 22.293. Training.
[INFO] Rocket. Step: 50220000. Time Elapsed: 217.114 s. Mean Reward: 12.777. Std of Reward: 15.075. Training.
[INFO] Rocket. Step: 50240000. Time Elapsed: 233.854 s. Mean Reward: 5.956. Std of Reward: 22.966. Training.
[INFO] Rocket. Step: 50260000. Time Elapsed: 254.947 s. Mean Reward: 4.871. Std of Reward: 22.482. Training.
[INFO] Rocket. Step: 50280000. Time Elapsed: 273.000 s. Mean Reward: -5.115. Std of Reward: 27.997. Training.
[INFO] Rocket. Step: 50300000. Time Elapsed: 294.184 s. Mean Reward: 10.558. Std of Reward: 22.603. Training.
[INFO] Rocket. Step: 50320000. Time Elapsed: 310.743 s. Mean Reward: 4.125. Std of Reward: 25.121. Training.
[INFO] Rocket. Step: 50340000. Time Elapsed: 333.719 s. Mean Reward: 16.774. Std of Reward: 9.179. Training.
[INFO] Rocket. Step: 50360000. Time Elapsed: 350.576 s. Mean Reward: 4.622. Std of Reward: 25.373. Training.
[INFO] Rocket. Step: 50380000. Time Elapsed: 372.575 s. Mean Reward: -1.012. Std of Reward: 25.962. Training.
[INFO] Rocket. Step: 50400000. Time Elapsed: 389.795 s. Mean Reward: 5.096. Std of Reward: 22.820. Training.
[INFO] Rocket. Step: 50420000. Time Elapsed: 411.524 s. Mean Reward: 7.911. Std of Reward: 20.528. Training.
[INFO] Rocket. Step: 50440000. Time Elapsed: 427.927 s. Mean Reward: 2.710. Std of Reward: 25.500. Training.
[INFO] Rocket. Step: 50460000. Time Elapsed: 450.000 s. Mean Reward: -3.201. Std of Reward: 25.338. Training.
[INFO] Rocket. Step: 50480000. Time Elapsed: 468.508 s. Mean Reward: 14.484. Std of Reward: 16.196. Training.
[INFO] Rocket. Step: 50500000. Time Elapsed: 490.171 s. Mean Reward: 8.212. Std of Reward: 22.664. Training.
[INFO] Exported results\L10\Rocket\Rocket-50499934.onnx
[INFO] Rocket. Step: 50520000. Time Elapsed: 505.089 s. Mean Reward: 5.945. Std of Reward: 21.549. Training.
[INFO] Rocket. Step: 50540000. Time Elapsed: 529.119 s. Mean Reward: 3.777. Std of Reward: 25.416. Training.
[INFO] Rocket. Step: 50560000. Time Elapsed: 544.426 s. Mean Reward: 11.196. Std of Reward: 18.507. Training.
[INFO] Rocket. Step: 50580000. Time Elapsed: 569.027 s. Mean Reward: 7.371. Std of Reward: 23.776. Training.
[INFO] Rocket. Step: 50600000. Time Elapsed: 584.985 s. Mean Reward: 5.057. Std of Reward: 24.689. Training.
[INFO] Rocket. Step: 50620000. Time Elapsed: 599.387 s. Mean Reward: 10.973. Std of Reward: 20.420. Training.
[INFO] Rocket. Step: 50640000. Time Elapsed: 622.436 s. Mean Reward: 6.256. Std of Reward: 22.006. Training.
[INFO] Rocket. Step: 50660000. Time Elapsed: 637.613 s. Mean Reward: 3.645. Std of Reward: 25.359. Training.
[INFO] Rocket. Step: 50680000. Time Elapsed: 662.580 s. Mean Reward: 10.798. Std of Reward: 17.161. Training.
[INFO] Rocket. Step: 50700000. Time Elapsed: 678.557 s. Mean Reward: 6.764. Std of Reward: 22.592. Training.
[INFO] Rocket. Step: 50720000. Time Elapsed: 700.475 s. Mean Reward: 5.140. Std of Reward: 27.154. Training.
[INFO] Rocket. Step: 50740000. Time Elapsed: 717.495 s. Mean Reward: 2.524. Std of Reward: 23.537. Training.
[INFO] Rocket. Step: 50760000. Time Elapsed: 739.068 s. Mean Reward: 6.378. Std of Reward: 23.148. Training.
[INFO] Rocket. Step: 50780000. Time Elapsed: 755.252 s. Mean Reward: 12.722. Std of Reward: 16.999. Training.
[INFO] Rocket. Step: 50800000. Time Elapsed: 779.233 s. Mean Reward: 3.809. Std of Reward: 25.615. Training.
[INFO] Rocket. Step: 50820000. Time Elapsed: 793.761 s. Mean Reward: -3.147. Std of Reward: 26.320. Training.
[INFO] Rocket. Step: 50840000. Time Elapsed: 817.824 s. Mean Reward: 5.723. Std of Reward: 28.363. Training.
[INFO] Rocket. Step: 50860000. Time Elapsed: 833.063 s. Mean Reward: 14.077. Std of Reward: 18.731. Training.
[INFO] Rocket. Step: 50880000. Time Elapsed: 857.144 s. Mean Reward: 1.163. Std of Reward: 29.264. Training.
[INFO] Rocket. Step: 50900000. Time Elapsed: 870.736 s. Mean Reward: 10.374. Std of Reward: 15.814. Training.
[INFO] Rocket. Step: 50920000. Time Elapsed: 895.379 s. Mean Reward: 3.627. Std of Reward: 25.724. Training.
[INFO] Rocket. Step: 50940000. Time Elapsed: 911.084 s. Mean Reward: 6.589. Std of Reward: 24.123. Training.
[INFO] Rocket. Step: 50960000. Time Elapsed: 934.181 s. Mean Reward: 5.027. Std of Reward: 21.860. Training.
[INFO] Rocket. Step: 50980000. Time Elapsed: 950.544 s. Mean Reward: 2.233. Std of Reward: 22.015. Training.
[INFO] Rocket. Step: 51000000. Time Elapsed: 973.296 s. Mean Reward: 6.962. Std of Reward: 19.100. Training.
[INFO] Exported results\L10\Rocket\Rocket-50999654.onnx
[INFO] Rocket. Step: 51020000. Time Elapsed: 988.831 s. Mean Reward: 6.518. Std of Reward: 25.296. Training.
[INFO] Rocket. Step: 51040000. Time Elapsed: 1010.419 s. Mean Reward: -4.501. Std of Reward: 26.675. Training.
[INFO] Rocket. Step: 51060000. Time Elapsed: 1028.713 s. Mean Reward: 8.421. Std of Reward: 21.822. Training.
[INFO] Rocket. Step: 51080000. Time Elapsed: 1048.491 s. Mean Reward: 4.258. Std of Reward: 21.388. Training.
[INFO] Rocket. Step: 51100000. Time Elapsed: 1065.893 s. Mean Reward: -1.330. Std of Reward: 27.216. Training.
[INFO] Rocket. Step: 51120000. Time Elapsed: 1088.184 s. Mean Reward: 4.536. Std of Reward: 23.447. Training.
[INFO] Rocket. Step: 51140000. Time Elapsed: 1105.670 s. Mean Reward: 4.882. Std of Reward: 26.035. Training.
[INFO] Rocket. Step: 51160000. Time Elapsed: 1129.418 s. Mean Reward: 0.778. Std of Reward: 26.983. Training.
[INFO] Rocket. Step: 51180000. Time Elapsed: 1143.779 s. Mean Reward: 2.758. Std of Reward: 27.758. Training.
[INFO] Rocket. Step: 51200000. Time Elapsed: 1159.154 s. Mean Reward: 9.422. Std of Reward: 25.138. Training.
[INFO] Rocket. Step: 51220000. Time Elapsed: 1183.508 s. Mean Reward: 13.787. Std of Reward: 18.322. Training.
[INFO] Rocket. Step: 51240000. Time Elapsed: 1198.851 s. Mean Reward: -2.129. Std of Reward: 27.341. Training.
[INFO] Rocket. Step: 51260000. Time Elapsed: 1221.536 s. Mean Reward: 1.458. Std of Reward: 24.003. Training.
[INFO] Rocket. Step: 51280000. Time Elapsed: 1237.520 s. Mean Reward: 3.155. Std of Reward: 25.770. Training.
[INFO] Rocket. Step: 51300000. Time Elapsed: 1260.424 s. Mean Reward: 14.150. Std of Reward: 16.962. Training.
[INFO] Rocket. Step: 51320000. Time Elapsed: 1276.489 s. Mean Reward: 6.106. Std of Reward: 22.154. Training.
[INFO] Rocket. Step: 51340000. Time Elapsed: 1299.493 s. Mean Reward: 5.098. Std of Reward: 23.262. Training.
[INFO] Rocket. Step: 51360000. Time Elapsed: 1314.808 s. Mean Reward: 10.969. Std of Reward: 22.642. Training.
[INFO] Rocket. Step: 51380000. Time Elapsed: 1337.439 s. Mean Reward: 8.038. Std of Reward: 22.244. Training.
[INFO] Rocket. Step: 51400000. Time Elapsed: 1353.266 s. Mean Reward: 10.587. Std of Reward: 19.455. Training.
[INFO] Rocket. Step: 51420000. Time Elapsed: 1378.313 s. Mean Reward: 8.121. Std of Reward: 19.329. Training.
[INFO] Rocket. Step: 51440000. Time Elapsed: 1393.904 s. Mean Reward: -3.469. Std of Reward: 28.393. Training.
[INFO] Rocket. Step: 51460000. Time Elapsed: 1415.110 s. Mean Reward: 14.146. Std of Reward: 12.775. Training.
[INFO] Rocket. Step: 51480000. Time Elapsed: 1432.118 s. Mean Reward: 5.712. Std of Reward: 22.049. Training.
[INFO] Rocket. Step: 51500000. Time Elapsed: 1456.764 s. Mean Reward: 3.817. Std of Reward: 25.601. Training.
[INFO] Exported results\L10\Rocket\Rocket-51499549.onnx
[INFO] Rocket. Step: 51520000. Time Elapsed: 1470.733 s. Mean Reward: 1.993. Std of Reward: 25.888. Training.
[INFO] Rocket. Step: 51540000. Time Elapsed: 1494.665 s. Mean Reward: 1.999. Std of Reward: 25.339. Training.
[INFO] Rocket. Step: 51560000. Time Elapsed: 1509.887 s. Mean Reward: 3.837. Std of Reward: 23.791. Training.
[INFO] Rocket. Step: 51580000. Time Elapsed: 1533.368 s. Mean Reward: 7.320. Std of Reward: 20.927. Training.
[INFO] Rocket. Step: 51600000. Time Elapsed: 1549.643 s. Mean Reward: 13.558. Std of Reward: 13.471. Training.
[INFO] Rocket. Step: 51620000. Time Elapsed: 1572.441 s. Mean Reward: 13.313. Std of Reward: 14.761. Training.
[INFO] Rocket. Step: 51640000. Time Elapsed: 1587.849 s. Mean Reward: 5.888. Std of Reward: 22.805. Training.
[INFO] Rocket. Step: 51660000. Time Elapsed: 1610.178 s. Mean Reward: 0.322. Std of Reward: 28.844. Training.
[INFO] Rocket. Step: 51680000. Time Elapsed: 1627.027 s. Mean Reward: 3.548. Std of Reward: 21.718. Training.
[INFO] Rocket. Step: 51700000. Time Elapsed: 1650.114 s. Mean Reward: 5.020. Std of Reward: 25.147. Training.
[INFO] Rocket. Step: 51720000. Time Elapsed: 1665.846 s. Mean Reward: 11.024. Std of Reward: 18.220. Training.
[INFO] Rocket. Step: 51740000. Time Elapsed: 1688.649 s. Mean Reward: 4.399. Std of Reward: 23.940. Training.
[INFO] Rocket. Step: 51760000. Time Elapsed: 1704.125 s. Mean Reward: -7.716. Std of Reward: 26.412. Training.
[INFO] Rocket. Step: 51780000. Time Elapsed: 1719.812 s. Mean Reward: 11.947. Std of Reward: 19.650. Training.
[INFO] Rocket. Step: 51800000. Time Elapsed: 1742.540 s. Mean Reward: 2.534. Std of Reward: 23.569. Training.
[INFO] Rocket. Step: 51820000. Time Elapsed: 1759.649 s. Mean Reward: -0.028. Std of Reward: 24.926. Training.
[INFO] Rocket. Step: 51840000. Time Elapsed: 1781.170 s. Mean Reward: 6.266. Std of Reward: 25.003. Training.
[INFO] Rocket. Step: 51860000. Time Elapsed: 1797.888 s. Mean Reward: 3.459. Std of Reward: 24.758. Training.
[INFO] Rocket. Step: 51880000. Time Elapsed: 1820.372 s. Mean Reward: 1.099. Std of Reward: 28.043. Training.
[INFO] Rocket. Step: 51900000. Time Elapsed: 1837.696 s. Mean Reward: 6.205. Std of Reward: 26.466. Training.
[INFO] Rocket. Step: 51920000. Time Elapsed: 1858.616 s. Mean Reward: 3.033. Std of Reward: 23.758. Training.
[INFO] Rocket. Step: 51940000. Time Elapsed: 1874.371 s. Mean Reward: -1.212. Std of Reward: 27.694. Training.
[INFO] Rocket. Step: 51960000. Time Elapsed: 1898.128 s. Mean Reward: 2.922. Std of Reward: 26.016. Training.
[INFO] Rocket. Step: 51980000. Time Elapsed: 1914.018 s. Mean Reward: 4.101. Std of Reward: 27.520. Training.
[INFO] Rocket. Step: 52000000. Time Elapsed: 1937.315 s. Mean Reward: 6.217. Std of Reward: 20.789. Training.
[INFO] Exported results\L10\Rocket\Rocket-51999732.onnx
[INFO] Rocket. Step: 52020000. Time Elapsed: 1953.773 s. Mean Reward: 3.540. Std of Reward: 24.631. Training.
[INFO] Rocket. Step: 52040000. Time Elapsed: 1975.980 s. Mean Reward: 9.308. Std of Reward: 21.142. Training.
[INFO] Rocket. Step: 52060000. Time Elapsed: 1992.047 s. Mean Reward: -3.827. Std of Reward: 30.238. Training.
[INFO] Rocket. Step: 52080000. Time Elapsed: 2016.413 s. Mean Reward: -1.888. Std of Reward: 28.919. Training.
[INFO] Rocket. Step: 52100000. Time Elapsed: 2032.615 s. Mean Reward: -1.476. Std of Reward: 25.615. Training.
[INFO] Rocket. Step: 52120000. Time Elapsed: 2054.150 s. Mean Reward: 9.913. Std of Reward: 21.161. Training.
[INFO] Rocket. Step: 52140000. Time Elapsed: 2072.015 s. Mean Reward: 8.178. Std of Reward: 21.948. Training.
[INFO] Rocket. Step: 52160000. Time Elapsed: 2091.897 s. Mean Reward: 4.539. Std of Reward: 25.238. Training.
[INFO] Rocket. Step: 52180000. Time Elapsed: 2109.092 s. Mean Reward: 11.932. Std of Reward: 18.230. Training.
[INFO] Rocket. Step: 52200000. Time Elapsed: 2132.336 s. Mean Reward: 3.315. Std of Reward: 25.782. Training.
[INFO] Rocket. Step: 52220000. Time Elapsed: 2148.468 s. Mean Reward: 2.298. Std of Reward: 22.329. Training.
[INFO] Rocket. Step: 52240000. Time Elapsed: 2170.082 s. Mean Reward: 0.788. Std of Reward: 24.575. Training.
[INFO] Rocket. Step: 52260000. Time Elapsed: 2186.376 s. Mean Reward: 2.405. Std of Reward: 25.455. Training.
[INFO] Rocket. Step: 52280000. Time Elapsed: 2210.358 s. Mean Reward: 7.358. Std of Reward: 25.089. Training.
[INFO] Rocket. Step: 52300000. Time Elapsed: 2225.382 s. Mean Reward: 2.724. Std of Reward: 23.101. Training.
[INFO] Rocket. Step: 52320000. Time Elapsed: 2248.327 s. Mean Reward: 1.861. Std of Reward: 25.942. Training.
[INFO] Rocket. Step: 52340000. Time Elapsed: 2265.877 s. Mean Reward: 0.626. Std of Reward: 26.791. Training.
[INFO] Rocket. Step: 52360000. Time Elapsed: 2287.729 s. Mean Reward: 4.712. Std of Reward: 27.183. Training.
[INFO] Rocket. Step: 52380000. Time Elapsed: 2302.577 s. Mean Reward: 7.912. Std of Reward: 23.442. Training.
[INFO] Rocket. Step: 52400000. Time Elapsed: 2317.800 s. Mean Reward: 3.970. Std of Reward: 22.753. Training.
[INFO] Rocket. Step: 52420000. Time Elapsed: 2341.816 s. Mean Reward: 8.270. Std of Reward: 20.825. Training.
[INFO] Rocket. Step: 52440000. Time Elapsed: 2358.182 s. Mean Reward: 9.130. Std of Reward: 21.392. Training.
[INFO] Rocket. Step: 52460000. Time Elapsed: 2380.646 s. Mean Reward: 7.818. Std of Reward: 22.033. Training.
[INFO] Rocket. Step: 52480000. Time Elapsed: 2398.634 s. Mean Reward: 6.454. Std of Reward: 22.202. Training.
[INFO] Rocket. Step: 52500000. Time Elapsed: 2418.042 s. Mean Reward: -3.495. Std of Reward: 29.430. Training.
[INFO] Exported results\L10\Rocket\Rocket-52499966.onnx
[INFO] Rocket. Step: 52520000. Time Elapsed: 2435.086 s. Mean Reward: 8.193. Std of Reward: 20.807. Training.
[INFO] Rocket. Step: 52540000. Time Elapsed: 2457.830 s. Mean Reward: 3.548. Std of Reward: 23.867. Training.
[INFO] Rocket. Step: 52560000. Time Elapsed: 2473.893 s. Mean Reward: 0.257. Std of Reward: 26.161. Training.
[INFO] Rocket. Step: 52580000. Time Elapsed: 2496.367 s. Mean Reward: 4.460. Std of Reward: 23.149. Training.
[INFO] Rocket. Step: 52600000. Time Elapsed: 2510.203 s. Mean Reward: 5.779. Std of Reward: 23.918. Training.
[INFO] Rocket. Step: 52620000. Time Elapsed: 2534.660 s. Mean Reward: -0.368. Std of Reward: 25.072. Training.
[INFO] Rocket. Step: 52640000. Time Elapsed: 2551.353 s. Mean Reward: 8.658. Std of Reward: 23.225. Training.
[INFO] Rocket. Step: 52660000. Time Elapsed: 2573.350 s. Mean Reward: 2.266. Std of Reward: 24.737. Training.
[INFO] Rocket. Step: 52680000. Time Elapsed: 2590.420 s. Mean Reward: -5.088. Std of Reward: 32.483. Training.
[INFO] Rocket. Step: 52700000. Time Elapsed: 2612.644 s. Mean Reward: 7.051. Std of Reward: 19.715. Training.
[INFO] Rocket. Step: 52720000. Time Elapsed: 2630.494 s. Mean Reward: 8.247. Std of Reward: 22.815. Training.
[INFO] Rocket. Step: 52740000. Time Elapsed: 2651.469 s. Mean Reward: 13.589. Std of Reward: 15.058. Training.
[INFO] Rocket. Step: 52760000. Time Elapsed: 2667.382 s. Mean Reward: 5.008. Std of Reward: 22.771. Training.
[INFO] Rocket. Step: 52780000. Time Elapsed: 2689.672 s. Mean Reward: -1.799. Std of Reward: 25.404. Training.
[INFO] Rocket. Step: 52800000. Time Elapsed: 2706.872 s. Mean Reward: 10.324. Std of Reward: 18.281. Training.
[INFO] Rocket. Step: 52820000. Time Elapsed: 2728.980 s. Mean Reward: 8.069. Std of Reward: 18.365. Training.
[INFO] Rocket. Step: 52840000. Time Elapsed: 2745.172 s. Mean Reward: 11.052. Std of Reward: 17.839. Training.
[INFO] Rocket. Step: 52860000. Time Elapsed: 2767.624 s. Mean Reward: -2.306. Std of Reward: 26.277. Training.
[INFO] Rocket. Step: 52880000. Time Elapsed: 2783.739 s. Mean Reward: 9.199. Std of Reward: 20.292. Training.
[INFO] Rocket. Step: 52900000. Time Elapsed: 2806.277 s. Mean Reward: 7.208. Std of Reward: 22.003. Training.
[INFO] Rocket. Step: 52920000. Time Elapsed: 2822.948 s. Mean Reward: 6.736. Std of Reward: 21.930. Training.
[INFO] Rocket. Step: 52940000. Time Elapsed: 2847.017 s. Mean Reward: 9.645. Std of Reward: 20.834. Training.
[INFO] Rocket. Step: 52960000. Time Elapsed: 2861.934 s. Mean Reward: 4.365. Std of Reward: 23.623. Training.
[INFO] Rocket. Step: 52980000. Time Elapsed: 2877.638 s. Mean Reward: -1.391. Std of Reward: 26.407. Training.
[INFO] Rocket. Step: 53000000. Time Elapsed: 2901.528 s. Mean Reward: 1.108. Std of Reward: 26.180. Training.
[INFO] Exported results\L10\Rocket\Rocket-52999599.onnx
[INFO] Rocket. Step: 53020000. Time Elapsed: 2916.944 s. Mean Reward: 6.651. Std of Reward: 21.703. Training.
[INFO] Rocket. Step: 53040000. Time Elapsed: 2938.100 s. Mean Reward: 2.668. Std of Reward: 28.829. Training.
[INFO] Rocket. Step: 53060000. Time Elapsed: 2955.046 s. Mean Reward: 15.379. Std of Reward: 18.243. Training.
[INFO] Rocket. Step: 53080000. Time Elapsed: 2978.028 s. Mean Reward: 8.382. Std of Reward: 19.749. Training.
[INFO] Rocket. Step: 53100000. Time Elapsed: 2995.371 s. Mean Reward: 7.434. Std of Reward: 21.340. Training.
[INFO] Rocket. Step: 53120000. Time Elapsed: 3017.255 s. Mean Reward: 2.960. Std of Reward: 24.987. Training.
[INFO] Rocket. Step: 53140000. Time Elapsed: 3032.348 s. Mean Reward: 5.349. Std of Reward: 23.687. Training.
[INFO] Rocket. Step: 53160000. Time Elapsed: 3055.437 s. Mean Reward: 0.345. Std of Reward: 23.717. Training.
[INFO] Rocket. Step: 53180000. Time Elapsed: 3073.086 s. Mean Reward: 15.381. Std of Reward: 13.947. Training.
[INFO] Rocket. Step: 53200000. Time Elapsed: 3094.147 s. Mean Reward: 5.512. Std of Reward: 23.873. Training.
[INFO] Rocket. Step: 53220000. Time Elapsed: 3111.717 s. Mean Reward: 8.702. Std of Reward: 23.001. Training.
[INFO] Rocket. Step: 53240000. Time Elapsed: 3134.855 s. Mean Reward: 3.334. Std of Reward: 28.688. Training.
[INFO] Rocket. Step: 53260000. Time Elapsed: 3150.611 s. Mean Reward: -0.026. Std of Reward: 27.915. Training.
[INFO] Rocket. Step: 53280000. Time Elapsed: 3172.020 s. Mean Reward: 4.654. Std of Reward: 23.341. Training.
[INFO] Rocket. Step: 53300000. Time Elapsed: 3188.827 s. Mean Reward: -5.334. Std of Reward: 28.493. Training.
[INFO] Rocket. Step: 53320000. Time Elapsed: 3211.809 s. Mean Reward: 13.264. Std of Reward: 14.418. Training.
[INFO] Rocket. Step: 53340000. Time Elapsed: 3227.123 s. Mean Reward: 8.433. Std of Reward: 20.275. Training.
[INFO] Rocket. Step: 53360000. Time Elapsed: 3250.821 s. Mean Reward: 5.477. Std of Reward: 21.409. Training.
[INFO] Rocket. Step: 53380000. Time Elapsed: 3266.192 s. Mean Reward: 14.238. Std of Reward: 17.877. Training.
[INFO] Rocket. Step: 53400000. Time Elapsed: 3289.737 s. Mean Reward: 10.861. Std of Reward: 21.774. Training.
[INFO] Rocket. Step: 53420000. Time Elapsed: 3306.082 s. Mean Reward: 0.533. Std of Reward: 25.163. Training.
[INFO] Rocket. Step: 53440000. Time Elapsed: 3328.020 s. Mean Reward: -1.498. Std of Reward: 28.189. Training.
[INFO] Rocket. Step: 53460000. Time Elapsed: 3343.519 s. Mean Reward: 9.437. Std of Reward: 19.612. Training.
[INFO] Rocket. Step: 53480000. Time Elapsed: 3368.996 s. Mean Reward: 1.268. Std of Reward: 22.412. Training.
[INFO] Rocket. Step: 53500000. Time Elapsed: 3382.927 s. Mean Reward: 2.066. Std of Reward: 25.141. Training.
[INFO] Exported results\L10\Rocket\Rocket-53499582.onnx
[INFO] Rocket. Step: 53520000. Time Elapsed: 3405.923 s. Mean Reward: 8.965. Std of Reward: 19.015. Training.
[INFO] Rocket. Step: 53540000. Time Elapsed: 3422.567 s. Mean Reward: 2.411. Std of Reward: 26.274. Training.
[INFO] Rocket. Step: 53560000. Time Elapsed: 3435.878 s. Mean Reward: 6.704. Std of Reward: 22.390. Training.
[INFO] Rocket. Step: 53580000. Time Elapsed: 3461.320 s. Mean Reward: 8.909. Std of Reward: 21.238. Training.
[INFO] Rocket. Step: 53600000. Time Elapsed: 3475.993 s. Mean Reward: 0.079. Std of Reward: 28.520. Training.
[INFO] Rocket. Step: 53620000. Time Elapsed: 3499.069 s. Mean Reward: 7.201. Std of Reward: 23.302. Training.
[INFO] Rocket. Step: 53640000. Time Elapsed: 3514.812 s. Mean Reward: 5.143. Std of Reward: 23.439. Training.
[INFO] Rocket. Step: 53660000. Time Elapsed: 3537.512 s. Mean Reward: 10.274. Std of Reward: 20.103. Training.
[INFO] Rocket. Step: 53680000. Time Elapsed: 3554.176 s. Mean Reward: 5.093. Std of Reward: 23.711. Training.
[INFO] Rocket. Step: 53700000. Time Elapsed: 3576.280 s. Mean Reward: 1.641. Std of Reward: 27.104. Training.
[INFO] Rocket. Step: 53720000. Time Elapsed: 3592.265 s. Mean Reward: 1.620. Std of Reward: 27.448. Training.
[INFO] Rocket. Step: 53740000. Time Elapsed: 3615.654 s. Mean Reward: 9.869. Std of Reward: 16.897. Training.
[INFO] Rocket. Step: 53760000. Time Elapsed: 3630.907 s. Mean Reward: 7.274. Std of Reward: 22.993. Training.
[INFO] Rocket. Step: 53780000. Time Elapsed: 3654.620 s. Mean Reward: 2.705. Std of Reward: 22.227. Training.
[INFO] Rocket. Step: 53800000. Time Elapsed: 3670.427 s. Mean Reward: 10.620. Std of Reward: 18.563. Training.
[INFO] Rocket. Step: 53820000. Time Elapsed: 3692.707 s. Mean Reward: 2.286. Std of Reward: 23.046. Training.
[INFO] Rocket. Step: 53840000. Time Elapsed: 3710.243 s. Mean Reward: 7.982. Std of Reward: 20.551. Training.
[INFO] Rocket. Step: 53860000. Time Elapsed: 3732.384 s. Mean Reward: 4.506. Std of Reward: 27.095. Training.
[INFO] Rocket. Step: 53880000. Time Elapsed: 3747.847 s. Mean Reward: 6.891. Std of Reward: 21.079. Training.
[INFO] Rocket. Step: 53900000. Time Elapsed: 3770.554 s. Mean Reward: 5.760. Std of Reward: 22.409. Training.
[INFO] Rocket. Step: 53920000. Time Elapsed: 3786.292 s. Mean Reward: 0.687. Std of Reward: 25.236. Training.
[INFO] Rocket. Step: 53940000. Time Elapsed: 3809.495 s. Mean Reward: 7.359. Std of Reward: 19.269. Training.
[INFO] Rocket. Step: 53960000. Time Elapsed: 3823.839 s. Mean Reward: 9.115. Std of Reward: 20.521. Training.
[INFO] Rocket. Step: 53980000. Time Elapsed: 3847.721 s. Mean Reward: -3.414. Std of Reward: 25.660. Training.
[INFO] Rocket. Step: 54000000. Time Elapsed: 3864.364 s. Mean Reward: 16.738. Std of Reward: 3.781. Training.
[INFO] Exported results\L10\Rocket\Rocket-53999410.onnx
[INFO] Rocket. Step: 54020000. Time Elapsed: 3886.529 s. Mean Reward: 0.895. Std of Reward: 24.823. Training.
[INFO] Rocket. Step: 54040000. Time Elapsed: 3901.522 s. Mean Reward: 4.146. Std of Reward: 25.976. Training.
[INFO] Rocket. Step: 54060000. Time Elapsed: 3924.515 s. Mean Reward: -4.429. Std of Reward: 26.436. Training.
[INFO] Rocket. Step: 54080000. Time Elapsed: 3940.486 s. Mean Reward: 4.202. Std of Reward: 25.941. Training.
[INFO] Rocket. Step: 54100000. Time Elapsed: 3963.867 s. Mean Reward: 7.382. Std of Reward: 19.760. Training.
[INFO] Rocket. Step: 54120000. Time Elapsed: 3979.408 s. Mean Reward: 2.507. Std of Reward: 26.617. Training.
[INFO] Rocket. Step: 54140000. Time Elapsed: 4003.430 s. Mean Reward: 2.704. Std of Reward: 26.063. Training.
[INFO] Rocket. Step: 54160000. Time Elapsed: 4018.541 s. Mean Reward: 6.365. Std of Reward: 21.290. Training.
[INFO] Rocket. Step: 54180000. Time Elapsed: 4034.425 s. Mean Reward: 8.227. Std of Reward: 22.918. Training.
[INFO] Rocket. Step: 54200000. Time Elapsed: 4057.236 s. Mean Reward: 1.174. Std of Reward: 25.281. Training.
[INFO] Rocket. Step: 54220000. Time Elapsed: 4074.598 s. Mean Reward: 3.481. Std of Reward: 24.477. Training.
[INFO] Rocket. Step: 54240000. Time Elapsed: 4096.491 s. Mean Reward: 15.882. Std of Reward: 13.615. Training.
[INFO] Rocket. Step: 54260000. Time Elapsed: 4113.176 s. Mean Reward: 2.194. Std of Reward: 23.224. Training.
[INFO] Rocket. Step: 54280000. Time Elapsed: 4135.984 s. Mean Reward: -0.719. Std of Reward: 26.300. Training.
[INFO] Rocket. Step: 54300000. Time Elapsed: 4152.080 s. Mean Reward: 7.636. Std of Reward: 22.046. Training.
[INFO] Rocket. Step: 54320000. Time Elapsed: 4176.221 s. Mean Reward: 11.209. Std of Reward: 23.002. Training.
[INFO] Rocket. Step: 54340000. Time Elapsed: 4191.141 s. Mean Reward: 11.366. Std of Reward: 17.120. Training.
[INFO] Rocket. Step: 54360000. Time Elapsed: 4214.705 s. Mean Reward: 6.266. Std of Reward: 20.287. Training.
[INFO] Rocket. Step: 54380000. Time Elapsed: 4229.959 s. Mean Reward: -2.943. Std of Reward: 27.242. Training.
[INFO] Rocket. Step: 54400000. Time Elapsed: 4253.098 s. Mean Reward: 13.807. Std of Reward: 12.160. Training.
[INFO] Rocket. Step: 54420000. Time Elapsed: 4269.592 s. Mean Reward: 7.083. Std of Reward: 20.963. Training.
[INFO] Rocket. Step: 54440000. Time Elapsed: 4291.790 s. Mean Reward: 11.538. Std of Reward: 21.642. Training.
[INFO] Rocket. Step: 54460000. Time Elapsed: 4306.981 s. Mean Reward: 10.641. Std of Reward: 21.437. Training.
[INFO] Rocket. Step: 54480000. Time Elapsed: 4329.382 s. Mean Reward: 0.331. Std of Reward: 26.760. Training.
[INFO] Rocket. Step: 54500000. Time Elapsed: 4346.158 s. Mean Reward: -3.350. Std of Reward: 29.896. Training.
[INFO] Exported results\L10\Rocket\Rocket-54499763.onnx
[INFO] Rocket. Step: 54520000. Time Elapsed: 4368.224 s. Mean Reward: 6.073. Std of Reward: 26.390. Training.
[INFO] Rocket. Step: 54540000. Time Elapsed: 4385.019 s. Mean Reward: 3.488. Std of Reward: 27.929. Training.
[INFO] Rocket. Step: 54560000. Time Elapsed: 4409.253 s. Mean Reward: 8.187. Std of Reward: 22.328. Training.
[INFO] Rocket. Step: 54580000. Time Elapsed: 4422.901 s. Mean Reward: 6.180. Std of Reward: 20.533. Training.
[INFO] Rocket. Step: 54600000. Time Elapsed: 4446.609 s. Mean Reward: 7.148. Std of Reward: 22.128. Training.
[INFO] Rocket. Step: 54620000. Time Elapsed: 4462.926 s. Mean Reward: 13.190. Std of Reward: 14.827. Training.
[INFO] Rocket. Step: 54640000. Time Elapsed: 4486.414 s. Mean Reward: 5.660. Std of Reward: 20.231. Training.
[INFO] Rocket. Step: 54660000. Time Elapsed: 4502.717 s. Mean Reward: 6.337. Std of Reward: 22.340. Training.
[INFO] Rocket. Step: 54680000. Time Elapsed: 4525.228 s. Mean Reward: -0.503. Std of Reward: 26.411. Training.
[INFO] Rocket. Step: 54700000. Time Elapsed: 4540.227 s. Mean Reward: 9.604. Std of Reward: 22.242. Training.
[INFO] Rocket. Step: 54720000. Time Elapsed: 4566.938 s. Mean Reward: 9.366. Std of Reward: 18.932. Training.
[INFO] Rocket. Step: 54740000. Time Elapsed: 4579.452 s. Mean Reward: 7.966. Std of Reward: 21.993. Training.
[INFO] Rocket. Step: 54760000. Time Elapsed: 4596.648 s. Mean Reward: 5.716. Std of Reward: 19.208. Training.
[INFO] Rocket. Step: 54780000. Time Elapsed: 4619.238 s. Mean Reward: 9.542. Std of Reward: 16.094. Training.
[INFO] Rocket. Step: 54800000. Time Elapsed: 4634.021 s. Mean Reward: 16.142. Std of Reward: 9.434. Training.
[INFO] Rocket. Step: 54820000. Time Elapsed: 4657.124 s. Mean Reward: 9.467. Std of Reward: 18.140. Training.
[INFO] Rocket. Step: 54840000. Time Elapsed: 4672.696 s. Mean Reward: 13.537. Std of Reward: 16.703. Training.
[INFO] Rocket. Step: 54860000. Time Elapsed: 4697.507 s. Mean Reward: 13.209. Std of Reward: 16.798. Training.
[INFO] Rocket. Step: 54880000. Time Elapsed: 4712.327 s. Mean Reward: 12.330. Std of Reward: 15.666. Training.
[INFO] Rocket. Step: 54900000. Time Elapsed: 4734.885 s. Mean Reward: 2.304. Std of Reward: 26.075. Training.
[INFO] Rocket. Step: 54920000. Time Elapsed: 4750.916 s. Mean Reward: 10.093. Std of Reward: 21.641. Training.
[INFO] Rocket. Step: 54940000. Time Elapsed: 4773.967 s. Mean Reward: 6.892. Std of Reward: 19.264. Training.
[INFO] Rocket. Step: 54960000. Time Elapsed: 4790.577 s. Mean Reward: 9.567. Std of Reward: 21.446. Training.
[INFO] Rocket. Step: 54980000. Time Elapsed: 4813.668 s. Mean Reward: 8.290. Std of Reward: 21.898. Training.
[INFO] Rocket. Step: 55000000. Time Elapsed: 4829.331 s. Mean Reward: 4.915. Std of Reward: 23.214. Training.
[INFO] Exported results\L10\Rocket\Rocket-54999570.onnx
[INFO] Rocket. Step: 55020000. Time Elapsed: 4851.701 s. Mean Reward: 11.496. Std of Reward: 15.937. Training.
[INFO] Rocket. Step: 55040000. Time Elapsed: 4868.052 s. Mean Reward: 5.131. Std of Reward: 24.571. Training.
[INFO] Rocket. Step: 55060000. Time Elapsed: 4891.635 s. Mean Reward: 9.518. Std of Reward: 17.397. Training.
[INFO] Rocket. Step: 55080000. Time Elapsed: 4906.162 s. Mean Reward: 4.899. Std of Reward: 24.555. Training.
[INFO] Rocket. Step: 55100000. Time Elapsed: 4930.480 s. Mean Reward: 9.195. Std of Reward: 19.511. Training.
[INFO] Rocket. Step: 55120000. Time Elapsed: 4945.237 s. Mean Reward: 2.273. Std of Reward: 25.395. Training.
[INFO] Rocket. Step: 55140000. Time Elapsed: 4968.532 s. Mean Reward: 15.439. Std of Reward: 16.235. Training.
[INFO] Rocket. Step: 55160000. Time Elapsed: 4984.702 s. Mean Reward: 3.580. Std of Reward: 24.571. Training.
[INFO] Rocket. Step: 55180000. Time Elapsed: 5007.229 s. Mean Reward: 6.361. Std of Reward: 23.897. Training.
[INFO] Rocket. Step: 55200000. Time Elapsed: 5022.988 s. Mean Reward: 12.093. Std of Reward: 17.302. Training.
[INFO] Rocket. Step: 55220000. Time Elapsed: 5046.614 s. Mean Reward: 3.191. Std of Reward: 23.997. Training.
[INFO] Rocket. Step: 55240000. Time Elapsed: 5061.951 s. Mean Reward: 6.014. Std of Reward: 24.471. Training.
[INFO] Rocket. Step: 55260000. Time Elapsed: 5086.326 s. Mean Reward: 11.726. Std of Reward: 18.467. Training.
[INFO] Rocket. Step: 55280000. Time Elapsed: 5101.063 s. Mean Reward: 4.844. Std of Reward: 23.244. Training.
[INFO] Rocket. Step: 55300000. Time Elapsed: 5125.145 s. Mean Reward: 13.837. Std of Reward: 13.736. Training.
[INFO] Rocket. Step: 55320000. Time Elapsed: 5139.398 s. Mean Reward: 7.146. Std of Reward: 21.380. Training.
[INFO] Rocket. Step: 55340000. Time Elapsed: 5155.375 s. Mean Reward: -2.875. Std of Reward: 27.527. Training.
[INFO] Rocket. Step: 55360000. Time Elapsed: 5177.903 s. Mean Reward: 1.546. Std of Reward: 29.837. Training.
[INFO] Rocket. Step: 55380000. Time Elapsed: 5194.779 s. Mean Reward: 5.244. Std of Reward: 23.764. Training.
[INFO] Rocket. Step: 55400000. Time Elapsed: 5216.602 s. Mean Reward: 12.760. Std of Reward: 16.902. Training.
[INFO] Rocket. Step: 55420000. Time Elapsed: 5231.837 s. Mean Reward: 6.167. Std of Reward: 22.895. Training.
[INFO] Rocket. Step: 55440000. Time Elapsed: 5255.957 s. Mean Reward: 10.525. Std of Reward: 24.233. Training.
[INFO] Rocket. Step: 55460000. Time Elapsed: 5271.621 s. Mean Reward: 16.573. Std of Reward: 9.951. Training.
[INFO] Rocket. Step: 55480000. Time Elapsed: 5294.400 s. Mean Reward: 0.265. Std of Reward: 26.163. Training.
[INFO] Rocket. Step: 55500000. Time Elapsed: 5310.317 s. Mean Reward: 6.096. Std of Reward: 22.620. Training.
[INFO] Exported results\L10\Rocket\Rocket-55499182.onnx
[INFO] Rocket. Step: 55520000. Time Elapsed: 5332.339 s. Mean Reward: 10.311. Std of Reward: 17.253. Training.
[INFO] Rocket. Step: 55540000. Time Elapsed: 5350.618 s. Mean Reward: 9.063. Std of Reward: 22.567. Training.
[INFO] Rocket. Step: 55560000. Time Elapsed: 5372.623 s. Mean Reward: 5.621. Std of Reward: 25.588. Training.
[INFO] Rocket. Step: 55580000. Time Elapsed: 5388.574 s. Mean Reward: 15.773. Std of Reward: 9.615. Training.
[INFO] Rocket. Step: 55600000. Time Elapsed: 5411.138 s. Mean Reward: 8.635. Std of Reward: 19.309. Training.
[INFO] Rocket. Step: 55620000. Time Elapsed: 5427.318 s. Mean Reward: 9.868. Std of Reward: 19.879. Training.
[INFO] Rocket. Step: 55640000. Time Elapsed: 5449.938 s. Mean Reward: 4.183. Std of Reward: 20.749. Training.
[INFO] Rocket. Step: 55660000. Time Elapsed: 5466.316 s. Mean Reward: 0.640. Std of Reward: 24.937. Training.
[INFO] Rocket. Step: 55680000. Time Elapsed: 5487.848 s. Mean Reward: 11.191. Std of Reward: 23.438. Training.
[INFO] Rocket. Step: 55700000. Time Elapsed: 5505.685 s. Mean Reward: 5.196. Std of Reward: 23.167. Training.
[INFO] Rocket. Step: 55720000. Time Elapsed: 5528.315 s. Mean Reward: 6.043. Std of Reward: 24.135. Training.
[INFO] Rocket. Step: 55740000. Time Elapsed: 5544.553 s. Mean Reward: 11.280. Std of Reward: 15.162. Training.
[INFO] Rocket. Step: 55760000. Time Elapsed: 5566.352 s. Mean Reward: 7.086. Std of Reward: 21.566. Training.
[INFO] Rocket. Step: 55780000. Time Elapsed: 5582.038 s. Mean Reward: -0.678. Std of Reward: 28.154. Training.
[INFO] Rocket. Step: 55800000. Time Elapsed: 5605.264 s. Mean Reward: 7.557. Std of Reward: 22.485. Training.
[INFO] Rocket. Step: 55820000. Time Elapsed: 5619.604 s. Mean Reward: 7.337. Std of Reward: 21.424. Training.
[INFO] Rocket. Step: 55840000. Time Elapsed: 5644.551 s. Mean Reward: 0.259. Std of Reward: 27.255. Training.
[INFO] Rocket. Step: 55860000. Time Elapsed: 5660.657 s. Mean Reward: 8.951. Std of Reward: 20.251. Training.
[INFO] Rocket. Step: 55880000. Time Elapsed: 5683.145 s. Mean Reward: 13.537. Std of Reward: 17.362. Training.
[INFO] Rocket. Step: 55900000. Time Elapsed: 5700.228 s. Mean Reward: -0.461. Std of Reward: 25.050. Training.
[INFO] Rocket. Step: 55920000. Time Elapsed: 5714.880 s. Mean Reward: 10.622. Std of Reward: 17.862. Training.
[INFO] Rocket. Step: 55940000. Time Elapsed: 5737.814 s. Mean Reward: 10.164. Std of Reward: 19.083. Training.
[INFO] Rocket. Step: 55960000. Time Elapsed: 5752.759 s. Mean Reward: 1.885. Std of Reward: 26.629. Training.
[INFO] Rocket. Step: 55980000. Time Elapsed: 5776.615 s. Mean Reward: 8.569. Std of Reward: 21.140. Training.
[INFO] Rocket. Step: 56000000. Time Elapsed: 5792.630 s. Mean Reward: 3.620. Std of Reward: 22.958. Training.
[INFO] Exported results\L10\Rocket\Rocket-55999453.onnx
[INFO] Rocket. Step: 56020000. Time Elapsed: 5816.802 s. Mean Reward: 6.256. Std of Reward: 25.200. Training.
[INFO] Rocket. Step: 56040000. Time Elapsed: 5831.486 s. Mean Reward: 12.226. Std of Reward: 19.068. Training.
[INFO] Rocket. Step: 56060000. Time Elapsed: 5854.810 s. Mean Reward: 0.469. Std of Reward: 25.237. Training.
[INFO] Rocket. Step: 56080000. Time Elapsed: 5870.084 s. Mean Reward: 7.802. Std of Reward: 20.571. Training.
[INFO] Rocket. Step: 56100000. Time Elapsed: 5892.047 s. Mean Reward: 3.466. Std of Reward: 23.316. Training.
[INFO] Rocket. Step: 56120000. Time Elapsed: 5910.101 s. Mean Reward: 1.066. Std of Reward: 20.792. Training.
[INFO] Rocket. Step: 56140000. Time Elapsed: 5930.929 s. Mean Reward: 7.741. Std of Reward: 18.643. Training.
[INFO] Rocket. Step: 56160000. Time Elapsed: 5947.297 s. Mean Reward: 4.064. Std of Reward: 25.549. Training.
[INFO] Rocket. Step: 56180000. Time Elapsed: 5972.350 s. Mean Reward: 11.663. Std of Reward: 20.357. Training.
[INFO] Rocket. Step: 56200000. Time Elapsed: 5985.917 s. Mean Reward: -1.854. Std of Reward: 28.799. Training.
[INFO] Rocket. Step: 56220000. Time Elapsed: 6007.703 s. Mean Reward: 9.474. Std of Reward: 24.018. Training.
[INFO] Rocket. Step: 56240000. Time Elapsed: 6024.732 s. Mean Reward: 6.883. Std of Reward: 25.069. Training.
[INFO] Rocket. Step: 56260000. Time Elapsed: 6047.709 s. Mean Reward: 9.840. Std of Reward: 20.045. Training.
[INFO] Rocket. Step: 56280000. Time Elapsed: 6063.503 s. Mean Reward: -1.093. Std of Reward: 27.608. Training.
[INFO] Rocket. Step: 56300000. Time Elapsed: 6086.005 s. Mean Reward: 10.651. Std of Reward: 21.844. Training.
[INFO] Rocket. Step: 56320000. Time Elapsed: 6102.802 s. Mean Reward: 4.682. Std of Reward: 26.614. Training.
[INFO] Rocket. Step: 56340000. Time Elapsed: 6125.714 s. Mean Reward: 11.020. Std of Reward: 17.249. Training.
[INFO] Rocket. Step: 56360000. Time Elapsed: 6140.796 s. Mean Reward: -4.945. Std of Reward: 26.901. Training.
[INFO] Rocket. Step: 56380000. Time Elapsed: 6163.200 s. Mean Reward: 2.659. Std of Reward: 24.402. Training.
[INFO] Rocket. Step: 56400000. Time Elapsed: 6179.211 s. Mean Reward: -4.522. Std of Reward: 26.446. Training.
[INFO] Rocket. Step: 56420000. Time Elapsed: 6201.776 s. Mean Reward: 5.981. Std of Reward: 24.975. Training.
[INFO] Rocket. Step: 56440000. Time Elapsed: 6218.941 s. Mean Reward: 9.963. Std of Reward: 18.742. Training.
[INFO] Rocket. Step: 56460000. Time Elapsed: 6241.767 s. Mean Reward: 8.344. Std of Reward: 19.352. Training.
[INFO] Rocket. Step: 56480000. Time Elapsed: 6258.239 s. Mean Reward: 6.904. Std of Reward: 24.560. Training.
[INFO] Rocket. Step: 56500000. Time Elapsed: 6281.605 s. Mean Reward: 3.089. Std of Reward: 26.647. Training.
[INFO] Exported results\L10\Rocket\Rocket-56499849.onnx
[INFO] Rocket. Step: 56520000. Time Elapsed: 6297.836 s. Mean Reward: 10.400. Std of Reward: 17.878. Training.
[INFO] Rocket. Step: 56540000. Time Elapsed: 6313.021 s. Mean Reward: 2.505. Std of Reward: 24.621. Training.
[INFO] Rocket. Step: 56560000. Time Elapsed: 6336.157 s. Mean Reward: 4.897. Std of Reward: 22.598. Training.
[INFO] Rocket. Step: 56580000. Time Elapsed: 6351.187 s. Mean Reward: 4.070. Std of Reward: 22.661. Training.
[INFO] Rocket. Step: 56600000. Time Elapsed: 6373.593 s. Mean Reward: 8.409. Std of Reward: 21.561. Training.
[INFO] Rocket. Step: 56620000. Time Elapsed: 6390.872 s. Mean Reward: 14.410. Std of Reward: 15.172. Training.
[INFO] Rocket. Step: 56640000. Time Elapsed: 6412.186 s. Mean Reward: 2.722. Std of Reward: 27.167. Training.
[INFO] Rocket. Step: 56660000. Time Elapsed: 6427.335 s. Mean Reward: 8.920. Std of Reward: 23.371. Training.
[INFO] Rocket. Step: 56680000. Time Elapsed: 6451.265 s. Mean Reward: 1.431. Std of Reward: 26.707. Training.
[INFO] Rocket. Step: 56700000. Time Elapsed: 6466.491 s. Mean Reward: 6.437. Std of Reward: 22.124. Training.
[INFO] Rocket. Step: 56720000. Time Elapsed: 6490.444 s. Mean Reward: 11.770. Std of Reward: 18.991. Training.
[INFO] Rocket. Step: 56740000. Time Elapsed: 6505.226 s. Mean Reward: 12.562. Std of Reward: 18.506. Training.
[INFO] Rocket. Step: 56760000. Time Elapsed: 6529.485 s. Mean Reward: 5.444. Std of Reward: 23.230. Training.
[INFO] Rocket. Step: 56780000. Time Elapsed: 6546.072 s. Mean Reward: 5.352. Std of Reward: 20.808. Training.
[INFO] Rocket. Step: 56800000. Time Elapsed: 6567.739 s. Mean Reward: 13.815. Std of Reward: 15.295. Training.
[INFO] Rocket. Step: 56820000. Time Elapsed: 6582.725 s. Mean Reward: 12.265. Std of Reward: 14.499. Training.
[INFO] Rocket. Step: 56840000. Time Elapsed: 6607.573 s. Mean Reward: 6.973. Std of Reward: 21.565. Training.
[INFO] Rocket. Step: 56860000. Time Elapsed: 6624.126 s. Mean Reward: 3.973. Std of Reward: 26.418. Training.
[INFO] Rocket. Step: 56880000. Time Elapsed: 6644.605 s. Mean Reward: 2.015. Std of Reward: 28.732. Training.
[INFO] Rocket. Step: 56900000. Time Elapsed: 6662.366 s. Mean Reward: 11.649. Std of Reward: 18.334. Training.
[INFO] Rocket. Step: 56920000. Time Elapsed: 6685.616 s. Mean Reward: 2.813. Std of Reward: 24.870. Training.
[INFO] Rocket. Step: 56940000. Time Elapsed: 6699.877 s. Mean Reward: 10.483. Std of Reward: 18.112. Training.
[INFO] Rocket. Step: 56960000. Time Elapsed: 6723.701 s. Mean Reward: 12.539. Std of Reward: 17.722. Training.
[INFO] Rocket. Step: 56980000. Time Elapsed: 6740.501 s. Mean Reward: 7.666. Std of Reward: 22.191. Training.
[INFO] Rocket. Step: 57000000. Time Elapsed: 6763.786 s. Mean Reward: -0.892. Std of Reward: 27.008. Training.
[INFO] Exported results\L10\Rocket\Rocket-56999270.onnx
[INFO] Rocket. Step: 57020000. Time Elapsed: 6777.908 s. Mean Reward: 5.202. Std of Reward: 19.820. Training.
[INFO] Rocket. Step: 57040000. Time Elapsed: 6802.175 s. Mean Reward: 15.548. Std of Reward: 10.070. Training.
[INFO] Rocket. Step: 57060000. Time Elapsed: 6817.992 s. Mean Reward: 0.909. Std of Reward: 25.365. Training.
[INFO] Rocket. Step: 57080000. Time Elapsed: 6834.113 s. Mean Reward: 11.442. Std of Reward: 18.274. Training.
[INFO] Rocket. Step: 57100000. Time Elapsed: 6856.422 s. Mean Reward: 11.721. Std of Reward: 17.283. Training.
[INFO] Rocket. Step: 57120000. Time Elapsed: 6874.549 s. Mean Reward: 19.441. Std of Reward: 3.514. Training.
[INFO] Rocket. Step: 57140000. Time Elapsed: 6894.672 s. Mean Reward: 6.138. Std of Reward: 23.256. Training.
[INFO] Rocket. Step: 57160000. Time Elapsed: 6912.413 s. Mean Reward: 4.110. Std of Reward: 23.987. Training.
[INFO] Rocket. Step: 57180000. Time Elapsed: 6933.774 s. Mean Reward: 0.373. Std of Reward: 25.417. Training.
[INFO] Rocket. Step: 57200000. Time Elapsed: 6951.301 s. Mean Reward: 3.142. Std of Reward: 26.974. Training.
[INFO] Rocket. Step: 57220000. Time Elapsed: 6971.558 s. Mean Reward: 10.437. Std of Reward: 21.116. Training.
[INFO] Rocket. Step: 57240000. Time Elapsed: 6988.547 s. Mean Reward: 8.008. Std of Reward: 21.491. Training.
[INFO] Rocket. Step: 57260000. Time Elapsed: 7010.759 s. Mean Reward: 7.159. Std of Reward: 20.934. Training.
[INFO] Rocket. Step: 57280000. Time Elapsed: 7028.150 s. Mean Reward: 9.870. Std of Reward: 20.346. Training.
[INFO] Rocket. Step: 57300000. Time Elapsed: 7051.294 s. Mean Reward: 10.522. Std of Reward: 21.229. Training.
[INFO] Rocket. Step: 57320000. Time Elapsed: 7065.190 s. Mean Reward: 8.319. Std of Reward: 18.693. Training.
[INFO] Rocket. Step: 57340000. Time Elapsed: 7088.201 s. Mean Reward: 12.020. Std of Reward: 16.583. Training.
[INFO] Rocket. Step: 57360000. Time Elapsed: 7104.634 s. Mean Reward: 9.638. Std of Reward: 19.976. Training.
[INFO] Rocket. Step: 57380000. Time Elapsed: 7126.644 s. Mean Reward: 3.355. Std of Reward: 25.954. Training.
[INFO] Rocket. Step: 57400000. Time Elapsed: 7142.716 s. Mean Reward: 8.557. Std of Reward: 24.011. Training.
[INFO] Rocket. Step: 57420000. Time Elapsed: 7164.730 s. Mean Reward: -3.458. Std of Reward: 25.674. Training.
[INFO] Rocket. Step: 57440000. Time Elapsed: 7181.337 s. Mean Reward: 14.111. Std of Reward: 13.185. Training.
[INFO] Rocket. Step: 57460000. Time Elapsed: 7204.003 s. Mean Reward: -1.610. Std of Reward: 28.484. Training.
[INFO] Rocket. Step: 57480000. Time Elapsed: 7221.698 s. Mean Reward: 10.781. Std of Reward: 20.422. Training.
[INFO] Rocket. Step: 57500000. Time Elapsed: 7245.953 s. Mean Reward: 9.417. Std of Reward: 23.244. Training.
[INFO] Exported results\L10\Rocket\Rocket-57499663.onnx
[INFO] Rocket. Step: 57520000. Time Elapsed: 7259.278 s. Mean Reward: 7.684. Std of Reward: 21.984. Training.
[INFO] Rocket. Step: 57540000. Time Elapsed: 7282.592 s. Mean Reward: 8.391. Std of Reward: 21.816. Training.
[INFO] Rocket. Step: 57560000. Time Elapsed: 7297.313 s. Mean Reward: 6.693. Std of Reward: 23.455. Training.
[INFO] Rocket. Step: 57580000. Time Elapsed: 7321.572 s. Mean Reward: 6.877. Std of Reward: 19.864. Training.
[INFO] Rocket. Step: 57600000. Time Elapsed: 7337.663 s. Mean Reward: 6.871. Std of Reward: 23.604. Training.
[INFO] Rocket. Step: 57620000. Time Elapsed: 7361.142 s. Mean Reward: 8.821. Std of Reward: 19.916. Training.
[INFO] Rocket. Step: 57640000. Time Elapsed: 7375.078 s. Mean Reward: 15.564. Std of Reward: 13.793. Training.
[INFO] Rocket. Step: 57660000. Time Elapsed: 7392.016 s. Mean Reward: -0.200. Std of Reward: 26.276. Training.
[INFO] Rocket. Step: 57680000. Time Elapsed: 7413.761 s. Mean Reward: 8.516. Std of Reward: 23.197. Training.
[INFO] Rocket. Step: 57700000. Time Elapsed: 7431.447 s. Mean Reward: 4.944. Std of Reward: 26.325. Training.
[INFO] Rocket. Step: 57720000. Time Elapsed: 7453.770 s. Mean Reward: 5.248. Std of Reward: 24.637. Training.
[INFO] Rocket. Step: 57740000. Time Elapsed: 7468.514 s. Mean Reward: 2.405. Std of Reward: 22.719. Training.
[INFO] Rocket. Step: 57760000. Time Elapsed: 7491.889 s. Mean Reward: 5.388. Std of Reward: 22.713. Training.
[INFO] Rocket. Step: 57780000. Time Elapsed: 7507.667 s. Mean Reward: 9.536. Std of Reward: 18.554. Training.
[INFO] Rocket. Step: 57800000. Time Elapsed: 7530.578 s. Mean Reward: 9.543. Std of Reward: 24.578. Training.
[INFO] Rocket. Step: 57820000. Time Elapsed: 7546.861 s. Mean Reward: 15.544. Std of Reward: 13.051. Training.
[INFO] Rocket. Step: 57840000. Time Elapsed: 7570.769 s. Mean Reward: 2.307. Std of Reward: 27.280. Training.
[INFO] Rocket. Step: 57860000. Time Elapsed: 7584.864 s. Mean Reward: 6.501. Std of Reward: 25.127. Training.
[INFO] Rocket. Step: 57880000. Time Elapsed: 7608.457 s. Mean Reward: 0.195. Std of Reward: 24.545. Training.
[INFO] Rocket. Step: 57900000. Time Elapsed: 7623.929 s. Mean Reward: 5.757. Std of Reward: 26.477. Training.
[INFO] Rocket. Step: 57920000. Time Elapsed: 7645.459 s. Mean Reward: 5.707. Std of Reward: 21.889. Training.
[INFO] Rocket. Step: 57940000. Time Elapsed: 7661.776 s. Mean Reward: 3.255. Std of Reward: 25.578. Training.
[INFO] Rocket. Step: 57960000. Time Elapsed: 7685.382 s. Mean Reward: 5.069. Std of Reward: 25.588. Training.
[INFO] Rocket. Step: 57980000. Time Elapsed: 7701.399 s. Mean Reward: 8.481. Std of Reward: 27.206. Training.
[INFO] Rocket. Step: 58000000. Time Elapsed: 7724.459 s. Mean Reward: 9.730. Std of Reward: 22.556. Training.
[INFO] Exported results\L10\Rocket\Rocket-57999721.onnx
[INFO] Rocket. Step: 58020000. Time Elapsed: 7741.149 s. Mean Reward: 11.394. Std of Reward: 21.184. Training.
[INFO] Rocket. Step: 58040000. Time Elapsed: 7762.484 s. Mean Reward: 9.797. Std of Reward: 20.798. Training.
[INFO] Rocket. Step: 58060000. Time Elapsed: 7778.472 s. Mean Reward: 3.788. Std of Reward: 23.325. Training.
[INFO] Rocket. Step: 58080000. Time Elapsed: 7801.351 s. Mean Reward: -9.247. Std of Reward: 29.874. Training.
[INFO] Rocket. Step: 58100000. Time Elapsed: 7818.468 s. Mean Reward: 0.961. Std of Reward: 27.531. Training.
[INFO] Rocket. Step: 58120000. Time Elapsed: 7839.319 s. Mean Reward: 13.960. Std of Reward: 13.290. Training.
[INFO] Rocket. Step: 58140000. Time Elapsed: 7855.983 s. Mean Reward: 3.372. Std of Reward: 26.480. Training.
[INFO] Rocket. Step: 58160000. Time Elapsed: 7878.670 s. Mean Reward: 11.918. Std of Reward: 19.340. Training.
[INFO] Rocket. Step: 58180000. Time Elapsed: 7895.166 s. Mean Reward: 10.387. Std of Reward: 22.166. Training.
[INFO] Rocket. Step: 58200000. Time Elapsed: 7918.527 s. Mean Reward: 8.514. Std of Reward: 21.504. Training.
[INFO] Rocket. Step: 58220000. Time Elapsed: 7934.459 s. Mean Reward: 9.753. Std of Reward: 22.633. Training.
[INFO] Rocket. Step: 58240000. Time Elapsed: 7957.803 s. Mean Reward: 13.853. Std of Reward: 12.324. Training.
[INFO] Rocket. Step: 58260000. Time Elapsed: 7974.323 s. Mean Reward: 9.051. Std of Reward: 24.408. Training.
[INFO] Rocket. Step: 58280000. Time Elapsed: 7988.895 s. Mean Reward: 3.020. Std of Reward: 27.576. Training.
[INFO] Rocket. Step: 58300000. Time Elapsed: 8012.563 s. Mean Reward: 9.300. Std of Reward: 21.907. Training.
[INFO] Rocket. Step: 58320000. Time Elapsed: 8027.699 s. Mean Reward: 11.531. Std of Reward: 15.999. Training.
[INFO] Rocket. Step: 58340000. Time Elapsed: 8049.909 s. Mean Reward: 5.182. Std of Reward: 24.182. Training.
[INFO] Rocket. Step: 58360000. Time Elapsed: 8066.655 s. Mean Reward: 5.353. Std of Reward: 22.371. Training.
[INFO] Rocket. Step: 58380000. Time Elapsed: 8089.382 s. Mean Reward: 3.976. Std of Reward: 26.526. Training.
[INFO] Rocket. Step: 58400000. Time Elapsed: 8104.713 s. Mean Reward: 16.172. Std of Reward: 18.159. Training.
[INFO] Rocket. Step: 58420000. Time Elapsed: 8128.620 s. Mean Reward: 6.392. Std of Reward: 24.268. Training.
[INFO] Rocket. Step: 58440000. Time Elapsed: 8144.235 s. Mean Reward: 11.204. Std of Reward: 22.688. Training.
[INFO] Rocket. Step: 58460000. Time Elapsed: 8166.329 s. Mean Reward: 6.791. Std of Reward: 24.585. Training.
[INFO] Rocket. Step: 58480000. Time Elapsed: 8182.113 s. Mean Reward: 9.098. Std of Reward: 18.579. Training.
[INFO] Rocket. Step: 58500000. Time Elapsed: 8204.307 s. Mean Reward: -0.896. Std of Reward: 24.428. Training.
[INFO] Exported results\L10\Rocket\Rocket-58499692.onnx
[INFO] Rocket. Step: 58520000. Time Elapsed: 8219.954 s. Mean Reward: 11.032. Std of Reward: 18.656. Training.
[INFO] Rocket. Step: 58540000. Time Elapsed: 8243.856 s. Mean Reward: 4.752. Std of Reward: 24.051. Training.
[INFO] Rocket. Step: 58560000. Time Elapsed: 8258.987 s. Mean Reward: 2.813. Std of Reward: 26.792. Training.
[INFO] Rocket. Step: 58580000. Time Elapsed: 8281.921 s. Mean Reward: 7.458. Std of Reward: 20.173. Training.
[INFO] Rocket. Step: 58600000. Time Elapsed: 8297.392 s. Mean Reward: -9.985. Std of Reward: 26.103. Training.
[INFO] Rocket. Step: 58620000. Time Elapsed: 8321.041 s. Mean Reward: 11.638. Std of Reward: 18.346. Training.
[INFO] Rocket. Step: 58640000. Time Elapsed: 8335.835 s. Mean Reward: -2.575. Std of Reward: 26.230. Training.
[INFO] Rocket. Step: 58660000. Time Elapsed: 8359.635 s. Mean Reward: 16.081. Std of Reward: 13.318. Training.
[INFO] Rocket. Step: 58680000. Time Elapsed: 8375.608 s. Mean Reward: 3.661. Std of Reward: 28.732. Training.
[INFO] Rocket. Step: 58700000. Time Elapsed: 8399.210 s. Mean Reward: 8.818. Std of Reward: 20.397. Training.
[INFO] Rocket. Step: 58720000. Time Elapsed: 8413.793 s. Mean Reward: -1.771. Std of Reward: 29.836. Training.
[INFO] Rocket. Step: 58740000. Time Elapsed: 8436.344 s. Mean Reward: 12.904. Std of Reward: 17.191. Training.
[INFO] Rocket. Step: 58760000. Time Elapsed: 8453.316 s. Mean Reward: 6.781. Std of Reward: 20.337. Training.
[INFO] Rocket. Step: 58780000. Time Elapsed: 8476.016 s. Mean Reward: 11.157. Std of Reward: 20.491. Training.
[INFO] Rocket. Step: 58800000. Time Elapsed: 8492.165 s. Mean Reward: 3.971. Std of Reward: 25.071. Training.
[INFO] Rocket. Step: 58820000. Time Elapsed: 8516.257 s. Mean Reward: 9.724. Std of Reward: 22.499. Training.
[INFO] Rocket. Step: 58840000. Time Elapsed: 8530.018 s. Mean Reward: -1.177. Std of Reward: 28.219. Training.
[INFO] Rocket. Step: 58860000. Time Elapsed: 8554.919 s. Mean Reward: 9.227. Std of Reward: 20.551. Training.
[INFO] Rocket. Step: 58880000. Time Elapsed: 8570.247 s. Mean Reward: 10.163. Std of Reward: 23.065. Training.
[INFO] Rocket. Step: 58900000. Time Elapsed: 8586.227 s. Mean Reward: 8.597. Std of Reward: 20.808. Training.
[INFO] Rocket. Step: 58920000. Time Elapsed: 8608.039 s. Mean Reward: 11.569. Std of Reward: 17.200. Training.
[INFO] Rocket. Step: 58940000. Time Elapsed: 8624.746 s. Mean Reward: 10.917. Std of Reward: 21.193. Training.
[INFO] Rocket. Step: 58960000. Time Elapsed: 8646.628 s. Mean Reward: -2.559. Std of Reward: 26.067. Training.
[INFO] Rocket. Step: 58980000. Time Elapsed: 8661.992 s. Mean Reward: 4.380. Std of Reward: 22.216. Training.
[INFO] Rocket. Step: 59000000. Time Elapsed: 8686.996 s. Mean Reward: 11.039. Std of Reward: 17.620. Training.
[INFO] Exported results\L10\Rocket\Rocket-58999708.onnx
[INFO] Rocket. Step: 59020000. Time Elapsed: 8701.344 s. Mean Reward: 11.808. Std of Reward: 18.060. Training.
[INFO] Rocket. Step: 59040000. Time Elapsed: 8724.108 s. Mean Reward: 8.334. Std of Reward: 21.971. Training.
[INFO] Rocket. Step: 59060000. Time Elapsed: 8740.121 s. Mean Reward: 8.561. Std of Reward: 21.153. Training.
[INFO] Rocket. Step: 59080000. Time Elapsed: 8762.577 s. Mean Reward: 18.005. Std of Reward: 10.034. Training.
[INFO] Rocket. Step: 59100000. Time Elapsed: 8779.619 s. Mean Reward: 10.503. Std of Reward: 22.235. Training.
[INFO] Rocket. Step: 59120000. Time Elapsed: 8802.267 s. Mean Reward: 11.805. Std of Reward: 18.922. Training.
[INFO] Rocket. Step: 59140000. Time Elapsed: 8818.549 s. Mean Reward: 7.265. Std of Reward: 18.026. Training.
[INFO] Rocket. Step: 59160000. Time Elapsed: 8839.429 s. Mean Reward: 9.075. Std of Reward: 19.859. Training.
[INFO] Rocket. Step: 59180000. Time Elapsed: 8856.907 s. Mean Reward: 3.750. Std of Reward: 24.910. Training.
[INFO] Rocket. Step: 59200000. Time Elapsed: 8878.695 s. Mean Reward: 5.640. Std of Reward: 25.542. Training.
[INFO] Rocket. Step: 59220000. Time Elapsed: 8893.692 s. Mean Reward: 8.794. Std of Reward: 23.646. Training.
[INFO] Rocket. Step: 59240000. Time Elapsed: 8917.787 s. Mean Reward: 11.784. Std of Reward: 15.961. Training.
[INFO] Rocket. Step: 59260000. Time Elapsed: 8933.302 s. Mean Reward: 0.809. Std of Reward: 29.443. Training.
[INFO] Rocket. Step: 59280000. Time Elapsed: 8957.026 s. Mean Reward: 5.681. Std of Reward: 22.904. Training.
[INFO] Rocket. Step: 59300000. Time Elapsed: 8972.914 s. Mean Reward: 14.338. Std of Reward: 15.160. Training.
[INFO] Rocket. Step: 59320000. Time Elapsed: 8995.365 s. Mean Reward: 3.090. Std of Reward: 26.101. Training.
[INFO] Rocket. Step: 59340000. Time Elapsed: 9011.040 s. Mean Reward: -0.084. Std of Reward: 29.089. Training.
[INFO] Rocket. Step: 59360000. Time Elapsed: 9035.119 s. Mean Reward: 15.757. Std of Reward: 14.302. Training.
[INFO] Rocket. Step: 59380000. Time Elapsed: 9050.135 s. Mean Reward: 3.975. Std of Reward: 22.522. Training.
[INFO] Rocket. Step: 59400000. Time Elapsed: 9072.653 s. Mean Reward: 8.060. Std of Reward: 26.602. Training.
[INFO] Rocket. Step: 59420000. Time Elapsed: 9088.999 s. Mean Reward: 4.905. Std of Reward: 27.427. Training.
[INFO] Rocket. Step: 59440000. Time Elapsed: 9112.994 s. Mean Reward: 5.356. Std of Reward: 20.668. Training.
[INFO] Rocket. Step: 59460000. Time Elapsed: 9125.904 s. Mean Reward: 7.544. Std of Reward: 23.715. Training.
[INFO] Rocket. Step: 59480000. Time Elapsed: 9144.485 s. Mean Reward: 2.249. Std of Reward: 26.395. Training.
[INFO] Rocket. Step: 59500000. Time Elapsed: 9164.676 s. Mean Reward: 13.699. Std of Reward: 17.542. Training.
[INFO] Exported results\L10\Rocket\Rocket-59499574.onnx
[INFO] Rocket. Step: 59520000. Time Elapsed: 9181.660 s. Mean Reward: 8.504. Std of Reward: 20.446. Training.
[INFO] Rocket. Step: 59540000. Time Elapsed: 9204.805 s. Mean Reward: 4.307. Std of Reward: 27.266. Training.
[INFO] Rocket. Step: 59560000. Time Elapsed: 9219.357 s. Mean Reward: 12.071. Std of Reward: 19.701. Training.
[INFO] Rocket. Step: 59580000. Time Elapsed: 9243.160 s. Mean Reward: 5.817. Std of Reward: 23.730. Training.
[INFO] Rocket. Step: 59600000. Time Elapsed: 9257.807 s. Mean Reward: -4.978. Std of Reward: 27.255. Training.
[INFO] Rocket. Step: 59620000. Time Elapsed: 9280.797 s. Mean Reward: 7.062. Std of Reward: 20.521. Training.
[INFO] Rocket. Step: 59640000. Time Elapsed: 9295.782 s. Mean Reward: 6.405. Std of Reward: 23.334. Training.
[INFO] Rocket. Step: 59660000. Time Elapsed: 9319.439 s. Mean Reward: 6.218. Std of Reward: 26.524. Training.
[INFO] Rocket. Step: 59680000. Time Elapsed: 9336.006 s. Mean Reward: 14.551. Std of Reward: 12.862. Training.
[INFO] Rocket. Step: 59700000. Time Elapsed: 9357.681 s. Mean Reward: 2.600. Std of Reward: 24.737. Training.
[INFO] Rocket. Step: 59720000. Time Elapsed: 9375.575 s. Mean Reward: 7.517. Std of Reward: 22.962. Training.
[INFO] Rocket. Step: 59740000. Time Elapsed: 9396.900 s. Mean Reward: 9.369. Std of Reward: 23.987. Training.
[INFO] Rocket. Step: 59760000. Time Elapsed: 9411.115 s. Mean Reward: 11.316. Std of Reward: 21.743. Training.
[INFO] Rocket. Step: 59780000. Time Elapsed: 9435.404 s. Mean Reward: 5.826. Std of Reward: 21.115. Training.
[INFO] Rocket. Step: 59800000. Time Elapsed: 9451.126 s. Mean Reward: -1.392. Std of Reward: 28.126. Training.
[INFO] Rocket. Step: 59820000. Time Elapsed: 9472.955 s. Mean Reward: -1.868. Std of Reward: 24.527. Training.
[INFO] Rocket. Step: 59840000. Time Elapsed: 9487.762 s. Mean Reward: 1.017. Std of Reward: 26.880. Training.
[INFO] Rocket. Step: 59860000. Time Elapsed: 9512.667 s. Mean Reward: 8.122. Std of Reward: 21.606. Training.
[INFO] Rocket. Step: 59880000. Time Elapsed: 9526.039 s. Mean Reward: 9.159. Std of Reward: 19.540. Training.
[INFO] Rocket. Step: 59900000. Time Elapsed: 9550.454 s. Mean Reward: 16.042. Std of Reward: 13.538. Training.
[INFO] Rocket. Step: 59920000. Time Elapsed: 9566.271 s. Mean Reward: 1.372. Std of Reward: 25.799. Training.
[INFO] Rocket. Step: 59940000. Time Elapsed: 9588.116 s. Mean Reward: 12.703. Std of Reward: 19.052. Training.
[INFO] Rocket. Step: 59960000. Time Elapsed: 9605.509 s. Mean Reward: 9.435. Std of Reward: 20.103. Training.
[INFO] Rocket. Step: 59980000. Time Elapsed: 9628.126 s. Mean Reward: 4.843. Std of Reward: 19.524. Training.
[INFO] Rocket. Step: 60000000. Time Elapsed: 9643.043 s. Mean Reward: 7.009. Std of Reward: 20.454. Training.
[INFO] Exported results\L10\Rocket\Rocket-59999809.onnx
[INFO] Rocket. Step: 60020000. Time Elapsed: 9666.699 s. Mean Reward: 6.379. Std of Reward: 21.820. Training.
[INFO] Rocket. Step: 60040000. Time Elapsed: 9682.831 s. Mean Reward: 7.966. Std of Reward: 22.806. Training.
[INFO] Rocket. Step: 60060000. Time Elapsed: 9698.173 s. Mean Reward: 10.435. Std of Reward: 19.486. Training.
[INFO] Rocket. Step: 60080000. Time Elapsed: 9718.846 s. Mean Reward: 3.384. Std of Reward: 28.404. Training.
[INFO] Rocket. Step: 60100000. Time Elapsed: 9736.165 s. Mean Reward: 12.453. Std of Reward: 16.071. Training.
[INFO] Rocket. Step: 60120000. Time Elapsed: 9758.576 s. Mean Reward: 1.389. Std of Reward: 27.633. Training.
[INFO] Rocket. Step: 60140000. Time Elapsed: 9773.069 s. Mean Reward: 1.605. Std of Reward: 28.760. Training.
[INFO] Rocket. Step: 60160000. Time Elapsed: 9798.083 s. Mean Reward: 11.494. Std of Reward: 18.503. Training.
[INFO] Rocket. Step: 60180000. Time Elapsed: 9814.733 s. Mean Reward: -0.200. Std of Reward: 30.903. Training.
[INFO] Rocket. Step: 60200000. Time Elapsed: 9840.585 s. Mean Reward: -3.587. Std of Reward: 28.318. Training.
[INFO] Rocket. Step: 60220000. Time Elapsed: 9858.497 s. Mean Reward: 5.752. Std of Reward: 20.994. Training.
[INFO] Rocket. Step: 60240000. Time Elapsed: 9884.380 s. Mean Reward: 5.950. Std of Reward: 23.422. Training.
[INFO] Rocket. Step: 60260000. Time Elapsed: 9902.688 s. Mean Reward: 7.762. Std of Reward: 20.786. Training.
[INFO] Rocket. Step: 60280000. Time Elapsed: 9929.400 s. Mean Reward: 2.516. Std of Reward: 24.706. Training.
[INFO] Rocket. Step: 60300000. Time Elapsed: 9944.367 s. Mean Reward: 5.625. Std of Reward: 24.638. Training.
[INFO] Rocket. Step: 60320000. Time Elapsed: 9967.877 s. Mean Reward: 6.382. Std of Reward: 21.299. Training.
[INFO] Rocket. Step: 60340000. Time Elapsed: 9982.650 s. Mean Reward: 1.383. Std of Reward: 25.143. Training.
[INFO] Rocket. Step: 60360000. Time Elapsed: 10005.925 s. Mean Reward: 4.701. Std of Reward: 21.382. Training.
[INFO] Rocket. Step: 60380000. Time Elapsed: 10021.299 s. Mean Reward: 10.820. Std of Reward: 21.648. Training.
[INFO] Rocket. Step: 60400000. Time Elapsed: 10042.907 s. Mean Reward: 13.776. Std of Reward: 15.250. Training.
[INFO] Rocket. Step: 60420000. Time Elapsed: 10060.997 s. Mean Reward: 1.498. Std of Reward: 24.984. Training.
[INFO] Rocket. Step: 60440000. Time Elapsed: 10083.677 s. Mean Reward: 16.299. Std of Reward: 15.154. Training.
[INFO] Rocket. Step: 60460000. Time Elapsed: 10099.144 s. Mean Reward: 15.216. Std of Reward: 13.104. Training.
[INFO] Rocket. Step: 60480000. Time Elapsed: 10120.936 s. Mean Reward: 9.851. Std of Reward: 23.670. Training.
[INFO] Rocket. Step: 60500000. Time Elapsed: 10136.990 s. Mean Reward: 2.904. Std of Reward: 25.730. Training.
[INFO] Exported results\L10\Rocket\Rocket-60499036.onnx
[INFO] Rocket. Step: 60520000. Time Elapsed: 10160.410 s. Mean Reward: -5.813. Std of Reward: 31.480. Training.
[INFO] Rocket. Step: 60540000. Time Elapsed: 10174.803 s. Mean Reward: 7.822. Std of Reward: 21.578. Training.
[INFO] Rocket. Step: 60560000. Time Elapsed: 10199.624 s. Mean Reward: 5.866. Std of Reward: 22.024. Training.
[INFO] Rocket. Step: 60580000. Time Elapsed: 10214.334 s. Mean Reward: 13.842. Std of Reward: 17.259. Training.
[INFO] Rocket. Step: 60600000. Time Elapsed: 10236.475 s. Mean Reward: 11.493. Std of Reward: 20.462. Training.
[INFO] Rocket. Step: 60620000. Time Elapsed: 10252.289 s. Mean Reward: -0.180. Std of Reward: 27.620. Training.
[INFO] Rocket. Step: 60640000. Time Elapsed: 10278.007 s. Mean Reward: 10.804. Std of Reward: 23.623. Training.
[INFO] Rocket. Step: 60660000. Time Elapsed: 10290.781 s. Mean Reward: 1.603. Std of Reward: 28.226. Training.
[INFO] Rocket. Step: 60680000. Time Elapsed: 10308.282 s. Mean Reward: 8.328. Std of Reward: 19.745. Training.
[INFO] Rocket. Step: 60700000. Time Elapsed: 10328.504 s. Mean Reward: 11.570. Std of Reward: 17.403. Training.
[INFO] Rocket. Step: 60720000. Time Elapsed: 10345.022 s. Mean Reward: 5.974. Std of Reward: 23.459. Training.
[INFO] Rocket. Step: 60740000. Time Elapsed: 10367.221 s. Mean Reward: 0.139. Std of Reward: 28.377. Training.
[INFO] Rocket. Step: 60760000. Time Elapsed: 10383.954 s. Mean Reward: 4.953. Std of Reward: 27.091. Training.
[INFO] Rocket. Step: 60780000. Time Elapsed: 10406.475 s. Mean Reward: 8.438. Std of Reward: 21.530. Training.
[INFO] Rocket. Step: 60800000. Time Elapsed: 10421.677 s. Mean Reward: 12.507. Std of Reward: 15.045. Training.
[INFO] Rocket. Step: 60820000. Time Elapsed: 10445.110 s. Mean Reward: 12.188. Std of Reward: 20.661. Training.
[INFO] Rocket. Step: 60840000. Time Elapsed: 10460.632 s. Mean Reward: 10.390. Std of Reward: 21.533. Training.
[INFO] Rocket. Step: 60860000. Time Elapsed: 10484.437 s. Mean Reward: 0.949. Std of Reward: 28.359. Training.
[INFO] Rocket. Step: 60880000. Time Elapsed: 10497.748 s. Mean Reward: 9.948. Std of Reward: 19.788. Training.
[INFO] Rocket. Step: 60900000. Time Elapsed: 10521.892 s. Mean Reward: -3.413. Std of Reward: 28.057. Training.
[INFO] Rocket. Step: 60920000. Time Elapsed: 10535.200 s. Mean Reward: 4.021. Std of Reward: 23.625. Training.
[INFO] Rocket. Step: 60940000. Time Elapsed: 10560.212 s. Mean Reward: -7.236. Std of Reward: 32.552. Training.
[INFO] Rocket. Step: 60960000. Time Elapsed: 10576.203 s. Mean Reward: 8.877. Std of Reward: 22.529. Training.
[INFO] Rocket. Step: 60980000. Time Elapsed: 10597.528 s. Mean Reward: 3.166. Std of Reward: 24.647. Training.
[INFO] Rocket. Step: 61000000. Time Elapsed: 10614.165 s. Mean Reward: 10.226. Std of Reward: 23.638. Training.
[INFO] Exported results\L10\Rocket\Rocket-60999442.onnx
[INFO] Rocket. Step: 61020000. Time Elapsed: 10638.835 s. Mean Reward: 6.995. Std of Reward: 24.293. Training.
[INFO] Rocket. Step: 61040000. Time Elapsed: 10652.495 s. Mean Reward: 9.337. Std of Reward: 23.850. Training.
[INFO] Rocket. Step: 61060000. Time Elapsed: 10674.856 s. Mean Reward: 5.006. Std of Reward: 25.656. Training.
[INFO] Rocket. Step: 61080000. Time Elapsed: 10690.703 s. Mean Reward: 6.224. Std of Reward: 25.578. Training.
[INFO] Rocket. Step: 61100000. Time Elapsed: 10713.540 s. Mean Reward: 4.659. Std of Reward: 26.161. Training.
[INFO] Rocket. Step: 61120000. Time Elapsed: 10730.536 s. Mean Reward: 10.514. Std of Reward: 19.986. Training.
[INFO] Rocket. Step: 61140000. Time Elapsed: 10752.334 s. Mean Reward: 5.086. Std of Reward: 24.514. Training.
[INFO] Rocket. Step: 61160000. Time Elapsed: 10769.231 s. Mean Reward: 11.566. Std of Reward: 19.802. Training.
[INFO] Rocket. Step: 61180000. Time Elapsed: 10790.961 s. Mean Reward: -0.172. Std of Reward: 28.427. Training.
[INFO] Rocket. Step: 61200000. Time Elapsed: 10806.937 s. Mean Reward: 7.836. Std of Reward: 21.476. Training.
[INFO] Rocket. Step: 61220000. Time Elapsed: 10829.274 s. Mean Reward: 0.135. Std of Reward: 28.053. Training.
[INFO] Rocket. Step: 61240000. Time Elapsed: 10845.874 s. Mean Reward: 15.920. Std of Reward: 17.729. Training.
[INFO] Rocket. Step: 61260000. Time Elapsed: 10871.535 s. Mean Reward: -0.189. Std of Reward: 30.495. Training.
[INFO] Rocket. Step: 61280000. Time Elapsed: 10884.317 s. Mean Reward: 3.738. Std of Reward: 26.564. Training.
[INFO] Rocket. Step: 61300000. Time Elapsed: 10899.135 s. Mean Reward: 8.862. Std of Reward: 23.530. Training.
[INFO] Rocket. Step: 61320000. Time Elapsed: 10923.748 s. Mean Reward: -0.516. Std of Reward: 27.437. Training.
[INFO] Rocket. Step: 61340000. Time Elapsed: 10938.506 s. Mean Reward: 7.706. Std of Reward: 23.349. Training.
[INFO] Rocket. Step: 61360000. Time Elapsed: 10961.650 s. Mean Reward: 7.096. Std of Reward: 23.807. Training.
[INFO] Rocket. Step: 61380000. Time Elapsed: 10977.343 s. Mean Reward: 11.226. Std of Reward: 15.213. Training.
[INFO] Rocket. Step: 61400000. Time Elapsed: 10999.499 s. Mean Reward: -1.160. Std of Reward: 27.456. Training.
[INFO] Rocket. Step: 61420000. Time Elapsed: 11015.311 s. Mean Reward: 4.882. Std of Reward: 25.086. Training.
[INFO] Rocket. Step: 61440000. Time Elapsed: 11038.059 s. Mean Reward: 6.103. Std of Reward: 24.199. Training.
[INFO] Rocket. Step: 61460000. Time Elapsed: 11053.945 s. Mean Reward: 13.897. Std of Reward: 16.201. Training.
[INFO] Rocket. Step: 61480000. Time Elapsed: 11076.855 s. Mean Reward: 15.087. Std of Reward: 13.238. Training.
[INFO] Rocket. Step: 61500000. Time Elapsed: 11092.369 s. Mean Reward: -3.920. Std of Reward: 27.605. Training.
[INFO] Exported results\L10\Rocket\Rocket-61499677.onnx
[INFO] Rocket. Step: 61520000. Time Elapsed: 11114.223 s. Mean Reward: 5.929. Std of Reward: 24.580. Training.
[INFO] Rocket. Step: 61540000. Time Elapsed: 11131.276 s. Mean Reward: 5.398. Std of Reward: 23.326. Training.
[INFO] Rocket. Step: 61560000. Time Elapsed: 11152.571 s. Mean Reward: 9.756. Std of Reward: 20.698. Training.
[INFO] Rocket. Step: 61580000. Time Elapsed: 11168.382 s. Mean Reward: -7.385. Std of Reward: 30.658. Training.
[INFO] Rocket. Step: 61600000. Time Elapsed: 11191.295 s. Mean Reward: 4.385. Std of Reward: 23.620. Training.
[INFO] Rocket. Step: 61620000. Time Elapsed: 11206.900 s. Mean Reward: 5.778. Std of Reward: 22.734. Training.
[INFO] Rocket. Step: 61640000. Time Elapsed: 11230.301 s. Mean Reward: 5.953. Std of Reward: 24.978. Training.
[INFO] Rocket. Step: 61660000. Time Elapsed: 11245.134 s. Mean Reward: 3.328. Std of Reward: 27.478. Training.
[INFO] Rocket. Step: 61680000. Time Elapsed: 11267.400 s. Mean Reward: 8.042. Std of Reward: 22.861. Training.
[INFO] Rocket. Step: 61700000. Time Elapsed: 11284.203 s. Mean Reward: 0.495. Std of Reward: 24.887. Training.
[INFO] Rocket. Step: 61720000. Time Elapsed: 11308.482 s. Mean Reward: 7.077. Std of Reward: 25.020. Training.
[INFO] Rocket. Step: 61740000. Time Elapsed: 11322.265 s. Mean Reward: 5.955. Std of Reward: 20.704. Training.
[INFO] Rocket. Step: 61760000. Time Elapsed: 11344.546 s. Mean Reward: 6.871. Std of Reward: 27.241. Training.
[INFO] Rocket. Step: 61780000. Time Elapsed: 11361.067 s. Mean Reward: 9.194. Std of Reward: 23.801. Training.
[INFO] Rocket. Step: 61800000. Time Elapsed: 11384.017 s. Mean Reward: 4.012. Std of Reward: 21.194. Training.
[INFO] Rocket. Step: 61820000. Time Elapsed: 11398.852 s. Mean Reward: 2.924. Std of Reward: 24.152. Training.
[INFO] Rocket. Step: 61840000. Time Elapsed: 11423.758 s. Mean Reward: 7.600. Std of Reward: 22.323. Training.
[INFO] Rocket. Step: 61860000. Time Elapsed: 11437.288 s. Mean Reward: 11.085. Std of Reward: 20.365. Training.
[INFO] Rocket. Step: 61880000. Time Elapsed: 11453.625 s. Mean Reward: 13.766. Std of Reward: 17.601. Training.
[INFO] Rocket. Step: 61900000. Time Elapsed: 11476.531 s. Mean Reward: -4.287. Std of Reward: 30.850. Training.
[INFO] Rocket. Step: 61920000. Time Elapsed: 11491.545 s. Mean Reward: 0.863. Std of Reward: 22.895. Training.
[INFO] Rocket. Step: 61940000. Time Elapsed: 11516.541 s. Mean Reward: 3.980. Std of Reward: 29.767. Training.
[INFO] Rocket. Step: 61960000. Time Elapsed: 11530.426 s. Mean Reward: 0.138. Std of Reward: 23.474. Training.
[INFO] Rocket. Step: 61980000. Time Elapsed: 11553.976 s. Mean Reward: 18.804. Std of Reward: 3.954. Training.
[INFO] Rocket. Step: 62000000. Time Elapsed: 11569.817 s. Mean Reward: 4.883. Std of Reward: 25.276. Training.
[INFO] Exported results\L10\Rocket\Rocket-61999716.onnx
[INFO] Rocket. Step: 62020000. Time Elapsed: 11591.957 s. Mean Reward: 7.312. Std of Reward: 24.203. Training.
[INFO] Rocket. Step: 62040000. Time Elapsed: 11608.487 s. Mean Reward: 1.213. Std of Reward: 25.829. Training.
[INFO] Rocket. Step: 62060000. Time Elapsed: 11630.626 s. Mean Reward: 3.950. Std of Reward: 26.816. Training.
[INFO] Rocket. Step: 62080000. Time Elapsed: 11647.694 s. Mean Reward: 13.487. Std of Reward: 13.202. Training.
[INFO] Rocket. Step: 62100000. Time Elapsed: 11670.312 s. Mean Reward: 14.602. Std of Reward: 14.475. Training.
[INFO] Rocket. Step: 62120000. Time Elapsed: 11686.144 s. Mean Reward: 8.727. Std of Reward: 20.782. Training.
[INFO] Rocket. Step: 62140000. Time Elapsed: 11707.079 s. Mean Reward: -1.657. Std of Reward: 29.466. Training.
[INFO] Rocket. Step: 62160000. Time Elapsed: 11724.763 s. Mean Reward: 4.594. Std of Reward: 24.805. Training.
[INFO] Rocket. Step: 62180000. Time Elapsed: 11746.230 s. Mean Reward: 4.147. Std of Reward: 22.794. Training.
[INFO] Rocket. Step: 62200000. Time Elapsed: 11762.967 s. Mean Reward: 6.110. Std of Reward: 25.473. Training.
[INFO] Rocket. Step: 62220000. Time Elapsed: 11784.992 s. Mean Reward: 6.204. Std of Reward: 24.699. Training.
[INFO] Rocket. Step: 62240000. Time Elapsed: 11800.497 s. Mean Reward: 6.528. Std of Reward: 20.270. Training.
[INFO] Rocket. Step: 62260000. Time Elapsed: 11823.843 s. Mean Reward: 6.416. Std of Reward: 23.357. Training.
[INFO] Rocket. Step: 62280000. Time Elapsed: 11836.806 s. Mean Reward: 7.949. Std of Reward: 26.909. Training.
[INFO] Rocket. Step: 62300000. Time Elapsed: 11861.294 s. Mean Reward: -3.131. Std of Reward: 29.215. Training.
[INFO] Rocket. Step: 62320000. Time Elapsed: 11877.122 s. Mean Reward: 10.769. Std of Reward: 21.205. Training.
[INFO] Rocket. Step: 62340000. Time Elapsed: 11900.406 s. Mean Reward: 5.201. Std of Reward: 25.235. Training.
[INFO] Rocket. Step: 62360000. Time Elapsed: 11916.469 s. Mean Reward: 1.492. Std of Reward: 28.287. Training.
[INFO] Rocket. Step: 62380000. Time Elapsed: 11939.900 s. Mean Reward: 2.907. Std of Reward: 27.133. Training.
[INFO] Rocket. Step: 62400000. Time Elapsed: 11956.369 s. Mean Reward: 8.359. Std of Reward: 19.572. Training.
[INFO] Rocket. Step: 62420000. Time Elapsed: 11979.078 s. Mean Reward: -3.936. Std of Reward: 29.236. Training.
[INFO] Rocket. Step: 62440000. Time Elapsed: 11991.612 s. Mean Reward: 3.846. Std of Reward: 25.243. Training.
[INFO] Rocket. Step: 62460000. Time Elapsed: 12009.036 s. Mean Reward: 11.852. Std of Reward: 22.592. Training.
[INFO] Rocket. Step: 62480000. Time Elapsed: 12031.961 s. Mean Reward: 10.249. Std of Reward: 18.015. Training.
[INFO] Rocket. Step: 62500000. Time Elapsed: 12048.131 s. Mean Reward: 14.090. Std of Reward: 16.038. Training.
[INFO] Exported results\L10\Rocket\Rocket-62499277.onnx
[INFO] Rocket. Step: 62520000. Time Elapsed: 12071.220 s. Mean Reward: 0.885. Std of Reward: 27.126. Training.
[INFO] Rocket. Step: 62540000. Time Elapsed: 12087.853 s. Mean Reward: 8.211. Std of Reward: 23.616. Training.
[INFO] Rocket. Step: 62560000. Time Elapsed: 12107.866 s. Mean Reward: 6.445. Std of Reward: 21.957. Training.
[INFO] Rocket. Step: 62580000. Time Elapsed: 12124.897 s. Mean Reward: 1.131. Std of Reward: 26.846. Training.
[INFO] Rocket. Step: 62600000. Time Elapsed: 12146.659 s. Mean Reward: 9.315. Std of Reward: 18.879. Training.
[INFO] Rocket. Step: 62620000. Time Elapsed: 12162.108 s. Mean Reward: 4.888. Std of Reward: 29.623. Training.
[INFO] Rocket. Step: 62640000. Time Elapsed: 12185.045 s. Mean Reward: 9.233. Std of Reward: 18.938. Training.
[INFO] Rocket. Step: 62660000. Time Elapsed: 12200.577 s. Mean Reward: 1.864. Std of Reward: 25.850. Training.
[INFO] Rocket. Step: 62680000. Time Elapsed: 12225.204 s. Mean Reward: 8.015. Std of Reward: 21.922. Training.
[INFO] Rocket. Step: 62700000. Time Elapsed: 12238.591 s. Mean Reward: 3.621. Std of Reward: 24.119. Training.
[INFO] Rocket. Step: 62720000. Time Elapsed: 12260.739 s. Mean Reward: 6.620. Std of Reward: 22.648. Training.
[INFO] Rocket. Step: 62740000. Time Elapsed: 12277.663 s. Mean Reward: 8.479. Std of Reward: 25.317. Training.
[INFO] Rocket. Step: 62760000. Time Elapsed: 12300.991 s. Mean Reward: 7.710. Std of Reward: 24.065. Training.
[INFO] Rocket. Step: 62780000. Time Elapsed: 12315.572 s. Mean Reward: 5.244. Std of Reward: 26.393. Training.
[INFO] Rocket. Step: 62800000. Time Elapsed: 12339.484 s. Mean Reward: 12.405. Std of Reward: 17.745. Training.
[INFO] Rocket. Step: 62820000. Time Elapsed: 12354.042 s. Mean Reward: 7.987. Std of Reward: 26.021. Training.
[INFO] Rocket. Step: 62840000. Time Elapsed: 12376.373 s. Mean Reward: 11.880. Std of Reward: 21.141. Training.
[INFO] Rocket. Step: 62860000. Time Elapsed: 12394.240 s. Mean Reward: 12.708. Std of Reward: 19.528. Training.
[INFO] Rocket. Step: 62880000. Time Elapsed: 12415.636 s. Mean Reward: 5.912. Std of Reward: 26.246. Training.
[INFO] Rocket. Step: 62900000. Time Elapsed: 12432.655 s. Mean Reward: 11.110. Std of Reward: 17.732. Training.
[INFO] Rocket. Step: 62920000. Time Elapsed: 12453.855 s. Mean Reward: 7.380. Std of Reward: 23.320. Training.
[INFO] Rocket. Step: 62940000. Time Elapsed: 12470.308 s. Mean Reward: 4.808. Std of Reward: 26.418. Training.
[INFO] Rocket. Step: 62960000. Time Elapsed: 12493.269 s. Mean Reward: -0.238. Std of Reward: 30.251. Training.
[INFO] Rocket. Step: 62980000. Time Elapsed: 12509.001 s. Mean Reward: 9.588. Std of Reward: 22.480. Training.
[INFO] Rocket. Step: 63000000. Time Elapsed: 12531.466 s. Mean Reward: -1.821. Std of Reward: 27.389. Training.
[INFO] Exported results\L10\Rocket\Rocket-62999639.onnx
[INFO] Rocket. Step: 63020000. Time Elapsed: 12547.373 s. Mean Reward: 13.415. Std of Reward: 13.328. Training.
[INFO] Rocket. Step: 63040000. Time Elapsed: 12562.240 s. Mean Reward: -0.380. Std of Reward: 25.970. Training.
[INFO] Rocket. Step: 63060000. Time Elapsed: 12585.639 s. Mean Reward: 2.168. Std of Reward: 27.414. Training.
[INFO] Rocket. Step: 63080000. Time Elapsed: 12601.731 s. Mean Reward: 10.644. Std of Reward: 16.146. Training.
[INFO] Rocket. Step: 63100000. Time Elapsed: 12625.187 s. Mean Reward: 0.914. Std of Reward: 26.268. Training.
[INFO] Rocket. Step: 63120000. Time Elapsed: 12639.883 s. Mean Reward: 10.993. Std of Reward: 22.007. Training.
[INFO] Rocket. Step: 63140000. Time Elapsed: 12662.936 s. Mean Reward: 14.612. Std of Reward: 14.359. Training.
[INFO] Rocket. Step: 63160000. Time Elapsed: 12677.889 s. Mean Reward: 3.565. Std of Reward: 24.680. Training.
[INFO] Rocket. Step: 63180000. Time Elapsed: 12700.023 s. Mean Reward: 4.495. Std of Reward: 26.315. Training.
[INFO] Rocket. Step: 63200000. Time Elapsed: 12716.659 s. Mean Reward: 0.858. Std of Reward: 27.554. Training.
[INFO] Rocket. Step: 63220000. Time Elapsed: 12738.368 s. Mean Reward: 9.402. Std of Reward: 21.194. Training.
[INFO] Rocket. Step: 63240000. Time Elapsed: 12756.145 s. Mean Reward: 15.076. Std of Reward: 13.149. Training.
[INFO] Rocket. Step: 63260000. Time Elapsed: 12777.944 s. Mean Reward: 1.446. Std of Reward: 25.139. Training.
[INFO] Rocket. Step: 63280000. Time Elapsed: 12793.685 s. Mean Reward: 10.662. Std of Reward: 15.240. Training.
[INFO] Rocket. Step: 63300000. Time Elapsed: 12817.410 s. Mean Reward: 9.324. Std of Reward: 20.023. Training.
[INFO] Rocket. Step: 63320000. Time Elapsed: 12832.489 s. Mean Reward: 4.601. Std of Reward: 23.573. Training.
[INFO] Rocket. Step: 63340000. Time Elapsed: 12855.734 s. Mean Reward: 11.078. Std of Reward: 18.539. Training.
[INFO] Rocket. Step: 63360000. Time Elapsed: 12869.609 s. Mean Reward: 2.991. Std of Reward: 26.485. Training.
[INFO] Rocket. Step: 63380000. Time Elapsed: 12894.480 s. Mean Reward: 9.844. Std of Reward: 23.336. Training.
[INFO] Rocket. Step: 63400000. Time Elapsed: 12911.420 s. Mean Reward: 8.237. Std of Reward: 20.108. Training.
[INFO] Rocket. Step: 63420000. Time Elapsed: 12933.629 s. Mean Reward: 11.643. Std of Reward: 20.059. Training.
[INFO] Rocket. Step: 63440000. Time Elapsed: 12949.048 s. Mean Reward: 14.270. Std of Reward: 15.783. Training.
[INFO] Rocket. Step: 63460000. Time Elapsed: 12971.226 s. Mean Reward: 5.703. Std of Reward: 27.533. Training.
[INFO] Rocket. Step: 63480000. Time Elapsed: 12988.965 s. Mean Reward: 0.666. Std of Reward: 25.762. Training.
[INFO] Rocket. Step: 63500000. Time Elapsed: 13011.181 s. Mean Reward: 7.345. Std of Reward: 22.405. Training.
[INFO] Exported results\L10\Rocket\Rocket-63499275.onnx
[INFO] Rocket. Step: 63520000. Time Elapsed: 13024.716 s. Mean Reward: 16.208. Std of Reward: 14.072. Training.
[INFO] Rocket. Step: 63540000. Time Elapsed: 13048.097 s. Mean Reward: 9.460. Std of Reward: 23.187. Training.
[INFO] Rocket. Step: 63560000. Time Elapsed: 13064.429 s. Mean Reward: 2.441. Std of Reward: 27.617. Training.
[INFO] Rocket. Step: 63580000. Time Elapsed: 13088.213 s. Mean Reward: 11.634. Std of Reward: 17.314. Training.
[INFO] Rocket. Step: 63600000. Time Elapsed: 13100.710 s. Mean Reward: 7.248. Std of Reward: 25.387. Training.
[INFO] Rocket. Step: 63620000. Time Elapsed: 13118.187 s. Mean Reward: 0.805. Std of Reward: 28.324. Training.
[INFO] Rocket. Step: 63640000. Time Elapsed: 13139.403 s. Mean Reward: 6.363. Std of Reward: 23.670. Training.
[INFO] Rocket. Step: 63660000. Time Elapsed: 13154.920 s. Mean Reward: 5.208. Std of Reward: 28.047. Training.
[INFO] Rocket. Step: 63680000. Time Elapsed: 13179.113 s. Mean Reward: 7.795. Std of Reward: 25.318. Training.
[INFO] Rocket. Step: 63700000. Time Elapsed: 13195.683 s. Mean Reward: 5.185. Std of Reward: 24.006. Training.
[INFO] Rocket. Step: 63720000. Time Elapsed: 13219.316 s. Mean Reward: 11.207. Std of Reward: 18.934. Training.
[INFO] Rocket. Step: 63740000. Time Elapsed: 13233.344 s. Mean Reward: 11.226. Std of Reward: 17.568. Training.
[INFO] Rocket. Step: 63760000. Time Elapsed: 13255.869 s. Mean Reward: -0.649. Std of Reward: 29.294. Training.
[INFO] Rocket. Step: 63780000. Time Elapsed: 13270.248 s. Mean Reward: 3.684. Std of Reward: 26.440. Training.
[INFO] Rocket. Step: 63800000. Time Elapsed: 13294.212 s. Mean Reward: 3.264. Std of Reward: 21.567. Training.
[INFO] Rocket. Step: 63820000. Time Elapsed: 13309.791 s. Mean Reward: -0.455. Std of Reward: 27.391. Training.
[INFO] Rocket. Step: 63840000. Time Elapsed: 13331.478 s. Mean Reward: 11.506. Std of Reward: 23.176. Training.
[INFO] Rocket. Step: 63860000. Time Elapsed: 13348.812 s. Mean Reward: 11.472. Std of Reward: 16.544. Training.
[INFO] Rocket. Step: 63880000. Time Elapsed: 13369.439 s. Mean Reward: 13.066. Std of Reward: 16.233. Training.
[INFO] Rocket. Step: 63900000. Time Elapsed: 13384.345 s. Mean Reward: 2.473. Std of Reward: 23.477. Training.
[INFO] Rocket. Step: 63920000. Time Elapsed: 13410.029 s. Mean Reward: 10.973. Std of Reward: 23.926. Training.
[INFO] Rocket. Step: 63940000. Time Elapsed: 13424.942 s. Mean Reward: 9.690. Std of Reward: 21.065. Training.
[INFO] Rocket. Step: 63960000. Time Elapsed: 13447.258 s. Mean Reward: 3.393. Std of Reward: 26.429. Training.
[INFO] Rocket. Step: 63980000. Time Elapsed: 13464.601 s. Mean Reward: 3.743. Std of Reward: 25.317. Training.
[INFO] Rocket. Step: 64000000. Time Elapsed: 13486.982 s. Mean Reward: 1.673. Std of Reward: 22.448. Training.
[INFO] Exported results\L10\Rocket\Rocket-63999868.onnx
[INFO] Rocket. Step: 64020000. Time Elapsed: 13500.766 s. Mean Reward: 3.119. Std of Reward: 22.653. Training.
[INFO] Rocket. Step: 64040000. Time Elapsed: 13525.607 s. Mean Reward: 6.824. Std of Reward: 22.250. Training.
[INFO] Rocket. Step: 64060000. Time Elapsed: 13540.257 s. Mean Reward: 5.994. Std of Reward: 25.134. Training.
[INFO] Rocket. Step: 64080000. Time Elapsed: 13561.751 s. Mean Reward: 1.076. Std of Reward: 26.618. Training.
[INFO] Rocket. Step: 64100000. Time Elapsed: 13579.276 s. Mean Reward: 8.859. Std of Reward: 20.716. Training.
[INFO] Rocket. Step: 64120000. Time Elapsed: 13602.592 s. Mean Reward: 10.892. Std of Reward: 23.312. Training.
[INFO] Rocket. Step: 64140000. Time Elapsed: 13617.967 s. Mean Reward: 5.223. Std of Reward: 25.512. Training.
[INFO] Rocket. Step: 64160000. Time Elapsed: 13642.825 s. Mean Reward: 11.362. Std of Reward: 19.642. Training.
[INFO] Rocket. Step: 64180000. Time Elapsed: 13656.188 s. Mean Reward: 9.864. Std of Reward: 18.751. Training.
[INFO] Rocket. Step: 64200000. Time Elapsed: 13671.816 s. Mean Reward: 19.778. Std of Reward: 4.799. Training.
[INFO] Rocket. Step: 64220000. Time Elapsed: 13692.573 s. Mean Reward: 0.596. Std of Reward: 30.601. Training.
[INFO] Rocket. Step: 64240000. Time Elapsed: 13708.628 s. Mean Reward: 6.295. Std of Reward: 25.050. Training.
[INFO] Rocket. Step: 64260000. Time Elapsed: 13732.614 s. Mean Reward: 11.757. Std of Reward: 17.913. Training.
[INFO] Rocket. Step: 64280000. Time Elapsed: 13747.361 s. Mean Reward: 4.335. Std of Reward: 26.223. Training.
[INFO] Rocket. Step: 64300000. Time Elapsed: 13770.050 s. Mean Reward: 9.159. Std of Reward: 20.665. Training.
[INFO] Rocket. Step: 64320000. Time Elapsed: 13786.295 s. Mean Reward: 8.311. Std of Reward: 20.963. Training.
[INFO] Rocket. Step: 64340000. Time Elapsed: 13809.491 s. Mean Reward: 7.665. Std of Reward: 24.947. Training.
[INFO] Rocket. Step: 64360000. Time Elapsed: 13824.163 s. Mean Reward: 7.270. Std of Reward: 24.434. Training.
[INFO] Rocket. Step: 64380000. Time Elapsed: 13847.909 s. Mean Reward: 5.269. Std of Reward: 26.135. Training.
[INFO] Rocket. Step: 64400000. Time Elapsed: 13862.811 s. Mean Reward: 8.283. Std of Reward: 25.770. Training.
[INFO] Rocket. Step: 64420000. Time Elapsed: 13885.481 s. Mean Reward: 18.022. Std of Reward: 10.641. Training.
[INFO] Rocket. Step: 64440000. Time Elapsed: 13902.558 s. Mean Reward: 4.715. Std of Reward: 26.206. Training.
[INFO] Rocket. Step: 64460000. Time Elapsed: 13923.773 s. Mean Reward: 7.565. Std of Reward: 22.716. Training.
[INFO] Rocket. Step: 64480000. Time Elapsed: 13940.568 s. Mean Reward: 4.784. Std of Reward: 25.023. Training.
[INFO] Rocket. Step: 64500000. Time Elapsed: 13961.391 s. Mean Reward: -3.212. Std of Reward: 27.016. Training.
[INFO] Exported results\L10\Rocket\Rocket-64499165.onnx
[INFO] Rocket. Step: 64520000. Time Elapsed: 13976.468 s. Mean Reward: 1.854. Std of Reward: 22.846. Training.
[INFO] Rocket. Step: 64540000. Time Elapsed: 14002.301 s. Mean Reward: 11.336. Std of Reward: 19.996. Training.
[INFO] Rocket. Step: 64560000. Time Elapsed: 14017.491 s. Mean Reward: 7.370. Std of Reward: 22.760. Training.
[INFO] Rocket. Step: 64580000. Time Elapsed: 14038.834 s. Mean Reward: 14.517. Std of Reward: 13.946. Training.
[INFO] Rocket. Step: 64600000. Time Elapsed: 14054.578 s. Mean Reward: 3.567. Std of Reward: 27.583. Training.
[INFO] Rocket. Step: 64620000. Time Elapsed: 14078.281 s. Mean Reward: 13.252. Std of Reward: 17.853. Training.
[INFO] Rocket. Step: 64640000. Time Elapsed: 14093.465 s. Mean Reward: 5.893. Std of Reward: 23.055. Training.
[INFO] Rocket. Step: 64660000. Time Elapsed: 14115.789 s. Mean Reward: 4.035. Std of Reward: 28.409. Training.
[INFO] Rocket. Step: 64680000. Time Elapsed: 14133.336 s. Mean Reward: -1.666. Std of Reward: 27.150. Training.
[INFO] Rocket. Step: 64700000. Time Elapsed: 14155.036 s. Mean Reward: 11.931. Std of Reward: 16.612. Training.
[INFO] Rocket. Step: 64720000. Time Elapsed: 14171.093 s. Mean Reward: 1.570. Std of Reward: 27.806. Training.
[INFO] Rocket. Step: 64740000. Time Elapsed: 14187.511 s. Mean Reward: 12.008. Std of Reward: 20.081. Training.
[INFO] Rocket. Step: 64760000. Time Elapsed: 14209.822 s. Mean Reward: 10.651. Std of Reward: 18.753. Training.
[INFO] Rocket. Step: 64780000. Time Elapsed: 14222.852 s. Mean Reward: 6.695. Std of Reward: 22.559. Training.
[INFO] Rocket. Step: 64800000. Time Elapsed: 14248.853 s. Mean Reward: 9.732. Std of Reward: 18.920. Training.
[INFO] Rocket. Step: 64820000. Time Elapsed: 14264.136 s. Mean Reward: 14.900. Std of Reward: 13.089. Training.
[INFO] Rocket. Step: 64840000. Time Elapsed: 14286.243 s. Mean Reward: 4.232. Std of Reward: 23.913. Training.
[INFO] Rocket. Step: 64860000. Time Elapsed: 14301.049 s. Mean Reward: 12.043. Std of Reward: 19.790. Training.
[INFO] Rocket. Step: 64880000. Time Elapsed: 14325.439 s. Mean Reward: 20.107. Std of Reward: 4.273. Training.
[INFO] Rocket. Step: 64900000. Time Elapsed: 14341.488 s. Mean Reward: 4.602. Std of Reward: 27.187. Training.
[INFO] Rocket. Step: 64920000. Time Elapsed: 14363.142 s. Mean Reward: 11.891. Std of Reward: 18.149. Training.
[INFO] Rocket. Step: 64940000. Time Elapsed: 14377.811 s. Mean Reward: -0.943. Std of Reward: 28.033. Training.
[INFO] Rocket. Step: 64960000. Time Elapsed: 14401.816 s. Mean Reward: 15.052. Std of Reward: 15.806. Training.
[INFO] Rocket. Step: 64980000. Time Elapsed: 14416.921 s. Mean Reward: 4.367. Std of Reward: 22.217. Training.
[INFO] Rocket. Step: 65000000. Time Elapsed: 14440.994 s. Mean Reward: 8.362. Std of Reward: 23.481. Training.
[INFO] Exported results\L10\Rocket\Rocket-64999994.onnx
[INFO] Rocket. Step: 65020000. Time Elapsed: 14457.488 s. Mean Reward: -0.987. Std of Reward: 29.243. Training.
[INFO] Rocket. Step: 65040000. Time Elapsed: 14478.766 s. Mean Reward: 3.384. Std of Reward: 23.785. Training.
[INFO] Rocket. Step: 65060000. Time Elapsed: 14496.584 s. Mean Reward: 8.252. Std of Reward: 22.535. Training.
[INFO] Rocket. Step: 65080000. Time Elapsed: 14517.788 s. Mean Reward: 1.479. Std of Reward: 28.230. Training.
[INFO] Rocket. Step: 65100000. Time Elapsed: 14533.613 s. Mean Reward: 13.370. Std of Reward: 14.999. Training.
[INFO] Rocket. Step: 65120000. Time Elapsed: 14557.322 s. Mean Reward: 3.528. Std of Reward: 24.514. Training.
[INFO] Rocket. Step: 65140000. Time Elapsed: 14573.704 s. Mean Reward: -5.716. Std of Reward: 27.549. Training.
[INFO] Rocket. Step: 65160000. Time Elapsed: 14595.777 s. Mean Reward: 7.703. Std of Reward: 19.610. Training.
[INFO] Rocket. Step: 65180000. Time Elapsed: 14612.191 s. Mean Reward: -6.149. Std of Reward: 29.492. Training.
[INFO] Rocket. Step: 65200000. Time Elapsed: 14634.339 s. Mean Reward: 6.406. Std of Reward: 24.075. Training.
[INFO] Rocket. Step: 65220000. Time Elapsed: 14651.094 s. Mean Reward: 9.912. Std of Reward: 15.042. Training.
[INFO] Rocket. Step: 65240000. Time Elapsed: 14673.702 s. Mean Reward: -4.867. Std of Reward: 26.590. Training.
[INFO] Rocket. Step: 65260000. Time Elapsed: 14687.868 s. Mean Reward: 7.543. Std of Reward: 21.016. Training.
[INFO] Rocket. Step: 65280000. Time Elapsed: 14711.983 s. Mean Reward: 4.178. Std of Reward: 26.235. Training.
[INFO] Rocket. Step: 65300000. Time Elapsed: 14727.421 s. Mean Reward: 3.981. Std of Reward: 24.905. Training.
[INFO] Rocket. Step: 65320000. Time Elapsed: 14742.095 s. Mean Reward: 10.250. Std of Reward: 20.224. Training.
[INFO] Rocket. Step: 65340000. Time Elapsed: 14765.657 s. Mean Reward: 9.922. Std of Reward: 23.020. Training.
[INFO] Rocket. Step: 65360000. Time Elapsed: 14782.266 s. Mean Reward: -1.201. Std of Reward: 27.559. Training.
[INFO] Rocket. Step: 65380000. Time Elapsed: 14802.978 s. Mean Reward: 14.161. Std of Reward: 14.846. Training.
[INFO] Rocket. Step: 65400000. Time Elapsed: 14820.136 s. Mean Reward: 6.812. Std of Reward: 20.693. Training.
[INFO] Rocket. Step: 65420000. Time Elapsed: 14841.256 s. Mean Reward: 12.364. Std of Reward: 16.558. Training.
[INFO] Rocket. Step: 65440000. Time Elapsed: 14857.712 s. Mean Reward: 6.753. Std of Reward: 22.298. Training.
[INFO] Rocket. Step: 65460000. Time Elapsed: 14880.688 s. Mean Reward: 11.679. Std of Reward: 15.190. Training.
[INFO] Rocket. Step: 65480000. Time Elapsed: 14896.350 s. Mean Reward: 14.527. Std of Reward: 14.093. Training.
[INFO] Rocket. Step: 65500000. Time Elapsed: 14919.427 s. Mean Reward: 6.134. Std of Reward: 21.608. Training.
[INFO] Exported results\L10\Rocket\Rocket-65499929.onnx
[INFO] Rocket. Step: 65520000. Time Elapsed: 14934.933 s. Mean Reward: 5.808. Std of Reward: 24.841. Training.
[INFO] Rocket. Step: 65540000. Time Elapsed: 14956.455 s. Mean Reward: 1.092. Std of Reward: 25.106. Training.
[INFO] Rocket. Step: 65560000. Time Elapsed: 14972.020 s. Mean Reward: -3.811. Std of Reward: 27.742. Training.
[INFO] Rocket. Step: 65580000. Time Elapsed: 14996.939 s. Mean Reward: -3.866. Std of Reward: 26.622. Training.
[INFO] Rocket. Step: 65600000. Time Elapsed: 15011.870 s. Mean Reward: 15.912. Std of Reward: 10.773. Training.
[INFO] Rocket. Step: 65620000. Time Elapsed: 15035.147 s. Mean Reward: 5.093. Std of Reward: 26.280. Training.
[INFO] Rocket. Step: 65640000. Time Elapsed: 15049.991 s. Mean Reward: 15.864. Std of Reward: 14.807. Training.
[INFO] Rocket. Step: 65660000. Time Elapsed: 15072.714 s. Mean Reward: 11.090. Std of Reward: 19.835. Training.
[INFO] Rocket. Step: 65680000. Time Elapsed: 15089.611 s. Mean Reward: 4.797. Std of Reward: 29.649. Training.
[INFO] Rocket. Step: 65700000. Time Elapsed: 15111.524 s. Mean Reward: 3.051. Std of Reward: 25.031. Training.
[INFO] Rocket. Step: 65720000. Time Elapsed: 15125.950 s. Mean Reward: -1.105. Std of Reward: 30.161. Training.
[INFO] Rocket. Step: 65740000. Time Elapsed: 15150.176 s. Mean Reward: 8.619. Std of Reward: 21.142. Training.
[INFO] Rocket. Step: 65760000. Time Elapsed: 15164.783 s. Mean Reward: -0.612. Std of Reward: 28.952. Training.
[INFO] Rocket. Step: 65780000. Time Elapsed: 15187.680 s. Mean Reward: 6.336. Std of Reward: 26.710. Training.
[INFO] Rocket. Step: 65800000. Time Elapsed: 15203.881 s. Mean Reward: 7.098. Std of Reward: 22.068. Training.
[INFO] Rocket. Step: 65820000. Time Elapsed: 15224.786 s. Mean Reward: 5.489. Std of Reward: 24.893. Training.
[INFO] Rocket. Step: 65840000. Time Elapsed: 15242.039 s. Mean Reward: 3.481. Std of Reward: 22.292. Training.
[INFO] Rocket. Step: 65860000. Time Elapsed: 15264.111 s. Mean Reward: 5.608. Std of Reward: 24.198. Training.
[INFO] Rocket. Step: 65880000. Time Elapsed: 15281.412 s. Mean Reward: -0.584. Std of Reward: 27.412. Training.
[INFO] Rocket. Step: 65900000. Time Elapsed: 15296.213 s. Mean Reward: 6.659. Std of Reward: 25.580. Training.
[INFO] Rocket. Step: 65920000. Time Elapsed: 15317.892 s. Mean Reward: 6.160. Std of Reward: 25.046. Training.
[INFO] Rocket. Step: 65940000. Time Elapsed: 15332.836 s. Mean Reward: 1.864. Std of Reward: 25.658. Training.
[INFO] Rocket. Step: 65960000. Time Elapsed: 15358.467 s. Mean Reward: 16.302. Std of Reward: 13.948. Training.
[INFO] Rocket. Step: 65980000. Time Elapsed: 15372.294 s. Mean Reward: 13.472. Std of Reward: 15.860. Training.
[INFO] Rocket. Step: 66000000. Time Elapsed: 15394.679 s. Mean Reward: 0.872. Std of Reward: 25.307. Training.
[INFO] Exported results\L10\Rocket\Rocket-65999407.onnx
[INFO] Rocket. Step: 66020000. Time Elapsed: 15410.480 s. Mean Reward: 10.454. Std of Reward: 22.336. Training.
[INFO] Rocket. Step: 66040000. Time Elapsed: 15434.841 s. Mean Reward: 6.040. Std of Reward: 25.315. Training.
[INFO] Rocket. Step: 66060000. Time Elapsed: 15450.178 s. Mean Reward: 8.710. Std of Reward: 23.138. Training.
[INFO] Rocket. Step: 66080000. Time Elapsed: 15472.007 s. Mean Reward: 4.128. Std of Reward: 23.038. Training.
[INFO] Rocket. Step: 66100000. Time Elapsed: 15487.104 s. Mean Reward: 11.090. Std of Reward: 18.865. Training.
[INFO] Rocket. Step: 66120000. Time Elapsed: 15511.768 s. Mean Reward: 16.513. Std of Reward: 16.945. Training.
[INFO] Rocket. Step: 66140000. Time Elapsed: 15525.088 s. Mean Reward: 9.693. Std of Reward: 22.004. Training.
[INFO] Rocket. Step: 66160000. Time Elapsed: 15548.721 s. Mean Reward: 5.137. Std of Reward: 25.186. Training.
[INFO] Rocket. Step: 66180000. Time Elapsed: 15564.512 s. Mean Reward: 12.074. Std of Reward: 20.179. Training.
[INFO] Rocket. Step: 66200000. Time Elapsed: 15586.377 s. Mean Reward: 1.403. Std of Reward: 23.963. Training.
[INFO] Rocket. Step: 66220000. Time Elapsed: 15602.982 s. Mean Reward: 2.703. Std of Reward: 22.065. Training.
[INFO] Rocket. Step: 66240000. Time Elapsed: 15625.736 s. Mean Reward: 6.609. Std of Reward: 22.331. Training.
[INFO] Rocket. Step: 66260000. Time Elapsed: 15641.215 s. Mean Reward: 5.276. Std of Reward: 26.283. Training.
[INFO] Rocket. Step: 66280000. Time Elapsed: 15662.417 s. Mean Reward: 14.049. Std of Reward: 14.569. Training.
[INFO] Rocket. Step: 66300000. Time Elapsed: 15679.888 s. Mean Reward: -0.746. Std of Reward: 28.202. Training.
[INFO] Rocket. Step: 66320000. Time Elapsed: 15701.221 s. Mean Reward: 7.692. Std of Reward: 21.530. Training.
[INFO] Rocket. Step: 66340000. Time Elapsed: 15718.114 s. Mean Reward: 9.847. Std of Reward: 21.226. Training.
[INFO] Rocket. Step: 66360000. Time Elapsed: 15740.088 s. Mean Reward: -5.096. Std of Reward: 27.309. Training.
[INFO] Rocket. Step: 66380000. Time Elapsed: 15755.000 s. Mean Reward: -0.300. Std of Reward: 29.933. Training.
[INFO] Rocket. Step: 66400000. Time Elapsed: 15778.393 s. Mean Reward: 9.703. Std of Reward: 18.865. Training.
[INFO] Rocket. Step: 66420000. Time Elapsed: 15793.638 s. Mean Reward: 12.737. Std of Reward: 19.913. Training.
[INFO] Rocket. Step: 66440000. Time Elapsed: 15817.589 s. Mean Reward: 5.303. Std of Reward: 22.040. Training.
[INFO] Rocket. Step: 66460000. Time Elapsed: 15832.071 s. Mean Reward: 2.555. Std of Reward: 24.651. Training.
[INFO] Rocket. Step: 66480000. Time Elapsed: 15854.785 s. Mean Reward: 11.345. Std of Reward: 18.171. Training.
[INFO] Rocket. Step: 66500000. Time Elapsed: 15870.944 s. Mean Reward: 4.741. Std of Reward: 24.722. Training.
[INFO] Exported results\L10\Rocket\Rocket-66499777.onnx
[INFO] Rocket. Step: 66520000. Time Elapsed: 15885.804 s. Mean Reward: 2.092. Std of Reward: 28.499. Training.
[INFO] Rocket. Step: 66540000. Time Elapsed: 15908.043 s. Mean Reward: 12.236. Std of Reward: 15.856. Training.
[INFO] Rocket. Step: 66560000. Time Elapsed: 15924.728 s. Mean Reward: -2.228. Std of Reward: 27.530. Training.
[INFO] Rocket. Step: 66580000. Time Elapsed: 15947.982 s. Mean Reward: 2.245. Std of Reward: 26.279. Training.
[INFO] Rocket. Step: 66600000. Time Elapsed: 15962.369 s. Mean Reward: 12.493. Std of Reward: 17.241. Training.
[INFO] Rocket. Step: 66620000. Time Elapsed: 15984.076 s. Mean Reward: 6.215. Std of Reward: 23.877. Training.
[INFO] Rocket. Step: 66640000. Time Elapsed: 16000.897 s. Mean Reward: 8.225. Std of Reward: 23.324. Training.
[INFO] Rocket. Step: 66660000. Time Elapsed: 16024.591 s. Mean Reward: 8.352. Std of Reward: 22.626. Training.
[INFO] Rocket. Step: 66680000. Time Elapsed: 16039.128 s. Mean Reward: 9.871. Std of Reward: 21.807. Training.
[INFO] Rocket. Step: 66700000. Time Elapsed: 16060.872 s. Mean Reward: 0.548. Std of Reward: 26.174. Training.
[INFO] Rocket. Step: 66720000. Time Elapsed: 16076.452 s. Mean Reward: 11.052. Std of Reward: 20.932. Training.
[INFO] Rocket. Step: 66740000. Time Elapsed: 16100.117 s. Mean Reward: 17.406. Std of Reward: 10.726. Training.
[INFO] Rocket. Step: 66760000. Time Elapsed: 16115.146 s. Mean Reward: 13.769. Std of Reward: 15.189. Training.
[INFO] Rocket. Step: 66780000. Time Elapsed: 16138.264 s. Mean Reward: -6.238. Std of Reward: 28.288. Training.
[INFO] Rocket. Step: 66800000. Time Elapsed: 16152.533 s. Mean Reward: 2.457. Std of Reward: 23.697. Training.
[INFO] Rocket. Step: 66820000. Time Elapsed: 16177.605 s. Mean Reward: 11.814. Std of Reward: 18.211. Training.
[INFO] Rocket. Step: 66840000. Time Elapsed: 16191.628 s. Mean Reward: -0.419. Std of Reward: 28.555. Training.
[INFO] Rocket. Step: 66860000. Time Elapsed: 16215.483 s. Mean Reward: 11.305. Std of Reward: 20.242. Training.
[INFO] Rocket. Step: 66880000. Time Elapsed: 16230.482 s. Mean Reward: 10.292. Std of Reward: 21.341. Training.
[INFO] Rocket. Step: 66900000. Time Elapsed: 16252.449 s. Mean Reward: 11.686. Std of Reward: 17.505. Training.
[INFO] Rocket. Step: 66920000. Time Elapsed: 16270.390 s. Mean Reward: 10.918. Std of Reward: 20.476. Training.
[INFO] Rocket. Step: 66940000. Time Elapsed: 16291.655 s. Mean Reward: 3.437. Std of Reward: 24.665. Training.
[INFO] Rocket. Step: 66960000. Time Elapsed: 16308.172 s. Mean Reward: 9.486. Std of Reward: 22.398. Training.
[INFO] Rocket. Step: 66980000. Time Elapsed: 16329.844 s. Mean Reward: -0.039. Std of Reward: 27.021. Training.
[INFO] Rocket. Step: 67000000. Time Elapsed: 16345.994 s. Mean Reward: 1.490. Std of Reward: 25.597. Training.
[INFO] Exported results\L10\Rocket\Rocket-66999074.onnx
[INFO] Rocket. Step: 67020000. Time Elapsed: 16368.786 s. Mean Reward: 16.849. Std of Reward: 9.877. Training.
[INFO] Rocket. Step: 67040000. Time Elapsed: 16382.611 s. Mean Reward: 17.400. Std of Reward: 12.521. Training.
[INFO] Rocket. Step: 67060000. Time Elapsed: 16407.400 s. Mean Reward: 7.383. Std of Reward: 25.113. Training.
[INFO] Rocket. Step: 67080000. Time Elapsed: 16422.432 s. Mean Reward: 16.558. Std of Reward: 13.912. Training.
[INFO] Rocket. Step: 67100000. Time Elapsed: 16437.785 s. Mean Reward: 7.540. Std of Reward: 21.907. Training.
[INFO] Rocket. Step: 67120000. Time Elapsed: 16459.717 s. Mean Reward: 5.644. Std of Reward: 24.887. Training.
[INFO] Rocket. Step: 67140000. Time Elapsed: 16475.817 s. Mean Reward: 9.158. Std of Reward: 20.008. Training.
[INFO] Rocket. Step: 67160000. Time Elapsed: 16498.510 s. Mean Reward: 9.071. Std of Reward: 20.811. Training.
[INFO] Rocket. Step: 67180000. Time Elapsed: 16515.709 s. Mean Reward: -5.560. Std of Reward: 28.472. Training.
[INFO] Rocket. Step: 67200000. Time Elapsed: 16536.489 s. Mean Reward: -1.058. Std of Reward: 25.615. Training.
[INFO] Rocket. Step: 67220000. Time Elapsed: 16551.611 s. Mean Reward: 7.996. Std of Reward: 24.307. Training.
[INFO] Rocket. Step: 67240000. Time Elapsed: 16575.090 s. Mean Reward: 7.378. Std of Reward: 21.808. Training.
[INFO] Rocket. Step: 67260000. Time Elapsed: 16590.574 s. Mean Reward: 3.050. Std of Reward: 27.394. Training.
[INFO] Rocket. Step: 67280000. Time Elapsed: 16611.990 s. Mean Reward: 10.380. Std of Reward: 18.593. Training.
[INFO] Rocket. Step: 67300000. Time Elapsed: 16629.340 s. Mean Reward: 7.548. Std of Reward: 22.345. Training.
[INFO] Rocket. Step: 67320000. Time Elapsed: 16650.719 s. Mean Reward: 14.971. Std of Reward: 10.879. Training.
[INFO] Rocket. Step: 67340000. Time Elapsed: 16666.910 s. Mean Reward: 17.434. Std of Reward: 18.467. Training.
[INFO] Rocket. Step: 67360000. Time Elapsed: 16688.441 s. Mean Reward: 5.470. Std of Reward: 27.448. Training.
[INFO] Rocket. Step: 67380000. Time Elapsed: 16704.984 s. Mean Reward: 6.680. Std of Reward: 25.138. Training.
[INFO] Rocket. Step: 67400000. Time Elapsed: 16728.424 s. Mean Reward: 10.865. Std of Reward: 19.966. Training.
[INFO] Rocket. Step: 67420000. Time Elapsed: 16742.899 s. Mean Reward: 5.991. Std of Reward: 25.336. Training.
[INFO] Rocket. Step: 67440000. Time Elapsed: 16765.671 s. Mean Reward: 7.537. Std of Reward: 21.558. Training.
[INFO] Rocket. Step: 67460000. Time Elapsed: 16781.733 s. Mean Reward: 11.353. Std of Reward: 16.160. Training.
[INFO] Rocket. Step: 67480000. Time Elapsed: 16803.542 s. Mean Reward: 9.440. Std of Reward: 18.852. Training.
[INFO] Rocket. Step: 67500000. Time Elapsed: 16819.947 s. Mean Reward: 9.319. Std of Reward: 23.623. Training.
[INFO] Exported results\L10\Rocket\Rocket-67499798.onnx
[INFO] Rocket. Step: 67520000. Time Elapsed: 16843.842 s. Mean Reward: 11.406. Std of Reward: 20.561. Training.
[INFO] Rocket. Step: 67540000. Time Elapsed: 16858.852 s. Mean Reward: 13.212. Std of Reward: 23.381. Training.
[INFO] Rocket. Step: 67560000. Time Elapsed: 16881.383 s. Mean Reward: -1.314. Std of Reward: 27.697. Training.
[INFO] Rocket. Step: 67580000. Time Elapsed: 16895.843 s. Mean Reward: 13.307. Std of Reward: 19.042. Training.
[INFO] Rocket. Step: 67600000. Time Elapsed: 16919.990 s. Mean Reward: 8.148. Std of Reward: 22.725. Training.
[INFO] Rocket. Step: 67620000. Time Elapsed: 16935.372 s. Mean Reward: 4.939. Std of Reward: 25.043. Training.
[INFO] Rocket. Step: 67640000. Time Elapsed: 16958.809 s. Mean Reward: 9.006. Std of Reward: 22.389. Training.
[INFO] Rocket. Step: 67660000. Time Elapsed: 16973.222 s. Mean Reward: 11.940. Std of Reward: 19.218. Training.
[INFO] Rocket. Step: 67680000. Time Elapsed: 16987.182 s. Mean Reward: 9.400. Std of Reward: 18.915. Training.
[INFO] Rocket. Step: 67700000. Time Elapsed: 17010.032 s. Mean Reward: -1.576. Std of Reward: 25.429. Training.
[INFO] Rocket. Step: 67720000. Time Elapsed: 17026.908 s. Mean Reward: 2.479. Std of Reward: 27.408. Training.
[INFO] Rocket. Step: 67740000. Time Elapsed: 17048.632 s. Mean Reward: 12.570. Std of Reward: 20.035. Training.
[INFO] Rocket. Step: 67760000. Time Elapsed: 17063.950 s. Mean Reward: 1.451. Std of Reward: 29.026. Training.
[INFO] Rocket. Step: 67780000. Time Elapsed: 17088.559 s. Mean Reward: 5.676. Std of Reward: 21.838. Training.
[INFO] Rocket. Step: 67800000. Time Elapsed: 17102.544 s. Mean Reward: 3.882. Std of Reward: 25.021. Training.
[INFO] Rocket. Step: 67820000. Time Elapsed: 17124.517 s. Mean Reward: 2.226. Std of Reward: 25.168. Training.
[INFO] Rocket. Step: 67840000. Time Elapsed: 17140.157 s. Mean Reward: 0.297. Std of Reward: 25.423. Training.
[INFO] Rocket. Step: 67860000. Time Elapsed: 17164.729 s. Mean Reward: 10.749. Std of Reward: 17.853. Training.
[INFO] Rocket. Step: 67880000. Time Elapsed: 17180.432 s. Mean Reward: 10.277. Std of Reward: 18.280. Training.
[INFO] Rocket. Step: 67900000. Time Elapsed: 17201.426 s. Mean Reward: -5.534. Std of Reward: 26.984. Training.
[INFO] Rocket. Step: 67920000. Time Elapsed: 17218.597 s. Mean Reward: 10.153. Std of Reward: 20.631. Training.
[INFO] Rocket. Step: 67940000. Time Elapsed: 17239.417 s. Mean Reward: 1.544. Std of Reward: 25.302. Training.
[INFO] Rocket. Step: 67960000. Time Elapsed: 17256.222 s. Mean Reward: -3.491. Std of Reward: 30.911. Training.
[INFO] Rocket. Step: 67980000. Time Elapsed: 17277.424 s. Mean Reward: -0.681. Std of Reward: 26.965. Training.
[INFO] Rocket. Step: 68000000. Time Elapsed: 17292.986 s. Mean Reward: 10.693. Std of Reward: 22.523. Training.
[INFO] Exported results\L10\Rocket\Rocket-67999443.onnx
[INFO] Rocket. Step: 68020000. Time Elapsed: 17316.688 s. Mean Reward: 11.831. Std of Reward: 20.301. Training.
[INFO] Rocket. Step: 68040000. Time Elapsed: 17330.712 s. Mean Reward: 9.781. Std of Reward: 22.582. Training.
[INFO] Rocket. Step: 68060000. Time Elapsed: 17354.502 s. Mean Reward: 2.984. Std of Reward: 26.473. Training.
[INFO] Rocket. Step: 68080000. Time Elapsed: 17370.213 s. Mean Reward: 6.304. Std of Reward: 23.365. Training.
[INFO] Rocket. Step: 68100000. Time Elapsed: 17392.312 s. Mean Reward: 3.534. Std of Reward: 24.753. Training.
[INFO] Rocket. Step: 68120000. Time Elapsed: 17410.341 s. Mean Reward: 10.474. Std of Reward: 18.958. Training.
[INFO] Rocket. Step: 68140000. Time Elapsed: 17433.556 s. Mean Reward: 10.824. Std of Reward: 22.163. Training.
[INFO] Rocket. Step: 68160000. Time Elapsed: 17447.627 s. Mean Reward: 8.962. Std of Reward: 21.254. Training.
[INFO] Rocket. Step: 68180000. Time Elapsed: 17470.367 s. Mean Reward: 2.622. Std of Reward: 25.759. Training.
[INFO] Rocket. Step: 68200000. Time Elapsed: 17485.393 s. Mean Reward: 3.488. Std of Reward: 26.621. Training.
[INFO] Rocket. Step: 68220000. Time Elapsed: 17509.564 s. Mean Reward: 6.299. Std of Reward: 26.101. Training.
[INFO] Rocket. Step: 68240000. Time Elapsed: 17523.981 s. Mean Reward: 5.696. Std of Reward: 27.505. Training.
[INFO] Rocket. Step: 68260000. Time Elapsed: 17546.530 s. Mean Reward: 8.405. Std of Reward: 18.009. Training.
[INFO] Rocket. Step: 68280000. Time Elapsed: 17563.245 s. Mean Reward: 5.796. Std of Reward: 20.808. Training.
[INFO] Rocket. Step: 68300000. Time Elapsed: 17577.577 s. Mean Reward: 5.522. Std of Reward: 23.876. Training.
[INFO] Rocket. Step: 68320000. Time Elapsed: 17599.560 s. Mean Reward: 3.128. Std of Reward: 27.076. Training.
[INFO] Rocket. Step: 68340000. Time Elapsed: 17615.237 s. Mean Reward: 13.613. Std of Reward: 16.167. Training.
[INFO] Rocket. Step: 68360000. Time Elapsed: 17638.685 s. Mean Reward: 13.071. Std of Reward: 12.846. Training.
[INFO] Rocket. Step: 68380000. Time Elapsed: 17654.111 s. Mean Reward: 10.215. Std of Reward: 18.180. Training.
[INFO] Rocket. Step: 68400000. Time Elapsed: 17676.018 s. Mean Reward: 6.730. Std of Reward: 20.101. Training.
[INFO] Rocket. Step: 68420000. Time Elapsed: 17690.496 s. Mean Reward: 2.267. Std of Reward: 24.828. Training.
[INFO] Rocket. Step: 68440000. Time Elapsed: 17715.329 s. Mean Reward: 0.747. Std of Reward: 23.157. Training.
[INFO] Rocket. Step: 68460000. Time Elapsed: 17729.220 s. Mean Reward: 6.448. Std of Reward: 23.384. Training.
[INFO] Rocket. Step: 68480000. Time Elapsed: 17752.608 s. Mean Reward: 11.083. Std of Reward: 19.363. Training.
[INFO] Rocket. Step: 68500000. Time Elapsed: 17768.649 s. Mean Reward: 16.569. Std of Reward: 9.477. Training.
[INFO] Exported results\L10\Rocket\Rocket-68499386.onnx
[INFO] Rocket. Step: 68520000. Time Elapsed: 17791.425 s. Mean Reward: 7.561. Std of Reward: 18.333. Training.
[INFO] Rocket. Step: 68540000. Time Elapsed: 17805.985 s. Mean Reward: 2.740. Std of Reward: 25.356. Training.
[INFO] Rocket. Step: 68560000. Time Elapsed: 17829.397 s. Mean Reward: 1.369. Std of Reward: 26.504. Training.
[INFO] Rocket. Step: 68580000. Time Elapsed: 17844.695 s. Mean Reward: 2.319. Std of Reward: 26.771. Training.
[INFO] Rocket. Step: 68600000. Time Elapsed: 17867.213 s. Mean Reward: -0.563. Std of Reward: 26.403. Training.
[INFO] Rocket. Step: 68620000. Time Elapsed: 17884.335 s. Mean Reward: 15.704. Std of Reward: 14.393. Training.
[INFO] Rocket. Step: 68640000. Time Elapsed: 17905.431 s. Mean Reward: 7.897. Std of Reward: 22.294. Training.
[INFO] Rocket. Step: 68660000. Time Elapsed: 17920.232 s. Mean Reward: 14.706. Std of Reward: 18.704. Training.
[INFO] Rocket. Step: 68680000. Time Elapsed: 17943.695 s. Mean Reward: 5.950. Std of Reward: 23.475. Training.
[INFO] Rocket. Step: 68700000. Time Elapsed: 17959.624 s. Mean Reward: 7.841. Std of Reward: 21.215. Training.
[INFO] Rocket. Step: 68720000. Time Elapsed: 17981.757 s. Mean Reward: 7.865. Std of Reward: 22.333. Training.
[INFO] Rocket. Step: 68740000. Time Elapsed: 17997.107 s. Mean Reward: 1.858. Std of Reward: 30.669. Training.
[INFO] Rocket. Step: 68760000. Time Elapsed: 18020.072 s. Mean Reward: 6.694. Std of Reward: 22.200. Training.
[INFO] Rocket. Step: 68780000. Time Elapsed: 18035.733 s. Mean Reward: -4.295. Std of Reward: 26.021. Training.
[INFO] Rocket. Step: 68800000. Time Elapsed: 18059.320 s. Mean Reward: 11.052. Std of Reward: 18.746. Training.
[INFO] Rocket. Step: 68820000. Time Elapsed: 18073.199 s. Mean Reward: -4.492. Std of Reward: 27.331. Training.
[INFO] Rocket. Step: 68840000. Time Elapsed: 18097.384 s. Mean Reward: 6.535. Std of Reward: 22.999. Training.
[INFO] Rocket. Step: 68860000. Time Elapsed: 18111.905 s. Mean Reward: 6.715. Std of Reward: 27.463. Training.
[INFO] Rocket. Step: 68880000. Time Elapsed: 18126.698 s. Mean Reward: 4.111. Std of Reward: 26.724. Training.
[INFO] Rocket. Step: 68900000. Time Elapsed: 18149.830 s. Mean Reward: -4.596. Std of Reward: 26.071. Training.
[INFO] Rocket. Step: 68920000. Time Elapsed: 18164.845 s. Mean Reward: -1.687. Std of Reward: 29.199. Training.
[INFO] Rocket. Step: 68940000. Time Elapsed: 18187.847 s. Mean Reward: 12.333. Std of Reward: 18.991. Training.
[INFO] Rocket. Step: 68960000. Time Elapsed: 18205.221 s. Mean Reward: 6.650. Std of Reward: 19.489. Training.
[INFO] Rocket. Step: 68980000. Time Elapsed: 18225.854 s. Mean Reward: 16.111. Std of Reward: 14.004. Training.
[INFO] Rocket. Step: 69000000. Time Elapsed: 18242.639 s. Mean Reward: 12.856. Std of Reward: 20.476. Training.
[INFO] Exported results\L10\Rocket\Rocket-68999465.onnx
[INFO] Rocket. Step: 69020000. Time Elapsed: 18264.934 s. Mean Reward: 8.848. Std of Reward: 20.295. Training.
[INFO] Rocket. Step: 69040000. Time Elapsed: 18280.322 s. Mean Reward: 8.772. Std of Reward: 21.823. Training.
[INFO] Rocket. Step: 69060000. Time Elapsed: 18302.252 s. Mean Reward: 1.569. Std of Reward: 24.887. Training.
[INFO] Rocket. Step: 69080000. Time Elapsed: 18319.608 s. Mean Reward: 7.567. Std of Reward: 19.786. Training.
[INFO] Rocket. Step: 69100000. Time Elapsed: 18339.944 s. Mean Reward: -6.855. Std of Reward: 28.708. Training.
[INFO] Rocket. Step: 69120000. Time Elapsed: 18355.062 s. Mean Reward: 2.928. Std of Reward: 26.009. Training.
[INFO] Rocket. Step: 69140000. Time Elapsed: 18378.639 s. Mean Reward: 10.200. Std of Reward: 20.344. Training.
[INFO] Rocket. Step: 69160000. Time Elapsed: 18395.201 s. Mean Reward: 7.697. Std of Reward: 24.167. Training.
[INFO] Rocket. Step: 69180000. Time Elapsed: 18416.552 s. Mean Reward: 8.029. Std of Reward: 23.524. Training.
[INFO] Rocket. Step: 69200000. Time Elapsed: 18432.482 s. Mean Reward: 9.179. Std of Reward: 21.291. Training.
[INFO] Rocket. Step: 69220000. Time Elapsed: 18455.500 s. Mean Reward: 5.584. Std of Reward: 25.362. Training.
[INFO] Rocket. Step: 69240000. Time Elapsed: 18470.479 s. Mean Reward: 7.329. Std of Reward: 19.246. Training.
[INFO] Rocket. Step: 69260000. Time Elapsed: 18491.367 s. Mean Reward: 2.113. Std of Reward: 26.747. Training.
[INFO] Rocket. Step: 69280000. Time Elapsed: 18510.767 s. Mean Reward: 9.444. Std of Reward: 21.185. Training.
[INFO] Rocket. Step: 69300000. Time Elapsed: 18531.854 s. Mean Reward: 11.382. Std of Reward: 17.135. Training.
[INFO] Rocket. Step: 69320000. Time Elapsed: 18544.943 s. Mean Reward: 10.393. Std of Reward: 19.262. Training.
[INFO] Rocket. Step: 69340000. Time Elapsed: 18571.025 s. Mean Reward: 10.494. Std of Reward: 20.888. Training.
[INFO] Rocket. Step: 69360000. Time Elapsed: 18586.100 s. Mean Reward: 8.515. Std of Reward: 20.938. Training.
[INFO] Rocket. Step: 69380000. Time Elapsed: 18608.881 s. Mean Reward: 9.975. Std of Reward: 18.804. Training.
[INFO] Rocket. Step: 69400000. Time Elapsed: 18624.377 s. Mean Reward: 12.542. Std of Reward: 18.193. Training.
[INFO] Rocket. Step: 69420000. Time Elapsed: 18648.829 s. Mean Reward: 10.356. Std of Reward: 21.971. Training.
[INFO] Rocket. Step: 69440000. Time Elapsed: 18664.358 s. Mean Reward: 11.734. Std of Reward: 15.549. Training.
[INFO] Rocket. Step: 69460000. Time Elapsed: 18677.292 s. Mean Reward: 5.676. Std of Reward: 20.186. Training.
[INFO] Rocket. Step: 69480000. Time Elapsed: 18699.141 s. Mean Reward: 1.254. Std of Reward: 23.214. Training.
[INFO] Rocket. Step: 69500000. Time Elapsed: 18716.212 s. Mean Reward: 8.572. Std of Reward: 20.567. Training.
[INFO] Exported results\L10\Rocket\Rocket-69499955.onnx
[INFO] Rocket. Step: 69520000. Time Elapsed: 18739.140 s. Mean Reward: 8.397. Std of Reward: 24.641. Training.
[INFO] Rocket. Step: 69540000. Time Elapsed: 18753.260 s. Mean Reward: 5.465. Std of Reward: 24.958. Training.
[INFO] Rocket. Step: 69560000. Time Elapsed: 18778.194 s. Mean Reward: 9.521. Std of Reward: 22.818. Training.
[INFO] Rocket. Step: 69580000. Time Elapsed: 18793.911 s. Mean Reward: -2.176. Std of Reward: 27.602. Training.
[INFO] Rocket. Step: 69600000. Time Elapsed: 18814.939 s. Mean Reward: 9.032. Std of Reward: 22.204. Training.
[INFO] Rocket. Step: 69620000. Time Elapsed: 18829.969 s. Mean Reward: 1.747. Std of Reward: 24.520. Training.
[INFO] Rocket. Step: 69640000. Time Elapsed: 18854.117 s. Mean Reward: 4.596. Std of Reward: 23.920. Training.
[INFO] Rocket. Step: 69660000. Time Elapsed: 18868.762 s. Mean Reward: 6.148. Std of Reward: 21.428. Training.
[INFO] Rocket. Step: 69680000. Time Elapsed: 18891.859 s. Mean Reward: 11.600. Std of Reward: 20.412. Training.
[INFO] Rocket. Step: 69700000. Time Elapsed: 18908.494 s. Mean Reward: 8.364. Std of Reward: 20.457. Training.
[INFO] Rocket. Step: 69720000. Time Elapsed: 18929.877 s. Mean Reward: 12.414. Std of Reward: 22.535. Training.
[INFO] Rocket. Step: 69740000. Time Elapsed: 18947.454 s. Mean Reward: 15.068. Std of Reward: 14.658. Training.
[INFO] Rocket. Step: 69760000. Time Elapsed: 18968.522 s. Mean Reward: 8.607. Std of Reward: 19.282. Training.
[INFO] Rocket. Step: 69780000. Time Elapsed: 18983.511 s. Mean Reward: 10.921. Std of Reward: 18.268. Training.
[INFO] Rocket. Step: 69800000. Time Elapsed: 19006.132 s. Mean Reward: -0.147. Std of Reward: 23.200. Training.
[INFO] Rocket. Step: 69820000. Time Elapsed: 19023.339 s. Mean Reward: 10.358. Std of Reward: 24.107. Training.
[INFO] Rocket. Step: 69840000. Time Elapsed: 19045.903 s. Mean Reward: 10.649. Std of Reward: 22.142. Training.
[INFO] Rocket. Step: 69860000. Time Elapsed: 19059.539 s. Mean Reward: 2.718. Std of Reward: 22.606. Training.
[INFO] Rocket. Step: 69880000. Time Elapsed: 19082.650 s. Mean Reward: 10.990. Std of Reward: 15.931. Training.
[INFO] Rocket. Step: 69900000. Time Elapsed: 19098.035 s. Mean Reward: -2.265. Std of Reward: 27.893. Training.
[INFO] Rocket. Step: 69920000. Time Elapsed: 19121.527 s. Mean Reward: 7.044. Std of Reward: 22.728. Training.
[INFO] Rocket. Step: 69940000. Time Elapsed: 19135.530 s. Mean Reward: 4.327. Std of Reward: 23.160. Training.
[INFO] Rocket. Step: 69960000. Time Elapsed: 19160.290 s. Mean Reward: 9.759. Std of Reward: 23.626. Training.
[INFO] Rocket. Step: 69980000. Time Elapsed: 19174.445 s. Mean Reward: 3.880. Std of Reward: 23.861. Training.
[INFO] Rocket. Step: 70000000. Time Elapsed: 19198.119 s. Mean Reward: 4.236. Std of Reward: 25.419. Training.
[INFO] Exported results\L10\Rocket\Rocket-69999783.onnx
[INFO] Rocket. Step: 70020000. Time Elapsed: 19213.383 s. Mean Reward: -4.211. Std of Reward: 27.880. Training.
[INFO] Rocket. Step: 70040000. Time Elapsed: 19229.268 s. Mean Reward: 2.688. Std of Reward: 24.598. Training.
[INFO] Rocket. Step: 70060000. Time Elapsed: 19251.501 s. Mean Reward: 4.916. Std of Reward: 30.145. Training.
[INFO] Rocket. Step: 70080000. Time Elapsed: 19267.872 s. Mean Reward: 13.240. Std of Reward: 17.513. Training.
[INFO] Rocket. Step: 70100000. Time Elapsed: 19289.942 s. Mean Reward: 9.837. Std of Reward: 23.596. Training.
[INFO] Rocket. Step: 70120000. Time Elapsed: 19305.232 s. Mean Reward: 9.206. Std of Reward: 23.663. Training.
[INFO] Rocket. Step: 70140000. Time Elapsed: 19328.254 s. Mean Reward: 6.027. Std of Reward: 26.661. Training.
[INFO] Rocket. Step: 70160000. Time Elapsed: 19342.655 s. Mean Reward: 8.361. Std of Reward: 19.634. Training.
[INFO] Rocket. Step: 70180000. Time Elapsed: 19364.674 s. Mean Reward: 0.793. Std of Reward: 28.331. Training.
[INFO] Rocket. Step: 70200000. Time Elapsed: 19383.574 s. Mean Reward: 5.561. Std of Reward: 26.299. Training.
[INFO] Rocket. Step: 70220000. Time Elapsed: 19405.773 s. Mean Reward: 2.303. Std of Reward: 27.873. Training.
[INFO] Rocket. Step: 70240000. Time Elapsed: 19419.895 s. Mean Reward: 1.182. Std of Reward: 26.061. Training.
[INFO] Rocket. Step: 70260000. Time Elapsed: 19442.055 s. Mean Reward: 9.087. Std of Reward: 24.676. Training.
[INFO] Rocket. Step: 70280000. Time Elapsed: 19459.006 s. Mean Reward: 7.234. Std of Reward: 21.757. Training.
[INFO] Rocket. Step: 70300000. Time Elapsed: 19480.947 s. Mean Reward: -0.610. Std of Reward: 27.435. Training.
[INFO] Rocket. Step: 70320000. Time Elapsed: 19494.331 s. Mean Reward: 9.927. Std of Reward: 22.976. Training.
[INFO] Rocket. Step: 70340000. Time Elapsed: 19519.922 s. Mean Reward: 10.735. Std of Reward: 18.670. Training.
[INFO] Rocket. Step: 70360000. Time Elapsed: 19534.576 s. Mean Reward: 8.279. Std of Reward: 18.916. Training.
[INFO] Rocket. Step: 70380000. Time Elapsed: 19557.981 s. Mean Reward: 6.505. Std of Reward: 23.459. Training.
[INFO] Rocket. Step: 70400000. Time Elapsed: 19572.727 s. Mean Reward: 7.660. Std of Reward: 22.184. Training.
[INFO] Rocket. Step: 70420000. Time Elapsed: 19595.317 s. Mean Reward: 0.252. Std of Reward: 26.978. Training.
[INFO] Rocket. Step: 70440000. Time Elapsed: 19610.285 s. Mean Reward: 9.704. Std of Reward: 20.451. Training.
[INFO] Rocket. Step: 70460000. Time Elapsed: 19634.226 s. Mean Reward: 10.732. Std of Reward: 20.685. Training.
[INFO] Rocket. Step: 70480000. Time Elapsed: 19650.099 s. Mean Reward: 15.300. Std of Reward: 14.606. Training.
[INFO] Rocket. Step: 70500000. Time Elapsed: 19671.807 s. Mean Reward: 3.566. Std of Reward: 25.017. Training.
[INFO] Exported results\L10\Rocket\Rocket-70499997.onnx
[INFO] Rocket. Step: 70520000. Time Elapsed: 19687.748 s. Mean Reward: -2.809. Std of Reward: 27.855. Training.
[INFO] Rocket. Step: 70540000. Time Elapsed: 19710.808 s. Mean Reward: 1.049. Std of Reward: 26.549. Training.
[INFO] Rocket. Step: 70560000. Time Elapsed: 19725.945 s. Mean Reward: 8.393. Std of Reward: 23.613. Training.
[INFO] Rocket. Step: 70580000. Time Elapsed: 19750.481 s. Mean Reward: 2.217. Std of Reward: 27.174. Training.
[INFO] Rocket. Step: 70600000. Time Elapsed: 19763.588 s. Mean Reward: 3.035. Std of Reward: 27.025. Training.
[INFO] Rocket. Step: 70620000. Time Elapsed: 19778.968 s. Mean Reward: 8.245. Std of Reward: 23.261. Training.
[INFO] Rocket. Step: 70640000. Time Elapsed: 19801.632 s. Mean Reward: 12.551. Std of Reward: 21.998. Training.
[INFO] Rocket. Step: 70660000. Time Elapsed: 19816.751 s. Mean Reward: 1.000. Std of Reward: 24.264. Training.
[INFO] Rocket. Step: 70680000. Time Elapsed: 19839.924 s. Mean Reward: 3.557. Std of Reward: 24.014. Training.
[INFO] Rocket. Step: 70700000. Time Elapsed: 19853.668 s. Mean Reward: 4.046. Std of Reward: 23.584. Training.
[INFO] Rocket. Step: 70720000. Time Elapsed: 19875.580 s. Mean Reward: 6.521. Std of Reward: 23.257. Training.
[INFO] Rocket. Step: 70740000. Time Elapsed: 19894.618 s. Mean Reward: 1.318. Std of Reward: 26.464. Training.
[INFO] Rocket. Step: 70760000. Time Elapsed: 19914.990 s. Mean Reward: 7.146. Std of Reward: 22.824. Training.
[INFO] Rocket. Step: 70780000. Time Elapsed: 19931.114 s. Mean Reward: 13.855. Std of Reward: 16.474. Training.
[INFO] Rocket. Step: 70800000. Time Elapsed: 19954.269 s. Mean Reward: 13.623. Std of Reward: 20.997. Training.
[INFO] Rocket. Step: 70820000. Time Elapsed: 19969.748 s. Mean Reward: 2.669. Std of Reward: 24.885. Training.
[INFO] Rocket. Step: 70840000. Time Elapsed: 19990.940 s. Mean Reward: 3.139. Std of Reward: 27.958. Training.
[INFO] Rocket. Step: 70860000. Time Elapsed: 20006.361 s. Mean Reward: 12.366. Std of Reward: 20.411. Training.
[INFO] Rocket. Step: 70880000. Time Elapsed: 20029.217 s. Mean Reward: 10.398. Std of Reward: 20.757. Training.
[INFO] Rocket. Step: 70900000. Time Elapsed: 20044.456 s. Mean Reward: 5.750. Std of Reward: 24.579. Training.
[INFO] Rocket. Step: 70920000. Time Elapsed: 20067.419 s. Mean Reward: 5.212. Std of Reward: 26.070. Training.
[INFO] Rocket. Step: 70940000. Time Elapsed: 20083.221 s. Mean Reward: 7.572. Std of Reward: 25.690. Training.
[INFO] Rocket. Step: 70960000. Time Elapsed: 20106.344 s. Mean Reward: 3.447. Std of Reward: 24.609. Training.
[INFO] Rocket. Step: 70980000. Time Elapsed: 20122.420 s. Mean Reward: 3.933. Std of Reward: 24.330. Training.
[INFO] Rocket. Step: 71000000. Time Elapsed: 20142.942 s. Mean Reward: 20.613. Std of Reward: 4.945. Training.
[INFO] Exported results\L10\Rocket\Rocket-70999230.onnx
[INFO] Rocket. Step: 71020000. Time Elapsed: 20159.599 s. Mean Reward: -1.662. Std of Reward: 30.800. Training.
[INFO] Rocket. Step: 71040000. Time Elapsed: 20182.513 s. Mean Reward: 2.168. Std of Reward: 22.321. Training.
[INFO] Rocket. Step: 71060000. Time Elapsed: 20197.554 s. Mean Reward: 9.705. Std of Reward: 23.106. Training.
[INFO] Rocket. Step: 71080000. Time Elapsed: 20219.906 s. Mean Reward: 8.422. Std of Reward: 20.025. Training.
[INFO] Rocket. Step: 71100000. Time Elapsed: 20237.528 s. Mean Reward: 9.456. Std of Reward: 20.703. Training.
[INFO] Rocket. Step: 71120000. Time Elapsed: 20258.864 s. Mean Reward: 8.580. Std of Reward: 20.829. Training.
[INFO] Rocket. Step: 71140000. Time Elapsed: 20273.862 s. Mean Reward: 15.908. Std of Reward: 15.682. Training.
[INFO] Rocket. Step: 71160000. Time Elapsed: 20298.608 s. Mean Reward: 10.888. Std of Reward: 17.816. Training.
[INFO] Rocket. Step: 71180000. Time Elapsed: 20311.874 s. Mean Reward: 2.664. Std of Reward: 29.043. Training.
[INFO] Rocket. Step: 71200000. Time Elapsed: 20335.603 s. Mean Reward: 10.063. Std of Reward: 20.704. Training.
[INFO] Rocket. Step: 71220000. Time Elapsed: 20349.846 s. Mean Reward: 14.974. Std of Reward: 14.057. Training.
[INFO] Rocket. Step: 71240000. Time Elapsed: 20366.593 s. Mean Reward: -1.181. Std of Reward: 24.277. Training.
[INFO] Rocket. Step: 71260000. Time Elapsed: 20389.231 s. Mean Reward: -8.309. Std of Reward: 29.022. Training.
[INFO] Rocket. Step: 71280000. Time Elapsed: 20404.637 s. Mean Reward: -4.622. Std of Reward: 31.425. Training.
[INFO] Rocket. Step: 71300000. Time Elapsed: 20427.482 s. Mean Reward: 4.077. Std of Reward: 29.925. Training.
[INFO] Rocket. Step: 71320000. Time Elapsed: 20443.043 s. Mean Reward: 19.015. Std of Reward: 10.722. Training.
[INFO] Rocket. Step: 71340000. Time Elapsed: 20463.360 s. Mean Reward: 6.349. Std of Reward: 22.018. Training.
[INFO] Rocket. Step: 71360000. Time Elapsed: 20478.843 s. Mean Reward: 10.436. Std of Reward: 17.670. Training.
[INFO] Rocket. Step: 71380000. Time Elapsed: 20504.071 s. Mean Reward: 11.161. Std of Reward: 17.242. Training.
[INFO] Rocket. Step: 71400000. Time Elapsed: 20517.544 s. Mean Reward: 3.666. Std of Reward: 28.260. Training.
[INFO] Rocket. Step: 71420000. Time Elapsed: 20540.099 s. Mean Reward: 10.595. Std of Reward: 20.830. Training.
[INFO] Rocket. Step: 71440000. Time Elapsed: 20555.890 s. Mean Reward: 3.821. Std of Reward: 27.513. Training.
[INFO] Rocket. Step: 71460000. Time Elapsed: 20578.341 s. Mean Reward: 9.643. Std of Reward: 26.281. Training.
[INFO] Rocket. Step: 71480000. Time Elapsed: 20594.707 s. Mean Reward: 11.425. Std of Reward: 20.705. Training.
[INFO] Rocket. Step: 71500000. Time Elapsed: 20619.037 s. Mean Reward: 11.391. Std of Reward: 16.303. Training.
[INFO] Exported results\L10\Rocket\Rocket-71499452.onnx
[INFO] Rocket. Step: 71520000. Time Elapsed: 20636.358 s. Mean Reward: 12.195. Std of Reward: 21.580. Training.
[INFO] Rocket. Step: 71540000. Time Elapsed: 20664.145 s. Mean Reward: 7.156. Std of Reward: 19.539. Training.
[INFO] Rocket. Step: 71560000. Time Elapsed: 20680.661 s. Mean Reward: 7.262. Std of Reward: 24.556. Training.
[INFO] Rocket. Step: 71580000. Time Elapsed: 20707.479 s. Mean Reward: 7.834. Std of Reward: 23.614. Training.
[INFO] Rocket. Step: 71600000. Time Elapsed: 20724.762 s. Mean Reward: 6.893. Std of Reward: 21.274. Training.
[INFO] Rocket. Step: 71620000. Time Elapsed: 20745.951 s. Mean Reward: 5.642. Std of Reward: 20.863. Training.
[INFO] Rocket. Step: 71640000. Time Elapsed: 20761.294 s. Mean Reward: 7.637. Std of Reward: 22.016. Training.
[INFO] Rocket. Step: 71660000. Time Elapsed: 20785.017 s. Mean Reward: 6.971. Std of Reward: 23.640. Training.
[INFO] Rocket. Step: 71680000. Time Elapsed: 20799.847 s. Mean Reward: 6.397. Std of Reward: 19.576. Training.
[INFO] Rocket. Step: 71700000. Time Elapsed: 20820.919 s. Mean Reward: 2.599. Std of Reward: 25.745. Training.
[INFO] Rocket. Step: 71720000. Time Elapsed: 20836.747 s. Mean Reward: 5.052. Std of Reward: 26.559. Training.
[INFO] Rocket. Step: 71740000. Time Elapsed: 20859.854 s. Mean Reward: 5.587. Std of Reward: 27.949. Training.
[INFO] Rocket. Step: 71760000. Time Elapsed: 20875.856 s. Mean Reward: 8.655. Std of Reward: 20.456. Training.
[INFO] Rocket. Step: 71780000. Time Elapsed: 20900.629 s. Mean Reward: 13.372. Std of Reward: 22.220. Training.
[INFO] Rocket. Step: 71800000. Time Elapsed: 20913.713 s. Mean Reward: -0.871. Std of Reward: 28.587. Training.
[INFO] Rocket. Step: 71820000. Time Elapsed: 20930.797 s. Mean Reward: 12.244. Std of Reward: 17.968. Training.
[INFO] Rocket. Step: 71840000. Time Elapsed: 20951.953 s. Mean Reward: 3.891. Std of Reward: 23.495. Training.
[INFO] Rocket. Step: 71860000. Time Elapsed: 20967.637 s. Mean Reward: 0.115. Std of Reward: 26.327. Training.
[INFO] Rocket. Step: 71880000. Time Elapsed: 20990.351 s. Mean Reward: 12.697. Std of Reward: 13.165. Training.
[INFO] Rocket. Step: 71900000. Time Elapsed: 21005.270 s. Mean Reward: 10.512. Std of Reward: 20.724. Training.
[INFO] Rocket. Step: 71920000. Time Elapsed: 21026.998 s. Mean Reward: 10.596. Std of Reward: 18.799. Training.
[INFO] Rocket. Step: 71940000. Time Elapsed: 21043.915 s. Mean Reward: 8.601. Std of Reward: 26.567. Training.
[INFO] Rocket. Step: 71960000. Time Elapsed: 21064.777 s. Mean Reward: 7.829. Std of Reward: 21.119. Training.
[INFO] Rocket. Step: 71980000. Time Elapsed: 21080.552 s. Mean Reward: 8.175. Std of Reward: 23.061. Training.
[INFO] Rocket. Step: 72000000. Time Elapsed: 21103.628 s. Mean Reward: 9.487. Std of Reward: 20.803. Training.
[INFO] Exported results\L10\Rocket\Rocket-71999840.onnx
[INFO] Rocket. Step: 72020000. Time Elapsed: 21118.834 s. Mean Reward: 3.558. Std of Reward: 24.862. Training.
[INFO] Rocket. Step: 72040000. Time Elapsed: 21141.915 s. Mean Reward: -4.642. Std of Reward: 31.346. Training.
[INFO] Rocket. Step: 72060000. Time Elapsed: 21158.442 s. Mean Reward: -2.450. Std of Reward: 31.309. Training.
[INFO] Rocket. Step: 72080000. Time Elapsed: 21180.063 s. Mean Reward: 9.422. Std of Reward: 22.405. Training.
[INFO] Rocket. Step: 72100000. Time Elapsed: 21196.428 s. Mean Reward: 4.392. Std of Reward: 23.378. Training.
[INFO] Rocket. Step: 72120000. Time Elapsed: 21218.349 s. Mean Reward: 8.070. Std of Reward: 24.141. Training.
[INFO] Rocket. Step: 72140000. Time Elapsed: 21234.555 s. Mean Reward: 5.090. Std of Reward: 23.549. Training.
[INFO] Rocket. Step: 72160000. Time Elapsed: 21256.317 s. Mean Reward: 3.309. Std of Reward: 24.053. Training.
[INFO] Rocket. Step: 72180000. Time Elapsed: 21270.831 s. Mean Reward: 10.157. Std of Reward: 22.822. Training.
[INFO] Rocket. Step: 72200000. Time Elapsed: 21294.262 s. Mean Reward: 10.356. Std of Reward: 19.322. Training.
[INFO] Rocket. Step: 72220000. Time Elapsed: 21310.930 s. Mean Reward: 14.275. Std of Reward: 15.921. Training.
[INFO] Rocket. Step: 72240000. Time Elapsed: 21333.481 s. Mean Reward: 4.216. Std of Reward: 28.840. Training.
[INFO] Rocket. Step: 72260000. Time Elapsed: 21348.802 s. Mean Reward: 3.003. Std of Reward: 28.058. Training.
[INFO] Rocket. Step: 72280000. Time Elapsed: 21370.332 s. Mean Reward: 4.677. Std of Reward: 26.528. Training.
[INFO] Rocket. Step: 72300000. Time Elapsed: 21386.896 s. Mean Reward: 20.265. Std of Reward: 5.200. Training.
[INFO] Rocket. Step: 72320000. Time Elapsed: 21408.294 s. Mean Reward: 13.508. Std of Reward: 20.806. Training.
[INFO] Rocket. Step: 72340000. Time Elapsed: 21423.503 s. Mean Reward: -0.078. Std of Reward: 29.337. Training.
[INFO] Rocket. Step: 72360000. Time Elapsed: 21447.824 s. Mean Reward: 2.878. Std of Reward: 26.850. Training.
[INFO] Rocket. Step: 72380000. Time Elapsed: 21463.235 s. Mean Reward: 7.545. Std of Reward: 23.233. Training.
[INFO] Rocket. Step: 72400000. Time Elapsed: 21479.447 s. Mean Reward: 9.808. Std of Reward: 18.142. Training.
[INFO] Rocket. Step: 72420000. Time Elapsed: 21499.238 s. Mean Reward: 4.396. Std of Reward: 25.223. Training.
[INFO] Rocket. Step: 72440000. Time Elapsed: 21515.365 s. Mean Reward: -5.131. Std of Reward: 29.398. Training.
[INFO] Rocket. Step: 72460000. Time Elapsed: 21538.704 s. Mean Reward: 13.048. Std of Reward: 17.553. Training.
[INFO] Rocket. Step: 72480000. Time Elapsed: 21553.915 s. Mean Reward: 9.868. Std of Reward: 18.303. Training.
[INFO] Rocket. Step: 72500000. Time Elapsed: 21575.556 s. Mean Reward: -2.592. Std of Reward: 32.981. Training.
[INFO] Exported results\L10\Rocket\Rocket-72499181.onnx
[INFO] Rocket. Step: 72520000. Time Elapsed: 21593.255 s. Mean Reward: 8.362. Std of Reward: 21.460. Training.
[INFO] Rocket. Step: 72540000. Time Elapsed: 21614.321 s. Mean Reward: 7.254. Std of Reward: 24.278. Training.
[INFO] Rocket. Step: 72560000. Time Elapsed: 21629.360 s. Mean Reward: -1.911. Std of Reward: 27.571. Training.
[INFO] Rocket. Step: 72580000. Time Elapsed: 21653.066 s. Mean Reward: 10.076. Std of Reward: 21.527. Training.
[INFO] Rocket. Step: 72600000. Time Elapsed: 21666.505 s. Mean Reward: 5.473. Std of Reward: 22.952. Training.
[INFO] Rocket. Step: 72620000. Time Elapsed: 21690.037 s. Mean Reward: 3.097. Std of Reward: 22.225. Training.
[INFO] Rocket. Step: 72640000. Time Elapsed: 21704.600 s. Mean Reward: 9.882. Std of Reward: 23.523. Training.
[INFO] Rocket. Step: 72660000. Time Elapsed: 21727.101 s. Mean Reward: -2.216. Std of Reward: 27.831. Training.
[INFO] Rocket. Step: 72680000. Time Elapsed: 21744.850 s. Mean Reward: 3.339. Std of Reward: 25.259. Training.
[INFO] Rocket. Step: 72700000. Time Elapsed: 21767.123 s. Mean Reward: 7.168. Std of Reward: 23.774. Training.
[INFO] Rocket. Step: 72720000. Time Elapsed: 21780.894 s. Mean Reward: 9.707. Std of Reward: 20.593. Training.
[INFO] Rocket. Step: 72740000. Time Elapsed: 21807.038 s. Mean Reward: 10.903. Std of Reward: 23.279. Training.
[INFO] Rocket. Step: 72760000. Time Elapsed: 21819.067 s. Mean Reward: 10.131. Std of Reward: 21.665. Training.
[INFO] Rocket. Step: 72780000. Time Elapsed: 21842.563 s. Mean Reward: 13.031. Std of Reward: 16.160. Training.
[INFO] Rocket. Step: 72800000. Time Elapsed: 21859.235 s. Mean Reward: 3.958. Std of Reward: 24.878. Training.
[INFO] Rocket. Step: 72820000. Time Elapsed: 21880.829 s. Mean Reward: 7.581. Std of Reward: 23.470. Training.
[INFO] Rocket. Step: 72840000. Time Elapsed: 21894.959 s. Mean Reward: 8.991. Std of Reward: 22.397. Training.
[INFO] Rocket. Step: 72860000. Time Elapsed: 21918.927 s. Mean Reward: 9.467. Std of Reward: 24.049. Training.
[INFO] Rocket. Step: 72880000. Time Elapsed: 21933.535 s. Mean Reward: 7.923. Std of Reward: 21.332. Training.
[INFO] Rocket. Step: 72900000. Time Elapsed: 21957.183 s. Mean Reward: 4.065. Std of Reward: 28.286. Training.
[INFO] Rocket. Step: 72920000. Time Elapsed: 21972.456 s. Mean Reward: 3.033. Std of Reward: 23.297. Training.
[INFO] Rocket. Step: 72940000. Time Elapsed: 21987.649 s. Mean Reward: 14.637. Std of Reward: 10.988. Training.
[INFO] Rocket. Step: 72960000. Time Elapsed: 22009.736 s. Mean Reward: 1.400. Std of Reward: 27.988. Training.
[INFO] Rocket. Step: 72980000. Time Elapsed: 22025.464 s. Mean Reward: 8.679. Std of Reward: 20.762. Training.
[INFO] Rocket. Step: 73000000. Time Elapsed: 22048.314 s. Mean Reward: 7.441. Std of Reward: 21.880. Training.
[INFO] Exported results\L10\Rocket\Rocket-72999722.onnx
[INFO] Rocket. Step: 73020000. Time Elapsed: 22064.049 s. Mean Reward: 7.956. Std of Reward: 21.194. Training.
[INFO] Rocket. Step: 73040000. Time Elapsed: 22085.454 s. Mean Reward: 14.349. Std of Reward: 13.163. Training.
[INFO] Rocket. Step: 73060000. Time Elapsed: 22104.207 s. Mean Reward: 5.758. Std of Reward: 23.866. Training.
[INFO] Rocket. Step: 73080000. Time Elapsed: 22125.099 s. Mean Reward: 4.676. Std of Reward: 24.201. Training.
[INFO] Rocket. Step: 73100000. Time Elapsed: 22140.022 s. Mean Reward: 2.467. Std of Reward: 26.829. Training.
[INFO] Rocket. Step: 73120000. Time Elapsed: 22161.626 s. Mean Reward: 10.547. Std of Reward: 16.482. Training.
[INFO] Rocket. Step: 73140000. Time Elapsed: 22178.010 s. Mean Reward: 2.683. Std of Reward: 24.406. Training.
[INFO] Rocket. Step: 73160000. Time Elapsed: 22202.294 s. Mean Reward: -2.781. Std of Reward: 29.704. Training.
[INFO] Rocket. Step: 73180000. Time Elapsed: 22216.905 s. Mean Reward: 4.232. Std of Reward: 20.322. Training.
[INFO] Rocket. Step: 73200000. Time Elapsed: 22238.533 s. Mean Reward: 10.329. Std of Reward: 18.705. Training.
[INFO] Rocket. Step: 73220000. Time Elapsed: 22254.557 s. Mean Reward: 5.504. Std of Reward: 21.200. Training.
[INFO] Rocket. Step: 73240000. Time Elapsed: 22276.418 s. Mean Reward: 7.384. Std of Reward: 21.428. Training.
[INFO] Rocket. Step: 73260000. Time Elapsed: 22292.165 s. Mean Reward: 1.872. Std of Reward: 28.570. Training.
[INFO] Rocket. Step: 73280000. Time Elapsed: 22314.843 s. Mean Reward: 7.189. Std of Reward: 18.315. Training.
[INFO] Rocket. Step: 73300000. Time Elapsed: 22330.478 s. Mean Reward: 10.297. Std of Reward: 19.474. Training.
[INFO] Rocket. Step: 73320000. Time Elapsed: 22354.362 s. Mean Reward: 12.698. Std of Reward: 16.156. Training.
[INFO] Rocket. Step: 73340000. Time Elapsed: 22368.486 s. Mean Reward: 12.109. Std of Reward: 19.050. Training.
[INFO] Rocket. Step: 73360000. Time Elapsed: 22391.947 s. Mean Reward: 4.500. Std of Reward: 25.843. Training.
[INFO] Rocket. Step: 73380000. Time Elapsed: 22406.817 s. Mean Reward: -1.493. Std of Reward: 26.898. Training.
[INFO] Rocket. Step: 73400000. Time Elapsed: 22429.786 s. Mean Reward: 6.872. Std of Reward: 20.489. Training.
[INFO] Rocket. Step: 73420000. Time Elapsed: 22445.631 s. Mean Reward: 5.127. Std of Reward: 24.088. Training.
[INFO] Rocket. Step: 73440000. Time Elapsed: 22468.535 s. Mean Reward: -0.625. Std of Reward: 27.181. Training.
[INFO] Rocket. Step: 73460000. Time Elapsed: 22482.197 s. Mean Reward: 0.701. Std of Reward: 28.029. Training.
[INFO] Rocket. Step: 73480000. Time Elapsed: 22496.244 s. Mean Reward: 9.039. Std of Reward: 23.012. Training.
[INFO] Rocket. Step: 73500000. Time Elapsed: 22520.976 s. Mean Reward: -1.198. Std of Reward: 31.234. Training.
[INFO] Exported results\L10\Rocket\Rocket-73499554.onnx
[INFO] Rocket. Step: 73520000. Time Elapsed: 22537.398 s. Mean Reward: 2.251. Std of Reward: 25.856. Training.
[INFO] Rocket. Step: 73540000. Time Elapsed: 22559.524 s. Mean Reward: 11.951. Std of Reward: 20.999. Training.
[INFO] Rocket. Step: 73560000. Time Elapsed: 22574.409 s. Mean Reward: -4.345. Std of Reward: 31.278. Training.
[INFO] Rocket. Step: 73580000. Time Elapsed: 22596.787 s. Mean Reward: 9.236. Std of Reward: 22.667. Training.
[INFO] Rocket. Step: 73600000. Time Elapsed: 22612.254 s. Mean Reward: 5.540. Std of Reward: 27.654. Training.
[INFO] Rocket. Step: 73620000. Time Elapsed: 22635.970 s. Mean Reward: 11.422. Std of Reward: 21.900. Training.
[INFO] Rocket. Step: 73640000. Time Elapsed: 22650.259 s. Mean Reward: 4.520. Std of Reward: 22.237. Training.
[INFO] Rocket. Step: 73660000. Time Elapsed: 22672.858 s. Mean Reward: 2.133. Std of Reward: 28.053. Training.
[INFO] Rocket. Step: 73680000. Time Elapsed: 22688.839 s. Mean Reward: 9.348. Std of Reward: 20.404. Training.
[INFO] Rocket. Step: 73700000. Time Elapsed: 22710.959 s. Mean Reward: -9.103. Std of Reward: 29.233. Training.
[INFO] Rocket. Step: 73720000. Time Elapsed: 22725.695 s. Mean Reward: 1.353. Std of Reward: 25.966. Training.
[INFO] Rocket. Step: 73740000. Time Elapsed: 22749.010 s. Mean Reward: 2.955. Std of Reward: 27.330. Training.
[INFO] Rocket. Step: 73760000. Time Elapsed: 22763.753 s. Mean Reward: 3.308. Std of Reward: 24.568. Training.
[INFO] Rocket. Step: 73780000. Time Elapsed: 22785.735 s. Mean Reward: -6.148. Std of Reward: 27.822. Training.
[INFO] Rocket. Step: 73800000. Time Elapsed: 22801.063 s. Mean Reward: 1.963. Std of Reward: 31.041. Training.
[INFO] Rocket. Step: 73820000. Time Elapsed: 22824.364 s. Mean Reward: 11.569. Std of Reward: 20.584. Training.
[INFO] Rocket. Step: 73840000. Time Elapsed: 22838.277 s. Mean Reward: 10.943. Std of Reward: 18.898. Training.
[INFO] Rocket. Step: 73860000. Time Elapsed: 22861.918 s. Mean Reward: -1.746. Std of Reward: 28.714. Training.
[INFO] Rocket. Step: 73880000. Time Elapsed: 22878.213 s. Mean Reward: 1.585. Std of Reward: 26.327. Training.
[INFO] Rocket. Step: 73900000. Time Elapsed: 22900.717 s. Mean Reward: 10.978. Std of Reward: 21.347. Training.
[INFO] Rocket. Step: 73920000. Time Elapsed: 22913.889 s. Mean Reward: 2.821. Std of Reward: 29.316. Training.
[INFO] Rocket. Step: 73940000. Time Elapsed: 22938.877 s. Mean Reward: 5.661. Std of Reward: 24.765. Training.
[INFO] Rocket. Step: 73960000. Time Elapsed: 22953.591 s. Mean Reward: -10.735. Std of Reward: 31.619. Training.
[INFO] Rocket. Step: 73980000. Time Elapsed: 22975.426 s. Mean Reward: 3.340. Std of Reward: 29.002. Training.
[INFO] Rocket. Step: 74000000. Time Elapsed: 22989.766 s. Mean Reward: 2.799. Std of Reward: 23.374. Training.
[INFO] Exported results\L10\Rocket\Rocket-73998991.onnx
[INFO] Rocket. Step: 74020000. Time Elapsed: 23015.312 s. Mean Reward: 2.404. Std of Reward: 26.180. Training.
[INFO] Rocket. Step: 74040000. Time Elapsed: 23028.439 s. Mean Reward: -9.729. Std of Reward: 28.950. Training.
[INFO] Rocket. Step: 74060000. Time Elapsed: 23051.999 s. Mean Reward: 3.807. Std of Reward: 24.478. Training.
[INFO] Rocket. Step: 74080000. Time Elapsed: 23067.481 s. Mean Reward: 0.723. Std of Reward: 23.721. Training.
[INFO] Rocket. Step: 74100000. Time Elapsed: 23083.689 s. Mean Reward: -4.096. Std of Reward: 32.057. Training.
[INFO] Rocket. Step: 74120000. Time Elapsed: 23104.873 s. Mean Reward: 2.424. Std of Reward: 23.098. Training.
[INFO] Rocket. Step: 74140000. Time Elapsed: 23121.569 s. Mean Reward: -1.550. Std of Reward: 27.232. Training.
[INFO] Rocket. Step: 74160000. Time Elapsed: 23143.056 s. Mean Reward: 12.551. Std of Reward: 16.084. Training.
[INFO] Rocket. Step: 74180000. Time Elapsed: 23158.538 s. Mean Reward: 6.353. Std of Reward: 22.595. Training.
[INFO] Rocket. Step: 74200000. Time Elapsed: 23181.119 s. Mean Reward: -0.995. Std of Reward: 30.426. Training.
[INFO] Rocket. Step: 74220000. Time Elapsed: 23196.439 s. Mean Reward: 9.730. Std of Reward: 25.562. Training.
[INFO] Rocket. Step: 74240000. Time Elapsed: 23220.474 s. Mean Reward: 10.512. Std of Reward: 21.201. Training.
[INFO] Rocket. Step: 74260000. Time Elapsed: 23235.359 s. Mean Reward: 3.425. Std of Reward: 27.172. Training.
[INFO] Rocket. Step: 74280000. Time Elapsed: 23258.380 s. Mean Reward: 8.191. Std of Reward: 22.585. Training.
[INFO] Rocket. Step: 74300000. Time Elapsed: 23273.103 s. Mean Reward: 11.956. Std of Reward: 16.075. Training.
[INFO] Rocket. Step: 74320000. Time Elapsed: 23295.643 s. Mean Reward: 12.493. Std of Reward: 17.347. Training.
[INFO] Rocket. Step: 74340000. Time Elapsed: 23310.921 s. Mean Reward: 7.270. Std of Reward: 24.828. Training.
[INFO] Rocket. Step: 74360000. Time Elapsed: 23332.484 s. Mean Reward: -0.329. Std of Reward: 25.113. Training.
[INFO] Rocket. Step: 74380000. Time Elapsed: 23349.497 s. Mean Reward: 17.891. Std of Reward: 12.009. Training.
[INFO] Rocket. Step: 74400000. Time Elapsed: 23372.015 s. Mean Reward: 1.943. Std of Reward: 25.514. Training.
[INFO] Rocket. Step: 74420000. Time Elapsed: 23386.868 s. Mean Reward: 15.830. Std of Reward: 9.964. Training.
[INFO] Rocket. Step: 74440000. Time Elapsed: 23410.716 s. Mean Reward: 10.242. Std of Reward: 23.371. Training.
[INFO] Rocket. Step: 74460000. Time Elapsed: 23427.057 s. Mean Reward: 13.347. Std of Reward: 13.255. Training.
[INFO] Rocket. Step: 74480000. Time Elapsed: 23447.884 s. Mean Reward: 4.254. Std of Reward: 23.557. Training.
[INFO] Rocket. Step: 74500000. Time Elapsed: 23462.170 s. Mean Reward: 9.513. Std of Reward: 25.355. Training.
[INFO] Exported results\L10\Rocket\Rocket-74499316.onnx
[INFO] Rocket. Step: 74520000. Time Elapsed: 23484.926 s. Mean Reward: 7.940. Std of Reward: 22.199. Training.
[INFO] Rocket. Step: 74540000. Time Elapsed: 23502.537 s. Mean Reward: 7.936. Std of Reward: 25.732. Training.
[INFO] Rocket. Step: 74560000. Time Elapsed: 23525.488 s. Mean Reward: 10.629. Std of Reward: 20.059. Training.
[INFO] Rocket. Step: 74580000. Time Elapsed: 23539.710 s. Mean Reward: 3.724. Std of Reward: 29.741. Training.
[INFO] Rocket. Step: 74600000. Time Elapsed: 23562.371 s. Mean Reward: 6.164. Std of Reward: 21.351. Training.
[INFO] Rocket. Step: 74620000. Time Elapsed: 23579.742 s. Mean Reward: 12.615. Std of Reward: 16.227. Training.
[INFO] Rocket. Step: 74640000. Time Elapsed: 23604.317 s. Mean Reward: 8.104. Std of Reward: 22.280. Training.
[INFO] Rocket. Step: 74660000. Time Elapsed: 23616.473 s. Mean Reward: 15.369. Std of Reward: 13.252. Training.
[INFO] Rocket. Step: 74680000. Time Elapsed: 23630.803 s. Mean Reward: -0.377. Std of Reward: 29.541. Training.
[INFO] Rocket. Step: 74700000. Time Elapsed: 23655.433 s. Mean Reward: 15.061. Std of Reward: 13.407. Training.
[INFO] Rocket. Step: 74720000. Time Elapsed: 23669.860 s. Mean Reward: -6.170. Std of Reward: 30.752. Training.
[INFO] Rocket. Step: 74740000. Time Elapsed: 23694.082 s. Mean Reward: 2.826. Std of Reward: 22.149. Training.
[INFO] Rocket. Step: 74760000. Time Elapsed: 23708.698 s. Mean Reward: 0.529. Std of Reward: 28.940. Training.
[INFO] Rocket. Step: 74780000. Time Elapsed: 23728.722 s. Mean Reward: 6.518. Std of Reward: 24.439. Training.
[INFO] Rocket. Step: 74800000. Time Elapsed: 23744.258 s. Mean Reward: -3.472. Std of Reward: 29.458. Training.
[INFO] Rocket. Step: 74820000. Time Elapsed: 23769.532 s. Mean Reward: 5.539. Std of Reward: 25.327. Training.
[INFO] Rocket. Step: 74840000. Time Elapsed: 23784.293 s. Mean Reward: 3.311. Std of Reward: 27.532. Training.
[INFO] Rocket. Step: 74860000. Time Elapsed: 23806.382 s. Mean Reward: -5.393. Std of Reward: 28.825. Training.
[INFO] Rocket. Step: 74880000. Time Elapsed: 23819.571 s. Mean Reward: 7.297. Std of Reward: 23.298. Training.
[INFO] Rocket. Step: 74900000. Time Elapsed: 23842.786 s. Mean Reward: 16.639. Std of Reward: 10.746. Training.
[INFO] Rocket. Step: 74920000. Time Elapsed: 23860.445 s. Mean Reward: 0.240. Std of Reward: 26.415. Training.
[INFO] Rocket. Step: 74940000. Time Elapsed: 23882.425 s. Mean Reward: 0.065. Std of Reward: 28.668. Training.
[INFO] Rocket. Step: 74960000. Time Elapsed: 23895.562 s. Mean Reward: 7.227. Std of Reward: 18.154. Training.
[INFO] Rocket. Step: 74980000. Time Elapsed: 23919.050 s. Mean Reward: 7.969. Std of Reward: 24.823. Training.
[INFO] Rocket. Step: 75000000. Time Elapsed: 23935.940 s. Mean Reward: 13.319. Std of Reward: 15.779. Training.
[INFO] Exported results\L10\Rocket\Rocket-74999388.onnx
[INFO] Rocket. Step: 75020000. Time Elapsed: 23958.112 s. Mean Reward: 11.123. Std of Reward: 19.342. Training.
[INFO] Rocket. Step: 75040000. Time Elapsed: 23975.148 s. Mean Reward: 12.679. Std of Reward: 16.562. Training.
[INFO] Rocket. Step: 75060000. Time Elapsed: 23996.061 s. Mean Reward: 7.998. Std of Reward: 22.062. Training.
[INFO] Rocket. Step: 75080000. Time Elapsed: 24010.340 s. Mean Reward: 14.973. Std of Reward: 13.800. Training.
[INFO] Rocket. Step: 75100000. Time Elapsed: 24036.112 s. Mean Reward: 1.534. Std of Reward: 23.771. Training.
[INFO] Rocket. Step: 75120000. Time Elapsed: 24050.120 s. Mean Reward: -10.135. Std of Reward: 30.008. Training.
[INFO] Rocket. Step: 75140000. Time Elapsed: 24072.733 s. Mean Reward: 15.309. Std of Reward: 10.071. Training.
[INFO] Rocket. Step: 75160000. Time Elapsed: 24087.576 s. Mean Reward: 8.032. Std of Reward: 21.273. Training.
[INFO] Rocket. Step: 75180000. Time Elapsed: 24110.541 s. Mean Reward: 13.737. Std of Reward: 18.000. Training.
[INFO] Rocket. Step: 75200000. Time Elapsed: 24126.334 s. Mean Reward: 9.209. Std of Reward: 22.143. Training.
[INFO] Rocket. Step: 75220000. Time Elapsed: 24141.364 s. Mean Reward: 6.736. Std of Reward: 26.001. Training.
[INFO] Rocket. Step: 75240000. Time Elapsed: 24161.752 s. Mean Reward: 3.349. Std of Reward: 24.171. Training.
[INFO] Rocket. Step: 75260000. Time Elapsed: 24178.336 s. Mean Reward: 3.650. Std of Reward: 26.173. Training.
[INFO] Rocket. Step: 75280000. Time Elapsed: 24203.111 s. Mean Reward: -9.608. Std of Reward: 28.790. Training.
[INFO] Rocket. Step: 75300000. Time Elapsed: 24216.602 s. Mean Reward: 2.067. Std of Reward: 27.376. Training.
[INFO] Rocket. Step: 75320000. Time Elapsed: 24238.276 s. Mean Reward: 7.998. Std of Reward: 24.663. Training.
[INFO] Rocket. Step: 75340000. Time Elapsed: 24254.156 s. Mean Reward: 13.042. Std of Reward: 17.960. Training.
[INFO] Rocket. Step: 75360000. Time Elapsed: 24276.545 s. Mean Reward: -3.839. Std of Reward: 29.922. Training.
[INFO] Rocket. Step: 75380000. Time Elapsed: 24294.012 s. Mean Reward: -0.715. Std of Reward: 28.187. Training.
[INFO] Rocket. Step: 75400000. Time Elapsed: 24315.913 s. Mean Reward: 10.888. Std of Reward: 22.941. Training.
[INFO] Rocket. Step: 75420000. Time Elapsed: 24329.275 s. Mean Reward: 8.740. Std of Reward: 26.497. Training.
[INFO] Rocket. Step: 75440000. Time Elapsed: 24353.012 s. Mean Reward: 10.952. Std of Reward: 22.610. Training.
[INFO] Rocket. Step: 75460000. Time Elapsed: 24369.801 s. Mean Reward: 7.408. Std of Reward: 24.936. Training.
[INFO] Rocket. Step: 75480000. Time Elapsed: 24391.997 s. Mean Reward: 12.219. Std of Reward: 20.717. Training.
[INFO] Rocket. Step: 75500000. Time Elapsed: 24406.401 s. Mean Reward: -3.734. Std of Reward: 32.773. Training.
[INFO] Exported results\L10\Rocket\Rocket-75499723.onnx
[INFO] Rocket. Step: 75520000. Time Elapsed: 24430.028 s. Mean Reward: -8.259. Std of Reward: 29.896. Training.
[INFO] Rocket. Step: 75540000. Time Elapsed: 24445.146 s. Mean Reward: 19.688. Std of Reward: 4.047. Training.
[INFO] Rocket. Step: 75560000. Time Elapsed: 24467.571 s. Mean Reward: 6.802. Std of Reward: 19.441. Training.
[INFO] Rocket. Step: 75580000. Time Elapsed: 24482.181 s. Mean Reward: 9.176. Std of Reward: 19.838. Training.
[INFO] Rocket. Step: 75600000. Time Elapsed: 24504.800 s. Mean Reward: 8.698. Std of Reward: 20.701. Training.
[INFO] Rocket. Step: 75620000. Time Elapsed: 24519.663 s. Mean Reward: 3.257. Std of Reward: 25.626. Training.
[INFO] Rocket. Step: 75640000. Time Elapsed: 24541.225 s. Mean Reward: -0.626. Std of Reward: 28.440. Training.
[INFO] Rocket. Step: 75660000. Time Elapsed: 24560.425 s. Mean Reward: 13.141. Std of Reward: 19.259. Training.
[INFO] Rocket. Step: 75680000. Time Elapsed: 24581.721 s. Mean Reward: 9.401. Std of Reward: 22.945. Training.
[INFO] Rocket. Step: 75700000. Time Elapsed: 24596.552 s. Mean Reward: 5.089. Std of Reward: 26.839. Training.
[INFO] Rocket. Step: 75720000. Time Elapsed: 24619.148 s. Mean Reward: 4.998. Std of Reward: 24.360. Training.
[INFO] Rocket. Step: 75740000. Time Elapsed: 24634.687 s. Mean Reward: 1.029. Std of Reward: 27.397. Training.
[INFO] Rocket. Step: 75760000. Time Elapsed: 24657.302 s. Mean Reward: 15.264. Std of Reward: 14.660. Training.
[INFO] Rocket. Step: 75780000. Time Elapsed: 24672.975 s. Mean Reward: 2.914. Std of Reward: 27.522. Training.
[INFO] Rocket. Step: 75800000. Time Elapsed: 24687.425 s. Mean Reward: 7.357. Std of Reward: 19.002. Training.
[INFO] Rocket. Step: 75820000. Time Elapsed: 24708.754 s. Mean Reward: 14.925. Std of Reward: 16.517. Training.
[INFO] Rocket. Step: 75840000. Time Elapsed: 24725.361 s. Mean Reward: 11.964. Std of Reward: 18.655. Training.
[INFO] Rocket. Step: 75860000. Time Elapsed: 24748.980 s. Mean Reward: 14.031. Std of Reward: 18.512. Training.
[INFO] Rocket. Step: 75880000. Time Elapsed: 24764.130 s. Mean Reward: -4.380. Std of Reward: 27.837. Training.
[INFO] Rocket. Step: 75900000. Time Elapsed: 24784.366 s. Mean Reward: 6.956. Std of Reward: 23.164. Training.
[INFO] Rocket. Step: 75920000. Time Elapsed: 24799.652 s. Mean Reward: 13.995. Std of Reward: 18.451. Training.
[INFO] Rocket. Step: 75940000. Time Elapsed: 24823.563 s. Mean Reward: 1.634. Std of Reward: 24.935. Training.
[INFO] Rocket. Step: 75960000. Time Elapsed: 24839.483 s. Mean Reward: -3.196. Std of Reward: 27.796. Training.
[INFO] Rocket. Step: 75980000. Time Elapsed: 24860.346 s. Mean Reward: 9.898. Std of Reward: 22.111. Training.
[INFO] Rocket. Step: 76000000. Time Elapsed: 24878.080 s. Mean Reward: 2.022. Std of Reward: 26.950. Training.
[INFO] Exported results\L10\Rocket\Rocket-75999714.onnx
[INFO] Rocket. Step: 76020000. Time Elapsed: 24899.438 s. Mean Reward: 7.322. Std of Reward: 21.792. Training.
[INFO] Rocket. Step: 76040000. Time Elapsed: 24914.543 s. Mean Reward: 10.111. Std of Reward: 19.577. Training.
[INFO] Rocket. Step: 76060000. Time Elapsed: 24935.374 s. Mean Reward: 13.270. Std of Reward: 16.160. Training.
[INFO] Rocket. Step: 76080000. Time Elapsed: 24952.556 s. Mean Reward: -5.685. Std of Reward: 30.657. Training.
[INFO] Rocket. Step: 76100000. Time Elapsed: 24976.278 s. Mean Reward: 1.069. Std of Reward: 28.608. Training.
[INFO] Rocket. Step: 76120000. Time Elapsed: 24990.648 s. Mean Reward: -3.006. Std of Reward: 29.373. Training.
[INFO] Rocket. Step: 76140000. Time Elapsed: 25012.808 s. Mean Reward: 4.536. Std of Reward: 26.351. Training.
[INFO] Rocket. Step: 76160000. Time Elapsed: 25028.825 s. Mean Reward: 1.961. Std of Reward: 26.711. Training.
[INFO] Rocket. Step: 76180000. Time Elapsed: 25050.785 s. Mean Reward: 10.695. Std of Reward: 20.540. Training.
[INFO] Rocket. Step: 76200000. Time Elapsed: 25065.405 s. Mean Reward: 4.108. Std of Reward: 23.706. Training.
[INFO] Rocket. Step: 76220000. Time Elapsed: 25091.570 s. Mean Reward: 6.485. Std of Reward: 26.796. Training.
[INFO] Rocket. Step: 76240000. Time Elapsed: 25105.113 s. Mean Reward: 13.116. Std of Reward: 16.836. Training.
[INFO] Rocket. Step: 76260000. Time Elapsed: 25127.552 s. Mean Reward: 6.153. Std of Reward: 25.981. Training.
[INFO] Rocket. Step: 76280000. Time Elapsed: 25140.767 s. Mean Reward: 5.786. Std of Reward: 22.244. Training.
[INFO] Rocket. Step: 76300000. Time Elapsed: 25163.969 s. Mean Reward: 3.582. Std of Reward: 26.055. Training.
[INFO] Rocket. Step: 76320000. Time Elapsed: 25181.327 s. Mean Reward: 4.045. Std of Reward: 25.840. Training.
[INFO] Rocket. Step: 76340000. Time Elapsed: 25204.564 s. Mean Reward: 6.965. Std of Reward: 24.955. Training.
[INFO] Rocket. Step: 76360000. Time Elapsed: 25216.871 s. Mean Reward: 1.713. Std of Reward: 27.850. Training.
[INFO] Rocket. Step: 76380000. Time Elapsed: 25232.961 s. Mean Reward: 17.190. Std of Reward: 10.785. Training.
[INFO] Rocket. Step: 76400000. Time Elapsed: 25257.083 s. Mean Reward: 5.501. Std of Reward: 23.487. Training.
[INFO] Rocket. Step: 76420000. Time Elapsed: 25270.506 s. Mean Reward: 5.945. Std of Reward: 25.003. Training.
[INFO] Rocket. Step: 76440000. Time Elapsed: 25294.553 s. Mean Reward: 14.098. Std of Reward: 19.587. Training.
[INFO] Rocket. Step: 76460000. Time Elapsed: 25310.200 s. Mean Reward: 9.816. Std of Reward: 23.751. Training.
[INFO] Rocket. Step: 76480000. Time Elapsed: 25330.813 s. Mean Reward: -2.376. Std of Reward: 28.864. Training.
[INFO] Rocket. Step: 76500000. Time Elapsed: 25347.321 s. Mean Reward: 7.578. Std of Reward: 26.427. Training.
[INFO] Exported results\L10\Rocket\Rocket-76499259.onnx
[INFO] Rocket. Step: 76520000. Time Elapsed: 25369.101 s. Mean Reward: 12.756. Std of Reward: 20.491. Training.
[INFO] Rocket. Step: 76540000. Time Elapsed: 25384.109 s. Mean Reward: 6.674. Std of Reward: 23.971. Training.
[INFO] Rocket. Step: 76560000. Time Elapsed: 25406.393 s. Mean Reward: 11.687. Std of Reward: 16.416. Training.
[INFO] Rocket. Step: 76580000. Time Elapsed: 25422.713 s. Mean Reward: 14.087. Std of Reward: 15.208. Training.
[INFO] Rocket. Step: 76600000. Time Elapsed: 25447.641 s. Mean Reward: 1.143. Std of Reward: 26.790. Training.
[INFO] Rocket. Step: 76620000. Time Elapsed: 25460.699 s. Mean Reward: 15.344. Std of Reward: 18.396. Training.
[INFO] Rocket. Step: 76640000. Time Elapsed: 25484.802 s. Mean Reward: -0.275. Std of Reward: 27.185. Training.
[INFO] Rocket. Step: 76660000. Time Elapsed: 25498.720 s. Mean Reward: 11.634. Std of Reward: 16.626. Training.
[INFO] Rocket. Step: 76680000. Time Elapsed: 25521.717 s. Mean Reward: 8.123. Std of Reward: 18.956. Training.
[INFO] Rocket. Step: 76700000. Time Elapsed: 25537.147 s. Mean Reward: -6.051. Std of Reward: 28.681. Training.
[INFO] Rocket. Step: 76720000. Time Elapsed: 25557.638 s. Mean Reward: -5.340. Std of Reward: 27.830. Training.
[INFO] Rocket. Step: 76740000. Time Elapsed: 25574.380 s. Mean Reward: 5.454. Std of Reward: 23.953. Training.
[INFO] Rocket. Step: 76760000. Time Elapsed: 25597.711 s. Mean Reward: 0.594. Std of Reward: 24.916. Training.
[INFO] Rocket. Step: 76780000. Time Elapsed: 25612.130 s. Mean Reward: 6.950. Std of Reward: 20.677. Training.
[INFO] Rocket. Step: 76800000. Time Elapsed: 25634.549 s. Mean Reward: -0.535. Std of Reward: 27.414. Training.
[INFO] Rocket. Step: 76820000. Time Elapsed: 25650.657 s. Mean Reward: 1.762. Std of Reward: 25.860. Training.
[INFO] Rocket. Step: 76840000. Time Elapsed: 25672.296 s. Mean Reward: 7.280. Std of Reward: 18.739. Training.
[INFO] Rocket. Step: 76860000. Time Elapsed: 25687.980 s. Mean Reward: 5.049. Std of Reward: 23.802. Training.
[INFO] Rocket. Step: 76880000. Time Elapsed: 25710.734 s. Mean Reward: -12.522. Std of Reward: 30.204. Training.
[INFO] Rocket. Step: 76900000. Time Elapsed: 25724.953 s. Mean Reward: 2.436. Std of Reward: 29.394. Training.
[INFO] Rocket. Step: 76920000. Time Elapsed: 25749.289 s. Mean Reward: -3.133. Std of Reward: 26.251. Training.
[INFO] Rocket. Step: 76940000. Time Elapsed: 25765.021 s. Mean Reward: 14.439. Std of Reward: 17.570. Training.
[INFO] Rocket. Step: 76960000. Time Elapsed: 25787.322 s. Mean Reward: 10.016. Std of Reward: 18.304. Training.
[INFO] Rocket. Step: 76980000. Time Elapsed: 25803.952 s. Mean Reward: 4.493. Std of Reward: 26.175. Training.
[INFO] Rocket. Step: 77000000. Time Elapsed: 25818.623 s. Mean Reward: 10.055. Std of Reward: 20.089. Training.
[INFO] Exported results\L10\Rocket\Rocket-76999116.onnx
[INFO] Rocket. Step: 77020000. Time Elapsed: 25838.724 s. Mean Reward: 3.474. Std of Reward: 22.393. Training.
[INFO] Rocket. Step: 77040000. Time Elapsed: 25854.188 s. Mean Reward: 2.420. Std of Reward: 25.754. Training.
[INFO] Rocket. Step: 77060000. Time Elapsed: 25875.251 s. Mean Reward: 2.341. Std of Reward: 25.321. Training.
[INFO] Rocket. Step: 77080000. Time Elapsed: 25892.161 s. Mean Reward: -6.092. Std of Reward: 27.685. Training.
[INFO] Rocket. Step: 77100000. Time Elapsed: 25913.583 s. Mean Reward: 4.855. Std of Reward: 25.517. Training.
[INFO] Rocket. Step: 77120000. Time Elapsed: 25927.901 s. Mean Reward: 1.700. Std of Reward: 26.004. Training.
[INFO] Rocket. Step: 77140000. Time Elapsed: 25949.426 s. Mean Reward: 8.108. Std of Reward: 21.538. Training.
[INFO] Rocket. Step: 77160000. Time Elapsed: 25965.373 s. Mean Reward: 12.192. Std of Reward: 22.173. Training.
[INFO] Rocket. Step: 77180000. Time Elapsed: 25987.872 s. Mean Reward: 2.019. Std of Reward: 29.441. Training.
[INFO] Rocket. Step: 77200000. Time Elapsed: 26002.410 s. Mean Reward: 7.828. Std of Reward: 21.582. Training.
[INFO] Rocket. Step: 77220000. Time Elapsed: 26025.733 s. Mean Reward: 11.847. Std of Reward: 19.622. Training.
[INFO] Rocket. Step: 77240000. Time Elapsed: 26043.012 s. Mean Reward: 5.870. Std of Reward: 26.490. Training.
[INFO] Rocket. Step: 77260000. Time Elapsed: 26063.293 s. Mean Reward: 9.158. Std of Reward: 23.086. Training.
[INFO] Rocket. Step: 77280000. Time Elapsed: 26077.974 s. Mean Reward: 10.915. Std of Reward: 21.067. Training.
[INFO] Rocket. Step: 77300000. Time Elapsed: 26102.821 s. Mean Reward: -6.284. Std of Reward: 29.993. Training.
[INFO] Rocket. Step: 77320000. Time Elapsed: 26118.330 s. Mean Reward: 1.513. Std of Reward: 24.109. Training.
[INFO] Rocket. Step: 77340000. Time Elapsed: 26139.193 s. Mean Reward: 11.593. Std of Reward: 19.596. Training.
[INFO] Rocket. Step: 77360000. Time Elapsed: 26155.754 s. Mean Reward: -1.396. Std of Reward: 28.447. Training.
[INFO] Rocket. Step: 77380000. Time Elapsed: 26175.542 s. Mean Reward: 6.676. Std of Reward: 23.089. Training.
[INFO] Rocket. Step: 77400000. Time Elapsed: 26190.855 s. Mean Reward: 5.079. Std of Reward: 22.063. Training.
[INFO] Rocket. Step: 77420000. Time Elapsed: 26214.186 s. Mean Reward: 8.919. Std of Reward: 24.706. Training.
[INFO] Rocket. Step: 77440000. Time Elapsed: 26230.297 s. Mean Reward: 3.047. Std of Reward: 27.956. Training.
[INFO] Rocket. Step: 77460000. Time Elapsed: 26250.931 s. Mean Reward: 11.669. Std of Reward: 16.772. Training.
[INFO] Rocket. Step: 77480000. Time Elapsed: 26266.839 s. Mean Reward: 8.560. Std of Reward: 23.567. Training.
[INFO] Rocket. Step: 77500000. Time Elapsed: 26287.859 s. Mean Reward: -4.907. Std of Reward: 28.147. Training.
[INFO] Exported results\L10\Rocket\Rocket-77499665.onnx
[INFO] Rocket. Step: 77520000. Time Elapsed: 26302.215 s. Mean Reward: 2.190. Std of Reward: 25.862. Training.
[INFO] Rocket. Step: 77540000. Time Elapsed: 26326.575 s. Mean Reward: -6.920. Std of Reward: 28.607. Training.
[INFO] Rocket. Step: 77560000. Time Elapsed: 26339.697 s. Mean Reward: 13.563. Std of Reward: 12.957. Training.
[INFO] Rocket. Step: 77580000. Time Elapsed: 26354.857 s. Mean Reward: 2.627. Std of Reward: 23.272. Training.
[INFO] Rocket. Step: 77600000. Time Elapsed: 26378.798 s. Mean Reward: 3.917. Std of Reward: 22.855. Training.
[INFO] Rocket. Step: 77620000. Time Elapsed: 26393.356 s. Mean Reward: 15.610. Std of Reward: 13.055. Training.
[INFO] Rocket. Step: 77640000. Time Elapsed: 26414.949 s. Mean Reward: -2.266. Std of Reward: 32.276. Training.
[INFO] Rocket. Step: 77660000. Time Elapsed: 26431.022 s. Mean Reward: 11.746. Std of Reward: 19.252. Training.
[INFO] Rocket. Step: 77680000. Time Elapsed: 26453.037 s. Mean Reward: 1.427. Std of Reward: 27.990. Training.
[INFO] Rocket. Step: 77700000. Time Elapsed: 26467.862 s. Mean Reward: 2.248. Std of Reward: 24.394. Training.
[INFO] Rocket. Step: 77720000. Time Elapsed: 26489.566 s. Mean Reward: -2.453. Std of Reward: 30.797. Training.
[INFO] Rocket. Step: 77740000. Time Elapsed: 26506.189 s. Mean Reward: 13.198. Std of Reward: 18.288. Training.
[INFO] Rocket. Step: 77760000. Time Elapsed: 26528.598 s. Mean Reward: 10.835. Std of Reward: 20.236. Training.
[INFO] Rocket. Step: 77780000. Time Elapsed: 26544.573 s. Mean Reward: 12.481. Std of Reward: 16.038. Training.
[INFO] Rocket. Step: 77800000. Time Elapsed: 26565.476 s. Mean Reward: 3.512. Std of Reward: 26.781. Training.
[INFO] Rocket. Step: 77820000. Time Elapsed: 26582.419 s. Mean Reward: 7.262. Std of Reward: 22.487. Training.
[INFO] Rocket. Step: 77840000. Time Elapsed: 26604.158 s. Mean Reward: 5.692. Std of Reward: 25.080. Training.
[INFO] Rocket. Step: 77860000. Time Elapsed: 26620.471 s. Mean Reward: -0.231. Std of Reward: 31.739. Training.
[INFO] Rocket. Step: 77880000. Time Elapsed: 26642.347 s. Mean Reward: 5.173. Std of Reward: 24.164. Training.
[INFO] Rocket. Step: 77900000. Time Elapsed: 26656.440 s. Mean Reward: -6.597. Std of Reward: 30.727. Training.
[INFO] Rocket. Step: 77920000. Time Elapsed: 26676.918 s. Mean Reward: 0.721. Std of Reward: 24.329. Training.
[INFO] Rocket. Step: 77940000. Time Elapsed: 26694.312 s. Mean Reward: 4.475. Std of Reward: 27.202. Training.
[INFO] Rocket. Step: 77960000. Time Elapsed: 26716.795 s. Mean Reward: 1.354. Std of Reward: 25.928. Training.
[INFO] Rocket. Step: 77980000. Time Elapsed: 26731.636 s. Mean Reward: 10.000. Std of Reward: 21.865. Training.
[INFO] Rocket. Step: 78000000. Time Elapsed: 26754.911 s. Mean Reward: 3.116. Std of Reward: 24.237. Training.
[INFO] Exported results\L10\Rocket\Rocket-77999671.onnx
[INFO] Rocket. Step: 78020000. Time Elapsed: 26772.235 s. Mean Reward: 6.855. Std of Reward: 23.731. Training.
[INFO] Rocket. Step: 78040000. Time Elapsed: 26794.042 s. Mean Reward: 2.251. Std of Reward: 27.896. Training.
[INFO] Rocket. Step: 78060000. Time Elapsed: 26807.786 s. Mean Reward: 11.666. Std of Reward: 20.204. Training.
[INFO] Rocket. Step: 78080000. Time Elapsed: 26829.307 s. Mean Reward: -3.842. Std of Reward: 31.650. Training.
[INFO] Rocket. Step: 78100000. Time Elapsed: 26846.584 s. Mean Reward: -1.113. Std of Reward: 28.666. Training.
[INFO] Rocket. Step: 78120000. Time Elapsed: 26868.456 s. Mean Reward: 5.602. Std of Reward: 24.179. Training.
[INFO] Rocket. Step: 78140000. Time Elapsed: 26880.059 s. Mean Reward: -4.164. Std of Reward: 24.480. Training.
[INFO] Rocket. Step: 78160000. Time Elapsed: 26904.908 s. Mean Reward: 2.680. Std of Reward: 26.291. Training.
[INFO] Rocket. Step: 78180000. Time Elapsed: 26920.794 s. Mean Reward: 7.554. Std of Reward: 24.626. Training.
[INFO] Rocket. Step: 78200000. Time Elapsed: 26935.746 s. Mean Reward: 7.065. Std of Reward: 25.376. Training.
[INFO] Rocket. Step: 78220000. Time Elapsed: 26957.023 s. Mean Reward: 1.873. Std of Reward: 30.257. Training.
[INFO] Rocket. Step: 78240000. Time Elapsed: 26973.537 s. Mean Reward: 8.880. Std of Reward: 22.474. Training.
[INFO] Rocket. Step: 78260000. Time Elapsed: 26994.151 s. Mean Reward: 4.897. Std of Reward: 27.254. Training.
[INFO] Rocket. Step: 78280000. Time Elapsed: 27008.948 s. Mean Reward: 10.851. Std of Reward: 23.403. Training.
[INFO] Rocket. Step: 78300000. Time Elapsed: 27033.764 s. Mean Reward: -3.895. Std of Reward: 27.707. Training.
[INFO] Rocket. Step: 78320000. Time Elapsed: 27048.439 s. Mean Reward: -2.531. Std of Reward: 28.241. Training.
[INFO] Rocket. Step: 78340000. Time Elapsed: 27068.859 s. Mean Reward: 7.927. Std of Reward: 20.128. Training.
[INFO] Rocket. Step: 78360000. Time Elapsed: 27083.841 s. Mean Reward: -7.436. Std of Reward: 32.475. Training.
[INFO] Rocket. Step: 78380000. Time Elapsed: 27106.299 s. Mean Reward: 10.665. Std of Reward: 20.688. Training.
[INFO] Rocket. Step: 78400000. Time Elapsed: 27122.380 s. Mean Reward: 2.655. Std of Reward: 22.488. Training.
[INFO] Rocket. Step: 78420000. Time Elapsed: 27143.472 s. Mean Reward: 14.809. Std of Reward: 16.121. Training.
[INFO] Rocket. Step: 78440000. Time Elapsed: 27158.814 s. Mean Reward: 0.970. Std of Reward: 26.038. Training.
[INFO] Rocket. Step: 78460000. Time Elapsed: 27181.873 s. Mean Reward: 6.076. Std of Reward: 22.206. Training.
[INFO] Rocket. Step: 78480000. Time Elapsed: 27195.518 s. Mean Reward: -0.827. Std of Reward: 28.291. Training.
[INFO] Rocket. Step: 78500000. Time Elapsed: 27216.661 s. Mean Reward: 7.033. Std of Reward: 21.871. Training.
[INFO] Exported results\L10\Rocket\Rocket-78499960.onnx
[INFO] Rocket. Step: 78520000. Time Elapsed: 27234.097 s. Mean Reward: -0.469. Std of Reward: 26.786. Training.
[INFO] Rocket. Step: 78540000. Time Elapsed: 27255.242 s. Mean Reward: -0.584. Std of Reward: 26.966. Training.
[INFO] Rocket. Step: 78560000. Time Elapsed: 27271.370 s. Mean Reward: 7.306. Std of Reward: 25.406. Training.
[INFO] Rocket. Step: 78580000. Time Elapsed: 27292.400 s. Mean Reward: 5.130. Std of Reward: 22.526. Training.
[INFO] Rocket. Step: 78600000. Time Elapsed: 27308.205 s. Mean Reward: 3.369. Std of Reward: 24.447. Training.
[INFO] Rocket. Step: 78620000. Time Elapsed: 27331.135 s. Mean Reward: 4.033. Std of Reward: 26.120. Training.
[INFO] Rocket. Step: 78640000. Time Elapsed: 27345.213 s. Mean Reward: 14.302. Std of Reward: 14.491. Training.
[INFO] Rocket. Step: 78660000. Time Elapsed: 27367.311 s. Mean Reward: 2.703. Std of Reward: 23.981. Training.
[INFO] Rocket. Step: 78680000. Time Elapsed: 27383.250 s. Mean Reward: 3.959. Std of Reward: 22.940. Training.
[INFO] Rocket. Step: 78700000. Time Elapsed: 27405.792 s. Mean Reward: 6.106. Std of Reward: 22.868. Training.
[INFO] Rocket. Step: 78720000. Time Elapsed: 27420.842 s. Mean Reward: 0.290. Std of Reward: 25.981. Training.
[INFO] Rocket. Step: 78740000. Time Elapsed: 27436.139 s. Mean Reward: -1.731. Std of Reward: 29.479. Training.
[INFO] Rocket. Step: 78760000. Time Elapsed: 27456.656 s. Mean Reward: 4.707. Std of Reward: 26.362. Training.
[INFO] Rocket. Step: 78780000. Time Elapsed: 27471.499 s. Mean Reward: 7.443. Std of Reward: 24.154. Training.
[INFO] Rocket. Step: 78800000. Time Elapsed: 27493.585 s. Mean Reward: 16.281. Std of Reward: 13.567. Training.
[INFO] Rocket. Step: 78820000. Time Elapsed: 27509.994 s. Mean Reward: 8.370. Std of Reward: 22.289. Training.
[INFO] Rocket. Step: 78840000. Time Elapsed: 27532.287 s. Mean Reward: 2.796. Std of Reward: 28.362. Training.
[INFO] Rocket. Step: 78860000. Time Elapsed: 27546.977 s. Mean Reward: 6.465. Std of Reward: 23.891. Training.
[INFO] Rocket. Step: 78880000. Time Elapsed: 27567.763 s. Mean Reward: 9.166. Std of Reward: 19.905. Training.
[INFO] Rocket. Step: 78900000. Time Elapsed: 27583.053 s. Mean Reward: 4.669. Std of Reward: 23.167. Training.
[INFO] Rocket. Step: 78920000. Time Elapsed: 27605.651 s. Mean Reward: 3.533. Std of Reward: 29.703. Training.
[INFO] Rocket. Step: 78940000. Time Elapsed: 27622.805 s. Mean Reward: 10.404. Std of Reward: 19.684. Training.
[INFO] Rocket. Step: 78960000. Time Elapsed: 27641.789 s. Mean Reward: -1.086. Std of Reward: 27.256. Training.
[INFO] Rocket. Step: 78980000. Time Elapsed: 27658.911 s. Mean Reward: 6.649. Std of Reward: 25.502. Training.
[INFO] Rocket. Step: 79000000. Time Elapsed: 27681.964 s. Mean Reward: 1.795. Std of Reward: 26.591. Training.
[INFO] Exported results\L10\Rocket\Rocket-78999914.onnx
[INFO] Rocket. Step: 79020000. Time Elapsed: 27695.231 s. Mean Reward: 6.652. Std of Reward: 24.748. Training.
[INFO] Rocket. Step: 79040000. Time Elapsed: 27718.626 s. Mean Reward: 2.050. Std of Reward: 24.820. Training.
[INFO] Rocket. Step: 79060000. Time Elapsed: 27734.101 s. Mean Reward: 10.476. Std of Reward: 24.474. Training.
[INFO] Rocket. Step: 79080000. Time Elapsed: 27757.085 s. Mean Reward: 4.275. Std of Reward: 25.214. Training.
[INFO] Rocket. Step: 79100000. Time Elapsed: 27771.159 s. Mean Reward: 4.426. Std of Reward: 26.462. Training.
[INFO] Rocket. Step: 79120000. Time Elapsed: 27793.839 s. Mean Reward: 2.740. Std of Reward: 27.561. Training.
[INFO] Rocket. Step: 79140000. Time Elapsed: 27808.499 s. Mean Reward: 7.196. Std of Reward: 19.120. Training.
[INFO] Rocket. Step: 79160000. Time Elapsed: 27830.593 s. Mean Reward: 0.950. Std of Reward: 26.810. Training.
[INFO] Rocket. Step: 79180000. Time Elapsed: 27846.411 s. Mean Reward: 13.088. Std of Reward: 18.472. Training.
[INFO] Rocket. Step: 79200000. Time Elapsed: 27868.289 s. Mean Reward: 5.302. Std of Reward: 28.045. Training.
[INFO] Rocket. Step: 79220000. Time Elapsed: 27883.035 s. Mean Reward: -6.116. Std of Reward: 31.164. Training.
[INFO] Rocket. Step: 79240000. Time Elapsed: 27905.010 s. Mean Reward: 1.777. Std of Reward: 30.550. Training.
[INFO] Rocket. Step: 79260000. Time Elapsed: 27919.454 s. Mean Reward: 5.258. Std of Reward: 25.603. Training.
[INFO] Rocket. Step: 79280000. Time Elapsed: 27942.805 s. Mean Reward: 3.808. Std of Reward: 26.821. Training.
[INFO] Rocket. Step: 79300000. Time Elapsed: 27957.623 s. Mean Reward: 8.230. Std of Reward: 22.401. Training.
[INFO] Rocket. Step: 79320000. Time Elapsed: 27973.383 s. Mean Reward: 4.922. Std of Reward: 27.851. Training.
[INFO] Rocket. Step: 79340000. Time Elapsed: 27996.563 s. Mean Reward: 7.574. Std of Reward: 25.021. Training.
[INFO] Rocket. Step: 79360000. Time Elapsed: 28012.382 s. Mean Reward: 5.058. Std of Reward: 24.405. Training.
[INFO] Rocket. Step: 79380000. Time Elapsed: 28034.372 s. Mean Reward: 11.523. Std of Reward: 19.092. Training.
[INFO] Rocket. Step: 79400000. Time Elapsed: 28050.068 s. Mean Reward: 2.779. Std of Reward: 27.605. Training.
[INFO] Rocket. Step: 79420000. Time Elapsed: 28074.076 s. Mean Reward: 4.340. Std of Reward: 24.179. Training.
[INFO] Rocket. Step: 79440000. Time Elapsed: 28089.927 s. Mean Reward: 4.969. Std of Reward: 24.692. Training.
[INFO] Rocket. Step: 79460000. Time Elapsed: 28114.953 s. Mean Reward: 16.995. Std of Reward: 10.541. Training.
[INFO] Rocket. Step: 79480000. Time Elapsed: 28129.618 s. Mean Reward: 5.116. Std of Reward: 25.564. Training.
[INFO] Rocket. Step: 79500000. Time Elapsed: 28151.191 s. Mean Reward: 2.577. Std of Reward: 25.702. Training.
[INFO] Exported results\L10\Rocket\Rocket-79499454.onnx
[INFO] Rocket. Step: 79520000. Time Elapsed: 28168.627 s. Mean Reward: -1.054. Std of Reward: 28.642. Training.
[INFO] Rocket. Step: 79540000. Time Elapsed: 28191.208 s. Mean Reward: 9.047. Std of Reward: 18.852. Training.
[INFO] Rocket. Step: 79560000. Time Elapsed: 28206.451 s. Mean Reward: -8.180. Std of Reward: 30.387. Training.
[INFO] Rocket. Step: 79580000. Time Elapsed: 28230.259 s. Mean Reward: 2.788. Std of Reward: 26.314. Training.
[INFO] Rocket. Step: 79600000. Time Elapsed: 28247.705 s. Mean Reward: 6.752. Std of Reward: 25.357. Training.
[INFO] Rocket. Step: 79620000. Time Elapsed: 28269.228 s. Mean Reward: -1.659. Std of Reward: 29.226. Training.
[INFO] Exported results\L10\Rocket\Rocket-79629752.onnx
[INFO] Copied results\L10\Rocket\Rocket-79629752.onnx to results\L10\Rocket.onnx.
