[RocketSim] Trainer started at 2026-08-31T20:07:34.5812632Z
[RocketSim] Working directory: C:\Users\dadii\Falcon9
[RocketSim] Command: C:\Users\dadii\Anaconda3\envs\mlagents_gpu\python.exe -u -m mlagents.trainers.learn "C:\Users\dadii\Falcon9\results\L11\TrainingConfig.yaml" --run-id="L11" --force --torch-device "cuda" --seed 1


	Unity Technologies

 Version information:
  ml-agents: 1.1.0,
  ml-agents-envs: 1.1.0,
  Communicator API: 1.5.0,
  PyTorch: 2.1.0+cu121
[INFO] Listening on port 5004. Start training by pressing the Play button in the Unity Editor.
[INFO] Connected to Unity environment with package version 4.0.2 and communication version 1.5.0
[INFO] Connected new brain: Rocket?team=0
[INFO] Hyperparameters for behavior name Rocket: 
	trainer_type:	ppo
	hyperparameters:	
	  batch_size:	4096
	  buffer_size:	40960
	  learning_rate:	0.0002
	  beta:	0.01
	  epsilon:	0.2
	  lambd:	0.98
	  num_epoch:	6
	  shared_critic:	False
	  learning_rate_schedule:	linear
	  beta_schedule:	linear
	  epsilon_schedule:	linear
	checkpoint_interval:	500000
	network_settings:	
	  normalize:	True
	  hidden_units:	512
	  num_layers:	3
	  vis_encode_type:	simple
	  memory:	None
	  goal_conditioning_type:	hyper
	  deterministic:	False
	reward_signals:	
	  extrinsic:	
	    gamma:	0.9995
	    strength:	1.0
	    network_settings:	
	      normalize:	False
	      hidden_units:	128
	      num_layers:	2
	      vis_encode_type:	simple
	      memory:	None
	      goal_conditioning_type:	hyper
	      deterministic:	False
	init_path:	None
	keep_checkpoints:	200
	even_checkpoints:	False
	max_steps:	100000000
	time_horizon:	1024
	summary_freq:	20000
	threaded:	True
	self_play:	None
	behavioral_cloning:	None
[INFO] Rocket. Step: 20000. Time Elapsed: 19.547 s. Mean Reward: -56.099. Std of Reward: 6.133. Training.
[INFO] Rocket. Step: 40000. Time Elapsed: 34.402 s. Mean Reward: -57.234. Std of Reward: 5.482. Training.
[INFO] Rocket. Step: 60000. Time Elapsed: 55.846 s. Mean Reward: -57.768. Std of Reward: 3.746. Training.
[INFO] Rocket. Step: 80000. Time Elapsed: 70.944 s. Mean Reward: -57.380. Std of Reward: 5.104. Training.
[INFO] Rocket. Step: 100000. Time Elapsed: 91.591 s. Mean Reward: -58.530. Std of Reward: 3.591. Training.
[INFO] Rocket. Step: 120000. Time Elapsed: 106.915 s. Mean Reward: -57.901. Std of Reward: 3.965. Training.
[INFO] Rocket. Step: 140000. Time Elapsed: 128.417 s. Mean Reward: -57.985. Std of Reward: 3.791. Training.
[INFO] Rocket. Step: 160000. Time Elapsed: 144.792 s. Mean Reward: -58.828. Std of Reward: 3.664. Training.
[INFO] Rocket. Step: 180000. Time Elapsed: 165.903 s. Mean Reward: -58.812. Std of Reward: 3.439. Training.
[INFO] Rocket. Step: 200000. Time Elapsed: 180.481 s. Mean Reward: -59.171. Std of Reward: 4.602. Training.
[INFO] Rocket. Step: 220000. Time Elapsed: 202.770 s. Mean Reward: -59.077. Std of Reward: 2.611. Training.
[INFO] Rocket. Step: 240000. Time Elapsed: 216.886 s. Mean Reward: -59.736. Std of Reward: 3.276. Training.
[INFO] Rocket. Step: 260000. Time Elapsed: 238.250 s. Mean Reward: -59.554. Std of Reward: 3.171. Training.
[INFO] Rocket. Step: 280000. Time Elapsed: 252.291 s. Mean Reward: -59.588. Std of Reward: 4.469. Training.
[INFO] Rocket. Step: 300000. Time Elapsed: 274.785 s. Mean Reward: -59.569. Std of Reward: 2.863. Training.
[INFO] Rocket. Step: 320000. Time Elapsed: 288.402 s. Mean Reward: -60.958. Std of Reward: 2.616. Training.
[INFO] Rocket. Step: 340000. Time Elapsed: 309.614 s. Mean Reward: -59.634. Std of Reward: 4.430. Training.
[INFO] Rocket. Step: 360000. Time Elapsed: 325.308 s. Mean Reward: -60.076. Std of Reward: 2.939. Training.
[INFO] Rocket. Step: 380000. Time Elapsed: 346.109 s. Mean Reward: -61.997. Std of Reward: 2.591. Training.
[INFO] Rocket. Step: 400000. Time Elapsed: 360.983 s. Mean Reward: -61.174. Std of Reward: 2.313. Training.
[INFO] Rocket. Step: 420000. Time Elapsed: 382.503 s. Mean Reward: -61.911. Std of Reward: 2.202. Training.
[INFO] Rocket. Step: 440000. Time Elapsed: 396.991 s. Mean Reward: -61.839. Std of Reward: 2.295. Training.
[INFO] Rocket. Step: 460000. Time Elapsed: 418.490 s. Mean Reward: -61.207. Std of Reward: 1.905. Training.
[INFO] Rocket. Step: 480000. Time Elapsed: 433.942 s. Mean Reward: -62.527. Std of Reward: 2.410. Training.
[INFO] Rocket. Step: 500000. Time Elapsed: 454.769 s. Mean Reward: -62.516. Std of Reward: 2.774. Training.
[INFO] Exported results\L11\Rocket\Rocket-499777.onnx
[INFO] Rocket. Step: 520000. Time Elapsed: 469.534 s. Mean Reward: -62.425. Std of Reward: 2.263. Training.
[INFO] Rocket. Step: 540000. Time Elapsed: 491.172 s. Mean Reward: -61.698. Std of Reward: 2.324. Training.
[INFO] Rocket. Step: 560000. Time Elapsed: 505.753 s. Mean Reward: -63.261. Std of Reward: 3.317. Training.
[INFO] Rocket. Step: 580000. Time Elapsed: 526.371 s. Mean Reward: -62.472. Std of Reward: 2.932. Training.
[INFO] Rocket. Step: 600000. Time Elapsed: 540.084 s. Mean Reward: -62.349. Std of Reward: 2.380. Training.
[INFO] Rocket. Step: 620000. Time Elapsed: 561.480 s. Mean Reward: -61.618. Std of Reward: 2.731. Training.
[INFO] Rocket. Step: 640000. Time Elapsed: 576.945 s. Mean Reward: -62.068. Std of Reward: 3.029. Training.
[INFO] Rocket. Step: 660000. Time Elapsed: 598.526 s. Mean Reward: -62.754. Std of Reward: 3.448. Training.
[INFO] Rocket. Step: 680000. Time Elapsed: 612.352 s. Mean Reward: -62.749. Std of Reward: 2.734. Training.
[INFO] Rocket. Step: 700000. Time Elapsed: 635.784 s. Mean Reward: -62.046. Std of Reward: 2.780. Training.
[INFO] Rocket. Step: 720000. Time Elapsed: 648.896 s. Mean Reward: -62.175. Std of Reward: 2.944. Training.
[INFO] Rocket. Step: 740000. Time Elapsed: 663.834 s. Mean Reward: -61.909. Std of Reward: 2.730. Training.
[INFO] Rocket. Step: 760000. Time Elapsed: 684.753 s. Mean Reward: -61.605. Std of Reward: 2.650. Training.
[INFO] Rocket. Step: 780000. Time Elapsed: 699.420 s. Mean Reward: -61.234. Std of Reward: 2.935. Training.
[INFO] Rocket. Step: 800000. Time Elapsed: 720.168 s. Mean Reward: -62.261. Std of Reward: 2.473. Training.
[INFO] Rocket. Step: 820000. Time Elapsed: 734.599 s. Mean Reward: -61.680. Std of Reward: 2.813. Training.
[INFO] Rocket. Step: 840000. Time Elapsed: 757.038 s. Mean Reward: -62.008. Std of Reward: 2.626. Training.
[INFO] Rocket. Step: 860000. Time Elapsed: 771.655 s. Mean Reward: -62.212. Std of Reward: 2.621. Training.
[INFO] Rocket. Step: 880000. Time Elapsed: 793.052 s. Mean Reward: -62.016. Std of Reward: 3.032. Training.
[INFO] Rocket. Step: 900000. Time Elapsed: 807.819 s. Mean Reward: -62.040. Std of Reward: 3.092. Training.
[INFO] Rocket. Step: 920000. Time Elapsed: 830.062 s. Mean Reward: -61.884. Std of Reward: 2.724. Training.
[INFO] Rocket. Step: 940000. Time Elapsed: 843.917 s. Mean Reward: -61.365. Std of Reward: 2.873. Training.
[INFO] Rocket. Step: 960000. Time Elapsed: 865.686 s. Mean Reward: -62.118. Std of Reward: 2.402. Training.
[INFO] Rocket. Step: 980000. Time Elapsed: 880.690 s. Mean Reward: -61.623. Std of Reward: 2.764. Training.
[INFO] Rocket. Step: 1000000. Time Elapsed: 902.748 s. Mean Reward: -62.268. Std of Reward: 2.766. Training.
[INFO] Exported results\L11\Rocket\Rocket-999588.onnx
[INFO] Rocket. Step: 1020000. Time Elapsed: 917.621 s. Mean Reward: -62.602. Std of Reward: 2.478. Training.
[INFO] Rocket. Step: 1040000. Time Elapsed: 938.451 s. Mean Reward: -62.098. Std of Reward: 2.563. Training.
[INFO] Rocket. Step: 1060000. Time Elapsed: 954.814 s. Mean Reward: -61.824. Std of Reward: 2.471. Training.
[INFO] Rocket. Step: 1080000. Time Elapsed: 975.218 s. Mean Reward: -63.008. Std of Reward: 3.158. Training.
[INFO] Rocket. Step: 1100000. Time Elapsed: 990.516 s. Mean Reward: -62.438. Std of Reward: 2.246. Training.
[INFO] Rocket. Step: 1120000. Time Elapsed: 1011.547 s. Mean Reward: -62.718. Std of Reward: 2.931. Training.
[INFO] Rocket. Step: 1140000. Time Elapsed: 1027.316 s. Mean Reward: -62.514. Std of Reward: 3.481. Training.
[INFO] Rocket. Step: 1160000. Time Elapsed: 1048.666 s. Mean Reward: -62.890. Std of Reward: 2.510. Training.
[INFO] Rocket. Step: 1180000. Time Elapsed: 1063.265 s. Mean Reward: -62.792. Std of Reward: 2.675. Training.
[INFO] Rocket. Step: 1200000. Time Elapsed: 1084.764 s. Mean Reward: -61.852. Std of Reward: 2.632. Training.
[INFO] Rocket. Step: 1220000. Time Elapsed: 1100.188 s. Mean Reward: -62.546. Std of Reward: 2.458. Training.
[INFO] Rocket. Step: 1240000. Time Elapsed: 1121.016 s. Mean Reward: -61.795. Std of Reward: 2.380. Training.
[INFO] Rocket. Step: 1260000. Time Elapsed: 1135.980 s. Mean Reward: -62.191. Std of Reward: 2.475. Training.
[INFO] Rocket. Step: 1280000. Time Elapsed: 1157.990 s. Mean Reward: -61.534. Std of Reward: 2.622. Training.
[INFO] Rocket. Step: 1300000. Time Elapsed: 1172.668 s. Mean Reward: -62.520. Std of Reward: 2.650. Training.
[INFO] Rocket. Step: 1320000. Time Elapsed: 1194.664 s. Mean Reward: -61.825. Std of Reward: 3.109. Training.
[INFO] Rocket. Step: 1340000. Time Elapsed: 1209.006 s. Mean Reward: -61.809. Std of Reward: 2.455. Training.
[INFO] Rocket. Step: 1360000. Time Elapsed: 1223.362 s. Mean Reward: -61.595. Std of Reward: 3.889. Training.
[INFO] Rocket. Step: 1380000. Time Elapsed: 1244.633 s. Mean Reward: -61.508. Std of Reward: 1.704. Training.
[INFO] Rocket. Step: 1400000. Time Elapsed: 1259.973 s. Mean Reward: -60.705. Std of Reward: 2.682. Training.
[INFO] Rocket. Step: 1420000. Time Elapsed: 1281.166 s. Mean Reward: -61.260. Std of Reward: 2.817. Training.
[INFO] Rocket. Step: 1440000. Time Elapsed: 1296.706 s. Mean Reward: -60.942. Std of Reward: 2.649. Training.
[INFO] Rocket. Step: 1460000. Time Elapsed: 1318.026 s. Mean Reward: -61.273. Std of Reward: 2.272. Training.
[INFO] Rocket. Step: 1480000. Time Elapsed: 1331.353 s. Mean Reward: -59.910. Std of Reward: 3.674. Training.
[INFO] Rocket. Step: 1500000. Time Elapsed: 1353.791 s. Mean Reward: -59.903. Std of Reward: 3.936. Training.
[INFO] Exported results\L11\Rocket\Rocket-1499843.onnx
[INFO] Rocket. Step: 1520000. Time Elapsed: 1368.905 s. Mean Reward: -60.096. Std of Reward: 2.497. Training.
[INFO] Rocket. Step: 1540000. Time Elapsed: 1389.934 s. Mean Reward: -59.994. Std of Reward: 4.098. Training.
[INFO] Rocket. Step: 1560000. Time Elapsed: 1404.703 s. Mean Reward: -60.885. Std of Reward: 2.794. Training.
[INFO] Rocket. Step: 1580000. Time Elapsed: 1426.135 s. Mean Reward: -59.334. Std of Reward: 3.790. Training.
[INFO] Rocket. Step: 1600000. Time Elapsed: 1440.164 s. Mean Reward: -60.862. Std of Reward: 3.912. Training.
[INFO] Rocket. Step: 1620000. Time Elapsed: 1461.766 s. Mean Reward: -59.272. Std of Reward: 4.037. Training.
[INFO] Rocket. Step: 1640000. Time Elapsed: 1476.203 s. Mean Reward: -59.978. Std of Reward: 3.873. Training.
[INFO] Rocket. Step: 1660000. Time Elapsed: 1498.036 s. Mean Reward: -59.233. Std of Reward: 4.004. Training.
[INFO] Rocket. Step: 1680000. Time Elapsed: 1512.780 s. Mean Reward: -59.097. Std of Reward: 4.215. Training.
[INFO] Rocket. Step: 1700000. Time Elapsed: 1533.052 s. Mean Reward: -60.222. Std of Reward: 2.737. Training.
[INFO] Rocket. Step: 1720000. Time Elapsed: 1548.591 s. Mean Reward: -60.339. Std of Reward: 2.424. Training.
[INFO] Rocket. Step: 1740000. Time Elapsed: 1570.136 s. Mean Reward: -58.240. Std of Reward: 4.306. Training.
[INFO] Rocket. Step: 1760000. Time Elapsed: 1585.200 s. Mean Reward: -58.093. Std of Reward: 5.181. Training.
[INFO] Rocket. Step: 1780000. Time Elapsed: 1606.781 s. Mean Reward: -59.306. Std of Reward: 4.204. Training.
[INFO] Rocket. Step: 1800000. Time Elapsed: 1620.252 s. Mean Reward: -59.134. Std of Reward: 3.797. Training.
[INFO] Rocket. Step: 1820000. Time Elapsed: 1643.049 s. Mean Reward: -56.329. Std of Reward: 4.657. Training.
[INFO] Rocket. Step: 1840000. Time Elapsed: 1657.287 s. Mean Reward: -57.931. Std of Reward: 5.063. Training.
[INFO] Rocket. Step: 1860000. Time Elapsed: 1679.005 s. Mean Reward: -58.189. Std of Reward: 3.660. Training.
[INFO] Rocket. Step: 1880000. Time Elapsed: 1692.641 s. Mean Reward: -57.244. Std of Reward: 5.162. Training.
[INFO] Rocket. Step: 1900000. Time Elapsed: 1715.553 s. Mean Reward: -57.516. Std of Reward: 4.327. Training.
[INFO] Rocket. Step: 1920000. Time Elapsed: 1729.909 s. Mean Reward: -57.871. Std of Reward: 4.476. Training.
[INFO] Rocket. Step: 1940000. Time Elapsed: 1751.613 s. Mean Reward: -58.723. Std of Reward: 3.547. Training.
[INFO] Rocket. Step: 1960000. Time Elapsed: 1765.800 s. Mean Reward: -56.688. Std of Reward: 5.377. Training.
[INFO] Rocket. Step: 1980000. Time Elapsed: 1788.221 s. Mean Reward: -57.160. Std of Reward: 4.001. Training.
[INFO] Rocket. Step: 2000000. Time Elapsed: 1801.564 s. Mean Reward: -55.370. Std of Reward: 5.726. Training.
[INFO] Exported results\L11\Rocket\Rocket-1999604.onnx
[INFO] Rocket. Step: 2020000. Time Elapsed: 1816.569 s. Mean Reward: -55.953. Std of Reward: 4.717. Training.
[INFO] Rocket. Step: 2040000. Time Elapsed: 1838.423 s. Mean Reward: -56.162. Std of Reward: 4.904. Training.
[INFO] Rocket. Step: 2060000. Time Elapsed: 1852.936 s. Mean Reward: -56.887. Std of Reward: 4.289. Training.
[INFO] Rocket. Step: 2080000. Time Elapsed: 1874.114 s. Mean Reward: -56.130. Std of Reward: 4.966. Training.
[INFO] Rocket. Step: 2100000. Time Elapsed: 1889.124 s. Mean Reward: -53.966. Std of Reward: 5.379. Training.
[INFO] Rocket. Step: 2120000. Time Elapsed: 1911.290 s. Mean Reward: -55.229. Std of Reward: 4.814. Training.
[INFO] Rocket. Step: 2140000. Time Elapsed: 1925.092 s. Mean Reward: -54.521. Std of Reward: 5.845. Training.
[INFO] Rocket. Step: 2160000. Time Elapsed: 1947.428 s. Mean Reward: -54.710. Std of Reward: 6.578. Training.
[INFO] Rocket. Step: 2180000. Time Elapsed: 1962.263 s. Mean Reward: -54.764. Std of Reward: 4.577. Training.
[INFO] Rocket. Step: 2200000. Time Elapsed: 1984.639 s. Mean Reward: -55.384. Std of Reward: 3.906. Training.
[INFO] Rocket. Step: 2220000. Time Elapsed: 1999.034 s. Mean Reward: -55.636. Std of Reward: 5.546. Training.
[INFO] Rocket. Step: 2240000. Time Elapsed: 2020.839 s. Mean Reward: -54.403. Std of Reward: 4.872. Training.
[INFO] Rocket. Step: 2260000. Time Elapsed: 2035.675 s. Mean Reward: -53.922. Std of Reward: 4.973. Training.
[INFO] Rocket. Step: 2280000. Time Elapsed: 2057.406 s. Mean Reward: -53.342. Std of Reward: 5.796. Training.
[INFO] Rocket. Step: 2300000. Time Elapsed: 2072.363 s. Mean Reward: -52.941. Std of Reward: 6.001. Training.
[INFO] Rocket. Step: 2320000. Time Elapsed: 2093.415 s. Mean Reward: -53.200. Std of Reward: 5.350. Training.
[INFO] Rocket. Step: 2340000. Time Elapsed: 2108.430 s. Mean Reward: -52.310. Std of Reward: 6.122. Training.
[INFO] Rocket. Step: 2360000. Time Elapsed: 2130.245 s. Mean Reward: -52.075. Std of Reward: 5.189. Training.
[INFO] Rocket. Step: 2380000. Time Elapsed: 2144.952 s. Mean Reward: -52.096. Std of Reward: 5.295. Training.
[INFO] Rocket. Step: 2400000. Time Elapsed: 2166.826 s. Mean Reward: -51.249. Std of Reward: 5.339. Training.
[INFO] Rocket. Step: 2420000. Time Elapsed: 2181.650 s. Mean Reward: -51.718. Std of Reward: 4.522. Training.
[INFO] Rocket. Step: 2440000. Time Elapsed: 2203.659 s. Mean Reward: -50.907. Std of Reward: 4.218. Training.
[INFO] Rocket. Step: 2460000. Time Elapsed: 2221.098 s. Mean Reward: -49.906. Std of Reward: 4.574. Training.
[INFO] Rocket. Step: 2480000. Time Elapsed: 2243.410 s. Mean Reward: -50.870. Std of Reward: 4.948. Training.
[INFO] Rocket. Step: 2500000. Time Elapsed: 2258.578 s. Mean Reward: -50.018. Std of Reward: 4.360. Training.
[INFO] Exported results\L11\Rocket\Rocket-2499801.onnx
[INFO] Rocket. Step: 2520000. Time Elapsed: 2280.426 s. Mean Reward: -51.941. Std of Reward: 5.048. Training.
[INFO] Rocket. Step: 2540000. Time Elapsed: 2296.295 s. Mean Reward: -50.591. Std of Reward: 4.862. Training.
[INFO] Rocket. Step: 2560000. Time Elapsed: 2319.026 s. Mean Reward: -48.888. Std of Reward: 4.639. Training.
[INFO] Rocket. Step: 2580000. Time Elapsed: 2333.729 s. Mean Reward: -49.937. Std of Reward: 4.939. Training.
[INFO] Rocket. Step: 2600000. Time Elapsed: 2355.758 s. Mean Reward: -49.955. Std of Reward: 4.406. Training.
[INFO] Rocket. Step: 2620000. Time Elapsed: 2370.325 s. Mean Reward: -48.487. Std of Reward: 5.642. Training.
[INFO] Rocket. Step: 2640000. Time Elapsed: 2392.466 s. Mean Reward: -49.773. Std of Reward: 5.054. Training.
[INFO] Rocket. Step: 2660000. Time Elapsed: 2405.801 s. Mean Reward: -49.152. Std of Reward: 4.350. Training.
[INFO] Rocket. Step: 2680000. Time Elapsed: 2429.287 s. Mean Reward: -48.640. Std of Reward: 4.161. Training.
[INFO] Rocket. Step: 2700000. Time Elapsed: 2441.674 s. Mean Reward: -48.854. Std of Reward: 4.546. Training.
[INFO] Rocket. Step: 2720000. Time Elapsed: 2456.737 s. Mean Reward: -48.932. Std of Reward: 3.356. Training.
[INFO] Rocket. Step: 2740000. Time Elapsed: 2477.754 s. Mean Reward: -48.788. Std of Reward: 4.185. Training.
[INFO] Rocket. Step: 2760000. Time Elapsed: 2492.122 s. Mean Reward: -47.953. Std of Reward: 2.850. Training.
[INFO] Rocket. Step: 2780000. Time Elapsed: 2514.121 s. Mean Reward: -49.339. Std of Reward: 4.481. Training.
[INFO] Rocket. Step: 2800000. Time Elapsed: 2528.308 s. Mean Reward: -48.227. Std of Reward: 3.297. Training.
[INFO] Rocket. Step: 2820000. Time Elapsed: 2549.594 s. Mean Reward: -48.052. Std of Reward: 3.798. Training.
[INFO] Rocket. Step: 2840000. Time Elapsed: 2564.528 s. Mean Reward: -49.332. Std of Reward: 4.163. Training.
[INFO] Rocket. Step: 2860000. Time Elapsed: 2585.578 s. Mean Reward: -48.498. Std of Reward: 3.883. Training.
[INFO] Rocket. Step: 2880000. Time Elapsed: 2600.088 s. Mean Reward: -48.299. Std of Reward: 4.402. Training.
[INFO] Rocket. Step: 2900000. Time Elapsed: 2621.811 s. Mean Reward: -48.587. Std of Reward: 4.205. Training.
[INFO] Rocket. Step: 2920000. Time Elapsed: 2637.486 s. Mean Reward: -47.525. Std of Reward: 3.278. Training.
[INFO] Rocket. Step: 2940000. Time Elapsed: 2659.126 s. Mean Reward: -49.003. Std of Reward: 4.311. Training.
[INFO] Rocket. Step: 2960000. Time Elapsed: 2674.255 s. Mean Reward: -48.907. Std of Reward: 3.547. Training.
[INFO] Rocket. Step: 2980000. Time Elapsed: 2695.371 s. Mean Reward: -48.321. Std of Reward: 3.175. Training.
[INFO] Rocket. Step: 3000000. Time Elapsed: 2710.159 s. Mean Reward: -47.758. Std of Reward: 3.105. Training.
[INFO] Exported results\L11\Rocket\Rocket-2999785.onnx
[INFO] Rocket. Step: 3020000. Time Elapsed: 2732.104 s. Mean Reward: -47.918. Std of Reward: 3.615. Training.
[INFO] Rocket. Step: 3040000. Time Elapsed: 2747.624 s. Mean Reward: -48.598. Std of Reward: 3.815. Training.
[INFO] Rocket. Step: 3060000. Time Elapsed: 2769.520 s. Mean Reward: -48.172. Std of Reward: 3.269. Training.
[INFO] Rocket. Step: 3080000. Time Elapsed: 2783.872 s. Mean Reward: -47.540. Std of Reward: 3.833. Training.
[INFO] Rocket. Step: 3100000. Time Elapsed: 2805.798 s. Mean Reward: -47.477. Std of Reward: 3.805. Training.
[INFO] Rocket. Step: 3120000. Time Elapsed: 2819.704 s. Mean Reward: -47.841. Std of Reward: 3.667. Training.
[INFO] Rocket. Step: 3140000. Time Elapsed: 2840.899 s. Mean Reward: -47.302. Std of Reward: 2.949. Training.
[INFO] Rocket. Step: 3160000. Time Elapsed: 2855.473 s. Mean Reward: -47.831. Std of Reward: 2.768. Training.
[INFO] Rocket. Step: 3180000. Time Elapsed: 2876.736 s. Mean Reward: -47.431. Std of Reward: 4.280. Training.
[INFO] Rocket. Step: 3200000. Time Elapsed: 2890.762 s. Mean Reward: -47.454. Std of Reward: 3.057. Training.
[INFO] Rocket. Step: 3220000. Time Elapsed: 2912.714 s. Mean Reward: -47.685. Std of Reward: 3.886. Training.
[INFO] Rocket. Step: 3240000. Time Elapsed: 2927.732 s. Mean Reward: -47.267. Std of Reward: 3.453. Training.
[INFO] Rocket. Step: 3260000. Time Elapsed: 2949.565 s. Mean Reward: -47.275. Std of Reward: 3.013. Training.
[INFO] Rocket. Step: 3280000. Time Elapsed: 2964.140 s. Mean Reward: -47.048. Std of Reward: 3.038. Training.
[INFO] Rocket. Step: 3300000. Time Elapsed: 2986.781 s. Mean Reward: -47.622. Std of Reward: 3.110. Training.
[INFO] Rocket. Step: 3320000. Time Elapsed: 3001.182 s. Mean Reward: -47.639. Std of Reward: 2.998. Training.
[INFO] Rocket. Step: 3340000. Time Elapsed: 3024.464 s. Mean Reward: -47.440. Std of Reward: 3.622. Training.
[INFO] Rocket. Step: 3360000. Time Elapsed: 3038.640 s. Mean Reward: -48.064. Std of Reward: 3.379. Training.
[INFO] Rocket. Step: 3380000. Time Elapsed: 3062.036 s. Mean Reward: -47.945. Std of Reward: 3.032. Training.
[INFO] Rocket. Step: 3400000. Time Elapsed: 3077.109 s. Mean Reward: -47.844. Std of Reward: 3.551. Training.
[INFO] Rocket. Step: 3420000. Time Elapsed: 3106.343 s. Mean Reward: -47.749. Std of Reward: 3.630. Training.
[INFO] Rocket. Step: 3440000. Time Elapsed: 3121.574 s. Mean Reward: -48.182. Std of Reward: 3.164. Training.
[INFO] Rocket. Step: 3460000. Time Elapsed: 3138.142 s. Mean Reward: -47.797. Std of Reward: 3.287. Training.
[INFO] Rocket. Step: 3480000. Time Elapsed: 3162.521 s. Mean Reward: -48.012. Std of Reward: 3.060. Training.
[INFO] Rocket. Step: 3500000. Time Elapsed: 3180.652 s. Mean Reward: -47.950. Std of Reward: 2.840. Training.
[INFO] Exported results\L11\Rocket\Rocket-3499814.onnx
[INFO] Rocket. Step: 3520000. Time Elapsed: 3205.819 s. Mean Reward: -47.606. Std of Reward: 3.743. Training.
[INFO] Rocket. Step: 3540000. Time Elapsed: 3222.273 s. Mean Reward: -47.119. Std of Reward: 3.576. Training.
[INFO] Rocket. Step: 3560000. Time Elapsed: 3246.914 s. Mean Reward: -47.442. Std of Reward: 3.326. Training.
[INFO] Rocket. Step: 3580000. Time Elapsed: 3263.655 s. Mean Reward: -47.446. Std of Reward: 3.646. Training.
[INFO] Rocket. Step: 3600000. Time Elapsed: 3288.747 s. Mean Reward: -47.699. Std of Reward: 2.834. Training.
[INFO] Rocket. Step: 3620000. Time Elapsed: 3305.320 s. Mean Reward: -46.884. Std of Reward: 3.297. Training.
[INFO] Rocket. Step: 3640000. Time Elapsed: 3329.916 s. Mean Reward: -46.599. Std of Reward: 3.921. Training.
[INFO] Rocket. Step: 3660000. Time Elapsed: 3347.072 s. Mean Reward: -47.313. Std of Reward: 3.371. Training.
[INFO] Rocket. Step: 3680000. Time Elapsed: 3371.809 s. Mean Reward: -46.906. Std of Reward: 3.348. Training.
[INFO] Rocket. Step: 3700000. Time Elapsed: 3388.297 s. Mean Reward: -47.854. Std of Reward: 3.507. Training.
[INFO] Rocket. Step: 3720000. Time Elapsed: 3412.868 s. Mean Reward: -46.634. Std of Reward: 3.913. Training.
[INFO] Rocket. Step: 3740000. Time Elapsed: 3429.394 s. Mean Reward: -47.116. Std of Reward: 3.583. Training.
[INFO] Rocket. Step: 3760000. Time Elapsed: 3454.846 s. Mean Reward: -46.707. Std of Reward: 3.338. Training.
[INFO] Rocket. Step: 3780000. Time Elapsed: 3471.166 s. Mean Reward: -47.747. Std of Reward: 3.440. Training.
[INFO] Rocket. Step: 3800000. Time Elapsed: 3496.880 s. Mean Reward: -47.171. Std of Reward: 3.091. Training.
[INFO] Rocket. Step: 3820000. Time Elapsed: 3514.105 s. Mean Reward: -47.264. Std of Reward: 3.544. Training.
[INFO] Rocket. Step: 3840000. Time Elapsed: 3538.950 s. Mean Reward: -47.487. Std of Reward: 4.538. Training.
[INFO] Rocket. Step: 3860000. Time Elapsed: 3556.175 s. Mean Reward: -46.631. Std of Reward: 4.146. Training.
[INFO] Rocket. Step: 3880000. Time Elapsed: 3580.787 s. Mean Reward: -46.999. Std of Reward: 3.933. Training.
[INFO] Rocket. Step: 3900000. Time Elapsed: 3597.995 s. Mean Reward: -46.282. Std of Reward: 4.147. Training.
[INFO] Rocket. Step: 3920000. Time Elapsed: 3622.264 s. Mean Reward: -46.401. Std of Reward: 4.426. Training.
[INFO] Rocket. Step: 3940000. Time Elapsed: 3638.869 s. Mean Reward: -47.497. Std of Reward: 3.256. Training.
[INFO] Rocket. Step: 3960000. Time Elapsed: 3663.932 s. Mean Reward: -47.017. Std of Reward: 4.405. Training.
[INFO] Rocket. Step: 3980000. Time Elapsed: 3680.119 s. Mean Reward: -45.831. Std of Reward: 4.178. Training.
[INFO] Rocket. Step: 4000000. Time Elapsed: 3704.428 s. Mean Reward: -48.243. Std of Reward: 3.157. Training.
[INFO] Exported results\L11\Rocket\Rocket-3999997.onnx
[INFO] Rocket. Step: 4020000. Time Elapsed: 3720.845 s. Mean Reward: -46.586. Std of Reward: 3.996. Training.
[INFO] Rocket. Step: 4040000. Time Elapsed: 3745.584 s. Mean Reward: -46.988. Std of Reward: 3.706. Training.
[INFO] Rocket. Step: 4060000. Time Elapsed: 3762.454 s. Mean Reward: -46.836. Std of Reward: 3.301. Training.
[INFO] Rocket. Step: 4080000. Time Elapsed: 3786.705 s. Mean Reward: -47.161. Std of Reward: 4.375. Training.
[INFO] Rocket. Step: 4100000. Time Elapsed: 3803.324 s. Mean Reward: -46.618. Std of Reward: 3.474. Training.
[INFO] Rocket. Step: 4120000. Time Elapsed: 3828.532 s. Mean Reward: -47.207. Std of Reward: 3.522. Training.
[INFO] Rocket. Step: 4140000. Time Elapsed: 3844.005 s. Mean Reward: -47.059. Std of Reward: 3.988. Training.
[INFO] Rocket. Step: 4160000. Time Elapsed: 3870.524 s. Mean Reward: -46.461. Std of Reward: 4.415. Training.
[INFO] Rocket. Step: 4180000. Time Elapsed: 3884.670 s. Mean Reward: -47.319. Std of Reward: 2.888. Training.
[INFO] Rocket. Step: 4200000. Time Elapsed: 3900.694 s. Mean Reward: -46.963. Std of Reward: 2.678. Training.
[INFO] Rocket. Step: 4220000. Time Elapsed: 3925.559 s. Mean Reward: -47.248. Std of Reward: 3.567. Training.
[INFO] Rocket. Step: 4240000. Time Elapsed: 3942.463 s. Mean Reward: -46.831. Std of Reward: 3.957. Training.
[INFO] Rocket. Step: 4260000. Time Elapsed: 3967.522 s. Mean Reward: -46.367. Std of Reward: 3.781. Training.
[INFO] Rocket. Step: 4280000. Time Elapsed: 3984.230 s. Mean Reward: -47.029. Std of Reward: 3.748. Training.
[INFO] Rocket. Step: 4300000. Time Elapsed: 4007.646 s. Mean Reward: -46.505. Std of Reward: 4.081. Training.
[INFO] Rocket. Step: 4320000. Time Elapsed: 4024.310 s. Mean Reward: -46.741. Std of Reward: 3.111. Training.
[INFO] Rocket. Step: 4340000. Time Elapsed: 4049.467 s. Mean Reward: -46.923. Std of Reward: 3.936. Training.
[INFO] Rocket. Step: 4360000. Time Elapsed: 4065.604 s. Mean Reward: -47.012. Std of Reward: 3.859. Training.
[INFO] Rocket. Step: 4380000. Time Elapsed: 4090.410 s. Mean Reward: -46.855. Std of Reward: 4.341. Training.
[INFO] Rocket. Step: 4400000. Time Elapsed: 4107.340 s. Mean Reward: -46.959. Std of Reward: 4.475. Training.
[INFO] Rocket. Step: 4420000. Time Elapsed: 4132.320 s. Mean Reward: -46.834. Std of Reward: 3.461. Training.
[INFO] Rocket. Step: 4440000. Time Elapsed: 4149.255 s. Mean Reward: -45.979. Std of Reward: 5.504. Training.
[INFO] Rocket. Step: 4460000. Time Elapsed: 4173.625 s. Mean Reward: -46.251. Std of Reward: 4.218. Training.
[INFO] Rocket. Step: 4480000. Time Elapsed: 4190.310 s. Mean Reward: -45.400. Std of Reward: 4.626. Training.
[INFO] Rocket. Step: 4500000. Time Elapsed: 4214.868 s. Mean Reward: -46.249. Std of Reward: 4.768. Training.
[INFO] Exported results\L11\Rocket\Rocket-4499824.onnx
[INFO] Rocket. Step: 4520000. Time Elapsed: 4232.282 s. Mean Reward: -46.641. Std of Reward: 3.574. Training.
[INFO] Rocket. Step: 4540000. Time Elapsed: 4254.796 s. Mean Reward: -46.944. Std of Reward: 4.680. Training.
[INFO] Rocket. Step: 4560000. Time Elapsed: 4271.534 s. Mean Reward: -45.623. Std of Reward: 4.648. Training.
[INFO] Rocket. Step: 4580000. Time Elapsed: 4295.054 s. Mean Reward: -45.916. Std of Reward: 4.658. Training.
[INFO] Rocket. Step: 4600000. Time Elapsed: 4311.991 s. Mean Reward: -45.920. Std of Reward: 4.927. Training.
[INFO] Rocket. Step: 4620000. Time Elapsed: 4336.185 s. Mean Reward: -45.968. Std of Reward: 4.844. Training.
[INFO] Rocket. Step: 4640000. Time Elapsed: 4352.245 s. Mean Reward: -45.697. Std of Reward: 4.796. Training.
[INFO] Rocket. Step: 4660000. Time Elapsed: 4377.096 s. Mean Reward: -45.925. Std of Reward: 5.063. Training.
[INFO] Rocket. Step: 4680000. Time Elapsed: 4394.120 s. Mean Reward: -46.221. Std of Reward: 4.158. Training.
[INFO] Rocket. Step: 4700000. Time Elapsed: 4419.573 s. Mean Reward: -46.386. Std of Reward: 4.205. Training.
[INFO] Rocket. Step: 4720000. Time Elapsed: 4436.483 s. Mean Reward: -45.720. Std of Reward: 5.180. Training.
[INFO] Rocket. Step: 4740000. Time Elapsed: 4461.896 s. Mean Reward: -45.471. Std of Reward: 4.381. Training.
[INFO] Rocket. Step: 4760000. Time Elapsed: 4479.593 s. Mean Reward: -45.414. Std of Reward: 4.520. Training.
[INFO] Rocket. Step: 4780000. Time Elapsed: 4503.859 s. Mean Reward: -45.279. Std of Reward: 6.319. Training.
[INFO] Rocket. Step: 4800000. Time Elapsed: 4520.035 s. Mean Reward: -44.702. Std of Reward: 5.717. Training.
[INFO] Rocket. Step: 4820000. Time Elapsed: 4545.417 s. Mean Reward: -45.781. Std of Reward: 5.141. Training.
[INFO] Rocket. Step: 4840000. Time Elapsed: 4561.736 s. Mean Reward: -45.184. Std of Reward: 5.181. Training.
[INFO] Rocket. Step: 4860000. Time Elapsed: 4587.281 s. Mean Reward: -45.709. Std of Reward: 5.278. Training.
[INFO] Rocket. Step: 4880000. Time Elapsed: 4602.643 s. Mean Reward: -46.425. Std of Reward: 5.511. Training.
[INFO] Rocket. Step: 4900000. Time Elapsed: 4620.012 s. Mean Reward: -45.020. Std of Reward: 4.655. Training.
[INFO] Rocket. Step: 4920000. Time Elapsed: 4644.270 s. Mean Reward: -45.454. Std of Reward: 5.644. Training.
[INFO] Rocket. Step: 4940000. Time Elapsed: 4660.474 s. Mean Reward: -44.692. Std of Reward: 5.756. Training.
[INFO] Rocket. Step: 4960000. Time Elapsed: 4686.441 s. Mean Reward: -45.432. Std of Reward: 5.108. Training.
[INFO] Rocket. Step: 4980000. Time Elapsed: 4702.591 s. Mean Reward: -46.198. Std of Reward: 4.692. Training.
[INFO] Rocket. Step: 5000000. Time Elapsed: 4727.316 s. Mean Reward: -44.770. Std of Reward: 5.473. Training.
[INFO] Exported results\L11\Rocket\Rocket-4999942.onnx
[INFO] Rocket. Step: 5020000. Time Elapsed: 4744.496 s. Mean Reward: -44.360. Std of Reward: 6.072. Training.
[INFO] Rocket. Step: 5040000. Time Elapsed: 4769.137 s. Mean Reward: -45.461. Std of Reward: 5.842. Training.
[INFO] Rocket. Step: 5060000. Time Elapsed: 4785.310 s. Mean Reward: -44.797. Std of Reward: 5.716. Training.
[INFO] Rocket. Step: 5080000. Time Elapsed: 4809.508 s. Mean Reward: -44.778. Std of Reward: 5.974. Training.
[INFO] Rocket. Step: 5100000. Time Elapsed: 4826.036 s. Mean Reward: -45.926. Std of Reward: 7.027. Training.
[INFO] Rocket. Step: 5120000. Time Elapsed: 4850.702 s. Mean Reward: -45.713. Std of Reward: 4.842. Training.
[INFO] Rocket. Step: 5140000. Time Elapsed: 4866.704 s. Mean Reward: -43.340. Std of Reward: 5.896. Training.
[INFO] Rocket. Step: 5160000. Time Elapsed: 4891.432 s. Mean Reward: -45.591. Std of Reward: 5.763. Training.
[INFO] Rocket. Step: 5180000. Time Elapsed: 4907.961 s. Mean Reward: -44.531. Std of Reward: 6.633. Training.
[INFO] Rocket. Step: 5200000. Time Elapsed: 4931.552 s. Mean Reward: -44.637. Std of Reward: 5.866. Training.
[INFO] Rocket. Step: 5220000. Time Elapsed: 4948.125 s. Mean Reward: -44.567. Std of Reward: 6.717. Training.
[INFO] Rocket. Step: 5240000. Time Elapsed: 4971.718 s. Mean Reward: -43.836. Std of Reward: 7.284. Training.
[INFO] Rocket. Step: 5260000. Time Elapsed: 4988.375 s. Mean Reward: -44.821. Std of Reward: 5.631. Training.
[INFO] Rocket. Step: 5280000. Time Elapsed: 5012.041 s. Mean Reward: -44.138. Std of Reward: 6.891. Training.
[INFO] Rocket. Step: 5300000. Time Elapsed: 5028.524 s. Mean Reward: -43.871. Std of Reward: 6.809. Training.
[INFO] Rocket. Step: 5320000. Time Elapsed: 5053.472 s. Mean Reward: -44.847. Std of Reward: 5.222. Training.
[INFO] Rocket. Step: 5340000. Time Elapsed: 5068.928 s. Mean Reward: -43.576. Std of Reward: 6.369. Training.
[INFO] Rocket. Step: 5360000. Time Elapsed: 5093.574 s. Mean Reward: -44.397. Std of Reward: 6.643. Training.
[INFO] Rocket. Step: 5380000. Time Elapsed: 5111.246 s. Mean Reward: -43.105. Std of Reward: 6.739. Training.
[INFO] Rocket. Step: 5400000. Time Elapsed: 5135.429 s. Mean Reward: -42.509. Std of Reward: 6.729. Training.
[INFO] Rocket. Step: 5420000. Time Elapsed: 5151.191 s. Mean Reward: -42.929. Std of Reward: 6.185. Training.
[INFO] Rocket. Step: 5440000. Time Elapsed: 5176.965 s. Mean Reward: -43.603. Std of Reward: 6.332. Training.
[INFO] Rocket. Step: 5460000. Time Elapsed: 5192.544 s. Mean Reward: -43.953. Std of Reward: 6.608. Training.
[INFO] Rocket. Step: 5480000. Time Elapsed: 5217.341 s. Mean Reward: -43.646. Std of Reward: 6.859. Training.
[INFO] Rocket. Step: 5500000. Time Elapsed: 5235.204 s. Mean Reward: -42.614. Std of Reward: 6.513. Training.
[INFO] Exported results\L11\Rocket\Rocket-5499639.onnx
[INFO] Rocket. Step: 5520000. Time Elapsed: 5259.287 s. Mean Reward: -44.961. Std of Reward: 5.881. Training.
[INFO] Rocket. Step: 5540000. Time Elapsed: 5275.275 s. Mean Reward: -43.949. Std of Reward: 6.791. Training.
[INFO] Rocket. Step: 5560000. Time Elapsed: 5300.468 s. Mean Reward: -43.457. Std of Reward: 6.074. Training.
[INFO] Rocket. Step: 5580000. Time Elapsed: 5315.869 s. Mean Reward: -43.104. Std of Reward: 6.360. Training.
[INFO] Rocket. Step: 5600000. Time Elapsed: 5341.735 s. Mean Reward: -43.538. Std of Reward: 6.631. Training.
[INFO] Rocket. Step: 5620000. Time Elapsed: 5355.961 s. Mean Reward: -42.198. Std of Reward: 6.196. Training.
[INFO] Rocket. Step: 5640000. Time Elapsed: 5372.908 s. Mean Reward: -44.543. Std of Reward: 5.545. Training.
[INFO] Rocket. Step: 5660000. Time Elapsed: 5397.992 s. Mean Reward: -42.590. Std of Reward: 6.880. Training.
[INFO] Rocket. Step: 5680000. Time Elapsed: 5415.254 s. Mean Reward: -42.536. Std of Reward: 7.232. Training.
[INFO] Rocket. Step: 5700000. Time Elapsed: 5438.965 s. Mean Reward: -42.389. Std of Reward: 6.349. Training.
[INFO] Rocket. Step: 5720000. Time Elapsed: 5454.186 s. Mean Reward: -41.141. Std of Reward: 7.026. Training.
[INFO] Rocket. Step: 5740000. Time Elapsed: 5478.169 s. Mean Reward: -41.298. Std of Reward: 5.980. Training.
[INFO] Rocket. Step: 5760000. Time Elapsed: 5493.764 s. Mean Reward: -41.747. Std of Reward: 5.902. Training.
[INFO] Rocket. Step: 5780000. Time Elapsed: 5517.373 s. Mean Reward: -43.004. Std of Reward: 6.324. Training.
[INFO] Rocket. Step: 5800000. Time Elapsed: 5532.653 s. Mean Reward: -40.037. Std of Reward: 6.296. Training.
[INFO] Rocket. Step: 5820000. Time Elapsed: 5556.927 s. Mean Reward: -41.852. Std of Reward: 6.613. Training.
[INFO] Rocket. Step: 5840000. Time Elapsed: 5572.136 s. Mean Reward: -42.468. Std of Reward: 6.389. Training.
[INFO] Rocket. Step: 5860000. Time Elapsed: 5596.547 s. Mean Reward: -40.983. Std of Reward: 9.485. Training.
[INFO] Rocket. Step: 5880000. Time Elapsed: 5611.926 s. Mean Reward: -41.794. Std of Reward: 6.267. Training.
[INFO] Rocket. Step: 5900000. Time Elapsed: 5635.764 s. Mean Reward: -41.467. Std of Reward: 7.123. Training.
[INFO] Rocket. Step: 5920000. Time Elapsed: 5651.588 s. Mean Reward: -42.762. Std of Reward: 6.100. Training.
[INFO] Rocket. Step: 5940000. Time Elapsed: 5675.338 s. Mean Reward: -39.500. Std of Reward: 6.673. Training.
[INFO] Rocket. Step: 5960000. Time Elapsed: 5691.615 s. Mean Reward: -40.937. Std of Reward: 6.201. Training.
[INFO] Rocket. Step: 5980000. Time Elapsed: 5714.954 s. Mean Reward: -41.337. Std of Reward: 6.618. Training.
[INFO] Rocket. Step: 6000000. Time Elapsed: 5731.212 s. Mean Reward: -40.674. Std of Reward: 6.450. Training.
[INFO] Exported results\L11\Rocket\Rocket-5999890.onnx
[INFO] Rocket. Step: 6020000. Time Elapsed: 5754.849 s. Mean Reward: -40.355. Std of Reward: 5.775. Training.
[INFO] Rocket. Step: 6040000. Time Elapsed: 5771.380 s. Mean Reward: -41.063. Std of Reward: 6.805. Training.
[INFO] Rocket. Step: 6060000. Time Elapsed: 5795.244 s. Mean Reward: -40.717. Std of Reward: 6.056. Training.
[INFO] Rocket. Step: 6080000. Time Elapsed: 5810.922 s. Mean Reward: -42.138. Std of Reward: 6.423. Training.
[INFO] Rocket. Step: 6100000. Time Elapsed: 5834.647 s. Mean Reward: -40.232. Std of Reward: 6.679. Training.
[INFO] Rocket. Step: 6120000. Time Elapsed: 5850.706 s. Mean Reward: -40.348. Std of Reward: 6.660. Training.
[INFO] Rocket. Step: 6140000. Time Elapsed: 5873.900 s. Mean Reward: -39.111. Std of Reward: 6.602. Training.
[INFO] Rocket. Step: 6160000. Time Elapsed: 5890.258 s. Mean Reward: -39.084. Std of Reward: 6.218. Training.
[INFO] Rocket. Step: 6180000. Time Elapsed: 5913.986 s. Mean Reward: -40.528. Std of Reward: 7.029. Training.
[INFO] Rocket. Step: 6200000. Time Elapsed: 5930.003 s. Mean Reward: -39.141. Std of Reward: 6.241. Training.
[INFO] Rocket. Step: 6220000. Time Elapsed: 5952.877 s. Mean Reward: -40.430. Std of Reward: 6.533. Training.
[INFO] Rocket. Step: 6240000. Time Elapsed: 5968.545 s. Mean Reward: -40.971. Std of Reward: 7.265. Training.
[INFO] Rocket. Step: 6260000. Time Elapsed: 5992.278 s. Mean Reward: -38.823. Std of Reward: 6.360. Training.
[INFO] Rocket. Step: 6280000. Time Elapsed: 6008.251 s. Mean Reward: -38.864. Std of Reward: 6.190. Training.
[INFO] Rocket. Step: 6300000. Time Elapsed: 6033.198 s. Mean Reward: -39.086. Std of Reward: 6.885. Training.
[INFO] Rocket. Step: 6320000. Time Elapsed: 6047.864 s. Mean Reward: -38.481. Std of Reward: 9.019. Training.
[INFO] Rocket. Step: 6340000. Time Elapsed: 6074.072 s. Mean Reward: -39.846. Std of Reward: 8.268. Training.
[INFO] Rocket. Step: 6360000. Time Elapsed: 6088.263 s. Mean Reward: -38.463. Std of Reward: 6.535. Training.
[INFO] Rocket. Step: 6380000. Time Elapsed: 6104.516 s. Mean Reward: -38.270. Std of Reward: 6.605. Training.
[INFO] Rocket. Step: 6400000. Time Elapsed: 6128.836 s. Mean Reward: -39.286. Std of Reward: 6.685. Training.
[INFO] Rocket. Step: 6420000. Time Elapsed: 6145.117 s. Mean Reward: -37.774. Std of Reward: 5.417. Training.
[INFO] Rocket. Step: 6440000. Time Elapsed: 6169.515 s. Mean Reward: -38.384. Std of Reward: 5.882. Training.
[INFO] Rocket. Step: 6460000. Time Elapsed: 6185.537 s. Mean Reward: -36.052. Std of Reward: 5.112. Training.
[INFO] Rocket. Step: 6480000. Time Elapsed: 6210.185 s. Mean Reward: -38.468. Std of Reward: 6.036. Training.
[INFO] Rocket. Step: 6500000. Time Elapsed: 6226.649 s. Mean Reward: -37.899. Std of Reward: 6.109. Training.
[INFO] Exported results\L11\Rocket\Rocket-6499775.onnx
[INFO] Rocket. Step: 6520000. Time Elapsed: 6250.415 s. Mean Reward: -36.257. Std of Reward: 5.347. Training.
[INFO] Rocket. Step: 6540000. Time Elapsed: 6266.601 s. Mean Reward: -36.291. Std of Reward: 6.014. Training.
[INFO] Rocket. Step: 6560000. Time Elapsed: 6288.411 s. Mean Reward: -38.616. Std of Reward: 6.748. Training.
[INFO] Rocket. Step: 6580000. Time Elapsed: 6304.343 s. Mean Reward: -38.381. Std of Reward: 7.405. Training.
[INFO] Rocket. Step: 6600000. Time Elapsed: 6326.947 s. Mean Reward: -37.173. Std of Reward: 6.364. Training.
[INFO] Rocket. Step: 6620000. Time Elapsed: 6342.461 s. Mean Reward: -37.550. Std of Reward: 6.033. Training.
[INFO] Rocket. Step: 6640000. Time Elapsed: 6365.829 s. Mean Reward: -37.932. Std of Reward: 6.045. Training.
[INFO] Rocket. Step: 6660000. Time Elapsed: 6383.840 s. Mean Reward: -36.469. Std of Reward: 5.679. Training.
[INFO] Rocket. Step: 6680000. Time Elapsed: 6407.832 s. Mean Reward: -37.595. Std of Reward: 9.299. Training.
[INFO] Rocket. Step: 6700000. Time Elapsed: 6424.108 s. Mean Reward: -36.846. Std of Reward: 5.370. Training.
[INFO] Rocket. Step: 6720000. Time Elapsed: 6448.063 s. Mean Reward: -38.378. Std of Reward: 6.718. Training.
[INFO] Rocket. Step: 6740000. Time Elapsed: 6465.236 s. Mean Reward: -37.023. Std of Reward: 6.125. Training.
[INFO] Rocket. Step: 6760000. Time Elapsed: 6490.464 s. Mean Reward: -37.837. Std of Reward: 6.732. Training.
[INFO] Rocket. Step: 6780000. Time Elapsed: 6507.820 s. Mean Reward: -36.482. Std of Reward: 8.942. Training.
[INFO] Rocket. Step: 6800000. Time Elapsed: 6531.342 s. Mean Reward: -36.358. Std of Reward: 9.148. Training.
[INFO] Rocket. Step: 6820000. Time Elapsed: 6548.651 s. Mean Reward: -34.710. Std of Reward: 7.380. Training.
[INFO] Rocket. Step: 6840000. Time Elapsed: 6573.490 s. Mean Reward: -36.205. Std of Reward: 6.489. Training.
[INFO] Rocket. Step: 6860000. Time Elapsed: 6590.098 s. Mean Reward: -35.878. Std of Reward: 10.996. Training.
[INFO] Rocket. Step: 6880000. Time Elapsed: 6614.875 s. Mean Reward: -36.523. Std of Reward: 8.009. Training.
[INFO] Rocket. Step: 6900000. Time Elapsed: 6631.144 s. Mean Reward: -37.702. Std of Reward: 6.471. Training.
[INFO] Rocket. Step: 6920000. Time Elapsed: 6654.950 s. Mean Reward: -34.775. Std of Reward: 5.235. Training.
[INFO] Rocket. Step: 6940000. Time Elapsed: 6673.648 s. Mean Reward: -36.227. Std of Reward: 6.347. Training.
[INFO] Rocket. Step: 6960000. Time Elapsed: 6697.330 s. Mean Reward: -36.189. Std of Reward: 6.163. Training.
[INFO] Rocket. Step: 6980000. Time Elapsed: 6714.127 s. Mean Reward: -36.393. Std of Reward: 8.164. Training.
[INFO] Rocket. Step: 7000000. Time Elapsed: 6738.886 s. Mean Reward: -37.765. Std of Reward: 6.174. Training.
[INFO] Exported results\L11\Rocket\Rocket-6999822.onnx
[INFO] Rocket. Step: 7020000. Time Elapsed: 6754.225 s. Mean Reward: -36.174. Std of Reward: 6.478. Training.
[INFO] Rocket. Step: 7040000. Time Elapsed: 6780.089 s. Mean Reward: -35.043. Std of Reward: 10.181. Training.
[INFO] Rocket. Step: 7060000. Time Elapsed: 6795.941 s. Mean Reward: -35.039. Std of Reward: 5.092. Training.
[INFO] Rocket. Step: 7080000. Time Elapsed: 6822.815 s. Mean Reward: -34.474. Std of Reward: 7.443. Training.
[INFO] Rocket. Step: 7100000. Time Elapsed: 6837.080 s. Mean Reward: -36.684. Std of Reward: 6.916. Training.
[INFO] Rocket. Step: 7120000. Time Elapsed: 6852.579 s. Mean Reward: -36.714. Std of Reward: 6.534. Training.
[INFO] Rocket. Step: 7140000. Time Elapsed: 6875.604 s. Mean Reward: -34.937. Std of Reward: 7.789. Training.
[INFO] Rocket. Step: 7160000. Time Elapsed: 6891.286 s. Mean Reward: -35.323. Std of Reward: 5.790. Training.
[INFO] Rocket. Step: 7180000. Time Elapsed: 6915.356 s. Mean Reward: -35.591. Std of Reward: 6.997. Training.
[INFO] Rocket. Step: 7200000. Time Elapsed: 6932.545 s. Mean Reward: -35.482. Std of Reward: 6.382. Training.
[INFO] Rocket. Step: 7220000. Time Elapsed: 6957.659 s. Mean Reward: -35.159. Std of Reward: 6.266. Training.
[INFO] Rocket. Step: 7240000. Time Elapsed: 6973.439 s. Mean Reward: -35.693. Std of Reward: 6.186. Training.
[INFO] Rocket. Step: 7260000. Time Elapsed: 6997.422 s. Mean Reward: -34.167. Std of Reward: 7.616. Training.
[INFO] Rocket. Step: 7280000. Time Elapsed: 7015.440 s. Mean Reward: -34.171. Std of Reward: 8.534. Training.
[INFO] Rocket. Step: 7300000. Time Elapsed: 7039.816 s. Mean Reward: -36.711. Std of Reward: 6.859. Training.
[INFO] Rocket. Step: 7320000. Time Elapsed: 7055.243 s. Mean Reward: -35.184. Std of Reward: 9.923. Training.
[INFO] Rocket. Step: 7340000. Time Elapsed: 7079.426 s. Mean Reward: -35.417. Std of Reward: 7.695. Training.
[INFO] Rocket. Step: 7360000. Time Elapsed: 7096.097 s. Mean Reward: -34.266. Std of Reward: 10.389. Training.
[INFO] Rocket. Step: 7380000. Time Elapsed: 7121.382 s. Mean Reward: -33.569. Std of Reward: 11.740. Training.
[INFO] Rocket. Step: 7400000. Time Elapsed: 7138.354 s. Mean Reward: -34.253. Std of Reward: 8.835. Training.
[INFO] Rocket. Step: 7420000. Time Elapsed: 7162.254 s. Mean Reward: -35.961. Std of Reward: 6.950. Training.
[INFO] Rocket. Step: 7440000. Time Elapsed: 7178.710 s. Mean Reward: -32.156. Std of Reward: 11.834. Training.
[INFO] Rocket. Step: 7460000. Time Elapsed: 7203.711 s. Mean Reward: -32.288. Std of Reward: 11.336. Training.
[INFO] Rocket. Step: 7480000. Time Elapsed: 7220.069 s. Mean Reward: -34.020. Std of Reward: 8.887. Training.
[INFO] Rocket. Step: 7500000. Time Elapsed: 7244.490 s. Mean Reward: -33.446. Std of Reward: 10.488. Training.
[INFO] Exported results\L11\Rocket\Rocket-7499648.onnx
[INFO] Rocket. Step: 7520000. Time Elapsed: 7261.024 s. Mean Reward: -33.282. Std of Reward: 12.423. Training.
[INFO] Rocket. Step: 7540000. Time Elapsed: 7285.708 s. Mean Reward: -33.752. Std of Reward: 10.686. Training.
[INFO] Rocket. Step: 7560000. Time Elapsed: 7302.309 s. Mean Reward: -30.548. Std of Reward: 11.691. Training.
[INFO] Rocket. Step: 7580000. Time Elapsed: 7328.034 s. Mean Reward: -32.345. Std of Reward: 11.759. Training.
[INFO] Rocket. Step: 7600000. Time Elapsed: 7344.298 s. Mean Reward: -33.590. Std of Reward: 10.834. Training.
[INFO] Rocket. Step: 7620000. Time Elapsed: 7370.006 s. Mean Reward: -34.136. Std of Reward: 11.464. Training.
[INFO] Rocket. Step: 7640000. Time Elapsed: 7385.654 s. Mean Reward: -30.719. Std of Reward: 10.528. Training.
[INFO] Rocket. Step: 7660000. Time Elapsed: 7411.216 s. Mean Reward: -33.925. Std of Reward: 10.310. Training.
[INFO] Rocket. Step: 7680000. Time Elapsed: 7427.596 s. Mean Reward: -34.294. Std of Reward: 14.107. Training.
[INFO] Rocket. Step: 7700000. Time Elapsed: 7453.241 s. Mean Reward: -33.479. Std of Reward: 12.921. Training.
[INFO] Rocket. Step: 7720000. Time Elapsed: 7469.935 s. Mean Reward: -34.553. Std of Reward: 10.047. Training.
[INFO] Rocket. Step: 7740000. Time Elapsed: 7496.253 s. Mean Reward: -29.900. Std of Reward: 14.746. Training.
[INFO] Rocket. Step: 7760000. Time Elapsed: 7512.199 s. Mean Reward: -32.366. Std of Reward: 11.950. Training.
[INFO] Rocket. Step: 7780000. Time Elapsed: 7539.169 s. Mean Reward: -34.724. Std of Reward: 9.990. Training.
[INFO] Rocket. Step: 7800000. Time Elapsed: 7555.320 s. Mean Reward: -32.072. Std of Reward: 15.301. Training.
[INFO] Rocket. Step: 7820000. Time Elapsed: 7571.940 s. Mean Reward: -30.750. Std of Reward: 14.754. Training.
[INFO] Rocket. Step: 7840000. Time Elapsed: 7596.972 s. Mean Reward: -34.815. Std of Reward: 12.106. Training.
[INFO] Rocket. Step: 7860000. Time Elapsed: 7613.266 s. Mean Reward: -34.212. Std of Reward: 14.143. Training.
[INFO] Rocket. Step: 7880000. Time Elapsed: 7641.329 s. Mean Reward: -35.730. Std of Reward: 12.853. Training.
[INFO] Rocket. Step: 7900000. Time Elapsed: 7657.586 s. Mean Reward: -33.239. Std of Reward: 16.265. Training.
[INFO] Rocket. Step: 7920000. Time Elapsed: 7683.401 s. Mean Reward: -34.008. Std of Reward: 10.227. Training.
[INFO] Rocket. Step: 7940000. Time Elapsed: 7699.956 s. Mean Reward: -32.347. Std of Reward: 15.693. Training.
[INFO] Rocket. Step: 7960000. Time Elapsed: 7723.773 s. Mean Reward: -31.807. Std of Reward: 11.390. Training.
[INFO] Rocket. Step: 7980000. Time Elapsed: 7739.443 s. Mean Reward: -34.277. Std of Reward: 14.019. Training.
[INFO] Rocket. Step: 8000000. Time Elapsed: 7761.700 s. Mean Reward: -35.757. Std of Reward: 12.606. Training.
[INFO] Exported results\L11\Rocket\Rocket-7999618.onnx
[INFO] Rocket. Step: 8020000. Time Elapsed: 7778.567 s. Mean Reward: -31.725. Std of Reward: 11.856. Training.
[INFO] Rocket. Step: 8040000. Time Elapsed: 7803.123 s. Mean Reward: -27.596. Std of Reward: 19.497. Training.
[INFO] Rocket. Step: 8060000. Time Elapsed: 7818.096 s. Mean Reward: -32.852. Std of Reward: 16.871. Training.
[INFO] Rocket. Step: 8080000. Time Elapsed: 7840.494 s. Mean Reward: -31.053. Std of Reward: 15.540. Training.
[INFO] Rocket. Step: 8100000. Time Elapsed: 7857.072 s. Mean Reward: -31.740. Std of Reward: 14.865. Training.
[INFO] Rocket. Step: 8120000. Time Elapsed: 7881.132 s. Mean Reward: -29.623. Std of Reward: 18.283. Training.
[INFO] Rocket. Step: 8140000. Time Elapsed: 7897.898 s. Mean Reward: -36.417. Std of Reward: 12.950. Training.
[INFO] Rocket. Step: 8160000. Time Elapsed: 7921.181 s. Mean Reward: -35.215. Std of Reward: 10.911. Training.
[INFO] Rocket. Step: 8180000. Time Elapsed: 7936.992 s. Mean Reward: -32.427. Std of Reward: 17.811. Training.
[INFO] Rocket. Step: 8200000. Time Elapsed: 7959.388 s. Mean Reward: -34.688. Std of Reward: 12.032. Training.
[INFO] Rocket. Step: 8220000. Time Elapsed: 7974.353 s. Mean Reward: -30.508. Std of Reward: 15.246. Training.
[INFO] Rocket. Step: 8240000. Time Elapsed: 7996.949 s. Mean Reward: -32.672. Std of Reward: 14.776. Training.
[INFO] Rocket. Step: 8260000. Time Elapsed: 8012.791 s. Mean Reward: -34.294. Std of Reward: 16.471. Training.
[INFO] Rocket. Step: 8280000. Time Elapsed: 8035.710 s. Mean Reward: -30.623. Std of Reward: 16.067. Training.
[INFO] Rocket. Step: 8300000. Time Elapsed: 8051.516 s. Mean Reward: -34.838. Std of Reward: 12.808. Training.
[INFO] Rocket. Step: 8320000. Time Elapsed: 8073.609 s. Mean Reward: -34.919. Std of Reward: 12.120. Training.
[INFO] Rocket. Step: 8340000. Time Elapsed: 8090.208 s. Mean Reward: -31.629. Std of Reward: 12.320. Training.
[INFO] Rocket. Step: 8360000. Time Elapsed: 8111.569 s. Mean Reward: -30.758. Std of Reward: 14.803. Training.
[INFO] Rocket. Step: 8380000. Time Elapsed: 8127.839 s. Mean Reward: -32.005. Std of Reward: 14.993. Training.
[INFO] Rocket. Step: 8400000. Time Elapsed: 8150.386 s. Mean Reward: -32.786. Std of Reward: 17.255. Training.
[INFO] Rocket. Step: 8420000. Time Elapsed: 8166.140 s. Mean Reward: -31.124. Std of Reward: 16.540. Training.
[INFO] Rocket. Step: 8440000. Time Elapsed: 8188.569 s. Mean Reward: -30.675. Std of Reward: 13.011. Training.
[INFO] Rocket. Step: 8460000. Time Elapsed: 8203.605 s. Mean Reward: -32.854. Std of Reward: 15.560. Training.
[INFO] Rocket. Step: 8480000. Time Elapsed: 8226.471 s. Mean Reward: -31.060. Std of Reward: 14.994. Training.
[INFO] Rocket. Step: 8500000. Time Elapsed: 8241.417 s. Mean Reward: -34.404. Std of Reward: 10.854. Training.
[INFO] Exported results\L11\Rocket\Rocket-8499764.onnx
[INFO] Rocket. Step: 8520000. Time Elapsed: 8256.805 s. Mean Reward: -34.262. Std of Reward: 14.646. Training.
[INFO] Rocket. Step: 8540000. Time Elapsed: 8280.041 s. Mean Reward: -33.330. Std of Reward: 13.522. Training.
[INFO] Rocket. Step: 8560000. Time Elapsed: 8294.919 s. Mean Reward: -34.253. Std of Reward: 15.049. Training.
[INFO] Rocket. Step: 8580000. Time Elapsed: 8318.985 s. Mean Reward: -32.410. Std of Reward: 18.121. Training.
[INFO] Rocket. Step: 8600000. Time Elapsed: 8333.490 s. Mean Reward: -32.348. Std of Reward: 15.280. Training.
[INFO] Rocket. Step: 8620000. Time Elapsed: 8356.551 s. Mean Reward: -32.757. Std of Reward: 14.920. Training.
[INFO] Rocket. Step: 8640000. Time Elapsed: 8372.410 s. Mean Reward: -32.217. Std of Reward: 16.128. Training.
[INFO] Rocket. Step: 8660000. Time Elapsed: 8395.179 s. Mean Reward: -31.398. Std of Reward: 16.698. Training.
[INFO] Rocket. Step: 8680000. Time Elapsed: 8411.836 s. Mean Reward: -31.592. Std of Reward: 16.567. Training.
[INFO] Rocket. Step: 8700000. Time Elapsed: 8432.940 s. Mean Reward: -32.642. Std of Reward: 15.351. Training.
[INFO] Rocket. Step: 8720000. Time Elapsed: 8450.344 s. Mean Reward: -30.987. Std of Reward: 16.129. Training.
[INFO] Rocket. Step: 8740000. Time Elapsed: 8472.982 s. Mean Reward: -36.384. Std of Reward: 14.703. Training.
[INFO] Rocket. Step: 8760000. Time Elapsed: 8488.856 s. Mean Reward: -34.485. Std of Reward: 14.844. Training.
[INFO] Rocket. Step: 8780000. Time Elapsed: 8511.182 s. Mean Reward: -28.897. Std of Reward: 18.036. Training.
[INFO] Rocket. Step: 8800000. Time Elapsed: 8526.854 s. Mean Reward: -33.571. Std of Reward: 15.924. Training.
[INFO] Rocket. Step: 8820000. Time Elapsed: 8550.408 s. Mean Reward: -32.281. Std of Reward: 16.905. Training.
[INFO] Rocket. Step: 8840000. Time Elapsed: 8566.465 s. Mean Reward: -30.823. Std of Reward: 20.203. Training.
[INFO] Rocket. Step: 8860000. Time Elapsed: 8587.964 s. Mean Reward: -31.056. Std of Reward: 17.430. Training.
[INFO] Rocket. Step: 8880000. Time Elapsed: 8603.638 s. Mean Reward: -32.834. Std of Reward: 9.937. Training.
[INFO] Rocket. Step: 8900000. Time Elapsed: 8625.526 s. Mean Reward: -31.375. Std of Reward: 14.495. Training.
[INFO] Rocket. Step: 8920000. Time Elapsed: 8641.408 s. Mean Reward: -35.454. Std of Reward: 13.349. Training.
[INFO] Rocket. Step: 8940000. Time Elapsed: 8662.999 s. Mean Reward: -32.910. Std of Reward: 12.850. Training.
[INFO] Rocket. Step: 8960000. Time Elapsed: 8678.465 s. Mean Reward: -29.252. Std of Reward: 14.965. Training.
[INFO] Rocket. Step: 8980000. Time Elapsed: 8699.987 s. Mean Reward: -28.448. Std of Reward: 15.929. Training.
[INFO] Rocket. Step: 9000000. Time Elapsed: 8717.310 s. Mean Reward: -32.258. Std of Reward: 12.834. Training.
[INFO] Exported results\L11\Rocket\Rocket-8999941.onnx
[INFO] Rocket. Step: 9020000. Time Elapsed: 8740.244 s. Mean Reward: -35.588. Std of Reward: 17.740. Training.
[INFO] Rocket. Step: 9040000. Time Elapsed: 8755.220 s. Mean Reward: -33.743. Std of Reward: 14.405. Training.
[INFO] Rocket. Step: 9060000. Time Elapsed: 8780.042 s. Mean Reward: -30.636. Std of Reward: 15.216. Training.
[INFO] Rocket. Step: 9080000. Time Elapsed: 8794.367 s. Mean Reward: -31.474. Std of Reward: 18.580. Training.
[INFO] Rocket. Step: 9100000. Time Elapsed: 8818.069 s. Mean Reward: -30.752. Std of Reward: 13.741. Training.
[INFO] Rocket. Step: 9120000. Time Elapsed: 8832.169 s. Mean Reward: -29.064. Std of Reward: 15.734. Training.
[INFO] Rocket. Step: 9140000. Time Elapsed: 8855.632 s. Mean Reward: -33.141. Std of Reward: 15.330. Training.
[INFO] Rocket. Step: 9160000. Time Elapsed: 8870.176 s. Mean Reward: -31.013. Std of Reward: 14.199. Training.
[INFO] Rocket. Step: 9180000. Time Elapsed: 8894.459 s. Mean Reward: -30.830. Std of Reward: 13.728. Training.
[INFO] Rocket. Step: 9200000. Time Elapsed: 8908.811 s. Mean Reward: -29.741. Std of Reward: 17.971. Training.
[INFO] Rocket. Step: 9220000. Time Elapsed: 8925.251 s. Mean Reward: -31.641. Std of Reward: 15.960. Training.
[INFO] Rocket. Step: 9240000. Time Elapsed: 8946.473 s. Mean Reward: -35.726. Std of Reward: 11.107. Training.
[INFO] Rocket. Step: 9260000. Time Elapsed: 8962.017 s. Mean Reward: -32.903. Std of Reward: 11.712. Training.
[INFO] Rocket. Step: 9280000. Time Elapsed: 8985.039 s. Mean Reward: -31.011. Std of Reward: 13.235. Training.
[INFO] Rocket. Step: 9300000. Time Elapsed: 9000.331 s. Mean Reward: -29.612. Std of Reward: 14.503. Training.
[INFO] Rocket. Step: 9320000. Time Elapsed: 9022.974 s. Mean Reward: -31.182. Std of Reward: 13.603. Training.
[INFO] Rocket. Step: 9340000. Time Elapsed: 9038.574 s. Mean Reward: -29.440. Std of Reward: 15.232. Training.
[INFO] Rocket. Step: 9360000. Time Elapsed: 9060.564 s. Mean Reward: -31.165. Std of Reward: 13.939. Training.
[INFO] Rocket. Step: 9380000. Time Elapsed: 9076.966 s. Mean Reward: -31.849. Std of Reward: 14.704. Training.
[INFO] Rocket. Step: 9400000. Time Elapsed: 9098.606 s. Mean Reward: -30.087. Std of Reward: 16.595. Training.
[INFO] Rocket. Step: 9420000. Time Elapsed: 9115.740 s. Mean Reward: -29.579. Std of Reward: 16.017. Training.
[INFO] Rocket. Step: 9440000. Time Elapsed: 9136.802 s. Mean Reward: -33.654. Std of Reward: 11.955. Training.
[INFO] Rocket. Step: 9460000. Time Elapsed: 9153.448 s. Mean Reward: -32.956. Std of Reward: 14.524. Training.
[INFO] Rocket. Step: 9480000. Time Elapsed: 9175.753 s. Mean Reward: -27.143. Std of Reward: 16.875. Training.
[INFO] Rocket. Step: 9500000. Time Elapsed: 9191.979 s. Mean Reward: -30.318. Std of Reward: 17.001. Training.
[INFO] Exported results\L11\Rocket\Rocket-9499786.onnx
[INFO] Rocket. Step: 9520000. Time Elapsed: 9214.598 s. Mean Reward: -30.437. Std of Reward: 15.622. Training.
[INFO] Rocket. Step: 9540000. Time Elapsed: 9229.356 s. Mean Reward: -31.282. Std of Reward: 14.405. Training.
[INFO] Rocket. Step: 9560000. Time Elapsed: 9252.227 s. Mean Reward: -29.904. Std of Reward: 16.996. Training.
[INFO] Rocket. Step: 9580000. Time Elapsed: 9267.366 s. Mean Reward: -31.848. Std of Reward: 14.081. Training.
[INFO] Rocket. Step: 9600000. Time Elapsed: 9290.603 s. Mean Reward: -31.992. Std of Reward: 15.616. Training.
[INFO] Rocket. Step: 9620000. Time Elapsed: 9305.441 s. Mean Reward: -32.591. Std of Reward: 11.228. Training.
[INFO] Rocket. Step: 9640000. Time Elapsed: 9329.626 s. Mean Reward: -30.420. Std of Reward: 17.905. Training.
[INFO] Rocket. Step: 9660000. Time Elapsed: 9346.052 s. Mean Reward: -32.499. Std of Reward: 16.466. Training.
[INFO] Rocket. Step: 9680000. Time Elapsed: 9367.893 s. Mean Reward: -29.805. Std of Reward: 19.130. Training.
[INFO] Rocket. Step: 9700000. Time Elapsed: 9383.638 s. Mean Reward: -30.963. Std of Reward: 17.389. Training.
[INFO] Rocket. Step: 9720000. Time Elapsed: 9407.173 s. Mean Reward: -30.993. Std of Reward: 18.138. Training.
[INFO] Rocket. Step: 9740000. Time Elapsed: 9423.053 s. Mean Reward: -30.201. Std of Reward: 18.033. Training.
[INFO] Rocket. Step: 9760000. Time Elapsed: 9446.101 s. Mean Reward: -27.559. Std of Reward: 18.569. Training.
[INFO] Rocket. Step: 9780000. Time Elapsed: 9461.537 s. Mean Reward: -31.767. Std of Reward: 17.550. Training.
[INFO] Rocket. Step: 9800000. Time Elapsed: 9484.836 s. Mean Reward: -33.009. Std of Reward: 15.425. Training.
[INFO] Rocket. Step: 9820000. Time Elapsed: 9500.374 s. Mean Reward: -29.359. Std of Reward: 16.256. Training.
[INFO] Rocket. Step: 9840000. Time Elapsed: 9523.319 s. Mean Reward: -35.169. Std of Reward: 15.512. Training.
[INFO] Rocket. Step: 9860000. Time Elapsed: 9539.473 s. Mean Reward: -33.224. Std of Reward: 12.493. Training.
[INFO] Rocket. Step: 9880000. Time Elapsed: 9562.902 s. Mean Reward: -27.098. Std of Reward: 20.049. Training.
[INFO] Rocket. Step: 9900000. Time Elapsed: 9577.986 s. Mean Reward: -36.828. Std of Reward: 11.544. Training.
[INFO] Rocket. Step: 9920000. Time Elapsed: 9593.662 s. Mean Reward: -31.527. Std of Reward: 15.697. Training.
[INFO] Rocket. Step: 9940000. Time Elapsed: 9616.507 s. Mean Reward: -32.134. Std of Reward: 14.961. Training.
[INFO] Rocket. Step: 9960000. Time Elapsed: 9633.715 s. Mean Reward: -32.384. Std of Reward: 18.370. Training.
[INFO] Rocket. Step: 9980000. Time Elapsed: 9655.374 s. Mean Reward: -32.386. Std of Reward: 15.687. Training.
[INFO] Rocket. Step: 10000000. Time Elapsed: 9671.043 s. Mean Reward: -30.934. Std of Reward: 17.460. Training.
[INFO] Exported results\L11\Rocket\Rocket-9999657.onnx
[INFO] Rocket. Step: 10020000. Time Elapsed: 9694.264 s. Mean Reward: -30.098. Std of Reward: 15.586. Training.
[INFO] Rocket. Step: 10040000. Time Elapsed: 9709.812 s. Mean Reward: -34.564. Std of Reward: 14.505. Training.
[INFO] Rocket. Step: 10060000. Time Elapsed: 9732.953 s. Mean Reward: -28.783. Std of Reward: 19.255. Training.
[INFO] Rocket. Step: 10080000. Time Elapsed: 9749.517 s. Mean Reward: -29.256. Std of Reward: 19.024. Training.
[INFO] Rocket. Step: 10100000. Time Elapsed: 9771.073 s. Mean Reward: -31.566. Std of Reward: 16.352. Training.
[INFO] Rocket. Step: 10120000. Time Elapsed: 9787.109 s. Mean Reward: -30.343. Std of Reward: 16.029. Training.
[INFO] Rocket. Step: 10140000. Time Elapsed: 9809.923 s. Mean Reward: -28.418. Std of Reward: 17.705. Training.
[INFO] Rocket. Step: 10160000. Time Elapsed: 9825.810 s. Mean Reward: -29.792. Std of Reward: 18.494. Training.
[INFO] Rocket. Step: 10180000. Time Elapsed: 9849.177 s. Mean Reward: -32.645. Std of Reward: 15.578. Training.
[INFO] Rocket. Step: 10200000. Time Elapsed: 9864.802 s. Mean Reward: -30.336. Std of Reward: 16.116. Training.
[INFO] Rocket. Step: 10220000. Time Elapsed: 9887.077 s. Mean Reward: -29.829. Std of Reward: 15.671. Training.
[INFO] Rocket. Step: 10240000. Time Elapsed: 9902.360 s. Mean Reward: -32.361. Std of Reward: 15.573. Training.
[INFO] Rocket. Step: 10260000. Time Elapsed: 9925.210 s. Mean Reward: -27.540. Std of Reward: 16.613. Training.
[INFO] Rocket. Step: 10280000. Time Elapsed: 9940.665 s. Mean Reward: -28.628. Std of Reward: 15.914. Training.
[INFO] Rocket. Step: 10300000. Time Elapsed: 9963.319 s. Mean Reward: -32.089. Std of Reward: 17.239. Training.
[INFO] Rocket. Step: 10320000. Time Elapsed: 9980.553 s. Mean Reward: -27.311. Std of Reward: 19.146. Training.
[INFO] Rocket. Step: 10340000. Time Elapsed: 10001.631 s. Mean Reward: -31.232. Std of Reward: 16.155. Training.
[INFO] Rocket. Step: 10360000. Time Elapsed: 10016.769 s. Mean Reward: -31.550. Std of Reward: 13.991. Training.
[INFO] Rocket. Step: 10380000. Time Elapsed: 10040.119 s. Mean Reward: -30.572. Std of Reward: 17.662. Training.
[INFO] Rocket. Step: 10400000. Time Elapsed: 10056.805 s. Mean Reward: -29.886. Std of Reward: 15.742. Training.
[INFO] Rocket. Step: 10420000. Time Elapsed: 10078.906 s. Mean Reward: -30.063. Std of Reward: 20.152. Training.
[INFO] Rocket. Step: 10440000. Time Elapsed: 10095.149 s. Mean Reward: -28.080. Std of Reward: 16.784. Training.
[INFO] Rocket. Step: 10460000. Time Elapsed: 10117.344 s. Mean Reward: -25.748. Std of Reward: 20.287. Training.
[INFO] Rocket. Step: 10480000. Time Elapsed: 10133.380 s. Mean Reward: -28.455. Std of Reward: 17.306. Training.
[INFO] Rocket. Step: 10500000. Time Elapsed: 10156.446 s. Mean Reward: -27.068. Std of Reward: 18.346. Training.
[INFO] Exported results\L11\Rocket\Rocket-10499898.onnx
[INFO] Rocket. Step: 10520000. Time Elapsed: 10172.720 s. Mean Reward: -30.044. Std of Reward: 16.992. Training.
[INFO] Rocket. Step: 10540000. Time Elapsed: 10195.993 s. Mean Reward: -25.974. Std of Reward: 22.106. Training.
[INFO] Rocket. Step: 10560000. Time Elapsed: 10211.650 s. Mean Reward: -23.800. Std of Reward: 20.201. Training.
[INFO] Rocket. Step: 10580000. Time Elapsed: 10234.818 s. Mean Reward: -30.387. Std of Reward: 15.298. Training.
[INFO] Rocket. Step: 10600000. Time Elapsed: 10249.832 s. Mean Reward: -29.092. Std of Reward: 19.095. Training.
[INFO] Rocket. Step: 10620000. Time Elapsed: 10265.797 s. Mean Reward: -28.638. Std of Reward: 18.876. Training.
[INFO] Rocket. Step: 10640000. Time Elapsed: 10288.295 s. Mean Reward: -28.458. Std of Reward: 17.661. Training.
[INFO] Rocket. Step: 10660000. Time Elapsed: 10304.256 s. Mean Reward: -27.168. Std of Reward: 17.330. Training.
[INFO] Rocket. Step: 10680000. Time Elapsed: 10326.284 s. Mean Reward: -27.869. Std of Reward: 19.147. Training.
[INFO] Rocket. Step: 10700000. Time Elapsed: 10342.915 s. Mean Reward: -29.989. Std of Reward: 12.636. Training.
[INFO] Rocket. Step: 10720000. Time Elapsed: 10366.518 s. Mean Reward: -29.758. Std of Reward: 17.963. Training.
[INFO] Rocket. Step: 10740000. Time Elapsed: 10382.601 s. Mean Reward: -27.813. Std of Reward: 19.392. Training.
[INFO] Rocket. Step: 10760000. Time Elapsed: 10406.132 s. Mean Reward: -29.659. Std of Reward: 18.524. Training.
[INFO] Rocket. Step: 10780000. Time Elapsed: 10422.710 s. Mean Reward: -26.305. Std of Reward: 19.655. Training.
[INFO] Rocket. Step: 10800000. Time Elapsed: 10445.331 s. Mean Reward: -29.985. Std of Reward: 19.923. Training.
[INFO] Rocket. Step: 10820000. Time Elapsed: 10461.083 s. Mean Reward: -31.717. Std of Reward: 12.666. Training.
[INFO] Rocket. Step: 10840000. Time Elapsed: 10483.407 s. Mean Reward: -27.835. Std of Reward: 18.818. Training.
[INFO] Rocket. Step: 10860000. Time Elapsed: 10500.656 s. Mean Reward: -31.391. Std of Reward: 16.063. Training.
[INFO] Rocket. Step: 10880000. Time Elapsed: 10524.076 s. Mean Reward: -28.217. Std of Reward: 17.768. Training.
[INFO] Rocket. Step: 10900000. Time Elapsed: 10541.334 s. Mean Reward: -28.648. Std of Reward: 17.351. Training.
[INFO] Rocket. Step: 10920000. Time Elapsed: 10564.876 s. Mean Reward: -30.445. Std of Reward: 16.528. Training.
[INFO] Rocket. Step: 10940000. Time Elapsed: 10582.534 s. Mean Reward: -31.090. Std of Reward: 18.119. Training.
[INFO] Rocket. Step: 10960000. Time Elapsed: 10607.045 s. Mean Reward: -27.843. Std of Reward: 19.519. Training.
[INFO] Rocket. Step: 10980000. Time Elapsed: 10624.319 s. Mean Reward: -27.112. Std of Reward: 21.237. Training.
[INFO] Rocket. Step: 11000000. Time Elapsed: 10647.335 s. Mean Reward: -26.886. Std of Reward: 18.298. Training.
[INFO] Exported results\L11\Rocket\Rocket-10999750.onnx
[INFO] Rocket. Step: 11020000. Time Elapsed: 10665.662 s. Mean Reward: -22.279. Std of Reward: 23.701. Training.
[INFO] Rocket. Step: 11040000. Time Elapsed: 10693.819 s. Mean Reward: -27.443. Std of Reward: 19.846. Training.
[INFO] Rocket. Step: 11060000. Time Elapsed: 10713.700 s. Mean Reward: -24.498. Std of Reward: 19.796. Training.
[INFO] Rocket. Step: 11080000. Time Elapsed: 10740.021 s. Mean Reward: -33.650. Std of Reward: 19.688. Training.
[INFO] Rocket. Step: 11100000. Time Elapsed: 10757.274 s. Mean Reward: -28.073. Std of Reward: 14.703. Training.
[INFO] Rocket. Step: 11120000. Time Elapsed: 10781.140 s. Mean Reward: -30.120. Std of Reward: 20.358. Training.
[INFO] Rocket. Step: 11140000. Time Elapsed: 10798.532 s. Mean Reward: -22.905. Std of Reward: 20.687. Training.
[INFO] Rocket. Step: 11160000. Time Elapsed: 10821.181 s. Mean Reward: -28.541. Std of Reward: 17.368. Training.
[INFO] Rocket. Step: 11180000. Time Elapsed: 10837.540 s. Mean Reward: -28.650. Std of Reward: 16.784. Training.
[INFO] Rocket. Step: 11200000. Time Elapsed: 10862.967 s. Mean Reward: -30.803. Std of Reward: 19.870. Training.
[INFO] Rocket. Step: 11220000. Time Elapsed: 10879.228 s. Mean Reward: -24.944. Std of Reward: 22.254. Training.
[INFO] Rocket. Step: 11240000. Time Elapsed: 10904.286 s. Mean Reward: -29.407. Std of Reward: 17.051. Training.
[INFO] Rocket. Step: 11260000. Time Elapsed: 10920.381 s. Mean Reward: -20.988. Std of Reward: 20.484. Training.
[INFO] Rocket. Step: 11280000. Time Elapsed: 10937.005 s. Mean Reward: -30.232. Std of Reward: 17.064. Training.
[INFO] Rocket. Step: 11300000. Time Elapsed: 10960.028 s. Mean Reward: -30.030. Std of Reward: 15.385. Training.
[INFO] Rocket. Step: 11320000. Time Elapsed: 10978.460 s. Mean Reward: -29.948. Std of Reward: 20.999. Training.
[INFO] Rocket. Step: 11340000. Time Elapsed: 11001.408 s. Mean Reward: -29.262. Std of Reward: 20.942. Training.
[INFO] Rocket. Step: 11360000. Time Elapsed: 11018.113 s. Mean Reward: -32.763. Std of Reward: 16.358. Training.
[INFO] Rocket. Step: 11380000. Time Elapsed: 11041.571 s. Mean Reward: -28.290. Std of Reward: 19.113. Training.
[INFO] Rocket. Step: 11400000. Time Elapsed: 11059.923 s. Mean Reward: -21.994. Std of Reward: 23.685. Training.
[INFO] Rocket. Step: 11420000. Time Elapsed: 11087.744 s. Mean Reward: -30.457. Std of Reward: 18.396. Training.
[INFO] Rocket. Step: 11440000. Time Elapsed: 11104.568 s. Mean Reward: -26.719. Std of Reward: 20.224. Training.
[INFO] Rocket. Step: 11460000. Time Elapsed: 11129.146 s. Mean Reward: -26.784. Std of Reward: 19.701. Training.
[INFO] Rocket. Step: 11480000. Time Elapsed: 11146.510 s. Mean Reward: -20.574. Std of Reward: 24.422. Training.
[INFO] Rocket. Step: 11500000. Time Elapsed: 11171.854 s. Mean Reward: -25.652. Std of Reward: 20.502. Training.
[INFO] Exported results\L11\Rocket\Rocket-11499931.onnx
[INFO] Rocket. Step: 11520000. Time Elapsed: 11188.405 s. Mean Reward: -28.358. Std of Reward: 18.585. Training.
[INFO] Rocket. Step: 11540000. Time Elapsed: 11212.587 s. Mean Reward: -28.003. Std of Reward: 21.638. Training.
[INFO] Rocket. Step: 11560000. Time Elapsed: 11229.562 s. Mean Reward: -27.334. Std of Reward: 21.805. Training.
[INFO] Rocket. Step: 11580000. Time Elapsed: 11254.409 s. Mean Reward: -28.826. Std of Reward: 19.939. Training.
[INFO] Rocket. Step: 11600000. Time Elapsed: 11272.082 s. Mean Reward: -30.849. Std of Reward: 19.238. Training.
[INFO] Rocket. Step: 11620000. Time Elapsed: 11296.094 s. Mean Reward: -31.741. Std of Reward: 19.556. Training.
[INFO] Rocket. Step: 11640000. Time Elapsed: 11313.143 s. Mean Reward: -24.479. Std of Reward: 23.887. Training.
[INFO] Rocket. Step: 11660000. Time Elapsed: 11338.428 s. Mean Reward: -23.863. Std of Reward: 18.007. Training.
[INFO] Rocket. Step: 11680000. Time Elapsed: 11355.165 s. Mean Reward: -23.272. Std of Reward: 23.704. Training.
[INFO] Rocket. Step: 11700000. Time Elapsed: 11379.936 s. Mean Reward: -26.358. Std of Reward: 19.686. Training.
[INFO] Rocket. Step: 11720000. Time Elapsed: 11398.460 s. Mean Reward: -24.531. Std of Reward: 24.764. Training.
[INFO] Rocket. Step: 11740000. Time Elapsed: 11421.965 s. Mean Reward: -25.151. Std of Reward: 24.733. Training.
[INFO] Rocket. Step: 11760000. Time Elapsed: 11439.239 s. Mean Reward: -26.123. Std of Reward: 20.019. Training.
[INFO] Rocket. Step: 11780000. Time Elapsed: 11463.144 s. Mean Reward: -28.376. Std of Reward: 19.323. Training.
[INFO] Rocket. Step: 11800000. Time Elapsed: 11480.590 s. Mean Reward: -28.630. Std of Reward: 20.893. Training.
[INFO] Rocket. Step: 11820000. Time Elapsed: 11504.734 s. Mean Reward: -29.735. Std of Reward: 20.668. Training.
[INFO] Rocket. Step: 11840000. Time Elapsed: 11521.749 s. Mean Reward: -31.338. Std of Reward: 20.938. Training.
[INFO] Rocket. Step: 11860000. Time Elapsed: 11545.823 s. Mean Reward: -24.676. Std of Reward: 22.728. Training.
[INFO] Rocket. Step: 11880000. Time Elapsed: 11562.558 s. Mean Reward: -23.012. Std of Reward: 22.258. Training.
[INFO] Rocket. Step: 11900000. Time Elapsed: 11587.030 s. Mean Reward: -26.090. Std of Reward: 20.125. Training.
[INFO] Rocket. Step: 11920000. Time Elapsed: 11603.738 s. Mean Reward: -16.366. Std of Reward: 24.551. Training.
[INFO] Rocket. Step: 11940000. Time Elapsed: 11629.537 s. Mean Reward: -27.658. Std of Reward: 18.579. Training.
[INFO] Rocket. Step: 11960000. Time Elapsed: 11645.605 s. Mean Reward: -24.963. Std of Reward: 21.541. Training.
[INFO] Rocket. Step: 11980000. Time Elapsed: 11663.850 s. Mean Reward: -23.416. Std of Reward: 22.526. Training.
[INFO] Rocket. Step: 12000000. Time Elapsed: 11686.889 s. Mean Reward: -27.262. Std of Reward: 22.966. Training.
[INFO] Exported results\L11\Rocket\Rocket-11999789.onnx
[INFO] Rocket. Step: 12020000. Time Elapsed: 11704.273 s. Mean Reward: -23.685. Std of Reward: 22.235. Training.
[INFO] Rocket. Step: 12040000. Time Elapsed: 11728.614 s. Mean Reward: -21.523. Std of Reward: 21.871. Training.
[INFO] Rocket. Step: 12060000. Time Elapsed: 11745.645 s. Mean Reward: -28.735. Std of Reward: 17.615. Training.
[INFO] Rocket. Step: 12080000. Time Elapsed: 11769.924 s. Mean Reward: -27.113. Std of Reward: 19.289. Training.
[INFO] Rocket. Step: 12100000. Time Elapsed: 11787.118 s. Mean Reward: -26.482. Std of Reward: 23.263. Training.
[INFO] Rocket. Step: 12120000. Time Elapsed: 11810.570 s. Mean Reward: -30.670. Std of Reward: 18.092. Training.
[INFO] Rocket. Step: 12140000. Time Elapsed: 11828.277 s. Mean Reward: -25.077. Std of Reward: 22.231. Training.
[INFO] Rocket. Step: 12160000. Time Elapsed: 11852.530 s. Mean Reward: -21.129. Std of Reward: 25.638. Training.
[INFO] Rocket. Step: 12180000. Time Elapsed: 11870.400 s. Mean Reward: -23.114. Std of Reward: 21.529. Training.
[INFO] Rocket. Step: 12200000. Time Elapsed: 11894.399 s. Mean Reward: -23.715. Std of Reward: 23.046. Training.
[INFO] Rocket. Step: 12220000. Time Elapsed: 11911.471 s. Mean Reward: -27.889. Std of Reward: 20.801. Training.
[INFO] Rocket. Step: 12240000. Time Elapsed: 11934.359 s. Mean Reward: -24.345. Std of Reward: 19.926. Training.
[INFO] Rocket. Step: 12260000. Time Elapsed: 11951.607 s. Mean Reward: -22.394. Std of Reward: 23.887. Training.
[INFO] Rocket. Step: 12280000. Time Elapsed: 11977.058 s. Mean Reward: -28.442. Std of Reward: 19.486. Training.
[INFO] Rocket. Step: 12300000. Time Elapsed: 11994.341 s. Mean Reward: -23.856. Std of Reward: 21.715. Training.
[INFO] Rocket. Step: 12320000. Time Elapsed: 12016.816 s. Mean Reward: -19.126. Std of Reward: 23.511. Training.
[INFO] Rocket. Step: 12340000. Time Elapsed: 12034.652 s. Mean Reward: -24.742. Std of Reward: 22.985. Training.
[INFO] Rocket. Step: 12360000. Time Elapsed: 12058.295 s. Mean Reward: -23.681. Std of Reward: 22.686. Training.
[INFO] Rocket. Step: 12380000. Time Elapsed: 12076.034 s. Mean Reward: -26.960. Std of Reward: 19.639. Training.
[INFO] Rocket. Step: 12400000. Time Elapsed: 12100.063 s. Mean Reward: -18.910. Std of Reward: 26.452. Training.
[INFO] Rocket. Step: 12420000. Time Elapsed: 12117.368 s. Mean Reward: -21.676. Std of Reward: 24.253. Training.
[INFO] Rocket. Step: 12440000. Time Elapsed: 12142.204 s. Mean Reward: -23.040. Std of Reward: 25.528. Training.
[INFO] Rocket. Step: 12460000. Time Elapsed: 12159.083 s. Mean Reward: -17.157. Std of Reward: 26.029. Training.
[INFO] Rocket. Step: 12480000. Time Elapsed: 12184.189 s. Mean Reward: -22.836. Std of Reward: 22.637. Training.
[INFO] Rocket. Step: 12500000. Time Elapsed: 12201.177 s. Mean Reward: -24.678. Std of Reward: 23.416. Training.
[INFO] Exported results\L11\Rocket\Rocket-12499452.onnx
[INFO] Rocket. Step: 12520000. Time Elapsed: 12225.274 s. Mean Reward: -28.938. Std of Reward: 20.763. Training.
[INFO] Rocket. Step: 12540000. Time Elapsed: 12242.999 s. Mean Reward: -25.894. Std of Reward: 23.231. Training.
[INFO] Rocket. Step: 12560000. Time Elapsed: 12267.178 s. Mean Reward: -19.184. Std of Reward: 25.692. Training.
[INFO] Rocket. Step: 12580000. Time Elapsed: 12284.484 s. Mean Reward: -21.996. Std of Reward: 23.220. Training.
[INFO] Rocket. Step: 12600000. Time Elapsed: 12310.790 s. Mean Reward: -23.517. Std of Reward: 25.044. Training.
[INFO] Rocket. Step: 12620000. Time Elapsed: 12326.303 s. Mean Reward: -20.945. Std of Reward: 23.651. Training.
[INFO] Rocket. Step: 12640000. Time Elapsed: 12344.175 s. Mean Reward: -27.195. Std of Reward: 21.898. Training.
[INFO] Rocket. Step: 12660000. Time Elapsed: 12367.030 s. Mean Reward: -28.624. Std of Reward: 20.403. Training.
[INFO] Rocket. Step: 12680000. Time Elapsed: 12384.275 s. Mean Reward: -25.314. Std of Reward: 20.322. Training.
[INFO] Rocket. Step: 12700000. Time Elapsed: 12408.399 s. Mean Reward: -25.484. Std of Reward: 21.951. Training.
[INFO] Rocket. Step: 12720000. Time Elapsed: 12426.445 s. Mean Reward: -20.670. Std of Reward: 22.701. Training.
[INFO] Rocket. Step: 12740000. Time Elapsed: 12450.361 s. Mean Reward: -21.766. Std of Reward: 24.921. Training.
[INFO] Rocket. Step: 12760000. Time Elapsed: 12468.853 s. Mean Reward: -20.439. Std of Reward: 23.690. Training.
[INFO] Rocket. Step: 12780000. Time Elapsed: 12492.259 s. Mean Reward: -17.743. Std of Reward: 27.641. Training.
[INFO] Rocket. Step: 12800000. Time Elapsed: 12510.031 s. Mean Reward: -21.517. Std of Reward: 24.463. Training.
[INFO] Rocket. Step: 12820000. Time Elapsed: 12534.450 s. Mean Reward: -22.141. Std of Reward: 24.356. Training.
[INFO] Rocket. Step: 12840000. Time Elapsed: 12550.549 s. Mean Reward: -20.285. Std of Reward: 21.580. Training.
[INFO] Rocket. Step: 12860000. Time Elapsed: 12574.713 s. Mean Reward: -22.704. Std of Reward: 22.533. Training.
[INFO] Rocket. Step: 12880000. Time Elapsed: 12591.232 s. Mean Reward: -19.877. Std of Reward: 23.914. Training.
[INFO] Rocket. Step: 12900000. Time Elapsed: 12615.721 s. Mean Reward: -25.453. Std of Reward: 23.374. Training.
[INFO] Rocket. Step: 12920000. Time Elapsed: 12634.321 s. Mean Reward: -21.534. Std of Reward: 24.639. Training.
[INFO] Rocket. Step: 12940000. Time Elapsed: 12656.843 s. Mean Reward: -22.462. Std of Reward: 21.466. Training.
[INFO] Rocket. Step: 12960000. Time Elapsed: 12675.159 s. Mean Reward: -22.378. Std of Reward: 23.823. Training.
[INFO] Rocket. Step: 12980000. Time Elapsed: 12699.042 s. Mean Reward: -25.352. Std of Reward: 20.918. Training.
[INFO] Rocket. Step: 13000000. Time Elapsed: 12715.582 s. Mean Reward: -25.017. Std of Reward: 23.351. Training.
[INFO] Exported results\L11\Rocket\Rocket-12999715.onnx
[INFO] Rocket. Step: 13020000. Time Elapsed: 12739.517 s. Mean Reward: -19.544. Std of Reward: 26.262. Training.
[INFO] Rocket. Step: 13040000. Time Elapsed: 12756.599 s. Mean Reward: -19.498. Std of Reward: 23.984. Training.
[INFO] Rocket. Step: 13060000. Time Elapsed: 12780.026 s. Mean Reward: -22.945. Std of Reward: 22.530. Training.
[INFO] Rocket. Step: 13080000. Time Elapsed: 12798.039 s. Mean Reward: -19.383. Std of Reward: 22.668. Training.
[INFO] Rocket. Step: 13100000. Time Elapsed: 12821.296 s. Mean Reward: -15.971. Std of Reward: 23.807. Training.
[INFO] Rocket. Step: 13120000. Time Elapsed: 12839.845 s. Mean Reward: -20.040. Std of Reward: 25.234. Training.
[INFO] Rocket. Step: 13140000. Time Elapsed: 12862.778 s. Mean Reward: -19.351. Std of Reward: 24.610. Training.
[INFO] Rocket. Step: 13160000. Time Elapsed: 12880.114 s. Mean Reward: -17.050. Std of Reward: 23.132. Training.
[INFO] Rocket. Step: 13180000. Time Elapsed: 12905.055 s. Mean Reward: -15.292. Std of Reward: 26.408. Training.
[INFO] Rocket. Step: 13200000. Time Elapsed: 12923.268 s. Mean Reward: -23.677. Std of Reward: 23.785. Training.
[INFO] Rocket. Step: 13220000. Time Elapsed: 12947.206 s. Mean Reward: -17.768. Std of Reward: 24.947. Training.
[INFO] Rocket. Step: 13240000. Time Elapsed: 12963.872 s. Mean Reward: -24.895. Std of Reward: 21.500. Training.
[INFO] Rocket. Step: 13260000. Time Elapsed: 12988.545 s. Mean Reward: -24.802. Std of Reward: 19.353. Training.
[INFO] Rocket. Step: 13280000. Time Elapsed: 13004.592 s. Mean Reward: -20.499. Std of Reward: 23.543. Training.
[INFO] Rocket. Step: 13300000. Time Elapsed: 13030.406 s. Mean Reward: -21.554. Std of Reward: 22.340. Training.
[INFO] Rocket. Step: 13320000. Time Elapsed: 13045.979 s. Mean Reward: -16.908. Std of Reward: 25.741. Training.
[INFO] Rocket. Step: 13340000. Time Elapsed: 13064.742 s. Mean Reward: -20.114. Std of Reward: 24.800. Training.
[INFO] Rocket. Step: 13360000. Time Elapsed: 13088.020 s. Mean Reward: -16.701. Std of Reward: 26.283. Training.
[INFO] Rocket. Step: 13380000. Time Elapsed: 13106.023 s. Mean Reward: -14.530. Std of Reward: 24.693. Training.
[INFO] Rocket. Step: 13400000. Time Elapsed: 13129.637 s. Mean Reward: -19.914. Std of Reward: 22.334. Training.
[INFO] Rocket. Step: 13420000. Time Elapsed: 13147.742 s. Mean Reward: -19.693. Std of Reward: 23.889. Training.
[INFO] Rocket. Step: 13440000. Time Elapsed: 13171.153 s. Mean Reward: -25.265. Std of Reward: 21.707. Training.
[INFO] Rocket. Step: 13460000. Time Elapsed: 13189.868 s. Mean Reward: -16.953. Std of Reward: 25.622. Training.
[INFO] Rocket. Step: 13480000. Time Elapsed: 13214.047 s. Mean Reward: -20.531. Std of Reward: 24.816. Training.
[INFO] Rocket. Step: 13500000. Time Elapsed: 13231.613 s. Mean Reward: -14.072. Std of Reward: 23.852. Training.
[INFO] Exported results\L11\Rocket\Rocket-13499706.onnx
[INFO] Rocket. Step: 13520000. Time Elapsed: 13254.505 s. Mean Reward: -21.232. Std of Reward: 21.127. Training.
[INFO] Rocket. Step: 13540000. Time Elapsed: 13273.368 s. Mean Reward: -19.302. Std of Reward: 25.211. Training.
[INFO] Rocket. Step: 13560000. Time Elapsed: 13295.714 s. Mean Reward: -23.234. Std of Reward: 24.775. Training.
[INFO] Rocket. Step: 13580000. Time Elapsed: 13313.847 s. Mean Reward: -24.243. Std of Reward: 24.381. Training.
[INFO] Rocket. Step: 13600000. Time Elapsed: 13338.815 s. Mean Reward: -18.405. Std of Reward: 26.629. Training.
[INFO] Rocket. Step: 13620000. Time Elapsed: 13356.303 s. Mean Reward: -22.784. Std of Reward: 25.842. Training.
[INFO] Rocket. Step: 13640000. Time Elapsed: 13379.657 s. Mean Reward: -19.038. Std of Reward: 25.165. Training.
[INFO] Rocket. Step: 13660000. Time Elapsed: 13398.474 s. Mean Reward: -17.189. Std of Reward: 23.662. Training.
[INFO] Rocket. Step: 13680000. Time Elapsed: 13422.950 s. Mean Reward: -10.771. Std of Reward: 26.102. Training.
[INFO] Rocket. Step: 13700000. Time Elapsed: 13441.375 s. Mean Reward: -17.635. Std of Reward: 25.562. Training.
[INFO] Rocket. Step: 13720000. Time Elapsed: 13465.989 s. Mean Reward: -12.979. Std of Reward: 25.751. Training.
[INFO] Rocket. Step: 13740000. Time Elapsed: 13483.312 s. Mean Reward: -17.256. Std of Reward: 26.646. Training.
[INFO] Rocket. Step: 13760000. Time Elapsed: 13507.825 s. Mean Reward: -23.955. Std of Reward: 23.019. Training.
[INFO] Rocket. Step: 13780000. Time Elapsed: 13523.721 s. Mean Reward: -15.536. Std of Reward: 24.750. Training.
[INFO] Rocket. Step: 13800000. Time Elapsed: 13548.225 s. Mean Reward: -15.661. Std of Reward: 25.287. Training.
[INFO] Rocket. Step: 13820000. Time Elapsed: 13566.803 s. Mean Reward: -19.735. Std of Reward: 25.248. Training.
[INFO] Rocket. Step: 13840000. Time Elapsed: 13589.871 s. Mean Reward: -19.012. Std of Reward: 26.070. Training.
[INFO] Rocket. Step: 13860000. Time Elapsed: 13607.071 s. Mean Reward: -16.461. Std of Reward: 24.832. Training.
[INFO] Rocket. Step: 13880000. Time Elapsed: 13632.075 s. Mean Reward: -24.617. Std of Reward: 23.087. Training.
[INFO] Rocket. Step: 13900000. Time Elapsed: 13649.350 s. Mean Reward: -13.837. Std of Reward: 26.313. Training.
[INFO] Rocket. Step: 13920000. Time Elapsed: 13674.470 s. Mean Reward: -14.806. Std of Reward: 24.405. Training.
[INFO] Rocket. Step: 13940000. Time Elapsed: 13692.275 s. Mean Reward: -11.572. Std of Reward: 26.227. Training.
[INFO] Rocket. Step: 13960000. Time Elapsed: 13717.961 s. Mean Reward: -15.774. Std of Reward: 25.833. Training.
[INFO] Rocket. Step: 13980000. Time Elapsed: 13734.311 s. Mean Reward: -21.076. Std of Reward: 22.706. Training.
[INFO] Rocket. Step: 14000000. Time Elapsed: 13751.025 s. Mean Reward: -17.746. Std of Reward: 24.381. Training.
[INFO] Exported results\L11\Rocket\Rocket-13999518.onnx
[INFO] Rocket. Step: 14020000. Time Elapsed: 13775.316 s. Mean Reward: -20.646. Std of Reward: 24.264. Training.
[INFO] Rocket. Step: 14040000. Time Elapsed: 13794.570 s. Mean Reward: -15.847. Std of Reward: 24.078. Training.
[INFO] Rocket. Step: 14060000. Time Elapsed: 13818.211 s. Mean Reward: -16.557. Std of Reward: 25.813. Training.
[INFO] Rocket. Step: 14080000. Time Elapsed: 13835.203 s. Mean Reward: -19.995. Std of Reward: 25.364. Training.
[INFO] Rocket. Step: 14100000. Time Elapsed: 13859.922 s. Mean Reward: -18.666. Std of Reward: 26.309. Training.
[INFO] Rocket. Step: 14120000. Time Elapsed: 13876.077 s. Mean Reward: -13.900. Std of Reward: 26.615. Training.
[INFO] Rocket. Step: 14140000. Time Elapsed: 13901.512 s. Mean Reward: -14.071. Std of Reward: 26.946. Training.
[INFO] Rocket. Step: 14160000. Time Elapsed: 13919.973 s. Mean Reward: -5.486. Std of Reward: 24.384. Training.
[INFO] Rocket. Step: 14180000. Time Elapsed: 13944.978 s. Mean Reward: -10.718. Std of Reward: 26.046. Training.
[INFO] Rocket. Step: 14200000. Time Elapsed: 13962.219 s. Mean Reward: -10.646. Std of Reward: 25.015. Training.
[INFO] Rocket. Step: 14220000. Time Elapsed: 13985.888 s. Mean Reward: -8.147. Std of Reward: 25.724. Training.
[INFO] Rocket. Step: 14240000. Time Elapsed: 14004.710 s. Mean Reward: -19.076. Std of Reward: 27.288. Training.
[INFO] Rocket. Step: 14260000. Time Elapsed: 14029.767 s. Mean Reward: -12.435. Std of Reward: 23.717. Training.
[INFO] Rocket. Step: 14280000. Time Elapsed: 14046.989 s. Mean Reward: -15.613. Std of Reward: 29.375. Training.
[INFO] Rocket. Step: 14300000. Time Elapsed: 14071.544 s. Mean Reward: -12.053. Std of Reward: 25.100. Training.
[INFO] Rocket. Step: 14320000. Time Elapsed: 14090.151 s. Mean Reward: -16.868. Std of Reward: 27.660. Training.
[INFO] Rocket. Step: 14340000. Time Elapsed: 14114.666 s. Mean Reward: -16.319. Std of Reward: 26.958. Training.
[INFO] Rocket. Step: 14360000. Time Elapsed: 14130.716 s. Mean Reward: -19.902. Std of Reward: 23.785. Training.
[INFO] Rocket. Step: 14380000. Time Elapsed: 14154.579 s. Mean Reward: -14.276. Std of Reward: 26.855. Training.
[INFO] Rocket. Step: 14400000. Time Elapsed: 14172.599 s. Mean Reward: -19.086. Std of Reward: 25.478. Training.
[INFO] Rocket. Step: 14420000. Time Elapsed: 14197.177 s. Mean Reward: -13.067. Std of Reward: 29.390. Training.
[INFO] Rocket. Step: 14440000. Time Elapsed: 14215.729 s. Mean Reward: -14.089. Std of Reward: 28.218. Training.
[INFO] Rocket. Step: 14460000. Time Elapsed: 14240.104 s. Mean Reward: -13.691. Std of Reward: 25.631. Training.
[INFO] Rocket. Step: 14480000. Time Elapsed: 14256.460 s. Mean Reward: -14.200. Std of Reward: 26.647. Training.
[INFO] Rocket. Step: 14500000. Time Elapsed: 14281.073 s. Mean Reward: -12.122. Std of Reward: 25.259. Training.
[INFO] Exported results\L11\Rocket\Rocket-14499862.onnx
[INFO] Rocket. Step: 14520000. Time Elapsed: 14298.580 s. Mean Reward: -12.040. Std of Reward: 25.317. Training.
[INFO] Rocket. Step: 14540000. Time Elapsed: 14322.754 s. Mean Reward: -16.944. Std of Reward: 22.680. Training.
[INFO] Rocket. Step: 14560000. Time Elapsed: 14341.075 s. Mean Reward: -16.244. Std of Reward: 26.489. Training.
[INFO] Rocket. Step: 14580000. Time Elapsed: 14366.982 s. Mean Reward: -8.854. Std of Reward: 26.028. Training.
[INFO] Rocket. Step: 14600000. Time Elapsed: 14384.314 s. Mean Reward: -14.245. Std of Reward: 25.852. Training.
[INFO] Rocket. Step: 14620000. Time Elapsed: 14402.188 s. Mean Reward: -14.181. Std of Reward: 25.995. Training.
[INFO] Rocket. Step: 14640000. Time Elapsed: 14426.357 s. Mean Reward: -12.796. Std of Reward: 25.544. Training.
[INFO] Rocket. Step: 14660000. Time Elapsed: 14444.330 s. Mean Reward: -14.488. Std of Reward: 25.095. Training.
[INFO] Rocket. Step: 14680000. Time Elapsed: 14468.000 s. Mean Reward: -16.720. Std of Reward: 25.507. Training.
[INFO] Rocket. Step: 14700000. Time Elapsed: 14485.351 s. Mean Reward: -11.678. Std of Reward: 26.705. Training.
[INFO] Rocket. Step: 14720000. Time Elapsed: 14510.268 s. Mean Reward: -15.102. Std of Reward: 27.789. Training.
[INFO] Rocket. Step: 14740000. Time Elapsed: 14528.588 s. Mean Reward: -14.316. Std of Reward: 26.828. Training.
[INFO] Rocket. Step: 14760000. Time Elapsed: 14553.526 s. Mean Reward: -13.483. Std of Reward: 27.408. Training.
[INFO] Rocket. Step: 14780000. Time Elapsed: 14570.383 s. Mean Reward: -14.458. Std of Reward: 25.727. Training.
[INFO] Rocket. Step: 14800000. Time Elapsed: 14595.413 s. Mean Reward: -14.784. Std of Reward: 26.115. Training.
[INFO] Rocket. Step: 14820000. Time Elapsed: 14613.668 s. Mean Reward: -16.207. Std of Reward: 25.754. Training.
[INFO] Rocket. Step: 14840000. Time Elapsed: 14637.279 s. Mean Reward: -8.896. Std of Reward: 25.202. Training.
[INFO] Rocket. Step: 14860000. Time Elapsed: 14654.937 s. Mean Reward: -11.938. Std of Reward: 24.809. Training.
[INFO] Rocket. Step: 14880000. Time Elapsed: 14679.785 s. Mean Reward: -12.996. Std of Reward: 27.743. Training.
[INFO] Rocket. Step: 14900000. Time Elapsed: 14696.016 s. Mean Reward: -12.262. Std of Reward: 24.320. Training.
[INFO] Rocket. Step: 14920000. Time Elapsed: 14720.790 s. Mean Reward: -12.279. Std of Reward: 26.943. Training.
[INFO] Rocket. Step: 14940000. Time Elapsed: 14738.607 s. Mean Reward: -12.544. Std of Reward: 25.907. Training.
[INFO] Rocket. Step: 14960000. Time Elapsed: 14763.435 s. Mean Reward: -9.289. Std of Reward: 27.475. Training.
[INFO] Rocket. Step: 14980000. Time Elapsed: 14781.584 s. Mean Reward: -16.285. Std of Reward: 26.502. Training.
[INFO] Rocket. Step: 15000000. Time Elapsed: 14806.649 s. Mean Reward: -16.446. Std of Reward: 25.162. Training.
[INFO] Exported results\L11\Rocket\Rocket-14999576.onnx
[INFO] Rocket. Step: 15020000. Time Elapsed: 14823.040 s. Mean Reward: -11.106. Std of Reward: 27.890. Training.
[INFO] Rocket. Step: 15040000. Time Elapsed: 14848.102 s. Mean Reward: -0.827. Std of Reward: 22.583. Training.
[INFO] Rocket. Step: 15060000. Time Elapsed: 14866.494 s. Mean Reward: -9.304. Std of Reward: 27.589. Training.
[INFO] Rocket. Step: 15080000. Time Elapsed: 14891.797 s. Mean Reward: -5.369. Std of Reward: 25.777. Training.
[INFO] Rocket. Step: 15100000. Time Elapsed: 14908.049 s. Mean Reward: -8.489. Std of Reward: 27.487. Training.
[INFO] Rocket. Step: 15120000. Time Elapsed: 14932.896 s. Mean Reward: -12.469. Std of Reward: 26.565. Training.
[INFO] Rocket. Step: 15140000. Time Elapsed: 14950.229 s. Mean Reward: -13.512. Std of Reward: 26.416. Training.
[INFO] Rocket. Step: 15160000. Time Elapsed: 14974.396 s. Mean Reward: -13.023. Std of Reward: 24.530. Training.
[INFO] Rocket. Step: 15180000. Time Elapsed: 14992.581 s. Mean Reward: -11.633. Std of Reward: 25.827. Training.
[INFO] Rocket. Step: 15200000. Time Elapsed: 15017.503 s. Mean Reward: -8.093. Std of Reward: 27.666. Training.
[INFO] Rocket. Step: 15220000. Time Elapsed: 15035.548 s. Mean Reward: -7.241. Std of Reward: 28.009. Training.
[INFO] Rocket. Step: 15240000. Time Elapsed: 15060.490 s. Mean Reward: -7.312. Std of Reward: 27.545. Training.
[INFO] Rocket. Step: 15260000. Time Elapsed: 15077.487 s. Mean Reward: -5.784. Std of Reward: 26.757. Training.
[INFO] Rocket. Step: 15280000. Time Elapsed: 15102.890 s. Mean Reward: -14.025. Std of Reward: 25.781. Training.
[INFO] Rocket. Step: 15300000. Time Elapsed: 15120.033 s. Mean Reward: -8.731. Std of Reward: 25.731. Training.
[INFO] Rocket. Step: 15320000. Time Elapsed: 15146.549 s. Mean Reward: -12.239. Std of Reward: 25.939. Training.
[INFO] Rocket. Step: 15340000. Time Elapsed: 15163.041 s. Mean Reward: -8.361. Std of Reward: 27.416. Training.
[INFO] Rocket. Step: 15360000. Time Elapsed: 15181.991 s. Mean Reward: -11.602. Std of Reward: 28.288. Training.
[INFO] Rocket. Step: 15380000. Time Elapsed: 15206.006 s. Mean Reward: -4.223. Std of Reward: 25.409. Training.
[INFO] Rocket. Step: 15400000. Time Elapsed: 15223.966 s. Mean Reward: -10.043. Std of Reward: 27.874. Training.
[INFO] Rocket. Step: 15420000. Time Elapsed: 15247.217 s. Mean Reward: -6.417. Std of Reward: 26.664. Training.
[INFO] Rocket. Step: 15440000. Time Elapsed: 15266.226 s. Mean Reward: -13.374. Std of Reward: 26.854. Training.
[INFO] Rocket. Step: 15460000. Time Elapsed: 15290.972 s. Mean Reward: -15.583. Std of Reward: 28.068. Training.
[INFO] Rocket. Step: 15480000. Time Elapsed: 15307.989 s. Mean Reward: -8.300. Std of Reward: 25.622. Training.
[INFO] Rocket. Step: 15500000. Time Elapsed: 15331.128 s. Mean Reward: -12.209. Std of Reward: 27.991. Training.
[INFO] Exported results\L11\Rocket\Rocket-15499975.onnx
[INFO] Rocket. Step: 15520000. Time Elapsed: 15350.211 s. Mean Reward: -11.820. Std of Reward: 25.151. Training.
[INFO] Rocket. Step: 15540000. Time Elapsed: 15373.009 s. Mean Reward: -17.925. Std of Reward: 23.750. Training.
[INFO] Rocket. Step: 15560000. Time Elapsed: 15392.308 s. Mean Reward: -14.814. Std of Reward: 27.852. Training.
[INFO] Rocket. Step: 15580000. Time Elapsed: 15417.203 s. Mean Reward: -11.688. Std of Reward: 27.209. Training.
[INFO] Rocket. Step: 15600000. Time Elapsed: 15434.074 s. Mean Reward: -8.582. Std of Reward: 24.708. Training.
[INFO] Rocket. Step: 15620000. Time Elapsed: 15457.186 s. Mean Reward: -14.298. Std of Reward: 25.918. Training.
[INFO] Rocket. Step: 15640000. Time Elapsed: 15476.430 s. Mean Reward: -13.259. Std of Reward: 26.961. Training.
[INFO] Rocket. Step: 15660000. Time Elapsed: 15499.644 s. Mean Reward: -10.230. Std of Reward: 27.514. Training.
[INFO] Rocket. Step: 15680000. Time Elapsed: 15517.742 s. Mean Reward: -7.149. Std of Reward: 27.032. Training.
[INFO] Rocket. Step: 15700000. Time Elapsed: 15541.860 s. Mean Reward: -12.619. Std of Reward: 27.031. Training.
[INFO] Rocket. Step: 15720000. Time Elapsed: 15560.244 s. Mean Reward: -9.345. Std of Reward: 28.892. Training.
[INFO] Rocket. Step: 15740000. Time Elapsed: 15586.474 s. Mean Reward: -17.857. Std of Reward: 27.614. Training.
[INFO] Rocket. Step: 15760000. Time Elapsed: 15602.145 s. Mean Reward: -9.497. Std of Reward: 27.016. Training.
[INFO] Rocket. Step: 15780000. Time Elapsed: 15628.296 s. Mean Reward: -2.850. Std of Reward: 25.026. Training.
[INFO] Rocket. Step: 15800000. Time Elapsed: 15646.403 s. Mean Reward: -5.675. Std of Reward: 26.653. Training.
[INFO] Rocket. Step: 15820000. Time Elapsed: 15670.392 s. Mean Reward: -18.740. Std of Reward: 29.841. Training.
[INFO] Rocket. Step: 15840000. Time Elapsed: 15689.329 s. Mean Reward: -7.999. Std of Reward: 28.777. Training.
[INFO] Rocket. Step: 15860000. Time Elapsed: 15715.177 s. Mean Reward: -18.824. Std of Reward: 29.031. Training.
[INFO] Rocket. Step: 15880000. Time Elapsed: 15730.811 s. Mean Reward: -11.961. Std of Reward: 27.504. Training.
[INFO] Rocket. Step: 15900000. Time Elapsed: 15756.438 s. Mean Reward: -11.976. Std of Reward: 28.321. Training.
[INFO] Rocket. Step: 15920000. Time Elapsed: 15772.938 s. Mean Reward: -6.759. Std of Reward: 28.290. Training.
[INFO] Rocket. Step: 15940000. Time Elapsed: 15798.568 s. Mean Reward: -10.169. Std of Reward: 29.416. Training.
[INFO] Rocket. Step: 15960000. Time Elapsed: 15814.824 s. Mean Reward: -7.320. Std of Reward: 25.010. Training.
[INFO] Rocket. Step: 15980000. Time Elapsed: 15841.020 s. Mean Reward: -9.772. Std of Reward: 27.325. Training.
[INFO] Rocket. Step: 16000000. Time Elapsed: 15856.833 s. Mean Reward: -7.283. Std of Reward: 27.853. Training.
[INFO] Exported results\L11\Rocket\Rocket-15999755.onnx
[INFO] Rocket. Step: 16020000. Time Elapsed: 15876.648 s. Mean Reward: -13.485. Std of Reward: 27.191. Training.
[INFO] Rocket. Step: 16040000. Time Elapsed: 15899.596 s. Mean Reward: 0.212. Std of Reward: 26.096. Training.
[INFO] Rocket. Step: 16060000. Time Elapsed: 15918.958 s. Mean Reward: -11.705. Std of Reward: 25.729. Training.
[INFO] Rocket. Step: 16080000. Time Elapsed: 15943.877 s. Mean Reward: -8.120. Std of Reward: 28.576. Training.
[INFO] Rocket. Step: 16100000. Time Elapsed: 15959.992 s. Mean Reward: -7.820. Std of Reward: 26.985. Training.
[INFO] Rocket. Step: 16120000. Time Elapsed: 15984.858 s. Mean Reward: -11.513. Std of Reward: 26.607. Training.
[INFO] Rocket. Step: 16140000. Time Elapsed: 16002.972 s. Mean Reward: -8.873. Std of Reward: 27.503. Training.
[INFO] Rocket. Step: 16160000. Time Elapsed: 16027.114 s. Mean Reward: -5.556. Std of Reward: 26.199. Training.
[INFO] Rocket. Step: 16180000. Time Elapsed: 16044.082 s. Mean Reward: -5.428. Std of Reward: 26.334. Training.
[INFO] Rocket. Step: 16200000. Time Elapsed: 16069.668 s. Mean Reward: -7.857. Std of Reward: 24.754. Training.
[INFO] Rocket. Step: 16220000. Time Elapsed: 16087.974 s. Mean Reward: -1.956. Std of Reward: 25.535. Training.
[INFO] Rocket. Step: 16240000. Time Elapsed: 16112.112 s. Mean Reward: -9.576. Std of Reward: 28.538. Training.
[INFO] Rocket. Step: 16260000. Time Elapsed: 16130.808 s. Mean Reward: -6.922. Std of Reward: 27.074. Training.
[INFO] Rocket. Step: 16280000. Time Elapsed: 16154.566 s. Mean Reward: -6.860. Std of Reward: 24.518. Training.
[INFO] Rocket. Step: 16300000. Time Elapsed: 16172.991 s. Mean Reward: -6.415. Std of Reward: 29.405. Training.
[INFO] Rocket. Step: 16320000. Time Elapsed: 16197.161 s. Mean Reward: 1.753. Std of Reward: 23.138. Training.
[INFO] Rocket. Step: 16340000. Time Elapsed: 16214.894 s. Mean Reward: -10.989. Std of Reward: 28.840. Training.
[INFO] Rocket. Step: 16360000. Time Elapsed: 16241.105 s. Mean Reward: -10.871. Std of Reward: 28.115. Training.
[INFO] Rocket. Step: 16380000. Time Elapsed: 16257.559 s. Mean Reward: -6.664. Std of Reward: 26.239. Training.
[INFO] Rocket. Step: 16400000. Time Elapsed: 16281.515 s. Mean Reward: -6.892. Std of Reward: 26.684. Training.
[INFO] Rocket. Step: 16420000. Time Elapsed: 16300.830 s. Mean Reward: -11.140. Std of Reward: 29.095. Training.
[INFO] Rocket. Step: 16440000. Time Elapsed: 16324.645 s. Mean Reward: -5.772. Std of Reward: 28.845. Training.
[INFO] Rocket. Step: 16460000. Time Elapsed: 16341.872 s. Mean Reward: 3.208. Std of Reward: 22.511. Training.
[INFO] Rocket. Step: 16480000. Time Elapsed: 16366.609 s. Mean Reward: -6.889. Std of Reward: 26.325. Training.
[INFO] Rocket. Step: 16500000. Time Elapsed: 16385.907 s. Mean Reward: -6.172. Std of Reward: 28.840. Training.
[INFO] Exported results\L11\Rocket\Rocket-16499697.onnx
[INFO] Rocket. Step: 16520000. Time Elapsed: 16411.515 s. Mean Reward: 6.722. Std of Reward: 20.250. Training.
[INFO] Rocket. Step: 16540000. Time Elapsed: 16428.478 s. Mean Reward: -6.471. Std of Reward: 27.737. Training.
[INFO] Rocket. Step: 16560000. Time Elapsed: 16452.841 s. Mean Reward: -4.427. Std of Reward: 26.529. Training.
[INFO] Rocket. Step: 16580000. Time Elapsed: 16471.196 s. Mean Reward: -9.867. Std of Reward: 28.716. Training.
[INFO] Rocket. Step: 16600000. Time Elapsed: 16495.796 s. Mean Reward: -8.581. Std of Reward: 27.591. Training.
[INFO] Rocket. Step: 16620000. Time Elapsed: 16514.045 s. Mean Reward: -7.346. Std of Reward: 26.503. Training.
[INFO] Rocket. Step: 16640000. Time Elapsed: 16538.718 s. Mean Reward: -5.460. Std of Reward: 26.679. Training.
[INFO] Rocket. Step: 16660000. Time Elapsed: 16556.361 s. Mean Reward: -2.367. Std of Reward: 24.960. Training.
[INFO] Rocket. Step: 16680000. Time Elapsed: 16573.423 s. Mean Reward: -2.552. Std of Reward: 26.839. Training.
[INFO] Rocket. Step: 16700000. Time Elapsed: 16598.544 s. Mean Reward: -3.894. Std of Reward: 27.452. Training.
[INFO] Rocket. Step: 16720000. Time Elapsed: 16615.863 s. Mean Reward: -11.792. Std of Reward: 29.769. Training.
[INFO] Rocket. Step: 16740000. Time Elapsed: 16641.088 s. Mean Reward: -7.933. Std of Reward: 25.826. Training.
[INFO] Rocket. Step: 16760000. Time Elapsed: 16657.589 s. Mean Reward: -2.106. Std of Reward: 24.264. Training.
[INFO] Rocket. Step: 16780000. Time Elapsed: 16682.600 s. Mean Reward: -3.441. Std of Reward: 25.783. Training.
[INFO] Rocket. Step: 16800000. Time Elapsed: 16700.369 s. Mean Reward: -9.452. Std of Reward: 28.804. Training.
[INFO] Rocket. Step: 16820000. Time Elapsed: 16725.779 s. Mean Reward: -2.909. Std of Reward: 26.746. Training.
[INFO] Rocket. Step: 16840000. Time Elapsed: 16743.481 s. Mean Reward: -5.353. Std of Reward: 26.139. Training.
[INFO] Rocket. Step: 16860000. Time Elapsed: 16769.351 s. Mean Reward: -7.652. Std of Reward: 28.428. Training.
[INFO] Rocket. Step: 16880000. Time Elapsed: 16787.114 s. Mean Reward: -3.248. Std of Reward: 25.125. Training.
[INFO] Rocket. Step: 16900000. Time Elapsed: 16812.048 s. Mean Reward: -3.907. Std of Reward: 27.158. Training.
[INFO] Rocket. Step: 16920000. Time Elapsed: 16829.686 s. Mean Reward: 1.905. Std of Reward: 24.024. Training.
[INFO] Rocket. Step: 16940000. Time Elapsed: 16853.040 s. Mean Reward: -4.829. Std of Reward: 26.394. Training.
[INFO] Rocket. Step: 16960000. Time Elapsed: 16870.839 s. Mean Reward: -8.978. Std of Reward: 28.901. Training.
[INFO] Rocket. Step: 16980000. Time Elapsed: 16895.555 s. Mean Reward: -7.960. Std of Reward: 26.806. Training.
[INFO] Rocket. Step: 17000000. Time Elapsed: 16912.446 s. Mean Reward: -8.957. Std of Reward: 28.744. Training.
[INFO] Exported results\L11\Rocket\Rocket-16999820.onnx
[INFO] Rocket. Step: 17020000. Time Elapsed: 16937.676 s. Mean Reward: -9.534. Std of Reward: 26.428. Training.
[INFO] Rocket. Step: 17040000. Time Elapsed: 16955.394 s. Mean Reward: 1.763. Std of Reward: 23.951. Training.
[INFO] Rocket. Step: 17060000. Time Elapsed: 16979.662 s. Mean Reward: -6.623. Std of Reward: 28.281. Training.
[INFO] Rocket. Step: 17080000. Time Elapsed: 16998.380 s. Mean Reward: -7.484. Std of Reward: 27.326. Training.
[INFO] Rocket. Step: 17100000. Time Elapsed: 17022.744 s. Mean Reward: -5.776. Std of Reward: 26.575. Training.
[INFO] Rocket. Step: 17120000. Time Elapsed: 17040.914 s. Mean Reward: -5.815. Std of Reward: 26.056. Training.
[INFO] Rocket. Step: 17140000. Time Elapsed: 17063.741 s. Mean Reward: -6.865. Std of Reward: 24.349. Training.
[INFO] Rocket. Step: 17160000. Time Elapsed: 17083.112 s. Mean Reward: -3.297. Std of Reward: 26.747. Training.
[INFO] Rocket. Step: 17180000. Time Elapsed: 17106.754 s. Mean Reward: -1.290. Std of Reward: 26.774. Training.
[INFO] Rocket. Step: 17200000. Time Elapsed: 17126.020 s. Mean Reward: -4.260. Std of Reward: 26.831. Training.
[INFO] Rocket. Step: 17220000. Time Elapsed: 17149.342 s. Mean Reward: -7.785. Std of Reward: 26.974. Training.
[INFO] Rocket. Step: 17240000. Time Elapsed: 17166.791 s. Mean Reward: -11.294. Std of Reward: 27.296. Training.
[INFO] Rocket. Step: 17260000. Time Elapsed: 17191.412 s. Mean Reward: -5.469. Std of Reward: 29.867. Training.
[INFO] Rocket. Step: 17280000. Time Elapsed: 17208.826 s. Mean Reward: 1.784. Std of Reward: 24.465. Training.
[INFO] Rocket. Step: 17300000. Time Elapsed: 17234.890 s. Mean Reward: -4.548. Std of Reward: 27.743. Training.
[INFO] Rocket. Step: 17320000. Time Elapsed: 17253.069 s. Mean Reward: 1.598. Std of Reward: 25.954. Training.
[INFO] Rocket. Step: 17340000. Time Elapsed: 17277.671 s. Mean Reward: -6.547. Std of Reward: 29.582. Training.
[INFO] Rocket. Step: 17360000. Time Elapsed: 17294.530 s. Mean Reward: -4.405. Std of Reward: 30.815. Training.
[INFO] Rocket. Step: 17380000. Time Elapsed: 17314.235 s. Mean Reward: 0.204. Std of Reward: 25.715. Training.
[INFO] Rocket. Step: 17400000. Time Elapsed: 17337.590 s. Mean Reward: 3.708. Std of Reward: 22.275. Training.
[INFO] Rocket. Step: 17420000. Time Elapsed: 17355.457 s. Mean Reward: 6.220. Std of Reward: 20.207. Training.
[INFO] Rocket. Step: 17440000. Time Elapsed: 17381.659 s. Mean Reward: -4.722. Std of Reward: 26.339. Training.
[INFO] Rocket. Step: 17460000. Time Elapsed: 17399.786 s. Mean Reward: 1.722. Std of Reward: 25.225. Training.
[INFO] Rocket. Step: 17480000. Time Elapsed: 17424.464 s. Mean Reward: -4.401. Std of Reward: 27.730. Training.
[INFO] Rocket. Step: 17500000. Time Elapsed: 17442.058 s. Mean Reward: -11.928. Std of Reward: 32.130. Training.
[INFO] Exported results\L11\Rocket\Rocket-17499961.onnx
[INFO] Rocket. Step: 17520000. Time Elapsed: 17465.896 s. Mean Reward: -5.260. Std of Reward: 26.576. Training.
[INFO] Rocket. Step: 17540000. Time Elapsed: 17484.926 s. Mean Reward: -1.976. Std of Reward: 26.900. Training.
[INFO] Rocket. Step: 17560000. Time Elapsed: 17509.149 s. Mean Reward: -5.568. Std of Reward: 29.938. Training.
[INFO] Rocket. Step: 17580000. Time Elapsed: 17527.919 s. Mean Reward: 4.667. Std of Reward: 22.829. Training.
[INFO] Rocket. Step: 17600000. Time Elapsed: 17552.024 s. Mean Reward: -1.631. Std of Reward: 26.511. Training.
[INFO] Rocket. Step: 17620000. Time Elapsed: 17570.152 s. Mean Reward: -2.991. Std of Reward: 27.277. Training.
[INFO] Rocket. Step: 17640000. Time Elapsed: 17596.082 s. Mean Reward: 1.311. Std of Reward: 25.452. Training.
[INFO] Rocket. Step: 17660000. Time Elapsed: 17613.502 s. Mean Reward: 5.327. Std of Reward: 19.908. Training.
[INFO] Rocket. Step: 17680000. Time Elapsed: 17637.322 s. Mean Reward: -3.596. Std of Reward: 25.477. Training.
[INFO] Rocket. Step: 17700000. Time Elapsed: 17655.914 s. Mean Reward: -1.454. Std of Reward: 25.789. Training.
[INFO] Rocket. Step: 17720000. Time Elapsed: 17681.016 s. Mean Reward: -0.591. Std of Reward: 25.570. Training.
[INFO] Rocket. Step: 17740000. Time Elapsed: 17700.242 s. Mean Reward: 0.742. Std of Reward: 25.123. Training.
[INFO] Rocket. Step: 17760000. Time Elapsed: 17724.383 s. Mean Reward: -5.529. Std of Reward: 26.094. Training.
[INFO] Rocket. Step: 17780000. Time Elapsed: 17742.061 s. Mean Reward: -0.889. Std of Reward: 25.347. Training.
[INFO] Rocket. Step: 17800000. Time Elapsed: 17767.393 s. Mean Reward: -5.999. Std of Reward: 29.461. Training.
[INFO] Rocket. Step: 17820000. Time Elapsed: 17784.574 s. Mean Reward: 0.132. Std of Reward: 25.711. Training.
[INFO] Rocket. Step: 17840000. Time Elapsed: 17809.872 s. Mean Reward: -3.430. Std of Reward: 26.097. Training.
[INFO] Rocket. Step: 17860000. Time Elapsed: 17828.439 s. Mean Reward: 0.509. Std of Reward: 26.013. Training.
[INFO] Rocket. Step: 17880000. Time Elapsed: 17852.746 s. Mean Reward: 2.414. Std of Reward: 22.748. Training.
[INFO] Rocket. Step: 17900000. Time Elapsed: 17870.157 s. Mean Reward: -12.201. Std of Reward: 31.445. Training.
[INFO] Rocket. Step: 17920000. Time Elapsed: 17895.188 s. Mean Reward: -1.447. Std of Reward: 25.886. Training.
[INFO] Rocket. Step: 17940000. Time Elapsed: 17913.820 s. Mean Reward: 4.687. Std of Reward: 24.184. Training.
[INFO] Rocket. Step: 17960000. Time Elapsed: 17939.113 s. Mean Reward: -6.710. Std of Reward: 26.646. Training.
[INFO] Rocket. Step: 17980000. Time Elapsed: 17957.266 s. Mean Reward: -1.645. Std of Reward: 25.382. Training.
[INFO] Rocket. Step: 18000000. Time Elapsed: 17982.551 s. Mean Reward: -3.190. Std of Reward: 25.511. Training.
[INFO] Exported results\L11\Rocket\Rocket-17999665.onnx
[INFO] Rocket. Step: 18020000. Time Elapsed: 18000.111 s. Mean Reward: -6.747. Std of Reward: 29.867. Training.
[INFO] Rocket. Step: 18040000. Time Elapsed: 18018.209 s. Mean Reward: 3.708. Std of Reward: 24.828. Training.
[INFO] Rocket. Step: 18060000. Time Elapsed: 18042.540 s. Mean Reward: -4.597. Std of Reward: 25.544. Training.
[INFO] Rocket. Step: 18080000. Time Elapsed: 18061.374 s. Mean Reward: -5.537. Std of Reward: 30.022. Training.
[INFO] Rocket. Step: 18100000. Time Elapsed: 18084.794 s. Mean Reward: -7.472. Std of Reward: 28.240. Training.
[INFO] Rocket. Step: 18120000. Time Elapsed: 18103.483 s. Mean Reward: -4.231. Std of Reward: 28.718. Training.
[INFO] Rocket. Step: 18140000. Time Elapsed: 18128.485 s. Mean Reward: 1.006. Std of Reward: 25.431. Training.
[INFO] Rocket. Step: 18160000. Time Elapsed: 18146.944 s. Mean Reward: 6.895. Std of Reward: 21.207. Training.
[INFO] Rocket. Step: 18180000. Time Elapsed: 18170.777 s. Mean Reward: -7.972. Std of Reward: 28.497. Training.
[INFO] Rocket. Step: 18200000. Time Elapsed: 18190.144 s. Mean Reward: -4.832. Std of Reward: 25.250. Training.
[INFO] Rocket. Step: 18220000. Time Elapsed: 18214.225 s. Mean Reward: 0.615. Std of Reward: 23.020. Training.
[INFO] Rocket. Step: 18240000. Time Elapsed: 18231.998 s. Mean Reward: -5.232. Std of Reward: 28.899. Training.
[INFO] Rocket. Step: 18260000. Time Elapsed: 18256.444 s. Mean Reward: -1.455. Std of Reward: 28.506. Training.
[INFO] Rocket. Step: 18280000. Time Elapsed: 18275.103 s. Mean Reward: -13.998. Std of Reward: 28.377. Training.
[INFO] Rocket. Step: 18300000. Time Elapsed: 18298.112 s. Mean Reward: -2.599. Std of Reward: 28.239. Training.
[INFO] Rocket. Step: 18320000. Time Elapsed: 18315.744 s. Mean Reward: -3.809. Std of Reward: 26.568. Training.
[INFO] Rocket. Step: 18340000. Time Elapsed: 18340.845 s. Mean Reward: 0.323. Std of Reward: 25.312. Training.
[INFO] Rocket. Step: 18360000. Time Elapsed: 18359.205 s. Mean Reward: -1.847. Std of Reward: 27.273. Training.
[INFO] Rocket. Step: 18380000. Time Elapsed: 18385.012 s. Mean Reward: 3.127. Std of Reward: 23.516. Training.
[INFO] Rocket. Step: 18400000. Time Elapsed: 18403.068 s. Mean Reward: 0.522. Std of Reward: 26.482. Training.
[INFO] Rocket. Step: 18420000. Time Elapsed: 18426.700 s. Mean Reward: 1.807. Std of Reward: 24.755. Training.
[INFO] Rocket. Step: 18440000. Time Elapsed: 18445.471 s. Mean Reward: 0.504. Std of Reward: 22.387. Training.
[INFO] Rocket. Step: 18460000. Time Elapsed: 18470.782 s. Mean Reward: 1.242. Std of Reward: 23.883. Training.
[INFO] Rocket. Step: 18480000. Time Elapsed: 18488.110 s. Mean Reward: 0.291. Std of Reward: 24.293. Training.
[INFO] Rocket. Step: 18500000. Time Elapsed: 18512.265 s. Mean Reward: 2.437. Std of Reward: 22.485. Training.
[INFO] Exported results\L11\Rocket\Rocket-18499805.onnx
[INFO] Rocket. Step: 18520000. Time Elapsed: 18530.415 s. Mean Reward: 6.028. Std of Reward: 23.229. Training.
[INFO] Rocket. Step: 18540000. Time Elapsed: 18553.920 s. Mean Reward: -9.687. Std of Reward: 28.130. Training.
[INFO] Rocket. Step: 18560000. Time Elapsed: 18573.950 s. Mean Reward: 1.576. Std of Reward: 24.375. Training.
[INFO] Rocket. Step: 18580000. Time Elapsed: 18598.360 s. Mean Reward: -2.417. Std of Reward: 25.602. Training.
[INFO] Rocket. Step: 18600000. Time Elapsed: 18616.776 s. Mean Reward: 3.993. Std of Reward: 20.702. Training.
[INFO] Rocket. Step: 18620000. Time Elapsed: 18641.438 s. Mean Reward: 3.865. Std of Reward: 23.635. Training.
[INFO] Rocket. Step: 18640000. Time Elapsed: 18658.986 s. Mean Reward: 3.197. Std of Reward: 22.970. Training.
[INFO] Rocket. Step: 18660000. Time Elapsed: 18684.367 s. Mean Reward: 5.738. Std of Reward: 23.661. Training.
[INFO] Rocket. Step: 18680000. Time Elapsed: 18701.571 s. Mean Reward: 5.718. Std of Reward: 20.646. Training.
[INFO] Rocket. Step: 18700000. Time Elapsed: 18718.852 s. Mean Reward: 0.723. Std of Reward: 24.401. Training.
[INFO] Rocket. Step: 18720000. Time Elapsed: 18745.430 s. Mean Reward: 5.680. Std of Reward: 23.167. Training.
[INFO] Rocket. Step: 18740000. Time Elapsed: 18762.385 s. Mean Reward: 1.499. Std of Reward: 26.197. Training.
[INFO] Rocket. Step: 18760000. Time Elapsed: 18786.041 s. Mean Reward: 5.091. Std of Reward: 24.751. Training.
[INFO] Rocket. Step: 18780000. Time Elapsed: 18805.495 s. Mean Reward: 9.009. Std of Reward: 18.271. Training.
[INFO] Rocket. Step: 18800000. Time Elapsed: 18829.861 s. Mean Reward: 7.654. Std of Reward: 21.385. Training.
[INFO] Rocket. Step: 18820000. Time Elapsed: 18847.198 s. Mean Reward: 2.583. Std of Reward: 26.682. Training.
[INFO] Rocket. Step: 18840000. Time Elapsed: 18871.607 s. Mean Reward: 7.744. Std of Reward: 21.927. Training.
[INFO] Rocket. Step: 18860000. Time Elapsed: 18891.711 s. Mean Reward: 0.203. Std of Reward: 25.870. Training.
[INFO] Rocket. Step: 18880000. Time Elapsed: 18917.299 s. Mean Reward: 5.369. Std of Reward: 22.295. Training.
[INFO] Rocket. Step: 18900000. Time Elapsed: 18933.372 s. Mean Reward: -0.464. Std of Reward: 26.192. Training.
[INFO] Rocket. Step: 18920000. Time Elapsed: 18957.987 s. Mean Reward: 6.403. Std of Reward: 26.810. Training.
[INFO] Rocket. Step: 18940000. Time Elapsed: 18976.027 s. Mean Reward: 5.670. Std of Reward: 23.441. Training.
[INFO] Rocket. Step: 18960000. Time Elapsed: 19002.153 s. Mean Reward: 3.048. Std of Reward: 23.496. Training.
[INFO] Rocket. Step: 18980000. Time Elapsed: 19020.397 s. Mean Reward: 3.565. Std of Reward: 24.120. Training.
[INFO] Rocket. Step: 19000000. Time Elapsed: 19045.247 s. Mean Reward: 4.556. Std of Reward: 21.213. Training.
[INFO] Exported results\L11\Rocket\Rocket-18999720.onnx
[INFO] Rocket. Step: 19020000. Time Elapsed: 19062.465 s. Mean Reward: 0.426. Std of Reward: 25.192. Training.
[INFO] Rocket. Step: 19040000. Time Elapsed: 19087.068 s. Mean Reward: 6.161. Std of Reward: 24.630. Training.
[INFO] Rocket. Step: 19060000. Time Elapsed: 19105.118 s. Mean Reward: -1.641. Std of Reward: 28.770. Training.
[INFO] Rocket. Step: 19080000. Time Elapsed: 19128.946 s. Mean Reward: 6.559. Std of Reward: 19.075. Training.
[INFO] Rocket. Step: 19100000. Time Elapsed: 19148.671 s. Mean Reward: -2.195. Std of Reward: 28.770. Training.
[INFO] Rocket. Step: 19120000. Time Elapsed: 19173.747 s. Mean Reward: -0.402. Std of Reward: 26.575. Training.
[INFO] Rocket. Step: 19140000. Time Elapsed: 19191.560 s. Mean Reward: 2.590. Std of Reward: 23.819. Training.
[INFO] Rocket. Step: 19160000. Time Elapsed: 19214.900 s. Mean Reward: -1.394. Std of Reward: 28.039. Training.
[INFO] Rocket. Step: 19180000. Time Elapsed: 19232.718 s. Mean Reward: 9.441. Std of Reward: 18.633. Training.
[INFO] Rocket. Step: 19200000. Time Elapsed: 19258.438 s. Mean Reward: 8.741. Std of Reward: 22.301. Training.
[INFO] Rocket. Step: 19220000. Time Elapsed: 19277.040 s. Mean Reward: 11.109. Std of Reward: 18.953. Training.
[INFO] Rocket. Step: 19240000. Time Elapsed: 19301.994 s. Mean Reward: 3.411. Std of Reward: 23.030. Training.
[INFO] Rocket. Step: 19260000. Time Elapsed: 19319.752 s. Mean Reward: 0.086. Std of Reward: 26.257. Training.
[INFO] Rocket. Step: 19280000. Time Elapsed: 19343.891 s. Mean Reward: 4.910. Std of Reward: 23.280. Training.
[INFO] Rocket. Step: 19300000. Time Elapsed: 19362.064 s. Mean Reward: 5.344. Std of Reward: 22.071. Training.
[INFO] Rocket. Step: 19320000. Time Elapsed: 19387.684 s. Mean Reward: 1.684. Std of Reward: 26.745. Training.
[INFO] Rocket. Step: 19340000. Time Elapsed: 19404.296 s. Mean Reward: -3.945. Std of Reward: 27.635. Training.
[INFO] Rocket. Step: 19360000. Time Elapsed: 19422.065 s. Mean Reward: 0.635. Std of Reward: 27.866. Training.
[INFO] Rocket. Step: 19380000. Time Elapsed: 19449.071 s. Mean Reward: 3.653. Std of Reward: 24.938. Training.
[INFO] Rocket. Step: 19400000. Time Elapsed: 19466.137 s. Mean Reward: -2.413. Std of Reward: 28.509. Training.
[INFO] Rocket. Step: 19420000. Time Elapsed: 19491.629 s. Mean Reward: 1.260. Std of Reward: 26.521. Training.
[INFO] Rocket. Step: 19440000. Time Elapsed: 19508.526 s. Mean Reward: 5.276. Std of Reward: 20.447. Training.
[INFO] Rocket. Step: 19460000. Time Elapsed: 19534.077 s. Mean Reward: 7.926. Std of Reward: 21.441. Training.
[INFO] Rocket. Step: 19480000. Time Elapsed: 19551.834 s. Mean Reward: 4.776. Std of Reward: 24.226. Training.
[INFO] Rocket. Step: 19500000. Time Elapsed: 19575.934 s. Mean Reward: 6.840. Std of Reward: 23.397. Training.
[INFO] Exported results\L11\Rocket\Rocket-19499578.onnx
[INFO] Rocket. Step: 19520000. Time Elapsed: 19596.033 s. Mean Reward: 3.952. Std of Reward: 27.326. Training.
[INFO] Rocket. Step: 19540000. Time Elapsed: 19618.817 s. Mean Reward: 8.849. Std of Reward: 18.982. Training.
[INFO] Rocket. Step: 19560000. Time Elapsed: 19637.575 s. Mean Reward: -0.722. Std of Reward: 27.310. Training.
[INFO] Rocket. Step: 19580000. Time Elapsed: 19661.931 s. Mean Reward: 3.084. Std of Reward: 25.990. Training.
[INFO] Rocket. Step: 19600000. Time Elapsed: 19680.602 s. Mean Reward: 6.518. Std of Reward: 19.909. Training.
[INFO] Rocket. Step: 19620000. Time Elapsed: 19706.124 s. Mean Reward: 8.770. Std of Reward: 19.396. Training.
[INFO] Rocket. Step: 19640000. Time Elapsed: 19724.946 s. Mean Reward: 1.299. Std of Reward: 26.816. Training.
[INFO] Rocket. Step: 19660000. Time Elapsed: 19749.511 s. Mean Reward: 4.797. Std of Reward: 25.512. Training.
[INFO] Rocket. Step: 19680000. Time Elapsed: 19765.666 s. Mean Reward: -4.399. Std of Reward: 28.543. Training.
[INFO] Rocket. Step: 19700000. Time Elapsed: 19791.323 s. Mean Reward: 3.268. Std of Reward: 23.958. Training.
[INFO] Rocket. Step: 19720000. Time Elapsed: 19809.289 s. Mean Reward: 0.125. Std of Reward: 25.958. Training.
[INFO] Rocket. Step: 19740000. Time Elapsed: 19833.543 s. Mean Reward: -1.629. Std of Reward: 28.467. Training.
[INFO] Rocket. Step: 19760000. Time Elapsed: 19851.263 s. Mean Reward: 4.006. Std of Reward: 23.628. Training.
[INFO] Rocket. Step: 19780000. Time Elapsed: 19876.018 s. Mean Reward: 9.110. Std of Reward: 20.205. Training.
[INFO] Rocket. Step: 19800000. Time Elapsed: 19895.040 s. Mean Reward: 11.869. Std of Reward: 20.234. Training.
[INFO] Rocket. Step: 19820000. Time Elapsed: 19919.117 s. Mean Reward: 7.972. Std of Reward: 23.311. Training.
[INFO] Rocket. Step: 19840000. Time Elapsed: 19937.859 s. Mean Reward: 2.464. Std of Reward: 24.993. Training.
[INFO] Rocket. Step: 19860000. Time Elapsed: 19961.587 s. Mean Reward: -1.747. Std of Reward: 25.730. Training.
[INFO] Rocket. Step: 19880000. Time Elapsed: 19979.935 s. Mean Reward: 4.607. Std of Reward: 24.047. Training.
[INFO] Rocket. Step: 19900000. Time Elapsed: 20004.696 s. Mean Reward: 3.389. Std of Reward: 24.397. Training.
[INFO] Rocket. Step: 19920000. Time Elapsed: 20021.843 s. Mean Reward: 3.937. Std of Reward: 24.512. Training.
[INFO] Rocket. Step: 19940000. Time Elapsed: 20047.503 s. Mean Reward: -3.038. Std of Reward: 27.681. Training.
[INFO] Rocket. Step: 19960000. Time Elapsed: 20065.150 s. Mean Reward: 2.763. Std of Reward: 25.191. Training.
[INFO] Rocket. Step: 19980000. Time Elapsed: 20083.699 s. Mean Reward: 2.169. Std of Reward: 27.450. Training.
[INFO] Rocket. Step: 20000000. Time Elapsed: 20108.355 s. Mean Reward: 3.665. Std of Reward: 26.990. Training.
[INFO] Exported results\L11\Rocket\Rocket-19999711.onnx
[INFO] Rocket. Step: 20020000. Time Elapsed: 20125.899 s. Mean Reward: -1.420. Std of Reward: 27.986. Training.
[INFO] Rocket. Step: 20040000. Time Elapsed: 20151.231 s. Mean Reward: 5.193. Std of Reward: 21.152. Training.
[INFO] Rocket. Step: 20060000. Time Elapsed: 20168.368 s. Mean Reward: 6.586. Std of Reward: 21.933. Training.
[INFO] Rocket. Step: 20080000. Time Elapsed: 20193.745 s. Mean Reward: 8.638. Std of Reward: 19.109. Training.
[INFO] Rocket. Step: 20100000. Time Elapsed: 20212.300 s. Mean Reward: 7.724. Std of Reward: 24.483. Training.
[INFO] Rocket. Step: 20120000. Time Elapsed: 20237.416 s. Mean Reward: 4.071. Std of Reward: 24.690. Training.
[INFO] Rocket. Step: 20140000. Time Elapsed: 20256.419 s. Mean Reward: 8.802. Std of Reward: 21.607. Training.
[INFO] Rocket. Step: 20160000. Time Elapsed: 20280.262 s. Mean Reward: 7.172. Std of Reward: 22.303. Training.
[INFO] Rocket. Step: 20180000. Time Elapsed: 20299.215 s. Mean Reward: -3.257. Std of Reward: 28.697. Training.
[INFO] Rocket. Step: 20200000. Time Elapsed: 20322.766 s. Mean Reward: 6.909. Std of Reward: 24.728. Training.
[INFO] Rocket. Step: 20220000. Time Elapsed: 20342.876 s. Mean Reward: -5.874. Std of Reward: 28.168. Training.
[INFO] Rocket. Step: 20240000. Time Elapsed: 20364.962 s. Mean Reward: -2.697. Std of Reward: 28.479. Training.
[INFO] Rocket. Step: 20260000. Time Elapsed: 20384.652 s. Mean Reward: 12.085. Std of Reward: 18.049. Training.
[INFO] Rocket. Step: 20280000. Time Elapsed: 20408.436 s. Mean Reward: 5.190. Std of Reward: 26.741. Training.
[INFO] Rocket. Step: 20300000. Time Elapsed: 20426.597 s. Mean Reward: 4.129. Std of Reward: 23.712. Training.
[INFO] Rocket. Step: 20320000. Time Elapsed: 20450.773 s. Mean Reward: -6.595. Std of Reward: 27.582. Training.
[INFO] Rocket. Step: 20340000. Time Elapsed: 20468.658 s. Mean Reward: -0.801. Std of Reward: 26.144. Training.
[INFO] Rocket. Step: 20360000. Time Elapsed: 20491.685 s. Mean Reward: 9.310. Std of Reward: 19.112. Training.
[INFO] Rocket. Step: 20380000. Time Elapsed: 20512.920 s. Mean Reward: 2.451. Std of Reward: 23.558. Training.
[INFO] Rocket. Step: 20400000. Time Elapsed: 20536.744 s. Mean Reward: 4.421. Std of Reward: 23.269. Training.
[INFO] Rocket. Step: 20420000. Time Elapsed: 20554.046 s. Mean Reward: 2.400. Std of Reward: 27.192. Training.
[INFO] Rocket. Step: 20440000. Time Elapsed: 20578.883 s. Mean Reward: -0.452. Std of Reward: 25.055. Training.
[INFO] Rocket. Step: 20460000. Time Elapsed: 20597.075 s. Mean Reward: 2.579. Std of Reward: 24.978. Training.
[INFO] Rocket. Step: 20480000. Time Elapsed: 20621.580 s. Mean Reward: 3.320. Std of Reward: 24.724. Training.
[INFO] Rocket. Step: 20500000. Time Elapsed: 20638.811 s. Mean Reward: -0.906. Std of Reward: 26.603. Training.
[INFO] Exported results\L11\Rocket\Rocket-20499763.onnx
[INFO] Rocket. Step: 20520000. Time Elapsed: 20663.730 s. Mean Reward: 0.517. Std of Reward: 27.714. Training.
[INFO] Rocket. Step: 20540000. Time Elapsed: 20681.190 s. Mean Reward: -0.487. Std of Reward: 27.155. Training.
[INFO] Rocket. Step: 20560000. Time Elapsed: 20706.139 s. Mean Reward: 2.270. Std of Reward: 23.156. Training.
[INFO] Rocket. Step: 20580000. Time Elapsed: 20724.370 s. Mean Reward: 1.842. Std of Reward: 21.270. Training.
[INFO] Rocket. Step: 20600000. Time Elapsed: 20751.444 s. Mean Reward: 6.400. Std of Reward: 24.106. Training.
[INFO] Rocket. Step: 20620000. Time Elapsed: 20769.665 s. Mean Reward: 2.664. Std of Reward: 25.567. Training.
[INFO] Rocket. Step: 20640000. Time Elapsed: 20793.534 s. Mean Reward: -0.538. Std of Reward: 24.765. Training.
[INFO] Rocket. Step: 20660000. Time Elapsed: 20809.942 s. Mean Reward: 2.542. Std of Reward: 23.307. Training.
[INFO] Rocket. Step: 20680000. Time Elapsed: 20829.008 s. Mean Reward: -2.139. Std of Reward: 24.305. Training.
[INFO] Rocket. Step: 20700000. Time Elapsed: 20852.966 s. Mean Reward: -6.757. Std of Reward: 28.434. Training.
[INFO] Rocket. Step: 20720000. Time Elapsed: 20871.385 s. Mean Reward: 1.440. Std of Reward: 23.258. Training.
[INFO] Rocket. Step: 20740000. Time Elapsed: 20896.205 s. Mean Reward: -1.395. Std of Reward: 25.613. Training.
[INFO] Rocket. Step: 20760000. Time Elapsed: 20913.036 s. Mean Reward: 5.332. Std of Reward: 25.262. Training.
[INFO] Rocket. Step: 20780000. Time Elapsed: 20939.108 s. Mean Reward: 12.025. Std of Reward: 16.202. Training.
[INFO] Rocket. Step: 20800000. Time Elapsed: 20957.664 s. Mean Reward: 2.852. Std of Reward: 25.863. Training.
[INFO] Rocket. Step: 20820000. Time Elapsed: 20981.872 s. Mean Reward: 2.864. Std of Reward: 26.136. Training.
[INFO] Rocket. Step: 20840000. Time Elapsed: 21000.220 s. Mean Reward: 9.263. Std of Reward: 19.678. Training.
[INFO] Rocket. Step: 20860000. Time Elapsed: 21025.776 s. Mean Reward: -5.619. Std of Reward: 30.227. Training.
[INFO] Rocket. Step: 20880000. Time Elapsed: 21044.164 s. Mean Reward: 1.091. Std of Reward: 27.638. Training.
[INFO] Rocket. Step: 20900000. Time Elapsed: 21067.481 s. Mean Reward: 7.067. Std of Reward: 19.549. Training.
[INFO] Rocket. Step: 20920000. Time Elapsed: 21086.632 s. Mean Reward: 1.798. Std of Reward: 23.394. Training.
[INFO] Rocket. Step: 20940000. Time Elapsed: 21109.889 s. Mean Reward: 1.694. Std of Reward: 22.466. Training.
[INFO] Rocket. Step: 20960000. Time Elapsed: 21128.840 s. Mean Reward: 5.613. Std of Reward: 23.126. Training.
[INFO] Rocket. Step: 20980000. Time Elapsed: 21152.661 s. Mean Reward: 1.069. Std of Reward: 26.977. Training.
[INFO] Rocket. Step: 21000000. Time Elapsed: 21171.359 s. Mean Reward: 1.787. Std of Reward: 24.423. Training.
[INFO] Exported results\L11\Rocket\Rocket-20999986.onnx
[INFO] Rocket. Step: 21020000. Time Elapsed: 21195.014 s. Mean Reward: -3.475. Std of Reward: 27.494. Training.
[INFO] Rocket. Step: 21040000. Time Elapsed: 21212.725 s. Mean Reward: 2.129. Std of Reward: 25.479. Training.
[INFO] Rocket. Step: 21060000. Time Elapsed: 21237.739 s. Mean Reward: 2.496. Std of Reward: 27.497. Training.
[INFO] Rocket. Step: 21080000. Time Elapsed: 21256.147 s. Mean Reward: 1.990. Std of Reward: 27.553. Training.
[INFO] Rocket. Step: 21100000. Time Elapsed: 21280.142 s. Mean Reward: 2.722. Std of Reward: 24.308. Training.
[INFO] Rocket. Step: 21120000. Time Elapsed: 21299.359 s. Mean Reward: 11.805. Std of Reward: 18.020. Training.
[INFO] Rocket. Step: 21140000. Time Elapsed: 21323.166 s. Mean Reward: 2.505. Std of Reward: 27.322. Training.
[INFO] Rocket. Step: 21160000. Time Elapsed: 21342.577 s. Mean Reward: 1.680. Std of Reward: 29.044. Training.
[INFO] Rocket. Step: 21180000. Time Elapsed: 21366.574 s. Mean Reward: 7.794. Std of Reward: 23.555. Training.
[INFO] Rocket. Step: 21200000. Time Elapsed: 21384.965 s. Mean Reward: 9.411. Std of Reward: 19.405. Training.
[INFO] Rocket. Step: 21220000. Time Elapsed: 21409.273 s. Mean Reward: -2.441. Std of Reward: 26.851. Training.
[INFO] Rocket. Step: 21240000. Time Elapsed: 21427.902 s. Mean Reward: 8.986. Std of Reward: 20.632. Training.
[INFO] Rocket. Step: 21260000. Time Elapsed: 21455.069 s. Mean Reward: 6.397. Std of Reward: 23.139. Training.
[INFO] Rocket. Step: 21280000. Time Elapsed: 21473.640 s. Mean Reward: -1.268. Std of Reward: 26.769. Training.
[INFO] Rocket. Step: 21300000. Time Elapsed: 21504.415 s. Mean Reward: 13.061. Std of Reward: 16.854. Training.
[INFO] Rocket. Step: 21320000. Time Elapsed: 21523.850 s. Mean Reward: 7.204. Std of Reward: 22.871. Training.
[INFO] Rocket. Step: 21340000. Time Elapsed: 21551.103 s. Mean Reward: 8.746. Std of Reward: 21.175. Training.
[INFO] Rocket. Step: 21360000. Time Elapsed: 21567.676 s. Mean Reward: 2.971. Std of Reward: 25.558. Training.
[INFO] Rocket. Step: 21380000. Time Elapsed: 21586.495 s. Mean Reward: 7.116. Std of Reward: 25.266. Training.
[INFO] Rocket. Step: 21400000. Time Elapsed: 21612.640 s. Mean Reward: 5.609. Std of Reward: 23.597. Training.
[INFO] Rocket. Step: 21420000. Time Elapsed: 21629.091 s. Mean Reward: 5.339. Std of Reward: 23.726. Training.
[INFO] Rocket. Step: 21440000. Time Elapsed: 21654.554 s. Mean Reward: 5.998. Std of Reward: 22.848. Training.
[INFO] Rocket. Step: 21460000. Time Elapsed: 21671.905 s. Mean Reward: 5.180. Std of Reward: 21.276. Training.
[INFO] Rocket. Step: 21480000. Time Elapsed: 21696.124 s. Mean Reward: 8.735. Std of Reward: 23.461. Training.
[INFO] Rocket. Step: 21500000. Time Elapsed: 21714.671 s. Mean Reward: 8.481. Std of Reward: 23.323. Training.
[INFO] Exported results\L11\Rocket\Rocket-21499380.onnx
[INFO] Rocket. Step: 21520000. Time Elapsed: 21739.342 s. Mean Reward: 5.367. Std of Reward: 23.812. Training.
[INFO] Rocket. Step: 21540000. Time Elapsed: 21757.805 s. Mean Reward: 3.973. Std of Reward: 23.119. Training.
[INFO] Rocket. Step: 21560000. Time Elapsed: 21781.335 s. Mean Reward: 6.787. Std of Reward: 20.795. Training.
[INFO] Rocket. Step: 21580000. Time Elapsed: 21798.562 s. Mean Reward: 7.981. Std of Reward: 20.786. Training.
[INFO] Rocket. Step: 21600000. Time Elapsed: 21823.323 s. Mean Reward: 4.917. Std of Reward: 23.482. Training.
[INFO] Rocket. Step: 21620000. Time Elapsed: 21841.601 s. Mean Reward: 3.187. Std of Reward: 22.977. Training.
[INFO] Rocket. Step: 21640000. Time Elapsed: 21867.129 s. Mean Reward: 5.906. Std of Reward: 25.045. Training.
[INFO] Rocket. Step: 21660000. Time Elapsed: 21884.037 s. Mean Reward: 7.883. Std of Reward: 25.076. Training.
[INFO] Rocket. Step: 21680000. Time Elapsed: 21909.304 s. Mean Reward: 7.709. Std of Reward: 22.382. Training.
[INFO] Rocket. Step: 21700000. Time Elapsed: 21928.122 s. Mean Reward: 4.948. Std of Reward: 25.067. Training.
[INFO] Rocket. Step: 21720000. Time Elapsed: 21950.794 s. Mean Reward: 6.154. Std of Reward: 20.948. Training.
[INFO] Rocket. Step: 21740000. Time Elapsed: 21969.801 s. Mean Reward: 7.475. Std of Reward: 21.621. Training.
[INFO] Rocket. Step: 21760000. Time Elapsed: 21995.426 s. Mean Reward: -3.677. Std of Reward: 29.870. Training.
[INFO] Rocket. Step: 21780000. Time Elapsed: 22012.441 s. Mean Reward: 2.415. Std of Reward: 24.426. Training.
[INFO] Rocket. Step: 21800000. Time Elapsed: 22039.112 s. Mean Reward: -2.838. Std of Reward: 28.722. Training.
[INFO] Rocket. Step: 21820000. Time Elapsed: 22054.952 s. Mean Reward: 7.345. Std of Reward: 21.499. Training.
[INFO] Rocket. Step: 21840000. Time Elapsed: 22079.645 s. Mean Reward: 5.415. Std of Reward: 24.347. Training.
[INFO] Rocket. Step: 21860000. Time Elapsed: 22098.912 s. Mean Reward: 2.738. Std of Reward: 26.964. Training.
[INFO] Rocket. Step: 21880000. Time Elapsed: 22122.787 s. Mean Reward: 5.259. Std of Reward: 23.336. Training.
[INFO] Rocket. Step: 21900000. Time Elapsed: 22142.539 s. Mean Reward: 4.471. Std of Reward: 23.198. Training.
[INFO] Rocket. Step: 21920000. Time Elapsed: 22166.070 s. Mean Reward: 5.412. Std of Reward: 25.382. Training.
[INFO] Rocket. Step: 21940000. Time Elapsed: 22184.575 s. Mean Reward: 7.331. Std of Reward: 23.924. Training.
[INFO] Rocket. Step: 21960000. Time Elapsed: 22209.235 s. Mean Reward: -0.404. Std of Reward: 28.758. Training.
[INFO] Rocket. Step: 21980000. Time Elapsed: 22226.891 s. Mean Reward: 8.476. Std of Reward: 21.338. Training.
[INFO] Rocket. Step: 22000000. Time Elapsed: 22252.841 s. Mean Reward: 6.006. Std of Reward: 26.482. Training.
[INFO] Exported results\L11\Rocket\Rocket-21999732.onnx
[INFO] Rocket. Step: 22020000. Time Elapsed: 22268.867 s. Mean Reward: 10.574. Std of Reward: 20.035. Training.
[INFO] Rocket. Step: 22040000. Time Elapsed: 22287.484 s. Mean Reward: 9.667. Std of Reward: 25.516. Training.
[INFO] Rocket. Step: 22060000. Time Elapsed: 22312.401 s. Mean Reward: 7.289. Std of Reward: 24.812. Training.
[INFO] Rocket. Step: 22080000. Time Elapsed: 22330.569 s. Mean Reward: 7.476. Std of Reward: 22.261. Training.
[INFO] Rocket. Step: 22100000. Time Elapsed: 22355.200 s. Mean Reward: 12.280. Std of Reward: 21.598. Training.
[INFO] Rocket. Step: 22120000. Time Elapsed: 22372.471 s. Mean Reward: 16.512. Std of Reward: 11.866. Training.
[INFO] Rocket. Step: 22140000. Time Elapsed: 22397.919 s. Mean Reward: 6.328. Std of Reward: 23.436. Training.
[INFO] Rocket. Step: 22160000. Time Elapsed: 22415.909 s. Mean Reward: 11.222. Std of Reward: 19.422. Training.
[INFO] Rocket. Step: 22180000. Time Elapsed: 22440.918 s. Mean Reward: 4.884. Std of Reward: 24.429. Training.
[INFO] Rocket. Step: 22200000. Time Elapsed: 22458.205 s. Mean Reward: 7.718. Std of Reward: 19.869. Training.
[INFO] Rocket. Step: 22220000. Time Elapsed: 22483.732 s. Mean Reward: 11.904. Std of Reward: 18.397. Training.
[INFO] Rocket. Step: 22240000. Time Elapsed: 22503.472 s. Mean Reward: 11.103. Std of Reward: 20.016. Training.
[INFO] Rocket. Step: 22260000. Time Elapsed: 22525.725 s. Mean Reward: 1.583. Std of Reward: 26.328. Training.
[INFO] Rocket. Step: 22280000. Time Elapsed: 22543.836 s. Mean Reward: 2.844. Std of Reward: 27.245. Training.
[INFO] Rocket. Step: 22300000. Time Elapsed: 22569.495 s. Mean Reward: 8.493. Std of Reward: 21.053. Training.
[INFO] Rocket. Step: 22320000. Time Elapsed: 22585.708 s. Mean Reward: 2.441. Std of Reward: 27.198. Training.
[INFO] Rocket. Step: 22340000. Time Elapsed: 22611.125 s. Mean Reward: 7.114. Std of Reward: 24.547. Training.
[INFO] Rocket. Step: 22360000. Time Elapsed: 22629.211 s. Mean Reward: 11.073. Std of Reward: 20.073. Training.
[INFO] Rocket. Step: 22380000. Time Elapsed: 22653.830 s. Mean Reward: 9.049. Std of Reward: 24.441. Training.
[INFO] Rocket. Step: 22400000. Time Elapsed: 22672.545 s. Mean Reward: 2.960. Std of Reward: 26.316. Training.
[INFO] Rocket. Step: 22420000. Time Elapsed: 22696.205 s. Mean Reward: 3.080. Std of Reward: 25.506. Training.
[INFO] Rocket. Step: 22440000. Time Elapsed: 22715.033 s. Mean Reward: 7.151. Std of Reward: 25.791. Training.
[INFO] Rocket. Step: 22460000. Time Elapsed: 22738.999 s. Mean Reward: 5.686. Std of Reward: 25.521. Training.
[INFO] Rocket. Step: 22480000. Time Elapsed: 22756.660 s. Mean Reward: 10.692. Std of Reward: 21.468. Training.
[INFO] Rocket. Step: 22500000. Time Elapsed: 22781.194 s. Mean Reward: 6.686. Std of Reward: 21.370. Training.
[INFO] Exported results\L11\Rocket\Rocket-22499727.onnx
[INFO] Rocket. Step: 22520000. Time Elapsed: 22799.744 s. Mean Reward: 10.683. Std of Reward: 22.135. Training.
[INFO] Rocket. Step: 22540000. Time Elapsed: 22824.763 s. Mean Reward: 12.824. Std of Reward: 16.755. Training.
[INFO] Rocket. Step: 22560000. Time Elapsed: 22841.730 s. Mean Reward: 7.560. Std of Reward: 24.572. Training.
[INFO] Rocket. Step: 22580000. Time Elapsed: 22866.552 s. Mean Reward: 7.828. Std of Reward: 21.388. Training.
[INFO] Rocket. Step: 22600000. Time Elapsed: 22885.870 s. Mean Reward: 13.693. Std of Reward: 13.651. Training.
[INFO] Rocket. Step: 22620000. Time Elapsed: 22909.479 s. Mean Reward: 12.586. Std of Reward: 17.933. Training.
[INFO] Rocket. Step: 22640000. Time Elapsed: 22927.269 s. Mean Reward: 5.386. Std of Reward: 25.835. Training.
[INFO] Rocket. Step: 22660000. Time Elapsed: 22953.573 s. Mean Reward: 6.290. Std of Reward: 20.925. Training.
[INFO] Rocket. Step: 22680000. Time Elapsed: 22970.042 s. Mean Reward: 1.845. Std of Reward: 24.690. Training.
[INFO] Rocket. Step: 22700000. Time Elapsed: 22987.599 s. Mean Reward: -0.437. Std of Reward: 25.868. Training.
[INFO] Rocket. Step: 22720000. Time Elapsed: 23012.208 s. Mean Reward: 8.227. Std of Reward: 20.062. Training.
[INFO] Rocket. Step: 22740000. Time Elapsed: 23031.017 s. Mean Reward: 2.666. Std of Reward: 24.037. Training.
[INFO] Rocket. Step: 22760000. Time Elapsed: 23055.034 s. Mean Reward: 8.272. Std of Reward: 20.058. Training.
[INFO] Rocket. Step: 22780000. Time Elapsed: 23072.592 s. Mean Reward: 6.093. Std of Reward: 21.582. Training.
[INFO] Rocket. Step: 22800000. Time Elapsed: 23097.889 s. Mean Reward: 8.588. Std of Reward: 22.032. Training.
[INFO] Rocket. Step: 22820000. Time Elapsed: 23116.017 s. Mean Reward: 8.523. Std of Reward: 21.790. Training.
[INFO] Rocket. Step: 22840000. Time Elapsed: 23141.122 s. Mean Reward: 12.459. Std of Reward: 16.403. Training.
[INFO] Rocket. Step: 22860000. Time Elapsed: 23158.558 s. Mean Reward: 10.975. Std of Reward: 22.380. Training.
[INFO] Rocket. Step: 22880000. Time Elapsed: 23183.452 s. Mean Reward: 8.982. Std of Reward: 22.472. Training.
[INFO] Rocket. Step: 22900000. Time Elapsed: 23202.123 s. Mean Reward: 3.977. Std of Reward: 25.189. Training.
[INFO] Rocket. Step: 22920000. Time Elapsed: 23225.842 s. Mean Reward: 0.100. Std of Reward: 27.414. Training.
[INFO] Rocket. Step: 22940000. Time Elapsed: 23244.429 s. Mean Reward: 6.361. Std of Reward: 24.474. Training.
[INFO] Rocket. Step: 22960000. Time Elapsed: 23269.612 s. Mean Reward: 1.606. Std of Reward: 26.138. Training.
[INFO] Rocket. Step: 22980000. Time Elapsed: 23288.395 s. Mean Reward: 4.676. Std of Reward: 25.385. Training.
[INFO] Rocket. Step: 23000000. Time Elapsed: 23312.236 s. Mean Reward: 11.588. Std of Reward: 18.434. Training.
[INFO] Exported results\L11\Rocket\Rocket-22999764.onnx
[INFO] Rocket. Step: 23020000. Time Elapsed: 23330.806 s. Mean Reward: 6.634. Std of Reward: 22.109. Training.
[INFO] Rocket. Step: 23040000. Time Elapsed: 23354.593 s. Mean Reward: 6.465. Std of Reward: 22.169. Training.
[INFO] Rocket. Step: 23060000. Time Elapsed: 23373.244 s. Mean Reward: 8.384. Std of Reward: 23.547. Training.
[INFO] Rocket. Step: 23080000. Time Elapsed: 23397.546 s. Mean Reward: 4.022. Std of Reward: 25.433. Training.
[INFO] Rocket. Step: 23100000. Time Elapsed: 23415.646 s. Mean Reward: 8.330. Std of Reward: 20.470. Training.
[INFO] Rocket. Step: 23120000. Time Elapsed: 23441.010 s. Mean Reward: 12.058. Std of Reward: 16.842. Training.
[INFO] Rocket. Step: 23140000. Time Elapsed: 23458.735 s. Mean Reward: 8.953. Std of Reward: 24.314. Training.
[INFO] Rocket. Step: 23160000. Time Elapsed: 23484.082 s. Mean Reward: 4.638. Std of Reward: 25.392. Training.
[INFO] Rocket. Step: 23180000. Time Elapsed: 23501.731 s. Mean Reward: 7.279. Std of Reward: 22.240. Training.
[INFO] Rocket. Step: 23200000. Time Elapsed: 23525.749 s. Mean Reward: 2.032. Std of Reward: 24.374. Training.
[INFO] Rocket. Step: 23220000. Time Elapsed: 23545.081 s. Mean Reward: 5.795. Std of Reward: 23.139. Training.
[INFO] Rocket. Step: 23240000. Time Elapsed: 23570.141 s. Mean Reward: 1.955. Std of Reward: 27.280. Training.
[INFO] Rocket. Step: 23260000. Time Elapsed: 23587.406 s. Mean Reward: 6.587. Std of Reward: 25.215. Training.
[INFO] Rocket. Step: 23280000. Time Elapsed: 23614.361 s. Mean Reward: 9.405. Std of Reward: 22.812. Training.
[INFO] Rocket. Step: 23300000. Time Elapsed: 23629.953 s. Mean Reward: 3.633. Std of Reward: 24.530. Training.
[INFO] Rocket. Step: 23320000. Time Elapsed: 23656.545 s. Mean Reward: 11.770. Std of Reward: 19.785. Training.
[INFO] Rocket. Step: 23340000. Time Elapsed: 23674.284 s. Mean Reward: 12.680. Std of Reward: 15.795. Training.
[INFO] Rocket. Step: 23360000. Time Elapsed: 23700.714 s. Mean Reward: 7.710. Std of Reward: 21.948. Training.
[INFO] Rocket. Step: 23380000. Time Elapsed: 23716.656 s. Mean Reward: 8.832. Std of Reward: 19.113. Training.
[INFO] Rocket. Step: 23400000. Time Elapsed: 23734.085 s. Mean Reward: 6.166. Std of Reward: 21.530. Training.
[INFO] Rocket. Step: 23420000. Time Elapsed: 23758.378 s. Mean Reward: 7.583. Std of Reward: 24.429. Training.
[INFO] Rocket. Step: 23440000. Time Elapsed: 23776.179 s. Mean Reward: 6.045. Std of Reward: 22.807. Training.
[INFO] Rocket. Step: 23460000. Time Elapsed: 23802.247 s. Mean Reward: 7.510. Std of Reward: 24.072. Training.
[INFO] Rocket. Step: 23480000. Time Elapsed: 23820.230 s. Mean Reward: 5.336. Std of Reward: 22.614. Training.
[INFO] Rocket. Step: 23500000. Time Elapsed: 23843.827 s. Mean Reward: 0.107. Std of Reward: 26.353. Training.
[INFO] Exported results\L11\Rocket\Rocket-23499603.onnx
[INFO] Rocket. Step: 23520000. Time Elapsed: 23864.491 s. Mean Reward: 2.351. Std of Reward: 23.948. Training.
[INFO] Rocket. Step: 23540000. Time Elapsed: 23887.972 s. Mean Reward: 9.717. Std of Reward: 18.635. Training.
[INFO] Rocket. Step: 23560000. Time Elapsed: 23906.246 s. Mean Reward: 1.533. Std of Reward: 26.737. Training.
[INFO] Rocket. Step: 23580000. Time Elapsed: 23929.836 s. Mean Reward: 2.968. Std of Reward: 26.851. Training.
[INFO] Rocket. Step: 23600000. Time Elapsed: 23948.208 s. Mean Reward: 7.157. Std of Reward: 24.495. Training.
[INFO] Rocket. Step: 23620000. Time Elapsed: 23974.036 s. Mean Reward: 5.942. Std of Reward: 25.606. Training.
[INFO] Rocket. Step: 23640000. Time Elapsed: 23992.824 s. Mean Reward: 4.264. Std of Reward: 24.723. Training.
[INFO] Rocket. Step: 23660000. Time Elapsed: 24016.108 s. Mean Reward: 0.632. Std of Reward: 25.652. Training.
[INFO] Rocket. Step: 23680000. Time Elapsed: 24034.027 s. Mean Reward: 5.654. Std of Reward: 22.349. Training.
[INFO] Rocket. Step: 23700000. Time Elapsed: 24058.490 s. Mean Reward: 5.129. Std of Reward: 23.778. Training.
[INFO] Rocket. Step: 23720000. Time Elapsed: 24076.601 s. Mean Reward: -1.732. Std of Reward: 28.556. Training.
[INFO] Rocket. Step: 23740000. Time Elapsed: 24103.220 s. Mean Reward: 9.034. Std of Reward: 21.950. Training.
[INFO] Rocket. Step: 23760000. Time Elapsed: 24119.892 s. Mean Reward: 6.112. Std of Reward: 26.275. Training.
[INFO] Rocket. Step: 23780000. Time Elapsed: 24145.155 s. Mean Reward: -0.956. Std of Reward: 29.757. Training.
[INFO] Rocket. Step: 23800000. Time Elapsed: 24162.463 s. Mean Reward: -7.546. Std of Reward: 31.158. Training.
[INFO] Rocket. Step: 23820000. Time Elapsed: 24187.877 s. Mean Reward: 4.005. Std of Reward: 25.874. Training.
[INFO] Rocket. Step: 23840000. Time Elapsed: 24205.961 s. Mean Reward: 2.230. Std of Reward: 25.909. Training.
[INFO] Rocket. Step: 23860000. Time Elapsed: 24230.020 s. Mean Reward: 7.511. Std of Reward: 24.658. Training.
[INFO] Rocket. Step: 23880000. Time Elapsed: 24247.548 s. Mean Reward: 14.840. Std of Reward: 14.350. Training.
[INFO] Rocket. Step: 23900000. Time Elapsed: 24272.714 s. Mean Reward: 11.396. Std of Reward: 21.019. Training.
[INFO] Rocket. Step: 23920000. Time Elapsed: 24290.328 s. Mean Reward: 6.831. Std of Reward: 25.705. Training.
[INFO] Rocket. Step: 23940000. Time Elapsed: 24315.705 s. Mean Reward: 7.182. Std of Reward: 23.722. Training.
[INFO] Rocket. Step: 23960000. Time Elapsed: 24333.190 s. Mean Reward: 11.902. Std of Reward: 15.998. Training.
[INFO] Rocket. Step: 23980000. Time Elapsed: 24358.597 s. Mean Reward: 6.129. Std of Reward: 25.670. Training.
[INFO] Rocket. Step: 24000000. Time Elapsed: 24376.218 s. Mean Reward: 0.409. Std of Reward: 29.786. Training.
[INFO] Exported results\L11\Rocket\Rocket-23999807.onnx
[INFO] Rocket. Step: 24020000. Time Elapsed: 24401.724 s. Mean Reward: 6.109. Std of Reward: 22.800. Training.
[INFO] Rocket. Step: 24040000. Time Elapsed: 24418.576 s. Mean Reward: 8.101. Std of Reward: 23.754. Training.
[INFO] Rocket. Step: 24060000. Time Elapsed: 24445.306 s. Mean Reward: 11.443. Std of Reward: 19.824. Training.
[INFO] Rocket. Step: 24080000. Time Elapsed: 24461.396 s. Mean Reward: -0.372. Std of Reward: 26.816. Training.
[INFO] Rocket. Step: 24100000. Time Elapsed: 24479.493 s. Mean Reward: 3.844. Std of Reward: 25.370. Training.
[INFO] Rocket. Step: 24120000. Time Elapsed: 24502.928 s. Mean Reward: 2.373. Std of Reward: 25.965. Training.
[INFO] Rocket. Step: 24140000. Time Elapsed: 24522.354 s. Mean Reward: 2.170. Std of Reward: 26.590. Training.
[INFO] Rocket. Step: 24160000. Time Elapsed: 24545.247 s. Mean Reward: 6.846. Std of Reward: 23.212. Training.
[INFO] Rocket. Step: 24180000. Time Elapsed: 24564.491 s. Mean Reward: 3.047. Std of Reward: 24.826. Training.
[INFO] Rocket. Step: 24200000. Time Elapsed: 24588.889 s. Mean Reward: -0.714. Std of Reward: 28.609. Training.
[INFO] Rocket. Step: 24220000. Time Elapsed: 24605.882 s. Mean Reward: 5.100. Std of Reward: 25.626. Training.
[INFO] Rocket. Step: 24240000. Time Elapsed: 24630.681 s. Mean Reward: 3.264. Std of Reward: 23.795. Training.
[INFO] Rocket. Step: 24260000. Time Elapsed: 24648.095 s. Mean Reward: 4.965. Std of Reward: 27.902. Training.
[INFO] Rocket. Step: 24280000. Time Elapsed: 24673.795 s. Mean Reward: -1.646. Std of Reward: 27.981. Training.
[INFO] Rocket. Step: 24300000. Time Elapsed: 24692.021 s. Mean Reward: 11.028. Std of Reward: 18.808. Training.
[INFO] Rocket. Step: 24320000. Time Elapsed: 24716.165 s. Mean Reward: 10.360. Std of Reward: 20.651. Training.
[INFO] Rocket. Step: 24340000. Time Elapsed: 24734.361 s. Mean Reward: 4.342. Std of Reward: 26.940. Training.
[INFO] Rocket. Step: 24360000. Time Elapsed: 24758.754 s. Mean Reward: 9.555. Std of Reward: 21.172. Training.
[INFO] Rocket. Step: 24380000. Time Elapsed: 24778.328 s. Mean Reward: 7.187. Std of Reward: 22.948. Training.
[INFO] Rocket. Step: 24400000. Time Elapsed: 24801.421 s. Mean Reward: 6.614. Std of Reward: 23.343. Training.
[INFO] Rocket. Step: 24420000. Time Elapsed: 24819.954 s. Mean Reward: 10.226. Std of Reward: 19.955. Training.
[INFO] Rocket. Step: 24440000. Time Elapsed: 24844.727 s. Mean Reward: 9.287. Std of Reward: 23.320. Training.
[INFO] Rocket. Step: 24460000. Time Elapsed: 24862.914 s. Mean Reward: 4.851. Std of Reward: 24.939. Training.
[INFO] Rocket. Step: 24480000. Time Elapsed: 24886.924 s. Mean Reward: 1.938. Std of Reward: 27.842. Training.
[INFO] Rocket. Step: 24500000. Time Elapsed: 24905.641 s. Mean Reward: 6.460. Std of Reward: 22.469. Training.
[INFO] Exported results\L11\Rocket\Rocket-24499860.onnx
[INFO] Rocket. Step: 24520000. Time Elapsed: 24930.898 s. Mean Reward: 2.950. Std of Reward: 26.451. Training.
[INFO] Rocket. Step: 24540000. Time Elapsed: 24948.916 s. Mean Reward: 6.668. Std of Reward: 25.226. Training.
[INFO] Rocket. Step: 24560000. Time Elapsed: 24973.363 s. Mean Reward: 5.114. Std of Reward: 25.117. Training.
[INFO] Rocket. Step: 24580000. Time Elapsed: 24991.125 s. Mean Reward: 2.923. Std of Reward: 26.581. Training.
[INFO] Rocket. Step: 24600000. Time Elapsed: 25015.567 s. Mean Reward: 11.651. Std of Reward: 21.133. Training.
[INFO] Rocket. Step: 24620000. Time Elapsed: 25034.932 s. Mean Reward: -0.391. Std of Reward: 29.126. Training.
[INFO] Rocket. Step: 24640000. Time Elapsed: 25059.451 s. Mean Reward: 4.387. Std of Reward: 27.980. Training.
[INFO] Rocket. Step: 24660000. Time Elapsed: 25076.923 s. Mean Reward: 0.099. Std of Reward: 27.445. Training.
[INFO] Rocket. Step: 24680000. Time Elapsed: 25101.037 s. Mean Reward: 1.690. Std of Reward: 27.166. Training.
[INFO] Rocket. Step: 24700000. Time Elapsed: 25118.540 s. Mean Reward: -1.568. Std of Reward: 28.511. Training.
[INFO] Rocket. Step: 24720000. Time Elapsed: 25145.041 s. Mean Reward: -7.002. Std of Reward: 30.381. Training.
[INFO] Rocket. Step: 24740000. Time Elapsed: 25162.529 s. Mean Reward: 1.047. Std of Reward: 27.098. Training.
[INFO] Rocket. Step: 24760000. Time Elapsed: 25178.710 s. Mean Reward: 6.712. Std of Reward: 23.314. Training.
[INFO] Rocket. Step: 24780000. Time Elapsed: 25205.602 s. Mean Reward: 5.474. Std of Reward: 27.284. Training.
[INFO] Rocket. Step: 24800000. Time Elapsed: 25221.910 s. Mean Reward: 2.341. Std of Reward: 28.007. Training.
[INFO] Rocket. Step: 24820000. Time Elapsed: 25247.711 s. Mean Reward: 3.327. Std of Reward: 26.927. Training.
[INFO] Rocket. Step: 24840000. Time Elapsed: 25264.622 s. Mean Reward: 1.861. Std of Reward: 28.532. Training.
[INFO] Rocket. Step: 24860000. Time Elapsed: 25289.497 s. Mean Reward: 0.019. Std of Reward: 27.203. Training.
[INFO] Rocket. Step: 24880000. Time Elapsed: 25307.667 s. Mean Reward: 2.100. Std of Reward: 28.065. Training.
[INFO] Rocket. Step: 24900000. Time Elapsed: 25330.980 s. Mean Reward: 4.968. Std of Reward: 25.695. Training.
[INFO] Rocket. Step: 24920000. Time Elapsed: 25348.479 s. Mean Reward: 2.356. Std of Reward: 23.805. Training.
[INFO] Rocket. Step: 24940000. Time Elapsed: 25374.190 s. Mean Reward: -6.071. Std of Reward: 31.660. Training.
[INFO] Rocket. Step: 24960000. Time Elapsed: 25393.418 s. Mean Reward: 10.642. Std of Reward: 20.678. Training.
[INFO] Rocket. Step: 24980000. Time Elapsed: 25416.709 s. Mean Reward: 8.659. Std of Reward: 25.909. Training.
[INFO] Rocket. Step: 25000000. Time Elapsed: 25435.042 s. Mean Reward: 7.335. Std of Reward: 24.075. Training.
[INFO] Exported results\L11\Rocket\Rocket-24999712.onnx
[INFO] Rocket. Step: 25020000. Time Elapsed: 25459.682 s. Mean Reward: 4.381. Std of Reward: 24.232. Training.
[INFO] Rocket. Step: 25040000. Time Elapsed: 25476.100 s. Mean Reward: 0.215. Std of Reward: 30.886. Training.
[INFO] Rocket. Step: 25060000. Time Elapsed: 25500.440 s. Mean Reward: 9.567. Std of Reward: 24.692. Training.
[INFO] Rocket. Step: 25080000. Time Elapsed: 25520.242 s. Mean Reward: 4.437. Std of Reward: 27.504. Training.
[INFO] Rocket. Step: 25100000. Time Elapsed: 25542.857 s. Mean Reward: 4.373. Std of Reward: 27.202. Training.
[INFO] Rocket. Step: 25120000. Time Elapsed: 25561.391 s. Mean Reward: 2.009. Std of Reward: 28.204. Training.
[INFO] Rocket. Step: 25140000. Time Elapsed: 25586.045 s. Mean Reward: 6.393. Std of Reward: 25.397. Training.
[INFO] Rocket. Step: 25160000. Time Elapsed: 25603.266 s. Mean Reward: -1.301. Std of Reward: 27.492. Training.
[INFO] Rocket. Step: 25180000. Time Elapsed: 25627.490 s. Mean Reward: 2.489. Std of Reward: 28.562. Training.
[INFO] Rocket. Step: 25200000. Time Elapsed: 25645.898 s. Mean Reward: 7.055. Std of Reward: 22.393. Training.
[INFO] Rocket. Step: 25220000. Time Elapsed: 25670.949 s. Mean Reward: -1.543. Std of Reward: 27.798. Training.
[INFO] Rocket. Step: 25240000. Time Elapsed: 25688.579 s. Mean Reward: 9.079. Std of Reward: 22.691. Training.
[INFO] Rocket. Step: 25260000. Time Elapsed: 25712.798 s. Mean Reward: 6.689. Std of Reward: 22.907. Training.
[INFO] Rocket. Step: 25280000. Time Elapsed: 25731.814 s. Mean Reward: 5.615. Std of Reward: 25.391. Training.
[INFO] Rocket. Step: 25300000. Time Elapsed: 25756.685 s. Mean Reward: 8.991. Std of Reward: 23.317. Training.
[INFO] Rocket. Step: 25320000. Time Elapsed: 25773.633 s. Mean Reward: 3.440. Std of Reward: 26.686. Training.
[INFO] Rocket. Step: 25340000. Time Elapsed: 25798.446 s. Mean Reward: 3.373. Std of Reward: 27.510. Training.
[INFO] Rocket. Step: 25360000. Time Elapsed: 25815.759 s. Mean Reward: 0.332. Std of Reward: 27.879. Training.
[INFO] Rocket. Step: 25380000. Time Elapsed: 25842.668 s. Mean Reward: 9.172. Std of Reward: 23.167. Training.
[INFO] Rocket. Step: 25400000. Time Elapsed: 25858.126 s. Mean Reward: 8.176. Std of Reward: 20.785. Training.
[INFO] Rocket. Step: 25420000. Time Elapsed: 25876.245 s. Mean Reward: 3.914. Std of Reward: 27.172. Training.
[INFO] Rocket. Step: 25440000. Time Elapsed: 25901.535 s. Mean Reward: 0.332. Std of Reward: 27.700. Training.
[INFO] Rocket. Step: 25460000. Time Elapsed: 25918.978 s. Mean Reward: 8.070. Std of Reward: 23.667. Training.
[INFO] Rocket. Step: 25480000. Time Elapsed: 25942.735 s. Mean Reward: 5.304. Std of Reward: 28.875. Training.
[INFO] Rocket. Step: 25500000. Time Elapsed: 25961.345 s. Mean Reward: 4.033. Std of Reward: 28.397. Training.
[INFO] Exported results\L11\Rocket\Rocket-25499936.onnx
[INFO] Rocket. Step: 25520000. Time Elapsed: 25985.201 s. Mean Reward: 9.099. Std of Reward: 23.762. Training.
[INFO] Rocket. Step: 25540000. Time Elapsed: 26002.305 s. Mean Reward: 8.339. Std of Reward: 20.094. Training.
[INFO] Rocket. Step: 25560000. Time Elapsed: 26027.882 s. Mean Reward: 2.311. Std of Reward: 26.662. Training.
[INFO] Rocket. Step: 25580000. Time Elapsed: 26044.476 s. Mean Reward: 2.609. Std of Reward: 25.319. Training.
[INFO] Rocket. Step: 25600000. Time Elapsed: 26069.942 s. Mean Reward: 11.461. Std of Reward: 21.520. Training.
[INFO] Rocket. Step: 25620000. Time Elapsed: 26087.143 s. Mean Reward: 3.355. Std of Reward: 27.726. Training.
[INFO] Rocket. Step: 25640000. Time Elapsed: 26112.387 s. Mean Reward: 7.587. Std of Reward: 22.982. Training.
[INFO] Rocket. Step: 25660000. Time Elapsed: 26130.391 s. Mean Reward: 8.646. Std of Reward: 26.388. Training.
[INFO] Rocket. Step: 25680000. Time Elapsed: 26155.086 s. Mean Reward: 3.638. Std of Reward: 26.003. Training.
[INFO] Rocket. Step: 25700000. Time Elapsed: 26173.903 s. Mean Reward: 2.859. Std of Reward: 27.842. Training.
[INFO] Rocket. Step: 25720000. Time Elapsed: 26198.069 s. Mean Reward: 8.362. Std of Reward: 22.717. Training.
[INFO] Rocket. Step: 25740000. Time Elapsed: 26215.044 s. Mean Reward: 7.651. Std of Reward: 24.146. Training.
[INFO] Rocket. Step: 25760000. Time Elapsed: 26239.043 s. Mean Reward: -2.531. Std of Reward: 29.947. Training.
[INFO] Rocket. Step: 25780000. Time Elapsed: 26257.600 s. Mean Reward: -2.928. Std of Reward: 30.073. Training.
[INFO] Rocket. Step: 25800000. Time Elapsed: 26282.692 s. Mean Reward: 4.939. Std of Reward: 26.332. Training.
[INFO] Rocket. Step: 25820000. Time Elapsed: 26301.103 s. Mean Reward: 5.812. Std of Reward: 23.023. Training.
[INFO] Rocket. Step: 25840000. Time Elapsed: 26326.217 s. Mean Reward: 9.208. Std of Reward: 21.286. Training.
[INFO] Rocket. Step: 25860000. Time Elapsed: 26342.892 s. Mean Reward: 2.700. Std of Reward: 26.438. Training.
[INFO] Rocket. Step: 25880000. Time Elapsed: 26367.841 s. Mean Reward: 11.635. Std of Reward: 21.112. Training.
[INFO] Rocket. Step: 25900000. Time Elapsed: 26385.731 s. Mean Reward: 3.709. Std of Reward: 23.649. Training.
[INFO] Rocket. Step: 25920000. Time Elapsed: 26412.796 s. Mean Reward: 11.655. Std of Reward: 22.086. Training.
[INFO] Rocket. Step: 25940000. Time Elapsed: 26428.558 s. Mean Reward: 2.336. Std of Reward: 28.515. Training.
[INFO] Rocket. Step: 25960000. Time Elapsed: 26453.950 s. Mean Reward: 6.934. Std of Reward: 23.753. Training.
[INFO] Rocket. Step: 25980000. Time Elapsed: 26472.093 s. Mean Reward: 7.575. Std of Reward: 24.289. Training.
[INFO] Rocket. Step: 26000000. Time Elapsed: 26497.045 s. Mean Reward: 9.622. Std of Reward: 22.599. Training.
[INFO] Exported results\L11\Rocket\Rocket-25999919.onnx
[INFO] Rocket. Step: 26020000. Time Elapsed: 26514.527 s. Mean Reward: 4.734. Std of Reward: 24.969. Training.
[INFO] Rocket. Step: 26040000. Time Elapsed: 26533.015 s. Mean Reward: 8.641. Std of Reward: 18.835. Training.
[INFO] Rocket. Step: 26060000. Time Elapsed: 26556.776 s. Mean Reward: 1.987. Std of Reward: 28.905. Training.
[INFO] Rocket. Step: 26080000. Time Elapsed: 26574.561 s. Mean Reward: 10.344. Std of Reward: 22.939. Training.
[INFO] Rocket. Step: 26100000. Time Elapsed: 26598.842 s. Mean Reward: -2.654. Std of Reward: 29.528. Training.
[INFO] Rocket. Step: 26120000. Time Elapsed: 26616.671 s. Mean Reward: 9.672. Std of Reward: 21.910. Training.
[INFO] Rocket. Step: 26140000. Time Elapsed: 26641.799 s. Mean Reward: 0.603. Std of Reward: 28.576. Training.
[INFO] Rocket. Step: 26160000. Time Elapsed: 26660.308 s. Mean Reward: 9.131. Std of Reward: 25.102. Training.
[INFO] Rocket. Step: 26180000. Time Elapsed: 26686.028 s. Mean Reward: 5.800. Std of Reward: 25.379. Training.
[INFO] Rocket. Step: 26200000. Time Elapsed: 26703.230 s. Mean Reward: 3.739. Std of Reward: 26.530. Training.
[INFO] Rocket. Step: 26220000. Time Elapsed: 26726.605 s. Mean Reward: 6.563. Std of Reward: 25.895. Training.
[INFO] Rocket. Step: 26240000. Time Elapsed: 26745.152 s. Mean Reward: 7.108. Std of Reward: 25.092. Training.
[INFO] Rocket. Step: 26260000. Time Elapsed: 26770.633 s. Mean Reward: 10.239. Std of Reward: 21.761. Training.
[INFO] Rocket. Step: 26280000. Time Elapsed: 26786.495 s. Mean Reward: 3.777. Std of Reward: 25.403. Training.
[INFO] Rocket. Step: 26300000. Time Elapsed: 26811.310 s. Mean Reward: 10.186. Std of Reward: 23.872. Training.
[INFO] Rocket. Step: 26320000. Time Elapsed: 26830.156 s. Mean Reward: 5.838. Std of Reward: 25.167. Training.
[INFO] Rocket. Step: 26340000. Time Elapsed: 26855.272 s. Mean Reward: 9.920. Std of Reward: 22.447. Training.
[INFO] Rocket. Step: 26360000. Time Elapsed: 26872.858 s. Mean Reward: 7.234. Std of Reward: 24.231. Training.
[INFO] Rocket. Step: 26380000. Time Elapsed: 26897.072 s. Mean Reward: 1.668. Std of Reward: 27.323. Training.
[INFO] Rocket. Step: 26400000. Time Elapsed: 26915.868 s. Mean Reward: 8.101. Std of Reward: 23.908. Training.
[INFO] Rocket. Step: 26420000. Time Elapsed: 26941.734 s. Mean Reward: 9.234. Std of Reward: 23.989. Training.
[INFO] Rocket. Step: 26440000. Time Elapsed: 26958.739 s. Mean Reward: 10.600. Std of Reward: 21.026. Training.
[INFO] Rocket. Step: 26460000. Time Elapsed: 26983.224 s. Mean Reward: 9.738. Std of Reward: 22.714. Training.
[INFO] Rocket. Step: 26480000. Time Elapsed: 27000.723 s. Mean Reward: 5.836. Std of Reward: 25.431. Training.
[INFO] Rocket. Step: 26500000. Time Elapsed: 27024.891 s. Mean Reward: 6.910. Std of Reward: 25.515. Training.
[INFO] Exported results\L11\Rocket\Rocket-26499677.onnx
[INFO] Rocket. Step: 26520000. Time Elapsed: 27043.191 s. Mean Reward: 1.157. Std of Reward: 27.680. Training.
[INFO] Rocket. Step: 26540000. Time Elapsed: 27066.888 s. Mean Reward: 8.243. Std of Reward: 24.575. Training.
[INFO] Rocket. Step: 26560000. Time Elapsed: 27086.475 s. Mean Reward: 3.013. Std of Reward: 27.262. Training.
[INFO] Rocket. Step: 26580000. Time Elapsed: 27110.880 s. Mean Reward: 7.847. Std of Reward: 23.371. Training.
[INFO] Rocket. Step: 26600000. Time Elapsed: 27128.574 s. Mean Reward: 6.468. Std of Reward: 25.740. Training.
[INFO] Rocket. Step: 26620000. Time Elapsed: 27154.537 s. Mean Reward: 3.000. Std of Reward: 28.696. Training.
[INFO] Rocket. Step: 26640000. Time Elapsed: 27170.820 s. Mean Reward: 14.676. Std of Reward: 18.609. Training.
[INFO] Rocket. Step: 26660000. Time Elapsed: 27188.760 s. Mean Reward: 9.716. Std of Reward: 22.247. Training.
[INFO] Rocket. Step: 26680000. Time Elapsed: 27212.864 s. Mean Reward: 5.821. Std of Reward: 24.129. Training.
[INFO] Rocket. Step: 26700000. Time Elapsed: 27230.902 s. Mean Reward: 4.288. Std of Reward: 24.999. Training.
[INFO] Rocket. Step: 26720000. Time Elapsed: 27256.306 s. Mean Reward: 5.205. Std of Reward: 25.903. Training.
[INFO] Rocket. Step: 26740000. Time Elapsed: 27274.006 s. Mean Reward: 1.850. Std of Reward: 24.649. Training.
[INFO] Rocket. Step: 26760000. Time Elapsed: 27299.544 s. Mean Reward: 6.315. Std of Reward: 20.073. Training.
[INFO] Rocket. Step: 26780000. Time Elapsed: 27316.634 s. Mean Reward: 9.015. Std of Reward: 25.161. Training.
[INFO] Rocket. Step: 26800000. Time Elapsed: 27340.990 s. Mean Reward: 7.099. Std of Reward: 25.105. Training.
[INFO] Rocket. Step: 26820000. Time Elapsed: 27359.674 s. Mean Reward: 5.268. Std of Reward: 24.795. Training.
[INFO] Rocket. Step: 26840000. Time Elapsed: 27383.841 s. Mean Reward: 6.745. Std of Reward: 23.134. Training.
[INFO] Rocket. Step: 26860000. Time Elapsed: 27402.536 s. Mean Reward: 3.505. Std of Reward: 26.376. Training.
[INFO] Rocket. Step: 26880000. Time Elapsed: 27427.057 s. Mean Reward: 1.895. Std of Reward: 29.786. Training.
[INFO] Rocket. Step: 26900000. Time Elapsed: 27444.912 s. Mean Reward: 5.555. Std of Reward: 26.750. Training.
[INFO] Rocket. Step: 26920000. Time Elapsed: 27470.369 s. Mean Reward: 6.212. Std of Reward: 23.741. Training.
[INFO] Rocket. Step: 26940000. Time Elapsed: 27487.399 s. Mean Reward: 2.979. Std of Reward: 25.801. Training.
[INFO] Rocket. Step: 26960000. Time Elapsed: 27512.142 s. Mean Reward: 8.767. Std of Reward: 23.644. Training.
[INFO] Rocket. Step: 26980000. Time Elapsed: 27531.443 s. Mean Reward: 6.926. Std of Reward: 25.801. Training.
[INFO] Rocket. Step: 27000000. Time Elapsed: 27555.797 s. Mean Reward: 5.151. Std of Reward: 27.208. Training.
[INFO] Exported results\L11\Rocket\Rocket-26999642.onnx
[INFO] Rocket. Step: 27020000. Time Elapsed: 27573.468 s. Mean Reward: 4.199. Std of Reward: 26.989. Training.
[INFO] Rocket. Step: 27040000. Time Elapsed: 27598.377 s. Mean Reward: 8.691. Std of Reward: 23.310. Training.
[INFO] Rocket. Step: 27060000. Time Elapsed: 27615.602 s. Mean Reward: 10.879. Std of Reward: 21.229. Training.
[INFO] Rocket. Step: 27080000. Time Elapsed: 27639.921 s. Mean Reward: 2.655. Std of Reward: 25.149. Training.
[INFO] Rocket. Step: 27100000. Time Elapsed: 27659.402 s. Mean Reward: 6.257. Std of Reward: 26.278. Training.
[INFO] Rocket. Step: 27120000. Time Elapsed: 27683.572 s. Mean Reward: 8.345. Std of Reward: 25.073. Training.
[INFO] Rocket. Step: 27140000. Time Elapsed: 27702.172 s. Mean Reward: -1.123. Std of Reward: 31.594. Training.
[INFO] Rocket. Step: 27160000. Time Elapsed: 27726.431 s. Mean Reward: 7.672. Std of Reward: 24.039. Training.
[INFO] Rocket. Step: 27180000. Time Elapsed: 27744.447 s. Mean Reward: 4.052. Std of Reward: 24.809. Training.
[INFO] Rocket. Step: 27200000. Time Elapsed: 27769.417 s. Mean Reward: 8.695. Std of Reward: 23.541. Training.
[INFO] Rocket. Step: 27220000. Time Elapsed: 27786.491 s. Mean Reward: 1.261. Std of Reward: 30.157. Training.
[INFO] Rocket. Step: 27240000. Time Elapsed: 27811.911 s. Mean Reward: 2.870. Std of Reward: 27.541. Training.
[INFO] Rocket. Step: 27260000. Time Elapsed: 27828.900 s. Mean Reward: 7.949. Std of Reward: 23.977. Training.
[INFO] Rocket. Step: 27280000. Time Elapsed: 27854.579 s. Mean Reward: 1.271. Std of Reward: 26.408. Training.
[INFO] Rocket. Step: 27300000. Time Elapsed: 27871.546 s. Mean Reward: 13.122. Std of Reward: 18.096. Training.
[INFO] Rocket. Step: 27320000. Time Elapsed: 27898.778 s. Mean Reward: 4.324. Std of Reward: 25.487. Training.
[INFO] Rocket. Step: 27340000. Time Elapsed: 27915.824 s. Mean Reward: 1.816. Std of Reward: 28.658. Training.
[INFO] Rocket. Step: 27360000. Time Elapsed: 27931.859 s. Mean Reward: 7.942. Std of Reward: 22.763. Training.
[INFO] Rocket. Step: 27380000. Time Elapsed: 27955.183 s. Mean Reward: 8.322. Std of Reward: 22.119. Training.
[INFO] Rocket. Step: 27400000. Time Elapsed: 27975.945 s. Mean Reward: 6.535. Std of Reward: 23.077. Training.
[INFO] Rocket. Step: 27420000. Time Elapsed: 27998.857 s. Mean Reward: 5.685. Std of Reward: 22.364. Training.
[INFO] Rocket. Step: 27440000. Time Elapsed: 28016.405 s. Mean Reward: 3.596. Std of Reward: 24.686. Training.
[INFO] Rocket. Step: 27460000. Time Elapsed: 28042.831 s. Mean Reward: 6.904. Std of Reward: 23.310. Training.
[INFO] Rocket. Step: 27480000. Time Elapsed: 28060.478 s. Mean Reward: 8.984. Std of Reward: 19.378. Training.
[INFO] Rocket. Step: 27500000. Time Elapsed: 28084.220 s. Mean Reward: 8.490. Std of Reward: 19.695. Training.
[INFO] Exported results\L11\Rocket\Rocket-27499957.onnx
[INFO] Rocket. Step: 27520000. Time Elapsed: 28102.485 s. Mean Reward: 8.851. Std of Reward: 22.875. Training.
[INFO] Rocket. Step: 27540000. Time Elapsed: 28126.730 s. Mean Reward: -2.370. Std of Reward: 25.872. Training.
[INFO] Rocket. Step: 27560000. Time Elapsed: 28144.851 s. Mean Reward: 4.901. Std of Reward: 23.692. Training.
[INFO] Rocket. Step: 27580000. Time Elapsed: 28170.745 s. Mean Reward: 4.554. Std of Reward: 25.652. Training.
[INFO] Rocket. Step: 27600000. Time Elapsed: 28188.267 s. Mean Reward: 0.664. Std of Reward: 27.170. Training.
[INFO] Rocket. Step: 27620000. Time Elapsed: 28212.260 s. Mean Reward: 6.684. Std of Reward: 26.342. Training.
[INFO] Rocket. Step: 27640000. Time Elapsed: 28228.949 s. Mean Reward: 11.379. Std of Reward: 21.510. Training.
[INFO] Rocket. Step: 27660000. Time Elapsed: 28254.580 s. Mean Reward: 6.757. Std of Reward: 24.149. Training.
[INFO] Rocket. Step: 27680000. Time Elapsed: 28272.152 s. Mean Reward: 6.082. Std of Reward: 24.986. Training.
[INFO] Rocket. Step: 27700000. Time Elapsed: 28296.953 s. Mean Reward: 12.383. Std of Reward: 20.240. Training.
[INFO] Rocket. Step: 27720000. Time Elapsed: 28315.243 s. Mean Reward: 12.717. Std of Reward: 18.750. Training.
[INFO] Rocket. Step: 27740000. Time Elapsed: 28340.143 s. Mean Reward: 2.812. Std of Reward: 27.179. Training.
[INFO] Rocket. Step: 27760000. Time Elapsed: 28358.005 s. Mean Reward: 13.095. Std of Reward: 20.369. Training.
[INFO] Rocket. Step: 27780000. Time Elapsed: 28382.550 s. Mean Reward: -5.449. Std of Reward: 28.833. Training.
[INFO] Rocket. Step: 27800000. Time Elapsed: 28401.799 s. Mean Reward: 3.117. Std of Reward: 28.454. Training.
[INFO] Rocket. Step: 27820000. Time Elapsed: 28424.754 s. Mean Reward: -3.081. Std of Reward: 33.864. Training.
[INFO] Rocket. Step: 27840000. Time Elapsed: 28441.183 s. Mean Reward: 0.013. Std of Reward: 28.102. Training.
[INFO] Rocket. Step: 27860000. Time Elapsed: 28465.404 s. Mean Reward: -4.584. Std of Reward: 28.293. Training.
[INFO] Rocket. Step: 27880000. Time Elapsed: 28485.091 s. Mean Reward: 10.454. Std of Reward: 23.041. Training.
[INFO] Rocket. Step: 27900000. Time Elapsed: 28509.036 s. Mean Reward: 5.824. Std of Reward: 25.282. Training.
[INFO] Rocket. Step: 27920000. Time Elapsed: 28526.789 s. Mean Reward: 11.218. Std of Reward: 18.061. Training.
[INFO] Rocket. Step: 27940000. Time Elapsed: 28552.360 s. Mean Reward: 9.021. Std of Reward: 21.417. Training.
[INFO] Rocket. Step: 27960000. Time Elapsed: 28569.016 s. Mean Reward: 8.878. Std of Reward: 21.946. Training.
[INFO] Rocket. Step: 27980000. Time Elapsed: 28596.215 s. Mean Reward: 3.635. Std of Reward: 26.651. Training.
[INFO] Rocket. Step: 28000000. Time Elapsed: 28610.883 s. Mean Reward: 9.914. Std of Reward: 19.764. Training.
[INFO] Exported results\L11\Rocket\Rocket-27999416.onnx
[INFO] Rocket. Step: 28020000. Time Elapsed: 28629.919 s. Mean Reward: 3.824. Std of Reward: 27.119. Training.
[INFO] Rocket. Step: 28040000. Time Elapsed: 28655.326 s. Mean Reward: 7.643. Std of Reward: 22.962. Training.
[INFO] Rocket. Step: 28060000. Time Elapsed: 28671.884 s. Mean Reward: 3.475. Std of Reward: 26.313. Training.
[INFO] Rocket. Step: 28080000. Time Elapsed: 28697.250 s. Mean Reward: 6.916. Std of Reward: 21.354. Training.
[INFO] Rocket. Step: 28100000. Time Elapsed: 28715.679 s. Mean Reward: 12.339. Std of Reward: 18.152. Training.
[INFO] Rocket. Step: 28120000. Time Elapsed: 28740.389 s. Mean Reward: 10.958. Std of Reward: 23.507. Training.
[INFO] Rocket. Step: 28140000. Time Elapsed: 28758.393 s. Mean Reward: 12.912. Std of Reward: 17.265. Training.
[INFO] Rocket. Step: 28160000. Time Elapsed: 28782.562 s. Mean Reward: 14.685. Std of Reward: 18.989. Training.
[INFO] Rocket. Step: 28180000. Time Elapsed: 28801.920 s. Mean Reward: 11.663. Std of Reward: 19.641. Training.
[INFO] Rocket. Step: 28200000. Time Elapsed: 28824.882 s. Mean Reward: 2.928. Std of Reward: 28.060. Training.
[INFO] Rocket. Step: 28220000. Time Elapsed: 28844.226 s. Mean Reward: 6.954. Std of Reward: 25.233. Training.
[INFO] Rocket. Step: 28240000. Time Elapsed: 28867.805 s. Mean Reward: 5.279. Std of Reward: 24.853. Training.
[INFO] Rocket. Step: 28260000. Time Elapsed: 28885.506 s. Mean Reward: 10.532. Std of Reward: 21.362. Training.
[INFO] Rocket. Step: 28280000. Time Elapsed: 28910.523 s. Mean Reward: 3.639. Std of Reward: 29.629. Training.
[INFO] Rocket. Step: 28300000. Time Elapsed: 28928.855 s. Mean Reward: -1.139. Std of Reward: 29.444. Training.
[INFO] Rocket. Step: 28320000. Time Elapsed: 28953.612 s. Mean Reward: 4.249. Std of Reward: 25.780. Training.
[INFO] Rocket. Step: 28340000. Time Elapsed: 28970.389 s. Mean Reward: 10.710. Std of Reward: 17.651. Training.
[INFO] Rocket. Step: 28360000. Time Elapsed: 28996.276 s. Mean Reward: 6.181. Std of Reward: 24.264. Training.
[INFO] Rocket. Step: 28380000. Time Elapsed: 29013.974 s. Mean Reward: 6.330. Std of Reward: 23.793. Training.
[INFO] Rocket. Step: 28400000. Time Elapsed: 29038.808 s. Mean Reward: 12.880. Std of Reward: 19.515. Training.
[INFO] Rocket. Step: 28420000. Time Elapsed: 29056.797 s. Mean Reward: 9.638. Std of Reward: 21.280. Training.
[INFO] Rocket. Step: 28440000. Time Elapsed: 29082.071 s. Mean Reward: 12.356. Std of Reward: 19.519. Training.
[INFO] Rocket. Step: 28460000. Time Elapsed: 29099.458 s. Mean Reward: 9.361. Std of Reward: 23.898. Training.
[INFO] Rocket. Step: 28480000. Time Elapsed: 29124.909 s. Mean Reward: 7.102. Std of Reward: 23.569. Training.
[INFO] Rocket. Step: 28500000. Time Elapsed: 29142.551 s. Mean Reward: 15.836. Std of Reward: 11.050. Training.
[INFO] Exported results\L11\Rocket\Rocket-28499435.onnx
[INFO] Rocket. Step: 28520000. Time Elapsed: 29167.499 s. Mean Reward: -1.766. Std of Reward: 29.770. Training.
[INFO] Rocket. Step: 28540000. Time Elapsed: 29184.284 s. Mean Reward: 2.055. Std of Reward: 27.259. Training.
[INFO] Rocket. Step: 28560000. Time Elapsed: 29209.385 s. Mean Reward: 13.446. Std of Reward: 16.583. Training.
[INFO] Rocket. Step: 28580000. Time Elapsed: 29227.036 s. Mean Reward: 0.808. Std of Reward: 29.555. Training.
[INFO] Rocket. Step: 28600000. Time Elapsed: 29253.710 s. Mean Reward: 9.951. Std of Reward: 24.970. Training.
[INFO] Rocket. Step: 28620000. Time Elapsed: 29269.872 s. Mean Reward: 9.371. Std of Reward: 22.401. Training.
[INFO] Rocket. Step: 28640000. Time Elapsed: 29295.178 s. Mean Reward: 10.047. Std of Reward: 21.843. Training.
[INFO] Rocket. Step: 28660000. Time Elapsed: 29312.503 s. Mean Reward: 2.816. Std of Reward: 25.958. Training.
[INFO] Rocket. Step: 28680000. Time Elapsed: 29330.221 s. Mean Reward: 12.144. Std of Reward: 21.248. Training.
[INFO] Rocket. Step: 28700000. Time Elapsed: 29355.652 s. Mean Reward: 4.073. Std of Reward: 28.557. Training.
[INFO] Rocket. Step: 28720000. Time Elapsed: 29373.861 s. Mean Reward: 13.020. Std of Reward: 17.570. Training.
[INFO] Rocket. Step: 28740000. Time Elapsed: 29397.008 s. Mean Reward: 3.577. Std of Reward: 28.292. Training.
[INFO] Rocket. Step: 28760000. Time Elapsed: 29415.498 s. Mean Reward: 2.315. Std of Reward: 25.441. Training.
[INFO] Rocket. Step: 28780000. Time Elapsed: 29439.886 s. Mean Reward: 6.067. Std of Reward: 25.530. Training.
[INFO] Rocket. Step: 28800000. Time Elapsed: 29456.025 s. Mean Reward: 3.757. Std of Reward: 26.644. Training.
[INFO] Rocket. Step: 28820000. Time Elapsed: 29482.727 s. Mean Reward: 10.174. Std of Reward: 20.395. Training.
[INFO] Rocket. Step: 28840000. Time Elapsed: 29499.360 s. Mean Reward: 8.370. Std of Reward: 22.610. Training.
[INFO] Rocket. Step: 28860000. Time Elapsed: 29524.650 s. Mean Reward: -5.160. Std of Reward: 29.876. Training.
[INFO] Rocket. Step: 28880000. Time Elapsed: 29541.297 s. Mean Reward: 9.434. Std of Reward: 22.712. Training.
[INFO] Rocket. Step: 28900000. Time Elapsed: 29567.041 s. Mean Reward: 1.633. Std of Reward: 28.138. Training.
[INFO] Rocket. Step: 28920000. Time Elapsed: 29583.242 s. Mean Reward: 5.503. Std of Reward: 26.314. Training.
[INFO] Rocket. Step: 28940000. Time Elapsed: 29607.646 s. Mean Reward: 6.905. Std of Reward: 26.789. Training.
[INFO] Rocket. Step: 28960000. Time Elapsed: 29626.645 s. Mean Reward: 5.497. Std of Reward: 26.393. Training.
[INFO] Rocket. Step: 28980000. Time Elapsed: 29651.387 s. Mean Reward: 9.298. Std of Reward: 26.904. Training.
[INFO] Rocket. Step: 29000000. Time Elapsed: 29668.706 s. Mean Reward: 9.729. Std of Reward: 24.000. Training.
[INFO] Exported results\L11\Rocket\Rocket-28999651.onnx
[INFO] Rocket. Step: 29020000. Time Elapsed: 29692.702 s. Mean Reward: 16.213. Std of Reward: 15.240. Training.
[INFO] Rocket. Step: 29040000. Time Elapsed: 29710.106 s. Mean Reward: 5.485. Std of Reward: 27.153. Training.
[INFO] Rocket. Step: 29060000. Time Elapsed: 29735.575 s. Mean Reward: -2.136. Std of Reward: 31.004. Training.
[INFO] Rocket. Step: 29080000. Time Elapsed: 29753.416 s. Mean Reward: 7.631. Std of Reward: 30.082. Training.
[INFO] Rocket. Step: 29100000. Time Elapsed: 29777.954 s. Mean Reward: 2.160. Std of Reward: 25.816. Training.
[INFO] Rocket. Step: 29120000. Time Elapsed: 29795.777 s. Mean Reward: 8.817. Std of Reward: 23.332. Training.
[INFO] Rocket. Step: 29140000. Time Elapsed: 29820.355 s. Mean Reward: 6.923. Std of Reward: 25.350. Training.
[INFO] Rocket. Step: 29160000. Time Elapsed: 29838.473 s. Mean Reward: -2.191. Std of Reward: 31.164. Training.
[INFO] Rocket. Step: 29180000. Time Elapsed: 29860.820 s. Mean Reward: 6.111. Std of Reward: 27.081. Training.
[INFO] Rocket. Step: 29200000. Time Elapsed: 29878.093 s. Mean Reward: 9.598. Std of Reward: 24.171. Training.
[INFO] Rocket. Step: 29220000. Time Elapsed: 29902.526 s. Mean Reward: 7.152. Std of Reward: 25.957. Training.
[INFO] Rocket. Step: 29240000. Time Elapsed: 29920.825 s. Mean Reward: 7.504. Std of Reward: 25.126. Training.
[INFO] Rocket. Step: 29260000. Time Elapsed: 29946.799 s. Mean Reward: -0.637. Std of Reward: 30.706. Training.
[INFO] Rocket. Step: 29280000. Time Elapsed: 29961.273 s. Mean Reward: 5.732. Std of Reward: 27.150. Training.
[INFO] Rocket. Step: 29300000. Time Elapsed: 29989.443 s. Mean Reward: 11.934. Std of Reward: 22.401. Training.
[INFO] Rocket. Step: 29320000. Time Elapsed: 30005.682 s. Mean Reward: -4.179. Std of Reward: 31.586. Training.
[INFO] Rocket. Step: 29340000. Time Elapsed: 30021.453 s. Mean Reward: 7.905. Std of Reward: 23.528. Training.
[INFO] Rocket. Step: 29360000. Time Elapsed: 30045.330 s. Mean Reward: -2.340. Std of Reward: 29.988. Training.
[INFO] Rocket. Step: 29380000. Time Elapsed: 30064.099 s. Mean Reward: 5.442. Std of Reward: 28.676. Training.
[INFO] Rocket. Step: 29400000. Time Elapsed: 30088.060 s. Mean Reward: 14.897. Std of Reward: 18.454. Training.
[INFO] Rocket. Step: 29420000. Time Elapsed: 30105.847 s. Mean Reward: 9.437. Std of Reward: 21.393. Training.
[INFO] Rocket. Step: 29440000. Time Elapsed: 30129.554 s. Mean Reward: 9.901. Std of Reward: 23.993. Training.
[INFO] Rocket. Step: 29460000. Time Elapsed: 30147.043 s. Mean Reward: 6.418. Std of Reward: 26.390. Training.
[INFO] Rocket. Step: 29480000. Time Elapsed: 30172.163 s. Mean Reward: 1.586. Std of Reward: 28.305. Training.
[INFO] Rocket. Step: 29500000. Time Elapsed: 30189.552 s. Mean Reward: -0.690. Std of Reward: 30.039. Training.
[INFO] Exported results\L11\Rocket\Rocket-29499466.onnx
[INFO] Rocket. Step: 29520000. Time Elapsed: 30213.750 s. Mean Reward: -4.450. Std of Reward: 28.655. Training.
[INFO] Rocket. Step: 29540000. Time Elapsed: 30231.344 s. Mean Reward: 2.353. Std of Reward: 27.805. Training.
[INFO] Rocket. Step: 29560000. Time Elapsed: 30255.857 s. Mean Reward: 12.591. Std of Reward: 24.544. Training.
[INFO] Rocket. Step: 29580000. Time Elapsed: 30272.745 s. Mean Reward: 11.444. Std of Reward: 23.008. Training.
[INFO] Rocket. Step: 29600000. Time Elapsed: 30297.150 s. Mean Reward: 8.922. Std of Reward: 22.057. Training.
[INFO] Rocket. Step: 29620000. Time Elapsed: 30316.393 s. Mean Reward: 12.980. Std of Reward: 19.082. Training.
[INFO] Rocket. Step: 29640000. Time Elapsed: 30340.139 s. Mean Reward: 11.284. Std of Reward: 22.555. Training.
[INFO] Rocket. Step: 29660000. Time Elapsed: 30357.740 s. Mean Reward: 5.311. Std of Reward: 28.032. Training.
[INFO] Rocket. Step: 29680000. Time Elapsed: 30380.764 s. Mean Reward: -2.716. Std of Reward: 31.117. Training.
[INFO] Rocket. Step: 29700000. Time Elapsed: 30399.776 s. Mean Reward: 6.885. Std of Reward: 23.758. Training.
[INFO] Rocket. Step: 29720000. Time Elapsed: 30424.382 s. Mean Reward: 10.964. Std of Reward: 22.285. Training.
[INFO] Rocket. Step: 29740000. Time Elapsed: 30440.886 s. Mean Reward: 4.352. Std of Reward: 26.821. Training.
[INFO] Rocket. Step: 29760000. Time Elapsed: 30465.069 s. Mean Reward: 3.960. Std of Reward: 28.268. Training.
[INFO] Rocket. Step: 29780000. Time Elapsed: 30483.417 s. Mean Reward: 11.123. Std of Reward: 20.367. Training.
[INFO] Rocket. Step: 29800000. Time Elapsed: 30507.555 s. Mean Reward: 6.241. Std of Reward: 25.049. Training.
[INFO] Rocket. Step: 29820000. Time Elapsed: 30525.031 s. Mean Reward: 4.269. Std of Reward: 28.722. Training.
[INFO] Rocket. Step: 29840000. Time Elapsed: 30549.899 s. Mean Reward: 9.294. Std of Reward: 22.121. Training.
[INFO] Rocket. Step: 29860000. Time Elapsed: 30567.647 s. Mean Reward: 17.081. Std of Reward: 8.924. Training.
[INFO] Rocket. Step: 29880000. Time Elapsed: 30591.396 s. Mean Reward: 11.995. Std of Reward: 17.403. Training.
[INFO] Rocket. Step: 29900000. Time Elapsed: 30608.767 s. Mean Reward: 6.873. Std of Reward: 24.615. Training.
[INFO] Rocket. Step: 29920000. Time Elapsed: 30633.365 s. Mean Reward: 2.067. Std of Reward: 29.756. Training.
[INFO] Rocket. Step: 29940000. Time Elapsed: 30650.145 s. Mean Reward: 14.319. Std of Reward: 17.002. Training.
[INFO] Rocket. Step: 29960000. Time Elapsed: 30675.681 s. Mean Reward: 0.587. Std of Reward: 28.080. Training.
[INFO] Rocket. Step: 29980000. Time Elapsed: 30691.707 s. Mean Reward: -2.062. Std of Reward: 25.210. Training.
[INFO] Rocket. Step: 30000000. Time Elapsed: 30719.769 s. Mean Reward: 3.825. Std of Reward: 28.820. Training.
[INFO] Exported results\L11\Rocket\Rocket-29999828.onnx
[INFO] Rocket. Step: 30020000. Time Elapsed: 30735.844 s. Mean Reward: 2.727. Std of Reward: 26.536. Training.
[INFO] Rocket. Step: 30040000. Time Elapsed: 30752.691 s. Mean Reward: 2.446. Std of Reward: 27.005. Training.
[INFO] Rocket. Step: 30060000. Time Elapsed: 30777.850 s. Mean Reward: 7.190. Std of Reward: 21.213. Training.
[INFO] Rocket. Step: 30080000. Time Elapsed: 30795.246 s. Mean Reward: 8.570. Std of Reward: 24.600. Training.
[INFO] Rocket. Step: 30100000. Time Elapsed: 30819.233 s. Mean Reward: 16.049. Std of Reward: 14.657. Training.
[INFO] Rocket. Step: 30120000. Time Elapsed: 30836.890 s. Mean Reward: 6.971. Std of Reward: 23.034. Training.
[INFO] Rocket. Step: 30140000. Time Elapsed: 30860.918 s. Mean Reward: 2.323. Std of Reward: 23.762. Training.
[INFO] Rocket. Step: 30160000. Time Elapsed: 30879.449 s. Mean Reward: 2.338. Std of Reward: 25.535. Training.
[INFO] Rocket. Step: 30180000. Time Elapsed: 30903.583 s. Mean Reward: -6.052. Std of Reward: 28.097. Training.
[INFO] Rocket. Step: 30200000. Time Elapsed: 30920.841 s. Mean Reward: 0.200. Std of Reward: 27.750. Training.
[INFO] Rocket. Step: 30220000. Time Elapsed: 30945.323 s. Mean Reward: 8.821. Std of Reward: 22.003. Training.
[INFO] Rocket. Step: 30240000. Time Elapsed: 30963.523 s. Mean Reward: -7.531. Std of Reward: 30.643. Training.
[INFO] Rocket. Step: 30260000. Time Elapsed: 30986.476 s. Mean Reward: -1.894. Std of Reward: 29.385. Training.
[INFO] Rocket. Step: 30280000. Time Elapsed: 31003.367 s. Mean Reward: 1.832. Std of Reward: 26.925. Training.
[INFO] Rocket. Step: 30300000. Time Elapsed: 31027.679 s. Mean Reward: 6.324. Std of Reward: 22.743. Training.
[INFO] Rocket. Step: 30320000. Time Elapsed: 31044.696 s. Mean Reward: 11.594. Std of Reward: 19.817. Training.
[INFO] Rocket. Step: 30340000. Time Elapsed: 31071.241 s. Mean Reward: 1.546. Std of Reward: 29.043. Training.
[INFO] Rocket. Step: 30360000. Time Elapsed: 31088.255 s. Mean Reward: 9.293. Std of Reward: 22.020. Training.
[INFO] Rocket. Step: 30380000. Time Elapsed: 31113.347 s. Mean Reward: 7.174. Std of Reward: 25.102. Training.
[INFO] Rocket. Step: 30400000. Time Elapsed: 31131.228 s. Mean Reward: 2.634. Std of Reward: 25.016. Training.
[INFO] Rocket. Step: 30420000. Time Elapsed: 31153.792 s. Mean Reward: 13.173. Std of Reward: 20.091. Training.
[INFO] Rocket. Step: 30440000. Time Elapsed: 31173.290 s. Mean Reward: 5.123. Std of Reward: 24.967. Training.
[INFO] Rocket. Step: 30460000. Time Elapsed: 31195.854 s. Mean Reward: 13.981. Std of Reward: 18.839. Training.
[INFO] Rocket. Step: 30480000. Time Elapsed: 31213.195 s. Mean Reward: -3.706. Std of Reward: 29.695. Training.
[INFO] Rocket. Step: 30500000. Time Elapsed: 31237.522 s. Mean Reward: -2.253. Std of Reward: 28.523. Training.
[INFO] Exported results\L11\Rocket\Rocket-30499721.onnx
[INFO] Rocket. Step: 30520000. Time Elapsed: 31255.028 s. Mean Reward: 1.725. Std of Reward: 29.108. Training.
[INFO] Rocket. Step: 30540000. Time Elapsed: 31279.813 s. Mean Reward: 4.514. Std of Reward: 25.357. Training.
[INFO] Rocket. Step: 30560000. Time Elapsed: 31297.146 s. Mean Reward: -1.657. Std of Reward: 30.114. Training.
[INFO] Rocket. Step: 30580000. Time Elapsed: 31321.840 s. Mean Reward: 8.523. Std of Reward: 23.643. Training.
[INFO] Rocket. Step: 30600000. Time Elapsed: 31339.772 s. Mean Reward: -6.862. Std of Reward: 30.515. Training.
[INFO] Rocket. Step: 30620000. Time Elapsed: 31364.679 s. Mean Reward: 4.930. Std of Reward: 26.586. Training.
[INFO] Rocket. Step: 30640000. Time Elapsed: 31380.163 s. Mean Reward: 4.273. Std of Reward: 24.740. Training.
[INFO] Rocket. Step: 30660000. Time Elapsed: 31407.144 s. Mean Reward: -5.411. Std of Reward: 29.189. Training.
[INFO] Rocket. Step: 30680000. Time Elapsed: 31423.137 s. Mean Reward: -0.149. Std of Reward: 26.005. Training.
[INFO] Rocket. Step: 30700000. Time Elapsed: 31440.329 s. Mean Reward: 5.551. Std of Reward: 27.008. Training.
[INFO] Rocket. Step: 30720000. Time Elapsed: 31464.098 s. Mean Reward: 6.140. Std of Reward: 25.181. Training.
[INFO] Rocket. Step: 30740000. Time Elapsed: 31482.013 s. Mean Reward: 10.954. Std of Reward: 19.509. Training.
[INFO] Rocket. Step: 30760000. Time Elapsed: 31507.246 s. Mean Reward: 7.362. Std of Reward: 23.234. Training.
[INFO] Rocket. Step: 30780000. Time Elapsed: 31524.984 s. Mean Reward: -0.310. Std of Reward: 31.410. Training.
[INFO] Rocket. Step: 30800000. Time Elapsed: 31549.400 s. Mean Reward: 3.933. Std of Reward: 27.555. Training.
[INFO] Rocket. Step: 30820000. Time Elapsed: 31565.612 s. Mean Reward: 7.751. Std of Reward: 22.011. Training.
[INFO] Rocket. Step: 30840000. Time Elapsed: 31590.819 s. Mean Reward: 13.397. Std of Reward: 20.305. Training.
[INFO] Rocket. Step: 30860000. Time Elapsed: 31608.550 s. Mean Reward: 2.777. Std of Reward: 30.355. Training.
[INFO] Rocket. Step: 30880000. Time Elapsed: 31634.223 s. Mean Reward: 5.550. Std of Reward: 24.832. Training.
[INFO] Rocket. Step: 30900000. Time Elapsed: 31650.482 s. Mean Reward: -0.378. Std of Reward: 27.468. Training.
[INFO] Rocket. Step: 30920000. Time Elapsed: 31674.513 s. Mean Reward: 1.830. Std of Reward: 28.742. Training.
[INFO] Rocket. Step: 30940000. Time Elapsed: 31690.980 s. Mean Reward: 10.414. Std of Reward: 19.300. Training.
[INFO] Rocket. Step: 30960000. Time Elapsed: 31715.651 s. Mean Reward: 3.596. Std of Reward: 28.319. Training.
[INFO] Rocket. Step: 30980000. Time Elapsed: 31733.949 s. Mean Reward: 7.268. Std of Reward: 24.541. Training.
[INFO] Rocket. Step: 31000000. Time Elapsed: 31758.113 s. Mean Reward: 7.066. Std of Reward: 26.434. Training.
[INFO] Exported results\L11\Rocket\Rocket-30999907.onnx
[INFO] Rocket. Step: 31020000. Time Elapsed: 31775.273 s. Mean Reward: 5.747. Std of Reward: 25.124. Training.
[INFO] Rocket. Step: 31040000. Time Elapsed: 31799.607 s. Mean Reward: 3.911. Std of Reward: 27.585. Training.
[INFO] Rocket. Step: 31060000. Time Elapsed: 31817.278 s. Mean Reward: 2.011. Std of Reward: 28.774. Training.
[INFO] Rocket. Step: 31080000. Time Elapsed: 31840.874 s. Mean Reward: 5.519. Std of Reward: 26.063. Training.
[INFO] Rocket. Step: 31100000. Time Elapsed: 31860.529 s. Mean Reward: 5.063. Std of Reward: 26.266. Training.
[INFO] Rocket. Step: 31120000. Time Elapsed: 31882.688 s. Mean Reward: 11.668. Std of Reward: 21.164. Training.
[INFO] Rocket. Step: 31140000. Time Elapsed: 31900.137 s. Mean Reward: 10.224. Std of Reward: 23.018. Training.
[INFO] Rocket. Step: 31160000. Time Elapsed: 31924.917 s. Mean Reward: -0.714. Std of Reward: 28.120. Training.
[INFO] Rocket. Step: 31180000. Time Elapsed: 31942.357 s. Mean Reward: 6.664. Std of Reward: 25.732. Training.
[INFO] Rocket. Step: 31200000. Time Elapsed: 31964.921 s. Mean Reward: -2.204. Std of Reward: 29.983. Training.
[INFO] Rocket. Step: 31220000. Time Elapsed: 31982.873 s. Mean Reward: 5.628. Std of Reward: 24.953. Training.
[INFO] Rocket. Step: 31240000. Time Elapsed: 32007.190 s. Mean Reward: 2.627. Std of Reward: 27.815. Training.
[INFO] Rocket. Step: 31260000. Time Elapsed: 32023.956 s. Mean Reward: 1.882. Std of Reward: 28.984. Training.
[INFO] Rocket. Step: 31280000. Time Elapsed: 32049.661 s. Mean Reward: 1.796. Std of Reward: 27.095. Training.
[INFO] Rocket. Step: 31300000. Time Elapsed: 32065.013 s. Mean Reward: 7.196. Std of Reward: 25.902. Training.
[INFO] Rocket. Step: 31320000. Time Elapsed: 32083.586 s. Mean Reward: 5.551. Std of Reward: 26.958. Training.
[INFO] Rocket. Step: 31340000. Time Elapsed: 32108.096 s. Mean Reward: 1.321. Std of Reward: 27.290. Training.
[INFO] Rocket. Step: 31360000. Time Elapsed: 32125.208 s. Mean Reward: 3.629. Std of Reward: 27.438. Training.
[INFO] Rocket. Step: 31380000. Time Elapsed: 32149.642 s. Mean Reward: 0.983. Std of Reward: 30.403. Training.
[INFO] Rocket. Step: 31400000. Time Elapsed: 32167.739 s. Mean Reward: 6.298. Std of Reward: 27.098. Training.
[INFO] Rocket. Step: 31420000. Time Elapsed: 32190.310 s. Mean Reward: 0.918. Std of Reward: 28.550. Training.
[INFO] Rocket. Step: 31440000. Time Elapsed: 32208.060 s. Mean Reward: 9.343. Std of Reward: 23.385. Training.
[INFO] Rocket. Step: 31460000. Time Elapsed: 32231.861 s. Mean Reward: 8.798. Std of Reward: 26.419. Training.
[INFO] Rocket. Step: 31480000. Time Elapsed: 32249.607 s. Mean Reward: 10.068. Std of Reward: 23.424. Training.
[INFO] Rocket. Step: 31500000. Time Elapsed: 32273.925 s. Mean Reward: 6.679. Std of Reward: 26.345. Training.
[INFO] Exported results\L11\Rocket\Rocket-31499960.onnx
[INFO] Rocket. Step: 31520000. Time Elapsed: 32293.009 s. Mean Reward: 0.067. Std of Reward: 32.155. Training.
[INFO] Rocket. Step: 31540000. Time Elapsed: 32319.794 s. Mean Reward: 4.810. Std of Reward: 25.748. Training.
[INFO] Rocket. Step: 31560000. Time Elapsed: 32340.174 s. Mean Reward: 1.425. Std of Reward: 29.788. Training.
[INFO] Rocket. Step: 31580000. Time Elapsed: 32366.305 s. Mean Reward: 1.180. Std of Reward: 28.645. Training.
[INFO] Rocket. Step: 31600000. Time Elapsed: 32384.251 s. Mean Reward: 9.543. Std of Reward: 23.464. Training.
[INFO] Rocket. Step: 31620000. Time Elapsed: 32407.681 s. Mean Reward: -3.037. Std of Reward: 30.983. Training.
[INFO] Rocket. Step: 31640000. Time Elapsed: 32425.199 s. Mean Reward: -2.166. Std of Reward: 30.467. Training.
[INFO] Rocket. Step: 31660000. Time Elapsed: 32449.542 s. Mean Reward: 11.061. Std of Reward: 18.780. Training.
[INFO] Rocket. Step: 31680000. Time Elapsed: 32467.749 s. Mean Reward: -2.366. Std of Reward: 25.186. Training.
[INFO] Rocket. Step: 31700000. Time Elapsed: 32491.804 s. Mean Reward: -2.124. Std of Reward: 30.781. Training.
[INFO] Rocket. Step: 31720000. Time Elapsed: 32509.239 s. Mean Reward: 8.373. Std of Reward: 27.169. Training.
[INFO] Rocket. Step: 31740000. Time Elapsed: 32531.993 s. Mean Reward: -2.121. Std of Reward: 33.051. Training.
[INFO] Rocket. Step: 31760000. Time Elapsed: 32549.605 s. Mean Reward: 1.192. Std of Reward: 28.086. Training.
[INFO] Rocket. Step: 31780000. Time Elapsed: 32573.860 s. Mean Reward: 8.287. Std of Reward: 24.394. Training.
[INFO] Rocket. Step: 31800000. Time Elapsed: 32592.921 s. Mean Reward: 10.726. Std of Reward: 19.926. Training.
[INFO] Rocket. Step: 31820000. Time Elapsed: 32615.761 s. Mean Reward: 8.628. Std of Reward: 25.451. Training.
[INFO] Rocket. Step: 31840000. Time Elapsed: 32632.948 s. Mean Reward: -0.353. Std of Reward: 25.855. Training.
[INFO] Rocket. Step: 31860000. Time Elapsed: 32658.943 s. Mean Reward: 4.780. Std of Reward: 27.217. Training.
[INFO] Rocket. Step: 31880000. Time Elapsed: 32674.867 s. Mean Reward: 2.614. Std of Reward: 31.967. Training.
[INFO] Rocket. Step: 31900000. Time Elapsed: 32699.622 s. Mean Reward: 2.457. Std of Reward: 27.306. Training.
[INFO] Rocket. Step: 31920000. Time Elapsed: 32717.454 s. Mean Reward: 13.085. Std of Reward: 19.809. Training.
[INFO] Rocket. Step: 31940000. Time Elapsed: 32743.145 s. Mean Reward: 4.010. Std of Reward: 26.448. Training.
[INFO] Rocket. Step: 31960000. Time Elapsed: 32759.806 s. Mean Reward: 8.685. Std of Reward: 21.044. Training.
[INFO] Rocket. Step: 31980000. Time Elapsed: 32776.097 s. Mean Reward: -7.323. Std of Reward: 31.523. Training.
[INFO] Rocket. Step: 32000000. Time Elapsed: 32801.513 s. Mean Reward: 4.301. Std of Reward: 27.902. Training.
[INFO] Exported results\L11\Rocket\Rocket-31999531.onnx
[INFO] Rocket. Step: 32020000. Time Elapsed: 32820.009 s. Mean Reward: 2.291. Std of Reward: 29.401. Training.
[INFO] Rocket. Step: 32040000. Time Elapsed: 32844.170 s. Mean Reward: 5.180. Std of Reward: 27.497. Training.
[INFO] Rocket. Step: 32060000. Time Elapsed: 32862.662 s. Mean Reward: 9.314. Std of Reward: 23.449. Training.
[INFO] Rocket. Step: 32080000. Time Elapsed: 32885.702 s. Mean Reward: 10.789. Std of Reward: 23.129. Training.
[INFO] Rocket. Step: 32100000. Time Elapsed: 32903.295 s. Mean Reward: 1.987. Std of Reward: 28.794. Training.
[INFO] Rocket. Step: 32120000. Time Elapsed: 32926.027 s. Mean Reward: 13.045. Std of Reward: 22.396. Training.
[INFO] Rocket. Step: 32140000. Time Elapsed: 32944.917 s. Mean Reward: 7.302. Std of Reward: 23.481. Training.
[INFO] Rocket. Step: 32160000. Time Elapsed: 32968.493 s. Mean Reward: 13.076. Std of Reward: 20.992. Training.
[INFO] Rocket. Step: 32180000. Time Elapsed: 32986.634 s. Mean Reward: 3.251. Std of Reward: 29.640. Training.
[INFO] Rocket. Step: 32200000. Time Elapsed: 33010.899 s. Mean Reward: 10.048. Std of Reward: 22.184. Training.
[INFO] Rocket. Step: 32220000. Time Elapsed: 33027.955 s. Mean Reward: 1.077. Std of Reward: 31.263. Training.
[INFO] Rocket. Step: 32240000. Time Elapsed: 33052.069 s. Mean Reward: 5.835. Std of Reward: 26.405. Training.
[INFO] Rocket. Step: 32260000. Time Elapsed: 33069.602 s. Mean Reward: 3.258. Std of Reward: 27.478. Training.
[INFO] Rocket. Step: 32280000. Time Elapsed: 33093.722 s. Mean Reward: 8.044. Std of Reward: 22.579. Training.
[INFO] Rocket. Step: 32300000. Time Elapsed: 33111.182 s. Mean Reward: 8.126. Std of Reward: 23.506. Training.
[INFO] Rocket. Step: 32320000. Time Elapsed: 33134.185 s. Mean Reward: 1.067. Std of Reward: 28.760. Training.
[INFO] Rocket. Step: 32340000. Time Elapsed: 33152.191 s. Mean Reward: -0.881. Std of Reward: 29.793. Training.
[INFO] Rocket. Step: 32360000. Time Elapsed: 33177.195 s. Mean Reward: 5.872. Std of Reward: 25.088. Training.
[INFO] Rocket. Step: 32380000. Time Elapsed: 33194.283 s. Mean Reward: 3.079. Std of Reward: 28.640. Training.
[INFO] Rocket. Step: 32400000. Time Elapsed: 33218.909 s. Mean Reward: 8.579. Std of Reward: 22.725. Training.
[INFO] Rocket. Step: 32420000. Time Elapsed: 33235.749 s. Mean Reward: 2.819. Std of Reward: 30.775. Training.
[INFO] Rocket. Step: 32440000. Time Elapsed: 33261.640 s. Mean Reward: 5.443. Std of Reward: 28.344. Training.
[INFO] Rocket. Step: 32460000. Time Elapsed: 33277.898 s. Mean Reward: 11.854. Std of Reward: 19.856. Training.
[INFO] Rocket. Step: 32480000. Time Elapsed: 33302.216 s. Mean Reward: 5.438. Std of Reward: 29.219. Training.
[INFO] Rocket. Step: 32500000. Time Elapsed: 33319.443 s. Mean Reward: 1.459. Std of Reward: 32.718. Training.
[INFO] Exported results\L11\Rocket\Rocket-32499812.onnx
[INFO] Rocket. Step: 32520000. Time Elapsed: 33344.734 s. Mean Reward: -0.350. Std of Reward: 31.036. Training.
[INFO] Rocket. Step: 32540000. Time Elapsed: 33360.573 s. Mean Reward: 11.138. Std of Reward: 26.077. Training.
[INFO] Rocket. Step: 32560000. Time Elapsed: 33387.138 s. Mean Reward: 8.510. Std of Reward: 25.247. Training.
[INFO] Rocket. Step: 32580000. Time Elapsed: 33403.304 s. Mean Reward: 5.367. Std of Reward: 26.318. Training.
[INFO] Rocket. Step: 32600000. Time Elapsed: 33419.814 s. Mean Reward: 4.555. Std of Reward: 26.762. Training.
[INFO] Rocket. Step: 32620000. Time Elapsed: 33444.342 s. Mean Reward: -4.138. Std of Reward: 32.466. Training.
[INFO] Rocket. Step: 32640000. Time Elapsed: 33461.117 s. Mean Reward: 10.977. Std of Reward: 23.217. Training.
[INFO] Rocket. Step: 32660000. Time Elapsed: 33485.619 s. Mean Reward: -12.414. Std of Reward: 33.119. Training.
[INFO] Rocket. Step: 32680000. Time Elapsed: 33503.024 s. Mean Reward: 5.727. Std of Reward: 28.301. Training.
[INFO] Rocket. Step: 32700000. Time Elapsed: 33525.894 s. Mean Reward: 2.785. Std of Reward: 29.381. Training.
[INFO] Rocket. Step: 32720000. Time Elapsed: 33544.263 s. Mean Reward: -5.504. Std of Reward: 32.236. Training.
[INFO] Rocket. Step: 32740000. Time Elapsed: 33568.510 s. Mean Reward: 0.251. Std of Reward: 31.036. Training.
[INFO] Rocket. Step: 32760000. Time Elapsed: 33584.633 s. Mean Reward: 0.415. Std of Reward: 30.554. Training.
[INFO] Rocket. Step: 32780000. Time Elapsed: 33608.563 s. Mean Reward: -0.766. Std of Reward: 30.768. Training.
[INFO] Rocket. Step: 32800000. Time Elapsed: 33626.765 s. Mean Reward: 0.175. Std of Reward: 26.990. Training.
[INFO] Rocket. Step: 32820000. Time Elapsed: 33651.761 s. Mean Reward: 7.933. Std of Reward: 25.686. Training.
[INFO] Rocket. Step: 32840000. Time Elapsed: 33667.440 s. Mean Reward: 5.080. Std of Reward: 29.235. Training.
[INFO] Rocket. Step: 32860000. Time Elapsed: 33691.731 s. Mean Reward: 1.491. Std of Reward: 30.936. Training.
[INFO] Rocket. Step: 32880000. Time Elapsed: 33709.156 s. Mean Reward: 2.642. Std of Reward: 28.333. Training.
[INFO] Rocket. Step: 32900000. Time Elapsed: 33733.767 s. Mean Reward: 0.122. Std of Reward: 29.137. Training.
[INFO] Rocket. Step: 32920000. Time Elapsed: 33750.446 s. Mean Reward: 7.116. Std of Reward: 25.852. Training.
[INFO] Rocket. Step: 32940000. Time Elapsed: 33774.266 s. Mean Reward: 8.192. Std of Reward: 25.308. Training.
[INFO] Rocket. Step: 32960000. Time Elapsed: 33791.853 s. Mean Reward: 8.057. Std of Reward: 24.084. Training.
[INFO] Rocket. Step: 32980000. Time Elapsed: 33816.995 s. Mean Reward: 3.637. Std of Reward: 28.045. Training.
[INFO] Rocket. Step: 33000000. Time Elapsed: 33833.404 s. Mean Reward: 5.705. Std of Reward: 27.451. Training.
[INFO] Exported results\L11\Rocket\Rocket-32999621.onnx
[INFO] Rocket. Step: 33020000. Time Elapsed: 33858.498 s. Mean Reward: 1.590. Std of Reward: 26.797. Training.
[INFO] Rocket. Step: 33040000. Time Elapsed: 33875.731 s. Mean Reward: 8.018. Std of Reward: 27.085. Training.
[INFO] Rocket. Step: 33060000. Time Elapsed: 33900.158 s. Mean Reward: 0.058. Std of Reward: 31.181. Training.
[INFO] Rocket. Step: 33080000. Time Elapsed: 33917.956 s. Mean Reward: 11.344. Std of Reward: 24.320. Training.
[INFO] Rocket. Step: 33100000. Time Elapsed: 33940.411 s. Mean Reward: 5.143. Std of Reward: 26.806. Training.
[INFO] Rocket. Step: 33120000. Time Elapsed: 33959.322 s. Mean Reward: 9.281. Std of Reward: 25.093. Training.
[INFO] Rocket. Step: 33140000. Time Elapsed: 33983.326 s. Mean Reward: 7.641. Std of Reward: 27.655. Training.
[INFO] Rocket. Step: 33160000. Time Elapsed: 34000.840 s. Mean Reward: 9.915. Std of Reward: 24.883. Training.
[INFO] Rocket. Step: 33180000. Time Elapsed: 34024.751 s. Mean Reward: -2.379. Std of Reward: 31.132. Training.
[INFO] Rocket. Step: 33200000. Time Elapsed: 34044.252 s. Mean Reward: 3.900. Std of Reward: 29.953. Training.
[INFO] Rocket. Step: 33220000. Time Elapsed: 34068.567 s. Mean Reward: 4.197. Std of Reward: 27.098. Training.
[INFO] Rocket. Step: 33240000. Time Elapsed: 34083.766 s. Mean Reward: 2.527. Std of Reward: 27.974. Training.
[INFO] Rocket. Step: 33260000. Time Elapsed: 34109.417 s. Mean Reward: 2.111. Std of Reward: 29.773. Training.
[INFO] Rocket. Step: 33280000. Time Elapsed: 34126.387 s. Mean Reward: 8.288. Std of Reward: 24.991. Training.
[INFO] Rocket. Step: 33300000. Time Elapsed: 34143.675 s. Mean Reward: 7.633. Std of Reward: 26.387. Training.
[INFO] Rocket. Step: 33320000. Time Elapsed: 34167.123 s. Mean Reward: -9.240. Std of Reward: 34.452. Training.
[INFO] Rocket. Step: 33340000. Time Elapsed: 34184.657 s. Mean Reward: 4.581. Std of Reward: 27.797. Training.
[INFO] Rocket. Step: 33360000. Time Elapsed: 34208.339 s. Mean Reward: 13.350. Std of Reward: 22.947. Training.
[INFO] Rocket. Step: 33380000. Time Elapsed: 34226.403 s. Mean Reward: 8.032. Std of Reward: 25.919. Training.
[INFO] Rocket. Step: 33400000. Time Elapsed: 34250.888 s. Mean Reward: 5.211. Std of Reward: 30.349. Training.
[INFO] Rocket. Step: 33420000. Time Elapsed: 34268.357 s. Mean Reward: 6.119. Std of Reward: 25.986. Training.
[INFO] Rocket. Step: 33440000. Time Elapsed: 34291.755 s. Mean Reward: 9.239. Std of Reward: 24.842. Training.
[INFO] Rocket. Step: 33460000. Time Elapsed: 34310.563 s. Mean Reward: 6.112. Std of Reward: 27.766. Training.
[INFO] Rocket. Step: 33480000. Time Elapsed: 34332.853 s. Mean Reward: 12.097. Std of Reward: 22.599. Training.
[INFO] Rocket. Step: 33500000. Time Elapsed: 34350.804 s. Mean Reward: 4.285. Std of Reward: 28.353. Training.
[INFO] Exported results\L11\Rocket\Rocket-33499690.onnx
[INFO] Rocket. Step: 33520000. Time Elapsed: 34375.932 s. Mean Reward: 0.663. Std of Reward: 30.404. Training.
[INFO] Rocket. Step: 33540000. Time Elapsed: 34392.266 s. Mean Reward: 6.839. Std of Reward: 26.618. Training.
[INFO] Rocket. Step: 33560000. Time Elapsed: 34416.370 s. Mean Reward: -1.664. Std of Reward: 31.717. Training.
[INFO] Rocket. Step: 33580000. Time Elapsed: 34433.960 s. Mean Reward: -2.360. Std of Reward: 31.173. Training.
[INFO] Rocket. Step: 33600000. Time Elapsed: 34458.714 s. Mean Reward: 12.161. Std of Reward: 21.289. Training.
[INFO] Rocket. Step: 33620000. Time Elapsed: 34476.074 s. Mean Reward: 8.663. Std of Reward: 24.171. Training.
[INFO] Rocket. Step: 33640000. Time Elapsed: 34499.796 s. Mean Reward: 13.522. Std of Reward: 21.803. Training.
[INFO] Rocket. Step: 33660000. Time Elapsed: 34517.489 s. Mean Reward: 3.515. Std of Reward: 28.187. Training.
[INFO] Rocket. Step: 33680000. Time Elapsed: 34540.300 s. Mean Reward: 1.271. Std of Reward: 29.317. Training.
[INFO] Rocket. Step: 33700000. Time Elapsed: 34556.594 s. Mean Reward: 7.074. Std of Reward: 26.880. Training.
[INFO] Rocket. Step: 33720000. Time Elapsed: 34581.857 s. Mean Reward: 1.740. Std of Reward: 28.790. Training.
[INFO] Rocket. Step: 33740000. Time Elapsed: 34599.353 s. Mean Reward: 1.419. Std of Reward: 29.377. Training.
[INFO] Rocket. Step: 33760000. Time Elapsed: 34624.438 s. Mean Reward: 2.788. Std of Reward: 30.163. Training.
[INFO] Rocket. Step: 33780000. Time Elapsed: 34641.795 s. Mean Reward: 9.131. Std of Reward: 25.308. Training.
[INFO] Rocket. Step: 33800000. Time Elapsed: 34665.054 s. Mean Reward: 10.382. Std of Reward: 24.896. Training.
[INFO] Rocket. Step: 33820000. Time Elapsed: 34681.980 s. Mean Reward: 8.307. Std of Reward: 26.148. Training.
[INFO] Rocket. Step: 33840000. Time Elapsed: 34705.591 s. Mean Reward: 7.095. Std of Reward: 26.843. Training.
[INFO] Rocket. Step: 33860000. Time Elapsed: 34723.086 s. Mean Reward: 7.669. Std of Reward: 24.605. Training.
[INFO] Rocket. Step: 33880000. Time Elapsed: 34748.429 s. Mean Reward: -1.514. Std of Reward: 31.395. Training.
[INFO] Rocket. Step: 33900000. Time Elapsed: 34765.100 s. Mean Reward: 8.723. Std of Reward: 27.604. Training.
[INFO] Rocket. Step: 33920000. Time Elapsed: 34789.774 s. Mean Reward: 6.434. Std of Reward: 27.801. Training.
[INFO] Rocket. Step: 33940000. Time Elapsed: 34807.305 s. Mean Reward: 9.474. Std of Reward: 26.024. Training.
[INFO] Rocket. Step: 33960000. Time Elapsed: 34824.564 s. Mean Reward: -0.529. Std of Reward: 29.256. Training.
[INFO] Rocket. Step: 33980000. Time Elapsed: 34848.532 s. Mean Reward: 7.311. Std of Reward: 26.428. Training.
[INFO] Rocket. Step: 34000000. Time Elapsed: 34864.803 s. Mean Reward: 6.626. Std of Reward: 28.912. Training.
[INFO] Exported results\L11\Rocket\Rocket-33999680.onnx
[INFO] Rocket. Step: 34020000. Time Elapsed: 34889.236 s. Mean Reward: 5.159. Std of Reward: 26.097. Training.
[INFO] Rocket. Step: 34040000. Time Elapsed: 34907.537 s. Mean Reward: -1.804. Std of Reward: 30.424. Training.
[INFO] Rocket. Step: 34060000. Time Elapsed: 34929.976 s. Mean Reward: 8.137. Std of Reward: 26.158. Training.
[INFO] Rocket. Step: 34080000. Time Elapsed: 34947.167 s. Mean Reward: 7.019. Std of Reward: 25.887. Training.
[INFO] Rocket. Step: 34100000. Time Elapsed: 34972.666 s. Mean Reward: 6.552. Std of Reward: 24.130. Training.
[INFO] Rocket. Step: 34120000. Time Elapsed: 34988.994 s. Mean Reward: 9.949. Std of Reward: 26.768. Training.
[INFO] Rocket. Step: 34140000. Time Elapsed: 35013.265 s. Mean Reward: 13.443. Std of Reward: 18.416. Training.
[INFO] Rocket. Step: 34160000. Time Elapsed: 35029.578 s. Mean Reward: 1.918. Std of Reward: 29.316. Training.
[INFO] Rocket. Step: 34180000. Time Elapsed: 35054.483 s. Mean Reward: 5.704. Std of Reward: 29.166. Training.
[INFO] Rocket. Step: 34200000. Time Elapsed: 35073.275 s. Mean Reward: 8.058. Std of Reward: 23.958. Training.
[INFO] Rocket. Step: 34220000. Time Elapsed: 35095.817 s. Mean Reward: 0.238. Std of Reward: 31.013. Training.
[INFO] Rocket. Step: 34240000. Time Elapsed: 35112.402 s. Mean Reward: 1.603. Std of Reward: 29.382. Training.
[INFO] Rocket. Step: 34260000. Time Elapsed: 35137.094 s. Mean Reward: 10.573. Std of Reward: 23.606. Training.
[INFO] Rocket. Step: 34280000. Time Elapsed: 35154.372 s. Mean Reward: 2.558. Std of Reward: 29.062. Training.
[INFO] Rocket. Step: 34300000. Time Elapsed: 35178.183 s. Mean Reward: 10.586. Std of Reward: 23.191. Training.
[INFO] Rocket. Step: 34320000. Time Elapsed: 35195.943 s. Mean Reward: 7.974. Std of Reward: 24.954. Training.
[INFO] Rocket. Step: 34340000. Time Elapsed: 35219.222 s. Mean Reward: 14.828. Std of Reward: 17.468. Training.
[INFO] Rocket. Step: 34360000. Time Elapsed: 35238.013 s. Mean Reward: 2.340. Std of Reward: 27.610. Training.
[INFO] Rocket. Step: 34380000. Time Elapsed: 35262.037 s. Mean Reward: 12.067. Std of Reward: 23.058. Training.
[INFO] Rocket. Step: 34400000. Time Elapsed: 35279.787 s. Mean Reward: 7.969. Std of Reward: 27.177. Training.
[INFO] Rocket. Step: 34420000. Time Elapsed: 35303.403 s. Mean Reward: 15.480. Std of Reward: 17.031. Training.
[INFO] Rocket. Step: 34440000. Time Elapsed: 35322.144 s. Mean Reward: 8.013. Std of Reward: 27.689. Training.
[INFO] Rocket. Step: 34460000. Time Elapsed: 35345.358 s. Mean Reward: 3.588. Std of Reward: 25.398. Training.
[INFO] Rocket. Step: 34480000. Time Elapsed: 35363.294 s. Mean Reward: 12.030. Std of Reward: 22.907. Training.
[INFO] Rocket. Step: 34500000. Time Elapsed: 35387.095 s. Mean Reward: 4.041. Std of Reward: 28.670. Training.
[INFO] Exported results\L11\Rocket\Rocket-34499639.onnx
[INFO] Rocket. Step: 34520000. Time Elapsed: 35404.965 s. Mean Reward: 12.634. Std of Reward: 23.211. Training.
[INFO] Rocket. Step: 34540000. Time Elapsed: 35430.457 s. Mean Reward: 13.113. Std of Reward: 23.582. Training.
[INFO] Rocket. Step: 34560000. Time Elapsed: 35447.744 s. Mean Reward: 8.823. Std of Reward: 24.317. Training.
[INFO] Rocket. Step: 34580000. Time Elapsed: 35472.648 s. Mean Reward: 3.647. Std of Reward: 25.584. Training.
[INFO] Rocket. Step: 34600000. Time Elapsed: 35488.696 s. Mean Reward: 3.162. Std of Reward: 27.149. Training.
[INFO] Rocket. Step: 34620000. Time Elapsed: 35505.185 s. Mean Reward: 8.537. Std of Reward: 23.372. Training.
[INFO] Rocket. Step: 34640000. Time Elapsed: 35528.578 s. Mean Reward: 11.309. Std of Reward: 21.373. Training.
[INFO] Rocket. Step: 34660000. Time Elapsed: 35547.608 s. Mean Reward: 4.157. Std of Reward: 27.920. Training.
[INFO] Rocket. Step: 34680000. Time Elapsed: 35572.337 s. Mean Reward: 3.133. Std of Reward: 27.946. Training.
[INFO] Rocket. Step: 34700000. Time Elapsed: 35590.207 s. Mean Reward: 7.209. Std of Reward: 22.095. Training.
[INFO] Rocket. Step: 34720000. Time Elapsed: 35614.377 s. Mean Reward: 5.829. Std of Reward: 25.428. Training.
[INFO] Rocket. Step: 34740000. Time Elapsed: 35632.234 s. Mean Reward: 9.891. Std of Reward: 22.267. Training.
[INFO] Rocket. Step: 34760000. Time Elapsed: 35655.787 s. Mean Reward: 9.812. Std of Reward: 25.183. Training.
[INFO] Rocket. Step: 34780000. Time Elapsed: 35674.386 s. Mean Reward: 8.353. Std of Reward: 23.640. Training.
[INFO] Rocket. Step: 34800000. Time Elapsed: 35696.574 s. Mean Reward: 6.280. Std of Reward: 24.541. Training.
[INFO] Rocket. Step: 34820000. Time Elapsed: 35716.854 s. Mean Reward: 4.076. Std of Reward: 27.655. Training.
[INFO] Rocket. Step: 34840000. Time Elapsed: 35739.514 s. Mean Reward: 14.038. Std of Reward: 16.626. Training.
[INFO] Rocket. Step: 34860000. Time Elapsed: 35757.223 s. Mean Reward: 8.953. Std of Reward: 27.274. Training.
[INFO] Rocket. Step: 34880000. Time Elapsed: 35781.016 s. Mean Reward: 4.546. Std of Reward: 30.727. Training.
[INFO] Rocket. Step: 34900000. Time Elapsed: 35799.111 s. Mean Reward: 3.711. Std of Reward: 27.518. Training.
[INFO] Rocket. Step: 34920000. Time Elapsed: 35823.555 s. Mean Reward: 0.034. Std of Reward: 30.580. Training.
[INFO] Rocket. Step: 34940000. Time Elapsed: 35840.307 s. Mean Reward: 7.559. Std of Reward: 26.088. Training.
[INFO] Rocket. Step: 34960000. Time Elapsed: 35865.212 s. Mean Reward: -3.034. Std of Reward: 31.204. Training.
[INFO] Rocket. Step: 34980000. Time Elapsed: 35883.586 s. Mean Reward: 0.760. Std of Reward: 30.847. Training.
[INFO] Rocket. Step: 35000000. Time Elapsed: 35908.586 s. Mean Reward: 6.431. Std of Reward: 26.307. Training.
[INFO] Exported results\L11\Rocket\Rocket-34999963.onnx
[INFO] Rocket. Step: 35020000. Time Elapsed: 35925.839 s. Mean Reward: 5.128. Std of Reward: 29.700. Training.
[INFO] Rocket. Step: 35040000. Time Elapsed: 35949.032 s. Mean Reward: 4.699. Std of Reward: 29.484. Training.
[INFO] Rocket. Step: 35060000. Time Elapsed: 35966.454 s. Mean Reward: 2.133. Std of Reward: 30.123. Training.
[INFO] Rocket. Step: 35080000. Time Elapsed: 35989.752 s. Mean Reward: 4.984. Std of Reward: 26.497. Training.
[INFO] Rocket. Step: 35100000. Time Elapsed: 36007.552 s. Mean Reward: 7.921. Std of Reward: 26.061. Training.
[INFO] Rocket. Step: 35120000. Time Elapsed: 36031.086 s. Mean Reward: 1.035. Std of Reward: 30.745. Training.
[INFO] Rocket. Step: 35140000. Time Elapsed: 36049.328 s. Mean Reward: 11.761. Std of Reward: 19.866. Training.
[INFO] Rocket. Step: 35160000. Time Elapsed: 36071.778 s. Mean Reward: 12.878. Std of Reward: 17.813. Training.
[INFO] Rocket. Step: 35180000. Time Elapsed: 36088.040 s. Mean Reward: 5.339. Std of Reward: 28.083. Training.
[INFO] Rocket. Step: 35200000. Time Elapsed: 36113.419 s. Mean Reward: 4.489. Std of Reward: 27.201. Training.
[INFO] Rocket. Step: 35220000. Time Elapsed: 36129.261 s. Mean Reward: 10.291. Std of Reward: 23.851. Training.
[INFO] Rocket. Step: 35240000. Time Elapsed: 36146.627 s. Mean Reward: 4.954. Std of Reward: 26.841. Training.
[INFO] Rocket. Step: 35260000. Time Elapsed: 36169.651 s. Mean Reward: 6.944. Std of Reward: 27.245. Training.
[INFO] Rocket. Step: 35280000. Time Elapsed: 36186.374 s. Mean Reward: 4.921. Std of Reward: 29.240. Training.
[INFO] Rocket. Step: 35300000. Time Elapsed: 36210.354 s. Mean Reward: 2.246. Std of Reward: 27.867. Training.
[INFO] Rocket. Step: 35320000. Time Elapsed: 36226.460 s. Mean Reward: 5.387. Std of Reward: 26.845. Training.
[INFO] Rocket. Step: 35340000. Time Elapsed: 36249.502 s. Mean Reward: 8.224. Std of Reward: 25.510. Training.
[INFO] Rocket. Step: 35360000. Time Elapsed: 36267.815 s. Mean Reward: 10.034. Std of Reward: 24.688. Training.
[INFO] Rocket. Step: 35380000. Time Elapsed: 36291.534 s. Mean Reward: 9.076. Std of Reward: 25.041. Training.
[INFO] Rocket. Step: 35400000. Time Elapsed: 36306.884 s. Mean Reward: 9.852. Std of Reward: 23.698. Training.
[INFO] Rocket. Step: 35420000. Time Elapsed: 36331.045 s. Mean Reward: -2.900. Std of Reward: 31.572. Training.
[INFO] Rocket. Step: 35440000. Time Elapsed: 36347.224 s. Mean Reward: 1.656. Std of Reward: 27.563. Training.
[INFO] Rocket. Step: 35460000. Time Elapsed: 36370.223 s. Mean Reward: 2.993. Std of Reward: 29.070. Training.
[INFO] Rocket. Step: 35480000. Time Elapsed: 36388.240 s. Mean Reward: 0.854. Std of Reward: 30.153. Training.
[INFO] Rocket. Step: 35500000. Time Elapsed: 36411.848 s. Mean Reward: 2.336. Std of Reward: 27.776. Training.
[INFO] Exported results\L11\Rocket\Rocket-35499756.onnx
[INFO] Rocket. Step: 35520000. Time Elapsed: 36428.762 s. Mean Reward: 1.184. Std of Reward: 32.472. Training.
[INFO] Rocket. Step: 35540000. Time Elapsed: 36452.900 s. Mean Reward: 4.596. Std of Reward: 25.826. Training.
[INFO] Rocket. Step: 35560000. Time Elapsed: 36468.404 s. Mean Reward: 5.438. Std of Reward: 25.791. Training.
[INFO] Rocket. Step: 35580000. Time Elapsed: 36491.763 s. Mean Reward: 1.550. Std of Reward: 31.101. Training.
[INFO] Rocket. Step: 35600000. Time Elapsed: 36509.033 s. Mean Reward: -2.952. Std of Reward: 30.330. Training.
[INFO] Rocket. Step: 35620000. Time Elapsed: 36531.625 s. Mean Reward: 4.994. Std of Reward: 26.587. Training.
[INFO] Rocket. Step: 35640000. Time Elapsed: 36550.220 s. Mean Reward: 0.751. Std of Reward: 30.918. Training.
[INFO] Rocket. Step: 35660000. Time Elapsed: 36572.719 s. Mean Reward: -0.022. Std of Reward: 28.797. Training.
[INFO] Rocket. Step: 35680000. Time Elapsed: 36591.038 s. Mean Reward: 13.372. Std of Reward: 14.998. Training.
[INFO] Rocket. Step: 35700000. Time Elapsed: 36614.395 s. Mean Reward: 0.306. Std of Reward: 29.878. Training.
[INFO] Rocket. Step: 35720000. Time Elapsed: 36632.482 s. Mean Reward: 3.765. Std of Reward: 27.020. Training.
[INFO] Rocket. Step: 35740000. Time Elapsed: 36654.742 s. Mean Reward: 8.512. Std of Reward: 22.888. Training.
[INFO] Rocket. Step: 35760000. Time Elapsed: 36671.941 s. Mean Reward: 0.521. Std of Reward: 27.409. Training.
[INFO] Rocket. Step: 35780000. Time Elapsed: 36696.002 s. Mean Reward: -3.145. Std of Reward: 29.213. Training.
[INFO] Rocket. Step: 35800000. Time Elapsed: 36713.675 s. Mean Reward: 13.256. Std of Reward: 17.085. Training.
[INFO] Rocket. Step: 35820000. Time Elapsed: 36737.739 s. Mean Reward: 2.774. Std of Reward: 25.668. Training.
[INFO] Rocket. Step: 35840000. Time Elapsed: 36753.536 s. Mean Reward: 2.885. Std of Reward: 27.735. Training.
[INFO] Rocket. Step: 35860000. Time Elapsed: 36769.846 s. Mean Reward: 11.355. Std of Reward: 23.537. Training.
[INFO] Rocket. Step: 35880000. Time Elapsed: 36793.424 s. Mean Reward: 3.306. Std of Reward: 29.362. Training.
[INFO] Rocket. Step: 35900000. Time Elapsed: 36810.065 s. Mean Reward: 6.360. Std of Reward: 25.541. Training.
[INFO] Rocket. Step: 35920000. Time Elapsed: 36834.343 s. Mean Reward: 7.686. Std of Reward: 22.264. Training.
[INFO] Rocket. Step: 35940000. Time Elapsed: 36850.389 s. Mean Reward: 0.468. Std of Reward: 28.889. Training.
[INFO] Rocket. Step: 35960000. Time Elapsed: 36874.577 s. Mean Reward: 0.646. Std of Reward: 29.140. Training.
[INFO] Rocket. Step: 35980000. Time Elapsed: 36890.945 s. Mean Reward: 3.089. Std of Reward: 26.110. Training.
[INFO] Rocket. Step: 36000000. Time Elapsed: 36915.614 s. Mean Reward: 9.591. Std of Reward: 25.135. Training.
[INFO] Exported results\L11\Rocket\Rocket-35999904.onnx
[INFO] Rocket. Step: 36020000. Time Elapsed: 36933.179 s. Mean Reward: 9.373. Std of Reward: 24.516. Training.
[INFO] Rocket. Step: 36040000. Time Elapsed: 36956.551 s. Mean Reward: 9.282. Std of Reward: 22.197. Training.
[INFO] Rocket. Step: 36060000. Time Elapsed: 36974.020 s. Mean Reward: 12.916. Std of Reward: 20.232. Training.
[INFO] Rocket. Step: 36080000. Time Elapsed: 36996.946 s. Mean Reward: 3.255. Std of Reward: 27.722. Training.
[INFO] Rocket. Step: 36100000. Time Elapsed: 37015.466 s. Mean Reward: -1.490. Std of Reward: 32.186. Training.
[INFO] Rocket. Step: 36120000. Time Elapsed: 37037.138 s. Mean Reward: 1.266. Std of Reward: 27.360. Training.
[INFO] Rocket. Step: 36140000. Time Elapsed: 37053.804 s. Mean Reward: -3.442. Std of Reward: 30.645. Training.
[INFO] Rocket. Step: 36160000. Time Elapsed: 37077.281 s. Mean Reward: 4.530. Std of Reward: 25.656. Training.
[INFO] Rocket. Step: 36180000. Time Elapsed: 37094.497 s. Mean Reward: 4.340. Std of Reward: 25.661. Training.
[INFO] Rocket. Step: 36200000. Time Elapsed: 37117.599 s. Mean Reward: 2.083. Std of Reward: 27.282. Training.
[INFO] Rocket. Step: 36220000. Time Elapsed: 37135.456 s. Mean Reward: 10.532. Std of Reward: 23.288. Training.
[INFO] Rocket. Step: 36240000. Time Elapsed: 37158.938 s. Mean Reward: 5.295. Std of Reward: 24.377. Training.
[INFO] Rocket. Step: 36260000. Time Elapsed: 37175.452 s. Mean Reward: -6.522. Std of Reward: 31.327. Training.
[INFO] Rocket. Step: 36280000. Time Elapsed: 37199.936 s. Mean Reward: 3.234. Std of Reward: 25.749. Training.
[INFO] Rocket. Step: 36300000. Time Elapsed: 37216.635 s. Mean Reward: 5.449. Std of Reward: 27.203. Training.
[INFO] Rocket. Step: 36320000. Time Elapsed: 37237.725 s. Mean Reward: -0.370. Std of Reward: 27.841. Training.
[INFO] Rocket. Step: 36340000. Time Elapsed: 37256.533 s. Mean Reward: 2.186. Std of Reward: 28.384. Training.
[INFO] Rocket. Step: 36360000. Time Elapsed: 37280.146 s. Mean Reward: 4.049. Std of Reward: 27.553. Training.
[INFO] Rocket. Step: 36380000. Time Elapsed: 37297.618 s. Mean Reward: 6.998. Std of Reward: 23.510. Training.
[INFO] Rocket. Step: 36400000. Time Elapsed: 37319.975 s. Mean Reward: 7.318. Std of Reward: 25.840. Training.
[INFO] Rocket. Step: 36420000. Time Elapsed: 37338.017 s. Mean Reward: 8.423. Std of Reward: 24.770. Training.
[INFO] Rocket. Step: 36440000. Time Elapsed: 37362.142 s. Mean Reward: 7.601. Std of Reward: 24.852. Training.
[INFO] Rocket. Step: 36460000. Time Elapsed: 37378.194 s. Mean Reward: 0.537. Std of Reward: 31.233. Training.
[INFO] Rocket. Step: 36480000. Time Elapsed: 37403.229 s. Mean Reward: 6.686. Std of Reward: 23.869. Training.
[INFO] Rocket. Step: 36500000. Time Elapsed: 37418.921 s. Mean Reward: 14.817. Std of Reward: 14.783. Training.
[INFO] Exported results\L11\Rocket\Rocket-36499933.onnx
[INFO] Rocket. Step: 36520000. Time Elapsed: 37436.493 s. Mean Reward: 10.053. Std of Reward: 24.549. Training.
[INFO] Rocket. Step: 36540000. Time Elapsed: 37461.340 s. Mean Reward: 3.315. Std of Reward: 28.742. Training.
[INFO] Rocket. Step: 36560000. Time Elapsed: 37476.689 s. Mean Reward: 10.596. Std of Reward: 25.017. Training.
[INFO] Rocket. Step: 36580000. Time Elapsed: 37500.032 s. Mean Reward: 7.769. Std of Reward: 25.701. Training.
[INFO] Rocket. Step: 36600000. Time Elapsed: 37517.376 s. Mean Reward: 6.361. Std of Reward: 27.264. Training.
[INFO] Rocket. Step: 36620000. Time Elapsed: 37540.427 s. Mean Reward: 0.899. Std of Reward: 28.886. Training.
[INFO] Rocket. Step: 36640000. Time Elapsed: 37556.925 s. Mean Reward: -5.103. Std of Reward: 30.763. Training.
[INFO] Rocket. Step: 36660000. Time Elapsed: 37581.057 s. Mean Reward: 13.806. Std of Reward: 19.406. Training.
[INFO] Rocket. Step: 36680000. Time Elapsed: 37598.401 s. Mean Reward: 6.620. Std of Reward: 26.059. Training.
[INFO] Rocket. Step: 36700000. Time Elapsed: 37621.651 s. Mean Reward: 6.582. Std of Reward: 24.444. Training.
[INFO] Rocket. Step: 36720000. Time Elapsed: 37639.267 s. Mean Reward: 5.904. Std of Reward: 26.704. Training.
[INFO] Rocket. Step: 36740000. Time Elapsed: 37662.195 s. Mean Reward: 0.563. Std of Reward: 30.046. Training.
[INFO] Rocket. Step: 36760000. Time Elapsed: 37679.689 s. Mean Reward: 6.127. Std of Reward: 25.874. Training.
[INFO] Rocket. Step: 36780000. Time Elapsed: 37703.044 s. Mean Reward: -3.870. Std of Reward: 29.970. Training.
[INFO] Rocket. Step: 36800000. Time Elapsed: 37719.916 s. Mean Reward: 3.249. Std of Reward: 29.088. Training.
[INFO] Rocket. Step: 36820000. Time Elapsed: 37743.175 s. Mean Reward: 3.280. Std of Reward: 27.980. Training.
[INFO] Rocket. Step: 36840000. Time Elapsed: 37760.862 s. Mean Reward: 3.390. Std of Reward: 28.697. Training.
[INFO] Rocket. Step: 36860000. Time Elapsed: 37783.381 s. Mean Reward: 2.126. Std of Reward: 27.047. Training.
[INFO] Rocket. Step: 36880000. Time Elapsed: 37801.469 s. Mean Reward: 13.637. Std of Reward: 19.469. Training.
[INFO] Rocket. Step: 36900000. Time Elapsed: 37823.673 s. Mean Reward: -1.753. Std of Reward: 29.652. Training.
[INFO] Rocket. Step: 36920000. Time Elapsed: 37840.741 s. Mean Reward: 9.246. Std of Reward: 26.951. Training.
[INFO] Rocket. Step: 36940000. Time Elapsed: 37863.696 s. Mean Reward: -1.103. Std of Reward: 32.701. Training.
[INFO] Rocket. Step: 36960000. Time Elapsed: 37880.960 s. Mean Reward: -5.149. Std of Reward: 30.739. Training.
[INFO] Rocket. Step: 36980000. Time Elapsed: 37904.285 s. Mean Reward: 8.035. Std of Reward: 24.255. Training.
[INFO] Rocket. Step: 37000000. Time Elapsed: 37920.330 s. Mean Reward: -4.760. Std of Reward: 29.424. Training.
[INFO] Exported results\L11\Rocket\Rocket-36999755.onnx
[INFO] Rocket. Step: 37020000. Time Elapsed: 37944.484 s. Mean Reward: 5.735. Std of Reward: 27.378. Training.
[INFO] Rocket. Step: 37040000. Time Elapsed: 37961.342 s. Mean Reward: 2.910. Std of Reward: 26.786. Training.
[INFO] Rocket. Step: 37060000. Time Elapsed: 37987.142 s. Mean Reward: 7.741. Std of Reward: 26.324. Training.
[INFO] Rocket. Step: 37080000. Time Elapsed: 38002.685 s. Mean Reward: 11.157. Std of Reward: 20.935. Training.
[INFO] Rocket. Step: 37100000. Time Elapsed: 38026.725 s. Mean Reward: 5.709. Std of Reward: 26.649. Training.
[INFO] Rocket. Step: 37120000. Time Elapsed: 38043.821 s. Mean Reward: 1.894. Std of Reward: 29.307. Training.
[INFO] Rocket. Step: 37140000. Time Elapsed: 38058.879 s. Mean Reward: 3.142. Std of Reward: 27.576. Training.
[INFO] Rocket. Step: 37160000. Time Elapsed: 38083.159 s. Mean Reward: 7.581. Std of Reward: 25.097. Training.
[INFO] Rocket. Step: 37180000. Time Elapsed: 38100.055 s. Mean Reward: 4.419. Std of Reward: 26.947. Training.
[INFO] Rocket. Step: 37200000. Time Elapsed: 38123.575 s. Mean Reward: 6.591. Std of Reward: 24.518. Training.
[INFO] Rocket. Step: 37220000. Time Elapsed: 38140.958 s. Mean Reward: 5.970. Std of Reward: 25.424. Training.
[INFO] Rocket. Step: 37240000. Time Elapsed: 38163.906 s. Mean Reward: 5.863. Std of Reward: 29.049. Training.
[INFO] Rocket. Step: 37260000. Time Elapsed: 38179.842 s. Mean Reward: 8.224. Std of Reward: 24.659. Training.
[INFO] Rocket. Step: 37280000. Time Elapsed: 38204.268 s. Mean Reward: 2.931. Std of Reward: 28.500. Training.
[INFO] Rocket. Step: 37300000. Time Elapsed: 38221.373 s. Mean Reward: -1.176. Std of Reward: 30.619. Training.
[INFO] Rocket. Step: 37320000. Time Elapsed: 38245.632 s. Mean Reward: -2.155. Std of Reward: 29.184. Training.
[INFO] Rocket. Step: 37340000. Time Elapsed: 38261.377 s. Mean Reward: 1.671. Std of Reward: 30.478. Training.
[INFO] Rocket. Step: 37360000. Time Elapsed: 38284.152 s. Mean Reward: 5.655. Std of Reward: 25.220. Training.
[INFO] Rocket. Step: 37380000. Time Elapsed: 38302.040 s. Mean Reward: 8.768. Std of Reward: 24.862. Training.
[INFO] Rocket. Step: 37400000. Time Elapsed: 38325.676 s. Mean Reward: 12.015. Std of Reward: 23.473. Training.
[INFO] Rocket. Step: 37420000. Time Elapsed: 38342.251 s. Mean Reward: 4.299. Std of Reward: 28.991. Training.
[INFO] Rocket. Step: 37440000. Time Elapsed: 38367.113 s. Mean Reward: 7.309. Std of Reward: 25.786. Training.
[INFO] Rocket. Step: 37460000. Time Elapsed: 38384.077 s. Mean Reward: 3.990. Std of Reward: 26.730. Training.
[INFO] Rocket. Step: 37480000. Time Elapsed: 38407.384 s. Mean Reward: 4.177. Std of Reward: 26.382. Training.
[INFO] Rocket. Step: 37500000. Time Elapsed: 38423.380 s. Mean Reward: 2.375. Std of Reward: 27.378. Training.
[INFO] Exported results\L11\Rocket\Rocket-37499773.onnx
[INFO] Rocket. Step: 37520000. Time Elapsed: 38447.703 s. Mean Reward: 4.838. Std of Reward: 25.973. Training.
[INFO] Rocket. Step: 37540000. Time Elapsed: 38464.236 s. Mean Reward: 3.427. Std of Reward: 28.328. Training.
[INFO] Rocket. Step: 37560000. Time Elapsed: 38487.583 s. Mean Reward: 9.164. Std of Reward: 22.326. Training.
[INFO] Rocket. Step: 37580000. Time Elapsed: 38505.723 s. Mean Reward: 5.639. Std of Reward: 27.796. Training.
[INFO] Rocket. Step: 37600000. Time Elapsed: 38527.572 s. Mean Reward: 4.412. Std of Reward: 27.235. Training.
[INFO] Rocket. Step: 37620000. Time Elapsed: 38545.155 s. Mean Reward: 5.936. Std of Reward: 23.754. Training.
[INFO] Rocket. Step: 37640000. Time Elapsed: 38568.069 s. Mean Reward: -2.252. Std of Reward: 31.448. Training.
[INFO] Rocket. Step: 37660000. Time Elapsed: 38585.625 s. Mean Reward: 11.858. Std of Reward: 19.207. Training.
[INFO] Rocket. Step: 37680000. Time Elapsed: 38609.139 s. Mean Reward: 10.223. Std of Reward: 22.937. Training.
[INFO] Rocket. Step: 37700000. Time Elapsed: 38626.483 s. Mean Reward: 10.549. Std of Reward: 22.143. Training.
[INFO] Rocket. Step: 37720000. Time Elapsed: 38651.193 s. Mean Reward: 6.216. Std of Reward: 27.483. Training.
[INFO] Rocket. Step: 37740000. Time Elapsed: 38666.949 s. Mean Reward: 10.423. Std of Reward: 26.939. Training.
[INFO] Rocket. Step: 37760000. Time Elapsed: 38690.170 s. Mean Reward: 16.489. Std of Reward: 18.752. Training.
[INFO] Rocket. Step: 37780000. Time Elapsed: 38707.559 s. Mean Reward: 8.717. Std of Reward: 23.407. Training.
[INFO] Rocket. Step: 37800000. Time Elapsed: 38724.002 s. Mean Reward: 1.137. Std of Reward: 31.457. Training.
[INFO] Rocket. Step: 37820000. Time Elapsed: 38746.873 s. Mean Reward: -1.810. Std of Reward: 27.727. Training.
[INFO] Rocket. Step: 37840000. Time Elapsed: 38764.366 s. Mean Reward: 3.912. Std of Reward: 27.416. Training.
[INFO] Rocket. Step: 37860000. Time Elapsed: 38787.723 s. Mean Reward: 5.659. Std of Reward: 27.390. Training.
[INFO] Rocket. Step: 37880000. Time Elapsed: 38805.251 s. Mean Reward: -3.725. Std of Reward: 33.413. Training.
[INFO] Rocket. Step: 37900000. Time Elapsed: 38827.607 s. Mean Reward: -2.105. Std of Reward: 32.217. Training.
[INFO] Rocket. Step: 37920000. Time Elapsed: 38845.515 s. Mean Reward: 1.001. Std of Reward: 30.449. Training.
[INFO] Rocket. Step: 37940000. Time Elapsed: 38868.432 s. Mean Reward: 9.522. Std of Reward: 24.875. Training.
[INFO] Rocket. Step: 37960000. Time Elapsed: 38884.413 s. Mean Reward: -2.853. Std of Reward: 30.356. Training.
[INFO] Rocket. Step: 37980000. Time Elapsed: 38907.978 s. Mean Reward: 4.216. Std of Reward: 27.549. Training.
[INFO] Rocket. Step: 38000000. Time Elapsed: 38924.516 s. Mean Reward: -6.549. Std of Reward: 30.851. Training.
[INFO] Exported results\L11\Rocket\Rocket-37999725.onnx
[INFO] Rocket. Step: 38020000. Time Elapsed: 38947.836 s. Mean Reward: -3.480. Std of Reward: 28.320. Training.
[INFO] Rocket. Step: 38040000. Time Elapsed: 38965.194 s. Mean Reward: -2.321. Std of Reward: 27.442. Training.
[INFO] Rocket. Step: 38060000. Time Elapsed: 38989.667 s. Mean Reward: 3.579. Std of Reward: 23.376. Training.
[INFO] Rocket. Step: 38080000. Time Elapsed: 39005.300 s. Mean Reward: 3.450. Std of Reward: 26.496. Training.
[INFO] Rocket. Step: 38100000. Time Elapsed: 39028.849 s. Mean Reward: -0.623. Std of Reward: 28.302. Training.
[INFO] Rocket. Step: 38120000. Time Elapsed: 39044.931 s. Mean Reward: 1.199. Std of Reward: 28.577. Training.
[INFO] Rocket. Step: 38140000. Time Elapsed: 39069.765 s. Mean Reward: 6.666. Std of Reward: 28.235. Training.
[INFO] Rocket. Step: 38160000. Time Elapsed: 39086.093 s. Mean Reward: 8.616. Std of Reward: 24.860. Training.
[INFO] Rocket. Step: 38180000. Time Elapsed: 39109.097 s. Mean Reward: -2.141. Std of Reward: 30.986. Training.
[INFO] Rocket. Step: 38200000. Time Elapsed: 39125.873 s. Mean Reward: 0.116. Std of Reward: 30.190. Training.
[INFO] Rocket. Step: 38220000. Time Elapsed: 39149.320 s. Mean Reward: 4.490. Std of Reward: 27.891. Training.
[INFO] Rocket. Step: 38240000. Time Elapsed: 39165.907 s. Mean Reward: 7.383. Std of Reward: 26.960. Training.
[INFO] Rocket. Step: 38260000. Time Elapsed: 39188.597 s. Mean Reward: -1.988. Std of Reward: 30.216. Training.
[INFO] Rocket. Step: 38280000. Time Elapsed: 39206.322 s. Mean Reward: 7.468. Std of Reward: 25.007. Training.
[INFO] Rocket. Step: 38300000. Time Elapsed: 39229.811 s. Mean Reward: 4.051. Std of Reward: 25.688. Training.
[INFO] Rocket. Step: 38320000. Time Elapsed: 39247.551 s. Mean Reward: 6.336. Std of Reward: 26.415. Training.
[INFO] Rocket. Step: 38340000. Time Elapsed: 39269.727 s. Mean Reward: -3.381. Std of Reward: 29.962. Training.
[INFO] Rocket. Step: 38360000. Time Elapsed: 39285.275 s. Mean Reward: 8.053. Std of Reward: 25.857. Training.
[INFO] Rocket. Step: 38380000. Time Elapsed: 39311.073 s. Mean Reward: -2.425. Std of Reward: 28.214. Training.
[INFO] Rocket. Step: 38400000. Time Elapsed: 39325.779 s. Mean Reward: 7.485. Std of Reward: 24.632. Training.
[INFO] Rocket. Step: 38420000. Time Elapsed: 39343.594 s. Mean Reward: 1.037. Std of Reward: 30.567. Training.
[INFO] Rocket. Step: 38440000. Time Elapsed: 39366.859 s. Mean Reward: 1.377. Std of Reward: 28.131. Training.
[INFO] Rocket. Step: 38460000. Time Elapsed: 39383.736 s. Mean Reward: 6.725. Std of Reward: 25.672. Training.
[INFO] Rocket. Step: 38480000. Time Elapsed: 39406.428 s. Mean Reward: 3.896. Std of Reward: 27.939. Training.
[INFO] Rocket. Step: 38500000. Time Elapsed: 39423.657 s. Mean Reward: 4.111. Std of Reward: 26.609. Training.
[INFO] Exported results\L11\Rocket\Rocket-38499468.onnx
[INFO] Rocket. Step: 38520000. Time Elapsed: 39446.748 s. Mean Reward: 15.076. Std of Reward: 17.853. Training.
[INFO] Rocket. Step: 38540000. Time Elapsed: 39463.914 s. Mean Reward: 7.838. Std of Reward: 28.331. Training.
[INFO] Rocket. Step: 38560000. Time Elapsed: 39487.170 s. Mean Reward: 7.449. Std of Reward: 25.683. Training.
[INFO] Rocket. Step: 38580000. Time Elapsed: 39505.219 s. Mean Reward: 4.515. Std of Reward: 25.678. Training.
[INFO] Rocket. Step: 38600000. Time Elapsed: 39527.496 s. Mean Reward: 13.235. Std of Reward: 21.195. Training.
[INFO] Rocket. Step: 38620000. Time Elapsed: 39545.268 s. Mean Reward: -0.639. Std of Reward: 33.173. Training.
[INFO] Rocket. Step: 38640000. Time Elapsed: 39567.478 s. Mean Reward: 0.388. Std of Reward: 28.614. Training.
[INFO] Rocket. Step: 38660000. Time Elapsed: 39584.215 s. Mean Reward: 3.599. Std of Reward: 27.152. Training.
[INFO] Rocket. Step: 38680000. Time Elapsed: 39607.782 s. Mean Reward: -0.361. Std of Reward: 30.524. Training.
[INFO] Rocket. Step: 38700000. Time Elapsed: 39624.456 s. Mean Reward: 3.250. Std of Reward: 27.126. Training.
[INFO] Rocket. Step: 38720000. Time Elapsed: 39647.579 s. Mean Reward: -3.814. Std of Reward: 27.780. Training.
[INFO] Rocket. Step: 38740000. Time Elapsed: 39664.091 s. Mean Reward: 3.497. Std of Reward: 26.467. Training.
[INFO] Rocket. Step: 38760000. Time Elapsed: 39687.539 s. Mean Reward: 0.292. Std of Reward: 28.357. Training.
[INFO] Rocket. Step: 38780000. Time Elapsed: 39705.164 s. Mean Reward: 9.918. Std of Reward: 20.494. Training.
[INFO] Rocket. Step: 38800000. Time Elapsed: 39729.172 s. Mean Reward: 6.512. Std of Reward: 25.307. Training.
[INFO] Rocket. Step: 38820000. Time Elapsed: 39744.091 s. Mean Reward: 1.722. Std of Reward: 27.032. Training.
[INFO] Rocket. Step: 38840000. Time Elapsed: 39768.180 s. Mean Reward: 0.521. Std of Reward: 29.364. Training.
[INFO] Rocket. Step: 38860000. Time Elapsed: 39785.943 s. Mean Reward: 0.461. Std of Reward: 32.207. Training.
[INFO] Rocket. Step: 38880000. Time Elapsed: 39808.505 s. Mean Reward: 4.698. Std of Reward: 29.429. Training.
[INFO] Rocket. Step: 38900000. Time Elapsed: 39825.715 s. Mean Reward: 7.229. Std of Reward: 25.620. Training.
[INFO] Rocket. Step: 38920000. Time Elapsed: 39848.893 s. Mean Reward: 6.118. Std of Reward: 26.199. Training.
[INFO] Rocket. Step: 38940000. Time Elapsed: 39864.926 s. Mean Reward: -1.416. Std of Reward: 29.561. Training.
[INFO] Rocket. Step: 38960000. Time Elapsed: 39888.979 s. Mean Reward: 5.323. Std of Reward: 26.025. Training.
[INFO] Rocket. Step: 38980000. Time Elapsed: 39905.206 s. Mean Reward: 5.745. Std of Reward: 25.070. Training.
[INFO] Rocket. Step: 39000000. Time Elapsed: 39929.426 s. Mean Reward: 11.871. Std of Reward: 23.584. Training.
[INFO] Exported results\L11\Rocket\Rocket-38999832.onnx
[INFO] Rocket. Step: 39020000. Time Elapsed: 39947.659 s. Mean Reward: 4.555. Std of Reward: 23.552. Training.
[INFO] Rocket. Step: 39040000. Time Elapsed: 39970.913 s. Mean Reward: 1.691. Std of Reward: 27.819. Training.
[INFO] Rocket. Step: 39060000. Time Elapsed: 39986.750 s. Mean Reward: 12.397. Std of Reward: 21.722. Training.
[INFO] Rocket. Step: 39080000. Time Elapsed: 40003.866 s. Mean Reward: -0.465. Std of Reward: 28.926. Training.
[INFO] Rocket. Step: 39100000. Time Elapsed: 40028.553 s. Mean Reward: 14.575. Std of Reward: 20.999. Training.
[INFO] Rocket. Step: 39120000. Time Elapsed: 40045.527 s. Mean Reward: 3.225. Std of Reward: 28.643. Training.
[INFO] Rocket. Step: 39140000. Time Elapsed: 40068.307 s. Mean Reward: -0.079. Std of Reward: 28.614. Training.
[INFO] Rocket. Step: 39160000. Time Elapsed: 40084.319 s. Mean Reward: 4.335. Std of Reward: 28.743. Training.
[INFO] Rocket. Step: 39180000. Time Elapsed: 40107.976 s. Mean Reward: -3.084. Std of Reward: 32.349. Training.
[INFO] Rocket. Step: 39200000. Time Elapsed: 40125.440 s. Mean Reward: 8.161. Std of Reward: 23.744. Training.
[INFO] Rocket. Step: 39220000. Time Elapsed: 40148.873 s. Mean Reward: 5.630. Std of Reward: 26.962. Training.
[INFO] Rocket. Step: 39240000. Time Elapsed: 40166.264 s. Mean Reward: -5.805. Std of Reward: 29.892. Training.
[INFO] Rocket. Step: 39260000. Time Elapsed: 40187.471 s. Mean Reward: 9.586. Std of Reward: 23.240. Training.
[INFO] Rocket. Step: 39280000. Time Elapsed: 40204.018 s. Mean Reward: 9.819. Std of Reward: 22.281. Training.
[INFO] Rocket. Step: 39300000. Time Elapsed: 40228.158 s. Mean Reward: 10.718. Std of Reward: 21.564. Training.
[INFO] Rocket. Step: 39320000. Time Elapsed: 40244.355 s. Mean Reward: 13.193. Std of Reward: 19.282. Training.
[INFO] Rocket. Step: 39340000. Time Elapsed: 40268.580 s. Mean Reward: -1.004. Std of Reward: 28.725. Training.
[INFO] Rocket. Step: 39360000. Time Elapsed: 40285.234 s. Mean Reward: 9.306. Std of Reward: 23.763. Training.
[INFO] Rocket. Step: 39380000. Time Elapsed: 40308.104 s. Mean Reward: 0.845. Std of Reward: 31.455. Training.
[INFO] Rocket. Step: 39400000. Time Elapsed: 40325.230 s. Mean Reward: 3.566. Std of Reward: 28.799. Training.
[INFO] Rocket. Step: 39420000. Time Elapsed: 40348.581 s. Mean Reward: 0.067. Std of Reward: 28.469. Training.
[INFO] Rocket. Step: 39440000. Time Elapsed: 40364.531 s. Mean Reward: -2.295. Std of Reward: 32.579. Training.
[INFO] Rocket. Step: 39460000. Time Elapsed: 40387.681 s. Mean Reward: 9.856. Std of Reward: 25.126. Training.
[INFO] Rocket. Step: 39480000. Time Elapsed: 40405.624 s. Mean Reward: 13.757. Std of Reward: 23.286. Training.
[INFO] Rocket. Step: 39500000. Time Elapsed: 40429.573 s. Mean Reward: 9.712. Std of Reward: 24.099. Training.
[INFO] Exported results\L11\Rocket\Rocket-39499817.onnx
[INFO] Rocket. Step: 39520000. Time Elapsed: 40446.059 s. Mean Reward: 13.553. Std of Reward: 21.988. Training.
[INFO] Rocket. Step: 39540000. Time Elapsed: 40469.532 s. Mean Reward: 9.310. Std of Reward: 26.213. Training.
[INFO] Rocket. Step: 39560000. Time Elapsed: 40484.562 s. Mean Reward: 7.182. Std of Reward: 28.302. Training.
[INFO] Rocket. Step: 39580000. Time Elapsed: 40509.576 s. Mean Reward: 6.716. Std of Reward: 27.986. Training.
[INFO] Rocket. Step: 39600000. Time Elapsed: 40525.794 s. Mean Reward: 9.806. Std of Reward: 24.524. Training.
[INFO] Rocket. Step: 39620000. Time Elapsed: 40550.205 s. Mean Reward: 8.590. Std of Reward: 27.630. Training.
[INFO] Rocket. Step: 39640000. Time Elapsed: 40566.702 s. Mean Reward: 8.569. Std of Reward: 26.376. Training.
[INFO] Rocket. Step: 39660000. Time Elapsed: 40592.858 s. Mean Reward: 1.901. Std of Reward: 29.328. Training.
[INFO] Rocket. Step: 39680000. Time Elapsed: 40607.843 s. Mean Reward: 0.347. Std of Reward: 33.262. Training.
[INFO] Rocket. Step: 39700000. Time Elapsed: 40623.096 s. Mean Reward: 4.374. Std of Reward: 27.455. Training.
[INFO] Rocket. Step: 39720000. Time Elapsed: 40646.961 s. Mean Reward: 5.915. Std of Reward: 24.866. Training.
[INFO] Rocket. Step: 39740000. Time Elapsed: 40664.226 s. Mean Reward: 1.335. Std of Reward: 30.049. Training.
[INFO] Rocket. Step: 39760000. Time Elapsed: 40687.426 s. Mean Reward: 7.835. Std of Reward: 24.973. Training.
[INFO] Rocket. Step: 39780000. Time Elapsed: 40705.250 s. Mean Reward: 6.828. Std of Reward: 28.914. Training.
[INFO] Rocket. Step: 39800000. Time Elapsed: 40728.279 s. Mean Reward: -0.103. Std of Reward: 31.436. Training.
[INFO] Rocket. Step: 39820000. Time Elapsed: 40745.153 s. Mean Reward: 3.596. Std of Reward: 28.219. Training.
[INFO] Rocket. Step: 39840000. Time Elapsed: 40767.543 s. Mean Reward: 7.549. Std of Reward: 26.019. Training.
[INFO] Rocket. Step: 39860000. Time Elapsed: 40784.256 s. Mean Reward: 5.190. Std of Reward: 30.230. Training.
[INFO] Rocket. Step: 39880000. Time Elapsed: 40807.714 s. Mean Reward: 7.356. Std of Reward: 25.771. Training.
[INFO] Rocket. Step: 39900000. Time Elapsed: 40825.388 s. Mean Reward: 13.230. Std of Reward: 24.147. Training.
[INFO] Rocket. Step: 39920000. Time Elapsed: 40846.939 s. Mean Reward: 1.111. Std of Reward: 29.364. Training.
[INFO] Rocket. Step: 39940000. Time Elapsed: 40864.660 s. Mean Reward: 3.529. Std of Reward: 29.172. Training.
[INFO] Rocket. Step: 39960000. Time Elapsed: 40888.936 s. Mean Reward: 3.949. Std of Reward: 26.513. Training.
[INFO] Rocket. Step: 39980000. Time Elapsed: 40903.860 s. Mean Reward: 1.711. Std of Reward: 29.123. Training.
[INFO] Rocket. Step: 40000000. Time Elapsed: 40928.175 s. Mean Reward: 8.955. Std of Reward: 24.679. Training.
[INFO] Exported results\L11\Rocket\Rocket-39999949.onnx
[INFO] Rocket. Step: 40020000. Time Elapsed: 40944.912 s. Mean Reward: 6.000. Std of Reward: 29.697. Training.
[INFO] Rocket. Step: 40040000. Time Elapsed: 40967.280 s. Mean Reward: 6.113. Std of Reward: 26.728. Training.
[INFO] Rocket. Step: 40060000. Time Elapsed: 40984.567 s. Mean Reward: 7.112. Std of Reward: 25.565. Training.
[INFO] Rocket. Step: 40080000. Time Elapsed: 41006.988 s. Mean Reward: 5.169. Std of Reward: 25.974. Training.
[INFO] Rocket. Step: 40100000. Time Elapsed: 41023.679 s. Mean Reward: 11.400. Std of Reward: 23.392. Training.
[INFO] Rocket. Step: 40120000. Time Elapsed: 41046.966 s. Mean Reward: 15.502. Std of Reward: 20.163. Training.
[INFO] Rocket. Step: 40140000. Time Elapsed: 41064.315 s. Mean Reward: 4.654. Std of Reward: 28.188. Training.
[INFO] Rocket. Step: 40160000. Time Elapsed: 41086.910 s. Mean Reward: 11.922. Std of Reward: 22.789. Training.
[INFO] Rocket. Step: 40180000. Time Elapsed: 41103.368 s. Mean Reward: 6.894. Std of Reward: 26.416. Training.
[INFO] Rocket. Step: 40200000. Time Elapsed: 41128.661 s. Mean Reward: 10.462. Std of Reward: 25.179. Training.
[INFO] Rocket. Step: 40220000. Time Elapsed: 41144.288 s. Mean Reward: 12.659. Std of Reward: 24.542. Training.
[INFO] Rocket. Step: 40240000. Time Elapsed: 41167.568 s. Mean Reward: 4.329. Std of Reward: 31.311. Training.
[INFO] Rocket. Step: 40260000. Time Elapsed: 41184.543 s. Mean Reward: 3.242. Std of Reward: 26.115. Training.
[INFO] Rocket. Step: 40280000. Time Elapsed: 41208.796 s. Mean Reward: 9.266. Std of Reward: 22.683. Training.
[INFO] Rocket. Step: 40300000. Time Elapsed: 41225.628 s. Mean Reward: 8.768. Std of Reward: 22.823. Training.
[INFO] Rocket. Step: 40320000. Time Elapsed: 41250.333 s. Mean Reward: 10.241. Std of Reward: 23.136. Training.
[INFO] Rocket. Step: 40340000. Time Elapsed: 41265.091 s. Mean Reward: 15.018. Std of Reward: 19.757. Training.
[INFO] Rocket. Step: 40360000. Time Elapsed: 41282.988 s. Mean Reward: 5.691. Std of Reward: 28.203. Training.
[INFO] Rocket. Step: 40380000. Time Elapsed: 41305.161 s. Mean Reward: 7.171. Std of Reward: 29.206. Training.
[INFO] Rocket. Step: 40400000. Time Elapsed: 41322.570 s. Mean Reward: 8.745. Std of Reward: 28.739. Training.
[INFO] Rocket. Step: 40420000. Time Elapsed: 41344.608 s. Mean Reward: 7.457. Std of Reward: 27.287. Training.
[INFO] Rocket. Step: 40440000. Time Elapsed: 41362.996 s. Mean Reward: 8.810. Std of Reward: 28.674. Training.
[INFO] Rocket. Step: 40460000. Time Elapsed: 41385.779 s. Mean Reward: -1.088. Std of Reward: 30.768. Training.
[INFO] Rocket. Step: 40480000. Time Elapsed: 41402.840 s. Mean Reward: 5.043. Std of Reward: 27.053. Training.
[INFO] Rocket. Step: 40500000. Time Elapsed: 41425.173 s. Mean Reward: 6.713. Std of Reward: 28.096. Training.
[INFO] Exported results\L11\Rocket\Rocket-40499325.onnx
[INFO] Rocket. Step: 40520000. Time Elapsed: 41442.227 s. Mean Reward: 10.481. Std of Reward: 23.341. Training.
[INFO] Rocket. Step: 40540000. Time Elapsed: 41467.557 s. Mean Reward: 0.426. Std of Reward: 30.036. Training.
[INFO] Rocket. Step: 40560000. Time Elapsed: 41483.045 s. Mean Reward: 12.500. Std of Reward: 19.736. Training.
[INFO] Rocket. Step: 40580000. Time Elapsed: 41507.152 s. Mean Reward: 8.147. Std of Reward: 26.854. Training.
[INFO] Rocket. Step: 40600000. Time Elapsed: 41524.100 s. Mean Reward: 4.151. Std of Reward: 29.773. Training.
[INFO] Rocket. Step: 40620000. Time Elapsed: 41545.861 s. Mean Reward: 1.618. Std of Reward: 31.013. Training.
[INFO] Rocket. Step: 40640000. Time Elapsed: 41563.550 s. Mean Reward: 5.808. Std of Reward: 27.941. Training.
[INFO] Rocket. Step: 40660000. Time Elapsed: 41586.356 s. Mean Reward: 2.738. Std of Reward: 28.032. Training.
[INFO] Rocket. Step: 40680000. Time Elapsed: 41602.361 s. Mean Reward: 5.545. Std of Reward: 27.394. Training.
[INFO] Rocket. Step: 40700000. Time Elapsed: 41626.410 s. Mean Reward: -4.356. Std of Reward: 29.559. Training.
[INFO] Rocket. Step: 40720000. Time Elapsed: 41644.362 s. Mean Reward: 7.135. Std of Reward: 27.298. Training.
[INFO] Rocket. Step: 40740000. Time Elapsed: 41668.338 s. Mean Reward: 10.927. Std of Reward: 21.071. Training.
[INFO] Rocket. Step: 40760000. Time Elapsed: 41684.161 s. Mean Reward: 7.540. Std of Reward: 23.182. Training.
[INFO] Rocket. Step: 40780000. Time Elapsed: 41707.361 s. Mean Reward: 2.369. Std of Reward: 28.779. Training.
[INFO] Rocket. Step: 40800000. Time Elapsed: 41724.353 s. Mean Reward: 5.322. Std of Reward: 28.010. Training.
[INFO] Rocket. Step: 40820000. Time Elapsed: 41747.907 s. Mean Reward: 8.098. Std of Reward: 26.690. Training.
[INFO] Rocket. Step: 40840000. Time Elapsed: 41765.843 s. Mean Reward: 9.469. Std of Reward: 23.422. Training.
[INFO] Rocket. Step: 40860000. Time Elapsed: 41788.253 s. Mean Reward: 11.250. Std of Reward: 22.654. Training.
[INFO] Rocket. Step: 40880000. Time Elapsed: 41804.830 s. Mean Reward: 9.214. Std of Reward: 24.824. Training.
[INFO] Rocket. Step: 40900000. Time Elapsed: 41828.481 s. Mean Reward: 2.271. Std of Reward: 29.323. Training.
[INFO] Rocket. Step: 40920000. Time Elapsed: 41845.097 s. Mean Reward: 10.139. Std of Reward: 23.491. Training.
[INFO] Rocket. Step: 40940000. Time Elapsed: 41870.344 s. Mean Reward: 9.116. Std of Reward: 23.617. Training.
[INFO] Rocket. Step: 40960000. Time Elapsed: 41886.240 s. Mean Reward: 12.081. Std of Reward: 23.545. Training.
[INFO] Rocket. Step: 40980000. Time Elapsed: 41910.300 s. Mean Reward: 4.598. Std of Reward: 28.920. Training.
[INFO] Rocket. Step: 41000000. Time Elapsed: 41925.883 s. Mean Reward: 9.587. Std of Reward: 20.111. Training.
[INFO] Exported results\L11\Rocket\Rocket-40999799.onnx
[INFO] Rocket. Step: 41020000. Time Elapsed: 41942.280 s. Mean Reward: -1.489. Std of Reward: 27.386. Training.
[INFO] Rocket. Step: 41040000. Time Elapsed: 41965.065 s. Mean Reward: 4.872. Std of Reward: 27.784. Training.
[INFO] Rocket. Step: 41060000. Time Elapsed: 41982.119 s. Mean Reward: 11.615. Std of Reward: 25.647. Training.
[INFO] Rocket. Step: 41080000. Time Elapsed: 42005.749 s. Mean Reward: -4.681. Std of Reward: 32.274. Training.
[INFO] Rocket. Step: 41100000. Time Elapsed: 42022.035 s. Mean Reward: 9.059. Std of Reward: 23.166. Training.
[INFO] Rocket. Step: 41120000. Time Elapsed: 42045.671 s. Mean Reward: 4.033. Std of Reward: 23.498. Training.
[INFO] Rocket. Step: 41140000. Time Elapsed: 42062.537 s. Mean Reward: -2.178. Std of Reward: 30.679. Training.
[INFO] Rocket. Step: 41160000. Time Elapsed: 42084.894 s. Mean Reward: 2.984. Std of Reward: 26.910. Training.
[INFO] Rocket. Step: 41180000. Time Elapsed: 42101.454 s. Mean Reward: 8.196. Std of Reward: 22.826. Training.
[INFO] Rocket. Step: 41200000. Time Elapsed: 42125.046 s. Mean Reward: 6.351. Std of Reward: 23.216. Training.
[INFO] Rocket. Step: 41220000. Time Elapsed: 42141.746 s. Mean Reward: 3.183. Std of Reward: 26.712. Training.
[INFO] Rocket. Step: 41240000. Time Elapsed: 42164.477 s. Mean Reward: 1.028. Std of Reward: 29.821. Training.
[INFO] Rocket. Step: 41260000. Time Elapsed: 42182.477 s. Mean Reward: 2.287. Std of Reward: 30.177. Training.
[INFO] Rocket. Step: 41280000. Time Elapsed: 42205.092 s. Mean Reward: 6.977. Std of Reward: 27.672. Training.
[INFO] Rocket. Step: 41300000. Time Elapsed: 42221.499 s. Mean Reward: 4.055. Std of Reward: 28.486. Training.
[INFO] Rocket. Step: 41320000. Time Elapsed: 42244.806 s. Mean Reward: 3.041. Std of Reward: 28.259. Training.
[INFO] Rocket. Step: 41340000. Time Elapsed: 42262.409 s. Mean Reward: 15.937. Std of Reward: 16.572. Training.
[INFO] Rocket. Step: 41360000. Time Elapsed: 42285.954 s. Mean Reward: 5.057. Std of Reward: 27.511. Training.
[INFO] Rocket. Step: 41380000. Time Elapsed: 42302.515 s. Mean Reward: 2.140. Std of Reward: 29.656. Training.
[INFO] Rocket. Step: 41400000. Time Elapsed: 42325.783 s. Mean Reward: 7.183. Std of Reward: 25.439. Training.
[INFO] Rocket. Step: 41420000. Time Elapsed: 42342.477 s. Mean Reward: 10.732. Std of Reward: 23.579. Training.
[INFO] Rocket. Step: 41440000. Time Elapsed: 42365.137 s. Mean Reward: 7.601. Std of Reward: 24.204. Training.
[INFO] Rocket. Step: 41460000. Time Elapsed: 42381.420 s. Mean Reward: 5.143. Std of Reward: 27.557. Training.
[INFO] Rocket. Step: 41480000. Time Elapsed: 42406.037 s. Mean Reward: 9.415. Std of Reward: 25.463. Training.
[INFO] Rocket. Step: 41500000. Time Elapsed: 42422.324 s. Mean Reward: -0.507. Std of Reward: 32.379. Training.
[INFO] Exported results\L11\Rocket\Rocket-41499614.onnx
[INFO] Rocket. Step: 41520000. Time Elapsed: 42446.277 s. Mean Reward: 3.211. Std of Reward: 30.004. Training.
[INFO] Rocket. Step: 41540000. Time Elapsed: 42462.358 s. Mean Reward: 2.122. Std of Reward: 30.796. Training.
[INFO] Rocket. Step: 41560000. Time Elapsed: 42486.138 s. Mean Reward: 8.663. Std of Reward: 26.154. Training.
[INFO] Rocket. Step: 41580000. Time Elapsed: 42501.743 s. Mean Reward: 1.775. Std of Reward: 29.143. Training.
[INFO] Rocket. Step: 41600000. Time Elapsed: 42524.965 s. Mean Reward: 2.873. Std of Reward: 28.325. Training.
[INFO] Rocket. Step: 41620000. Time Elapsed: 42541.607 s. Mean Reward: 1.826. Std of Reward: 29.384. Training.
[INFO] Rocket. Step: 41640000. Time Elapsed: 42566.508 s. Mean Reward: 6.601. Std of Reward: 25.632. Training.
[INFO] Rocket. Step: 41660000. Time Elapsed: 42582.132 s. Mean Reward: 8.837. Std of Reward: 25.417. Training.
[INFO] Rocket. Step: 41680000. Time Elapsed: 42599.733 s. Mean Reward: 10.706. Std of Reward: 22.565. Training.
[INFO] Rocket. Step: 41700000. Time Elapsed: 42622.494 s. Mean Reward: 6.062. Std of Reward: 28.799. Training.
[INFO] Rocket. Step: 41720000. Time Elapsed: 42639.291 s. Mean Reward: 9.012. Std of Reward: 24.255. Training.
[INFO] Rocket. Step: 41740000. Time Elapsed: 42662.982 s. Mean Reward: 5.293. Std of Reward: 23.723. Training.
[INFO] Rocket. Step: 41760000. Time Elapsed: 42678.236 s. Mean Reward: 7.293. Std of Reward: 24.066. Training.
[INFO] Rocket. Step: 41780000. Time Elapsed: 42702.572 s. Mean Reward: 5.429. Std of Reward: 28.122. Training.
[INFO] Rocket. Step: 41800000. Time Elapsed: 42719.103 s. Mean Reward: 4.519. Std of Reward: 29.012. Training.
[INFO] Rocket. Step: 41820000. Time Elapsed: 42740.956 s. Mean Reward: 6.636. Std of Reward: 24.474. Training.
[INFO] Rocket. Step: 41840000. Time Elapsed: 42758.635 s. Mean Reward: -3.066. Std of Reward: 29.257. Training.
[INFO] Rocket. Step: 41860000. Time Elapsed: 42781.486 s. Mean Reward: 6.108. Std of Reward: 27.700. Training.
[INFO] Rocket. Step: 41880000. Time Elapsed: 42799.595 s. Mean Reward: -1.385. Std of Reward: 31.582. Training.
[INFO] Rocket. Step: 41900000. Time Elapsed: 42821.962 s. Mean Reward: 7.511. Std of Reward: 23.546. Training.
[INFO] Rocket. Step: 41920000. Time Elapsed: 42839.420 s. Mean Reward: 1.544. Std of Reward: 30.112. Training.
[INFO] Rocket. Step: 41940000. Time Elapsed: 42862.235 s. Mean Reward: 2.923. Std of Reward: 29.918. Training.
[INFO] Rocket. Step: 41960000. Time Elapsed: 42879.102 s. Mean Reward: 4.812. Std of Reward: 29.846. Training.
[INFO] Rocket. Step: 41980000. Time Elapsed: 42902.251 s. Mean Reward: 9.753. Std of Reward: 23.502. Training.
[INFO] Rocket. Step: 42000000. Time Elapsed: 42918.873 s. Mean Reward: -4.305. Std of Reward: 33.687. Training.
[INFO] Exported results\L11\Rocket\Rocket-41999855.onnx
[INFO] Rocket. Step: 42020000. Time Elapsed: 42941.086 s. Mean Reward: -0.828. Std of Reward: 28.237. Training.
[INFO] Rocket. Step: 42040000. Time Elapsed: 42957.671 s. Mean Reward: 4.887. Std of Reward: 26.618. Training.
[INFO] Rocket. Step: 42060000. Time Elapsed: 42981.054 s. Mean Reward: 6.330. Std of Reward: 27.494. Training.
[INFO] Rocket. Step: 42080000. Time Elapsed: 42997.720 s. Mean Reward: -2.206. Std of Reward: 31.324. Training.
[INFO] Rocket. Step: 42100000. Time Elapsed: 43020.469 s. Mean Reward: 2.641. Std of Reward: 29.535. Training.
[INFO] Rocket. Step: 42120000. Time Elapsed: 43037.460 s. Mean Reward: 2.350. Std of Reward: 28.268. Training.
[INFO] Rocket. Step: 42140000. Time Elapsed: 43059.159 s. Mean Reward: -6.045. Std of Reward: 30.363. Training.
[INFO] Rocket. Step: 42160000. Time Elapsed: 43076.254 s. Mean Reward: -2.761. Std of Reward: 32.496. Training.
[INFO] Rocket. Step: 42180000. Time Elapsed: 43102.111 s. Mean Reward: 1.685. Std of Reward: 26.643. Training.
[INFO] Rocket. Step: 42200000. Time Elapsed: 43119.320 s. Mean Reward: 6.218. Std of Reward: 27.484. Training.
[INFO] Rocket. Step: 42220000. Time Elapsed: 43141.999 s. Mean Reward: -1.804. Std of Reward: 32.839. Training.
[INFO] Rocket. Step: 42240000. Time Elapsed: 43157.486 s. Mean Reward: 4.113. Std of Reward: 26.304. Training.
[INFO] Rocket. Step: 42260000. Time Elapsed: 43182.517 s. Mean Reward: 1.513. Std of Reward: 26.491. Training.
[INFO] Rocket. Step: 42280000. Time Elapsed: 43198.241 s. Mean Reward: 5.392. Std of Reward: 24.019. Training.
[INFO] Rocket. Step: 42300000. Time Elapsed: 43222.997 s. Mean Reward: 7.069. Std of Reward: 26.185. Training.
[INFO] Rocket. Step: 42320000. Time Elapsed: 43238.463 s. Mean Reward: 3.161. Std of Reward: 28.984. Training.
[INFO] Rocket. Step: 42340000. Time Elapsed: 43254.960 s. Mean Reward: 2.627. Std of Reward: 27.605. Training.
[INFO] Rocket. Step: 42360000. Time Elapsed: 43278.061 s. Mean Reward: -5.226. Std of Reward: 29.538. Training.
[INFO] Rocket. Step: 42380000. Time Elapsed: 43294.982 s. Mean Reward: -1.391. Std of Reward: 30.520. Training.
[INFO] Rocket. Step: 42400000. Time Elapsed: 43318.655 s. Mean Reward: 1.155. Std of Reward: 28.195. Training.
[INFO] Rocket. Step: 42420000. Time Elapsed: 43335.242 s. Mean Reward: 5.135. Std of Reward: 26.967. Training.
[INFO] Rocket. Step: 42440000. Time Elapsed: 43358.175 s. Mean Reward: 5.311. Std of Reward: 26.370. Training.
[INFO] Rocket. Step: 42460000. Time Elapsed: 43374.720 s. Mean Reward: 6.121. Std of Reward: 28.180. Training.
[INFO] Rocket. Step: 42480000. Time Elapsed: 43397.458 s. Mean Reward: 7.109. Std of Reward: 24.075. Training.
[INFO] Rocket. Step: 42500000. Time Elapsed: 43413.903 s. Mean Reward: -1.662. Std of Reward: 30.103. Training.
[INFO] Exported results\L11\Rocket\Rocket-42499952.onnx
[INFO] Rocket. Step: 42520000. Time Elapsed: 43437.529 s. Mean Reward: 10.229. Std of Reward: 23.231. Training.
[INFO] Rocket. Step: 42540000. Time Elapsed: 43453.951 s. Mean Reward: 6.357. Std of Reward: 26.025. Training.
[INFO] Rocket. Step: 42560000. Time Elapsed: 43476.703 s. Mean Reward: -0.433. Std of Reward: 26.659. Training.
[INFO] Rocket. Step: 42580000. Time Elapsed: 43492.798 s. Mean Reward: 5.460. Std of Reward: 24.087. Training.
[INFO] Rocket. Step: 42600000. Time Elapsed: 43516.914 s. Mean Reward: 8.518. Std of Reward: 23.320. Training.
[INFO] Rocket. Step: 42620000. Time Elapsed: 43533.373 s. Mean Reward: 5.520. Std of Reward: 24.879. Training.
[INFO] Rocket. Step: 42640000. Time Elapsed: 43557.358 s. Mean Reward: 5.622. Std of Reward: 25.058. Training.
[INFO] Rocket. Step: 42660000. Time Elapsed: 43572.986 s. Mean Reward: 6.270. Std of Reward: 24.374. Training.
[INFO] Rocket. Step: 42680000. Time Elapsed: 43597.138 s. Mean Reward: 2.512. Std of Reward: 28.703. Training.
[INFO] Rocket. Step: 42700000. Time Elapsed: 43613.294 s. Mean Reward: -0.957. Std of Reward: 26.988. Training.
[INFO] Rocket. Step: 42720000. Time Elapsed: 43637.069 s. Mean Reward: 2.017. Std of Reward: 27.373. Training.
[INFO] Rocket. Step: 42740000. Time Elapsed: 43654.413 s. Mean Reward: 3.937. Std of Reward: 26.237. Training.
[INFO] Rocket. Step: 42760000. Time Elapsed: 43677.409 s. Mean Reward: 8.915. Std of Reward: 25.049. Training.
[INFO] Rocket. Step: 42780000. Time Elapsed: 43694.691 s. Mean Reward: 7.811. Std of Reward: 26.841. Training.
[INFO] Rocket. Step: 42800000. Time Elapsed: 43717.930 s. Mean Reward: -1.625. Std of Reward: 28.393. Training.
[INFO] Rocket. Step: 42820000. Time Elapsed: 43734.028 s. Mean Reward: 1.265. Std of Reward: 28.145. Training.
[INFO] Rocket. Step: 42840000. Time Elapsed: 43756.262 s. Mean Reward: 0.028. Std of Reward: 30.518. Training.
[INFO] Rocket. Step: 42860000. Time Elapsed: 43773.928 s. Mean Reward: 4.661. Std of Reward: 27.250. Training.
[INFO] Rocket. Step: 42880000. Time Elapsed: 43797.894 s. Mean Reward: 8.156. Std of Reward: 21.306. Training.
[INFO] Rocket. Step: 42900000. Time Elapsed: 43813.772 s. Mean Reward: -2.087. Std of Reward: 30.491. Training.
[INFO] Rocket. Step: 42920000. Time Elapsed: 43833.267 s. Mean Reward: 16.078. Std of Reward: 14.356. Training.
[INFO] Rocket. Step: 42940000. Time Elapsed: 43849.170 s. Mean Reward: -2.626. Std of Reward: 29.597. Training.
[INFO] Rocket. Step: 42960000. Time Elapsed: 43874.004 s. Mean Reward: 5.625. Std of Reward: 27.107. Training.
[INFO] Rocket. Step: 42980000. Time Elapsed: 43890.741 s. Mean Reward: -1.181. Std of Reward: 30.120. Training.
[INFO] Rocket. Step: 43000000. Time Elapsed: 43907.571 s. Mean Reward: 15.906. Std of Reward: 15.146. Training.
[INFO] Exported results\L11\Rocket\Rocket-42999379.onnx
[INFO] Rocket. Step: 43020000. Time Elapsed: 43930.745 s. Mean Reward: 10.053. Std of Reward: 20.676. Training.
[INFO] Rocket. Step: 43040000. Time Elapsed: 43947.696 s. Mean Reward: 7.360. Std of Reward: 25.887. Training.
[INFO] Rocket. Step: 43060000. Time Elapsed: 43971.499 s. Mean Reward: 11.654. Std of Reward: 20.378. Training.
[INFO] Rocket. Step: 43080000. Time Elapsed: 43988.594 s. Mean Reward: 4.431. Std of Reward: 24.867. Training.
[INFO] Rocket. Step: 43100000. Time Elapsed: 44011.596 s. Mean Reward: 10.584. Std of Reward: 24.211. Training.
[INFO] Rocket. Step: 43120000. Time Elapsed: 44027.865 s. Mean Reward: 10.420. Std of Reward: 22.651. Training.
[INFO] Rocket. Step: 43140000. Time Elapsed: 44053.098 s. Mean Reward: 6.255. Std of Reward: 24.674. Training.
[INFO] Rocket. Step: 43160000. Time Elapsed: 44069.337 s. Mean Reward: 5.181. Std of Reward: 29.084. Training.
[INFO] Rocket. Step: 43180000. Time Elapsed: 44091.013 s. Mean Reward: 5.506. Std of Reward: 27.350. Training.
[INFO] Rocket. Step: 43200000. Time Elapsed: 44108.703 s. Mean Reward: 14.648. Std of Reward: 17.353. Training.
[INFO] Rocket. Step: 43220000. Time Elapsed: 44131.041 s. Mean Reward: 8.480. Std of Reward: 24.127. Training.
[INFO] Rocket. Step: 43240000. Time Elapsed: 44148.578 s. Mean Reward: 4.752. Std of Reward: 27.759. Training.
[INFO] Rocket. Step: 43260000. Time Elapsed: 44171.470 s. Mean Reward: -2.421. Std of Reward: 31.941. Training.
[INFO] Rocket. Step: 43280000. Time Elapsed: 44187.869 s. Mean Reward: 4.077. Std of Reward: 26.672. Training.
[INFO] Rocket. Step: 43300000. Time Elapsed: 44211.800 s. Mean Reward: 4.987. Std of Reward: 26.452. Training.
[INFO] Rocket. Step: 43320000. Time Elapsed: 44229.617 s. Mean Reward: 2.924. Std of Reward: 28.998. Training.
[INFO] Rocket. Step: 43340000. Time Elapsed: 44251.990 s. Mean Reward: 9.760. Std of Reward: 25.204. Training.
[INFO] Rocket. Step: 43360000. Time Elapsed: 44268.509 s. Mean Reward: -5.609. Std of Reward: 31.101. Training.
[INFO] Rocket. Step: 43380000. Time Elapsed: 44291.441 s. Mean Reward: 4.711. Std of Reward: 27.795. Training.
[INFO] Rocket. Step: 43400000. Time Elapsed: 44308.754 s. Mean Reward: 13.151. Std of Reward: 22.937. Training.
[INFO] Rocket. Step: 43420000. Time Elapsed: 44331.205 s. Mean Reward: 7.725. Std of Reward: 24.990. Training.
[INFO] Rocket. Step: 43440000. Time Elapsed: 44348.138 s. Mean Reward: 3.244. Std of Reward: 27.914. Training.
[INFO] Rocket. Step: 43460000. Time Elapsed: 44372.061 s. Mean Reward: 8.326. Std of Reward: 25.992. Training.
[INFO] Rocket. Step: 43480000. Time Elapsed: 44387.820 s. Mean Reward: 11.603. Std of Reward: 22.346. Training.
[INFO] Rocket. Step: 43500000. Time Elapsed: 44411.780 s. Mean Reward: 6.845. Std of Reward: 26.180. Training.
[INFO] Exported results\L11\Rocket\Rocket-43499900.onnx
[INFO] Rocket. Step: 43520000. Time Elapsed: 44427.718 s. Mean Reward: 8.615. Std of Reward: 28.559. Training.
[INFO] Rocket. Step: 43540000. Time Elapsed: 44450.688 s. Mean Reward: 8.297. Std of Reward: 26.631. Training.
[INFO] Rocket. Step: 43560000. Time Elapsed: 44467.424 s. Mean Reward: 14.975. Std of Reward: 22.040. Training.
[INFO] Rocket. Step: 43580000. Time Elapsed: 44490.836 s. Mean Reward: 11.911. Std of Reward: 22.844. Training.
[INFO] Rocket. Step: 43600000. Time Elapsed: 44506.656 s. Mean Reward: 0.219. Std of Reward: 29.857. Training.
[INFO] Rocket. Step: 43620000. Time Elapsed: 44531.038 s. Mean Reward: 9.438. Std of Reward: 25.134. Training.
[INFO] Rocket. Step: 43640000. Time Elapsed: 44546.622 s. Mean Reward: 10.664. Std of Reward: 23.158. Training.
[INFO] Rocket. Step: 43660000. Time Elapsed: 44562.739 s. Mean Reward: 12.348. Std of Reward: 20.886. Training.
[INFO] Rocket. Step: 43680000. Time Elapsed: 44587.122 s. Mean Reward: 14.340. Std of Reward: 23.985. Training.
[INFO] Rocket. Step: 43700000. Time Elapsed: 44602.841 s. Mean Reward: 2.184. Std of Reward: 31.153. Training.
[INFO] Rocket. Step: 43720000. Time Elapsed: 44626.151 s. Mean Reward: 3.667. Std of Reward: 27.942. Training.
[INFO] Rocket. Step: 43740000. Time Elapsed: 44642.759 s. Mean Reward: 5.103. Std of Reward: 30.406. Training.
[INFO] Rocket. Step: 43760000. Time Elapsed: 44665.825 s. Mean Reward: 12.460. Std of Reward: 24.125. Training.
[INFO] Rocket. Step: 43780000. Time Elapsed: 44682.374 s. Mean Reward: 13.754. Std of Reward: 25.223. Training.
[INFO] Rocket. Step: 43800000. Time Elapsed: 44705.994 s. Mean Reward: 6.348. Std of Reward: 26.428. Training.
[INFO] Rocket. Step: 43820000. Time Elapsed: 44723.249 s. Mean Reward: 16.294. Std of Reward: 19.660. Training.
[INFO] Rocket. Step: 43840000. Time Elapsed: 44746.550 s. Mean Reward: 12.926. Std of Reward: 22.246. Training.
[INFO] Rocket. Step: 43860000. Time Elapsed: 44761.526 s. Mean Reward: 12.117. Std of Reward: 21.281. Training.
[INFO] Rocket. Step: 43880000. Time Elapsed: 44785.313 s. Mean Reward: 5.287. Std of Reward: 29.611. Training.
[INFO] Rocket. Step: 43900000. Time Elapsed: 44801.714 s. Mean Reward: 11.117. Std of Reward: 25.935. Training.
[INFO] Rocket. Step: 43920000. Time Elapsed: 44826.121 s. Mean Reward: 9.103. Std of Reward: 24.725. Training.
[INFO] Rocket. Step: 43940000. Time Elapsed: 44841.582 s. Mean Reward: 9.518. Std of Reward: 26.907. Training.
[INFO] Rocket. Step: 43960000. Time Elapsed: 44863.445 s. Mean Reward: 12.821. Std of Reward: 21.806. Training.
[INFO] Rocket. Step: 43980000. Time Elapsed: 44880.586 s. Mean Reward: 10.114. Std of Reward: 26.657. Training.
[INFO] Rocket. Step: 44000000. Time Elapsed: 44904.388 s. Mean Reward: 1.442. Std of Reward: 29.458. Training.
[INFO] Exported results\L11\Rocket\Rocket-43999998.onnx
[INFO] Rocket. Step: 44020000. Time Elapsed: 44920.451 s. Mean Reward: 10.203. Std of Reward: 23.964. Training.
[INFO] Rocket. Step: 44040000. Time Elapsed: 44942.640 s. Mean Reward: 8.862. Std of Reward: 21.836. Training.
[INFO] Rocket. Step: 44060000. Time Elapsed: 44959.622 s. Mean Reward: -0.273. Std of Reward: 28.793. Training.
[INFO] Rocket. Step: 44080000. Time Elapsed: 44982.182 s. Mean Reward: 3.646. Std of Reward: 27.096. Training.
[INFO] Rocket. Step: 44100000. Time Elapsed: 44999.392 s. Mean Reward: 11.826. Std of Reward: 23.605. Training.
[INFO] Rocket. Step: 44120000. Time Elapsed: 45021.163 s. Mean Reward: 8.434. Std of Reward: 26.382. Training.
[INFO] Rocket. Step: 44140000. Time Elapsed: 45039.307 s. Mean Reward: 8.669. Std of Reward: 27.566. Training.
[INFO] Rocket. Step: 44160000. Time Elapsed: 45062.844 s. Mean Reward: 7.771. Std of Reward: 29.066. Training.
[INFO] Rocket. Step: 44180000. Time Elapsed: 45079.006 s. Mean Reward: 10.111. Std of Reward: 25.626. Training.
[INFO] Rocket. Step: 44200000. Time Elapsed: 45103.135 s. Mean Reward: 15.995. Std of Reward: 17.363. Training.
[INFO] Rocket. Step: 44220000. Time Elapsed: 45118.994 s. Mean Reward: 11.038. Std of Reward: 23.824. Training.
[INFO] Rocket. Step: 44240000. Time Elapsed: 45142.338 s. Mean Reward: 2.943. Std of Reward: 28.665. Training.
[INFO] Rocket. Step: 44260000. Time Elapsed: 45159.209 s. Mean Reward: 12.465. Std of Reward: 23.387. Training.
[INFO] Rocket. Step: 44280000. Time Elapsed: 45182.183 s. Mean Reward: -0.845. Std of Reward: 32.099. Training.
[INFO] Rocket. Step: 44300000. Time Elapsed: 45197.537 s. Mean Reward: 14.060. Std of Reward: 21.977. Training.
[INFO] Rocket. Step: 44320000. Time Elapsed: 45213.870 s. Mean Reward: 2.053. Std of Reward: 28.807. Training.
[INFO] Rocket. Step: 44340000. Time Elapsed: 45236.934 s. Mean Reward: 11.428. Std of Reward: 20.802. Training.
[INFO] Rocket. Step: 44360000. Time Elapsed: 45252.770 s. Mean Reward: 6.716. Std of Reward: 29.239. Training.
[INFO] Rocket. Step: 44380000. Time Elapsed: 45276.923 s. Mean Reward: 7.204. Std of Reward: 24.164. Training.
[INFO] Rocket. Step: 44400000. Time Elapsed: 45293.823 s. Mean Reward: 5.124. Std of Reward: 25.209. Training.
[INFO] Rocket. Step: 44420000. Time Elapsed: 45317.394 s. Mean Reward: 6.218. Std of Reward: 27.218. Training.
[INFO] Rocket. Step: 44440000. Time Elapsed: 45332.930 s. Mean Reward: -4.719. Std of Reward: 32.763. Training.
[INFO] Rocket. Step: 44460000. Time Elapsed: 45355.549 s. Mean Reward: 1.960. Std of Reward: 30.808. Training.
[INFO] Rocket. Step: 44480000. Time Elapsed: 45372.137 s. Mean Reward: 4.325. Std of Reward: 28.483. Training.
[INFO] Rocket. Step: 44500000. Time Elapsed: 45396.873 s. Mean Reward: 13.126. Std of Reward: 24.095. Training.
[INFO] Exported results\L11\Rocket\Rocket-44499572.onnx
[INFO] Rocket. Step: 44520000. Time Elapsed: 45412.632 s. Mean Reward: 14.146. Std of Reward: 22.080. Training.
[INFO] Rocket. Step: 44540000. Time Elapsed: 45435.258 s. Mean Reward: -0.333. Std of Reward: 32.519. Training.
[INFO] Rocket. Step: 44560000. Time Elapsed: 45452.079 s. Mean Reward: 13.559. Std of Reward: 21.869. Training.
[INFO] Rocket. Step: 44580000. Time Elapsed: 45475.550 s. Mean Reward: 14.204. Std of Reward: 23.854. Training.
[INFO] Rocket. Step: 44600000. Time Elapsed: 45492.021 s. Mean Reward: 6.684. Std of Reward: 28.387. Training.
[INFO] Rocket. Step: 44620000. Time Elapsed: 45515.128 s. Mean Reward: 2.534. Std of Reward: 28.069. Training.
[INFO] Rocket. Step: 44640000. Time Elapsed: 45533.023 s. Mean Reward: 15.227. Std of Reward: 17.448. Training.
[INFO] Rocket. Step: 44660000. Time Elapsed: 45555.576 s. Mean Reward: 8.404. Std of Reward: 25.896. Training.
[INFO] Rocket. Step: 44680000. Time Elapsed: 45571.717 s. Mean Reward: 10.756. Std of Reward: 23.307. Training.
[INFO] Rocket. Step: 44700000. Time Elapsed: 45594.511 s. Mean Reward: 12.888. Std of Reward: 20.363. Training.
[INFO] Rocket. Step: 44720000. Time Elapsed: 45610.505 s. Mean Reward: 4.117. Std of Reward: 29.309. Training.
[INFO] Rocket. Step: 44740000. Time Elapsed: 45634.885 s. Mean Reward: 3.870. Std of Reward: 30.135. Training.
[INFO] Rocket. Step: 44760000. Time Elapsed: 45651.653 s. Mean Reward: 2.914. Std of Reward: 30.764. Training.
[INFO] Rocket. Step: 44780000. Time Elapsed: 45674.538 s. Mean Reward: 6.956. Std of Reward: 26.084. Training.
[INFO] Rocket. Step: 44800000. Time Elapsed: 45692.336 s. Mean Reward: 12.147. Std of Reward: 24.342. Training.
[INFO] Rocket. Step: 44820000. Time Elapsed: 45715.032 s. Mean Reward: 8.298. Std of Reward: 26.837. Training.
[INFO] Rocket. Step: 44840000. Time Elapsed: 45731.657 s. Mean Reward: 8.525. Std of Reward: 27.224. Training.
[INFO] Rocket. Step: 44860000. Time Elapsed: 45753.865 s. Mean Reward: 8.607. Std of Reward: 23.026. Training.
[INFO] Rocket. Step: 44880000. Time Elapsed: 45769.132 s. Mean Reward: 5.811. Std of Reward: 27.233. Training.
[INFO] Rocket. Step: 44900000. Time Elapsed: 45794.105 s. Mean Reward: 13.415. Std of Reward: 22.416. Training.
[INFO] Rocket. Step: 44920000. Time Elapsed: 45810.808 s. Mean Reward: 3.005. Std of Reward: 29.662. Training.
[INFO] Rocket. Step: 44940000. Time Elapsed: 45833.854 s. Mean Reward: 7.898. Std of Reward: 27.013. Training.
[INFO] Rocket. Step: 44960000. Time Elapsed: 45849.837 s. Mean Reward: -2.996. Std of Reward: 31.047. Training.
[INFO] Rocket. Step: 44980000. Time Elapsed: 45865.872 s. Mean Reward: 7.818. Std of Reward: 23.980. Training.
[INFO] Rocket. Step: 45000000. Time Elapsed: 45889.951 s. Mean Reward: 4.733. Std of Reward: 26.014. Training.
[INFO] Exported results\L11\Rocket\Rocket-44999617.onnx
[INFO] Rocket. Step: 45020000. Time Elapsed: 45906.792 s. Mean Reward: 3.328. Std of Reward: 29.127. Training.
[INFO] Rocket. Step: 45040000. Time Elapsed: 45929.942 s. Mean Reward: 10.107. Std of Reward: 24.007. Training.
[INFO] Rocket. Step: 45060000. Time Elapsed: 45946.599 s. Mean Reward: 1.027. Std of Reward: 30.707. Training.
[INFO] Rocket. Step: 45080000. Time Elapsed: 45969.130 s. Mean Reward: 8.083. Std of Reward: 28.123. Training.
[INFO] Rocket. Step: 45100000. Time Elapsed: 45985.100 s. Mean Reward: 5.698. Std of Reward: 30.866. Training.
[INFO] Rocket. Step: 45120000. Time Elapsed: 46009.596 s. Mean Reward: 1.604. Std of Reward: 29.807. Training.
[INFO] Rocket. Step: 45140000. Time Elapsed: 46024.559 s. Mean Reward: 1.503. Std of Reward: 32.587. Training.
[INFO] Rocket. Step: 45160000. Time Elapsed: 46047.896 s. Mean Reward: 6.257. Std of Reward: 28.391. Training.
[INFO] Rocket. Step: 45180000. Time Elapsed: 46064.676 s. Mean Reward: 12.759. Std of Reward: 22.404. Training.
[INFO] Rocket. Step: 45200000. Time Elapsed: 46086.812 s. Mean Reward: 4.011. Std of Reward: 29.287. Training.
[INFO] Rocket. Step: 45220000. Time Elapsed: 46104.437 s. Mean Reward: -2.665. Std of Reward: 30.646. Training.
[INFO] Rocket. Step: 45240000. Time Elapsed: 46126.915 s. Mean Reward: 2.665. Std of Reward: 28.691. Training.
[INFO] Rocket. Step: 45260000. Time Elapsed: 46143.326 s. Mean Reward: 2.268. Std of Reward: 30.332. Training.
[INFO] Rocket. Step: 45280000. Time Elapsed: 46165.867 s. Mean Reward: 0.273. Std of Reward: 31.017. Training.
[INFO] Rocket. Step: 45300000. Time Elapsed: 46182.559 s. Mean Reward: 10.408. Std of Reward: 23.398. Training.
[INFO] Rocket. Step: 45320000. Time Elapsed: 46205.203 s. Mean Reward: 13.495. Std of Reward: 21.195. Training.
[INFO] Rocket. Step: 45340000. Time Elapsed: 46222.908 s. Mean Reward: 2.407. Std of Reward: 28.775. Training.
[INFO] Rocket. Step: 45360000. Time Elapsed: 46245.419 s. Mean Reward: 4.659. Std of Reward: 27.785. Training.
[INFO] Rocket. Step: 45380000. Time Elapsed: 46261.823 s. Mean Reward: 7.480. Std of Reward: 25.439. Training.
[INFO] Rocket. Step: 45400000. Time Elapsed: 46285.047 s. Mean Reward: 7.615. Std of Reward: 25.112. Training.
[INFO] Rocket. Step: 45420000. Time Elapsed: 46301.507 s. Mean Reward: 8.857. Std of Reward: 25.881. Training.
[INFO] Rocket. Step: 45440000. Time Elapsed: 46323.116 s. Mean Reward: 13.960. Std of Reward: 23.228. Training.
[INFO] Rocket. Step: 45460000. Time Elapsed: 46341.057 s. Mean Reward: -6.265. Std of Reward: 29.253. Training.
[INFO] Rocket. Step: 45480000. Time Elapsed: 46363.321 s. Mean Reward: 13.240. Std of Reward: 21.245. Training.
[INFO] Rocket. Step: 45500000. Time Elapsed: 46380.523 s. Mean Reward: 6.770. Std of Reward: 26.674. Training.
[INFO] Exported results\L11\Rocket\Rocket-45499984.onnx
[INFO] Rocket. Step: 45520000. Time Elapsed: 46404.037 s. Mean Reward: 12.601. Std of Reward: 22.244. Training.
[INFO] Rocket. Step: 45540000. Time Elapsed: 46421.593 s. Mean Reward: 12.538. Std of Reward: 19.506. Training.
[INFO] Rocket. Step: 45560000. Time Elapsed: 46444.337 s. Mean Reward: 4.934. Std of Reward: 25.901. Training.
[INFO] Rocket. Step: 45580000. Time Elapsed: 46461.957 s. Mean Reward: 7.244. Std of Reward: 26.967. Training.
[INFO] Rocket. Step: 45600000. Time Elapsed: 46484.249 s. Mean Reward: 6.768. Std of Reward: 26.038. Training.
[INFO] Rocket. Step: 45620000. Time Elapsed: 46499.621 s. Mean Reward: 5.124. Std of Reward: 29.126. Training.
[INFO] Rocket. Step: 45640000. Time Elapsed: 46525.050 s. Mean Reward: 6.168. Std of Reward: 27.933. Training.
[INFO] Rocket. Step: 45660000. Time Elapsed: 46538.685 s. Mean Reward: 4.120. Std of Reward: 29.164. Training.
[INFO] Rocket. Step: 45680000. Time Elapsed: 46557.046 s. Mean Reward: 8.730. Std of Reward: 22.120. Training.
[INFO] Rocket. Step: 45700000. Time Elapsed: 46579.563 s. Mean Reward: 4.660. Std of Reward: 26.770. Training.
[INFO] Rocket. Step: 45720000. Time Elapsed: 46595.120 s. Mean Reward: 5.801. Std of Reward: 28.406. Training.
[INFO] Rocket. Step: 45740000. Time Elapsed: 46618.623 s. Mean Reward: -1.122. Std of Reward: 30.424. Training.
[INFO] Rocket. Step: 45760000. Time Elapsed: 46636.347 s. Mean Reward: 12.149. Std of Reward: 22.954. Training.
[INFO] Rocket. Step: 45780000. Time Elapsed: 46659.369 s. Mean Reward: 6.105. Std of Reward: 27.330. Training.
[INFO] Rocket. Step: 45800000. Time Elapsed: 46674.959 s. Mean Reward: 4.739. Std of Reward: 28.287. Training.
[INFO] Rocket. Step: 45820000. Time Elapsed: 46696.688 s. Mean Reward: 7.977. Std of Reward: 26.219. Training.
[INFO] Rocket. Step: 45840000. Time Elapsed: 46713.949 s. Mean Reward: 2.116. Std of Reward: 30.543. Training.
[INFO] Rocket. Step: 45860000. Time Elapsed: 46736.430 s. Mean Reward: -4.016. Std of Reward: 30.262. Training.
[INFO] Rocket. Step: 45880000. Time Elapsed: 46754.720 s. Mean Reward: 4.354. Std of Reward: 26.341. Training.
[INFO] Rocket. Step: 45900000. Time Elapsed: 46776.554 s. Mean Reward: -7.485. Std of Reward: 31.573. Training.
[INFO] Rocket. Step: 45920000. Time Elapsed: 46793.216 s. Mean Reward: 2.167. Std of Reward: 29.468. Training.
[INFO] Rocket. Step: 45940000. Time Elapsed: 46817.130 s. Mean Reward: 5.953. Std of Reward: 27.201. Training.
[INFO] Rocket. Step: 45960000. Time Elapsed: 46832.841 s. Mean Reward: 5.762. Std of Reward: 24.702. Training.
[INFO] Rocket. Step: 45980000. Time Elapsed: 46857.209 s. Mean Reward: 5.991. Std of Reward: 29.246. Training.
[INFO] Rocket. Step: 46000000. Time Elapsed: 46873.399 s. Mean Reward: 7.661. Std of Reward: 25.080. Training.
[INFO] Exported results\L11\Rocket\Rocket-45999635.onnx
[INFO] Rocket. Step: 46020000. Time Elapsed: 46897.641 s. Mean Reward: 1.416. Std of Reward: 29.083. Training.
[INFO] Rocket. Step: 46040000. Time Elapsed: 46913.738 s. Mean Reward: 4.837. Std of Reward: 27.013. Training.
[INFO] Rocket. Step: 46060000. Time Elapsed: 46936.255 s. Mean Reward: 7.153. Std of Reward: 25.740. Training.
[INFO] Rocket. Step: 46080000. Time Elapsed: 46953.563 s. Mean Reward: 5.740. Std of Reward: 26.351. Training.
[INFO] Rocket. Step: 46100000. Time Elapsed: 46976.399 s. Mean Reward: 7.906. Std of Reward: 25.266. Training.
[INFO] Rocket. Step: 46120000. Time Elapsed: 46991.373 s. Mean Reward: 7.595. Std of Reward: 26.008. Training.
[INFO] Rocket. Step: 46140000. Time Elapsed: 47015.408 s. Mean Reward: 9.002. Std of Reward: 26.743. Training.
[INFO] Rocket. Step: 46160000. Time Elapsed: 47032.124 s. Mean Reward: 0.663. Std of Reward: 29.331. Training.
[INFO] Rocket. Step: 46180000. Time Elapsed: 47055.179 s. Mean Reward: 8.535. Std of Reward: 26.917. Training.
[INFO] Rocket. Step: 46200000. Time Elapsed: 47072.418 s. Mean Reward: 10.047. Std of Reward: 25.123. Training.
[INFO] Rocket. Step: 46220000. Time Elapsed: 47094.135 s. Mean Reward: 0.308. Std of Reward: 33.242. Training.
[INFO] Rocket. Step: 46240000. Time Elapsed: 47112.017 s. Mean Reward: 7.546. Std of Reward: 28.236. Training.
[INFO] Rocket. Step: 46260000. Time Elapsed: 47134.932 s. Mean Reward: 12.620. Std of Reward: 25.671. Training.
[INFO] Rocket. Step: 46280000. Time Elapsed: 47150.292 s. Mean Reward: 10.120. Std of Reward: 27.386. Training.
[INFO] Rocket. Step: 46300000. Time Elapsed: 47167.984 s. Mean Reward: 5.311. Std of Reward: 27.146. Training.
[INFO] Rocket. Step: 46320000. Time Elapsed: 47189.693 s. Mean Reward: 0.289. Std of Reward: 31.635. Training.
[INFO] Rocket. Step: 46340000. Time Elapsed: 47207.824 s. Mean Reward: 14.377. Std of Reward: 20.182. Training.
[INFO] Rocket. Step: 46360000. Time Elapsed: 47230.530 s. Mean Reward: 7.700. Std of Reward: 29.037. Training.
[INFO] Rocket. Step: 46380000. Time Elapsed: 47245.918 s. Mean Reward: 1.328. Std of Reward: 33.061. Training.
[INFO] Rocket. Step: 46400000. Time Elapsed: 47268.734 s. Mean Reward: 13.440. Std of Reward: 23.551. Training.
[INFO] Rocket. Step: 46420000. Time Elapsed: 47284.973 s. Mean Reward: 7.126. Std of Reward: 27.548. Training.
[INFO] Rocket. Step: 46440000. Time Elapsed: 47309.662 s. Mean Reward: 6.786. Std of Reward: 28.282. Training.
[INFO] Rocket. Step: 46460000. Time Elapsed: 47325.571 s. Mean Reward: 14.823. Std of Reward: 23.328. Training.
[INFO] Rocket. Step: 46480000. Time Elapsed: 47347.684 s. Mean Reward: -0.436. Std of Reward: 30.123. Training.
[INFO] Rocket. Step: 46500000. Time Elapsed: 47363.869 s. Mean Reward: 4.970. Std of Reward: 29.552. Training.
[INFO] Exported results\L11\Rocket\Rocket-46499660.onnx
[INFO] Rocket. Step: 46520000. Time Elapsed: 47386.655 s. Mean Reward: 15.173. Std of Reward: 21.029. Training.
[INFO] Rocket. Step: 46540000. Time Elapsed: 47404.435 s. Mean Reward: 1.850. Std of Reward: 30.655. Training.
[INFO] Rocket. Step: 46560000. Time Elapsed: 47428.041 s. Mean Reward: 5.224. Std of Reward: 26.283. Training.
[INFO] Rocket. Step: 46580000. Time Elapsed: 47443.373 s. Mean Reward: 6.350. Std of Reward: 28.731. Training.
[INFO] Rocket. Step: 46600000. Time Elapsed: 47465.828 s. Mean Reward: 20.804. Std of Reward: 12.619. Training.
[INFO] Rocket. Step: 46620000. Time Elapsed: 47483.015 s. Mean Reward: 12.163. Std of Reward: 24.815. Training.
[INFO] Rocket. Step: 46640000. Time Elapsed: 47505.870 s. Mean Reward: 7.087. Std of Reward: 28.234. Training.
[INFO] Rocket. Step: 46660000. Time Elapsed: 47520.979 s. Mean Reward: -0.354. Std of Reward: 32.628. Training.
[INFO] Rocket. Step: 46680000. Time Elapsed: 47544.717 s. Mean Reward: 9.084. Std of Reward: 24.237. Training.
[INFO] Rocket. Step: 46700000. Time Elapsed: 47561.036 s. Mean Reward: 1.186. Std of Reward: 32.330. Training.
[INFO] Rocket. Step: 46720000. Time Elapsed: 47583.939 s. Mean Reward: 4.496. Std of Reward: 30.027. Training.
[INFO] Rocket. Step: 46740000. Time Elapsed: 47600.322 s. Mean Reward: 9.885. Std of Reward: 26.463. Training.
[INFO] Rocket. Step: 46760000. Time Elapsed: 47622.902 s. Mean Reward: 4.400. Std of Reward: 27.668. Training.
[INFO] Rocket. Step: 46780000. Time Elapsed: 47639.116 s. Mean Reward: 5.887. Std of Reward: 28.936. Training.
[INFO] Rocket. Step: 46800000. Time Elapsed: 47661.806 s. Mean Reward: 9.922. Std of Reward: 26.184. Training.
[INFO] Rocket. Step: 46820000. Time Elapsed: 47678.036 s. Mean Reward: 11.804. Std of Reward: 23.805. Training.
[INFO] Rocket. Step: 46840000. Time Elapsed: 47700.684 s. Mean Reward: 8.098. Std of Reward: 28.710. Training.
[INFO] Rocket. Step: 46860000. Time Elapsed: 47717.214 s. Mean Reward: 8.808. Std of Reward: 26.077. Training.
[INFO] Rocket. Step: 46880000. Time Elapsed: 47741.138 s. Mean Reward: 4.345. Std of Reward: 30.786. Training.
[INFO] Rocket. Step: 46900000. Time Elapsed: 47755.860 s. Mean Reward: 7.745. Std of Reward: 26.983. Training.
[INFO] Rocket. Step: 46920000. Time Elapsed: 47780.880 s. Mean Reward: 15.836. Std of Reward: 18.750. Training.
[INFO] Rocket. Step: 46940000. Time Elapsed: 47796.145 s. Mean Reward: 10.403. Std of Reward: 25.157. Training.
[INFO] Rocket. Step: 46960000. Time Elapsed: 47812.635 s. Mean Reward: 5.871. Std of Reward: 28.205. Training.
[INFO] Rocket. Step: 46980000. Time Elapsed: 47835.201 s. Mean Reward: 3.742. Std of Reward: 30.145. Training.
[INFO] Rocket. Step: 47000000. Time Elapsed: 47851.763 s. Mean Reward: 0.787. Std of Reward: 32.179. Training.
[INFO] Exported results\L11\Rocket\Rocket-46999991.onnx
[INFO] Rocket. Step: 47020000. Time Elapsed: 47874.468 s. Mean Reward: 6.880. Std of Reward: 30.244. Training.
[INFO] Rocket. Step: 47040000. Time Elapsed: 47890.724 s. Mean Reward: 11.639. Std of Reward: 24.399. Training.
[INFO] Rocket. Step: 47060000. Time Elapsed: 47915.209 s. Mean Reward: 8.881. Std of Reward: 28.409. Training.
[INFO] Rocket. Step: 47080000. Time Elapsed: 47930.816 s. Mean Reward: 3.628. Std of Reward: 31.397. Training.
[INFO] Rocket. Step: 47100000. Time Elapsed: 47954.122 s. Mean Reward: 7.768. Std of Reward: 26.455. Training.
[INFO] Rocket. Step: 47120000. Time Elapsed: 47969.152 s. Mean Reward: 4.409. Std of Reward: 29.035. Training.
[INFO] Rocket. Step: 47140000. Time Elapsed: 47991.909 s. Mean Reward: 4.371. Std of Reward: 30.280. Training.
[INFO] Rocket. Step: 47160000. Time Elapsed: 48009.187 s. Mean Reward: 4.930. Std of Reward: 28.732. Training.
[INFO] Rocket. Step: 47180000. Time Elapsed: 48032.582 s. Mean Reward: 18.164. Std of Reward: 16.519. Training.
[INFO] Rocket. Step: 47200000. Time Elapsed: 48048.659 s. Mean Reward: 5.943. Std of Reward: 25.922. Training.
[INFO] Rocket. Step: 47220000. Time Elapsed: 48070.700 s. Mean Reward: 10.524. Std of Reward: 26.552. Training.
[INFO] Rocket. Step: 47240000. Time Elapsed: 48086.257 s. Mean Reward: -3.602. Std of Reward: 32.838. Training.
[INFO] Rocket. Step: 47260000. Time Elapsed: 48109.604 s. Mean Reward: 10.180. Std of Reward: 26.095. Training.
[INFO] Rocket. Step: 47280000. Time Elapsed: 48126.253 s. Mean Reward: 13.658. Std of Reward: 23.910. Training.
[INFO] Rocket. Step: 47300000. Time Elapsed: 48149.712 s. Mean Reward: 15.701. Std of Reward: 20.634. Training.
[INFO] Rocket. Step: 47320000. Time Elapsed: 48165.753 s. Mean Reward: 8.770. Std of Reward: 27.437. Training.
[INFO] Rocket. Step: 47340000. Time Elapsed: 48188.985 s. Mean Reward: 14.582. Std of Reward: 21.680. Training.
[INFO] Rocket. Step: 47360000. Time Elapsed: 48204.744 s. Mean Reward: 6.086. Std of Reward: 27.861. Training.
[INFO] Rocket. Step: 47380000. Time Elapsed: 48228.744 s. Mean Reward: 5.288. Std of Reward: 32.098. Training.
[INFO] Rocket. Step: 47400000. Time Elapsed: 48244.664 s. Mean Reward: 9.663. Std of Reward: 28.731. Training.
[INFO] Rocket. Step: 47420000. Time Elapsed: 48268.036 s. Mean Reward: 8.077. Std of Reward: 29.668. Training.
[INFO] Rocket. Step: 47440000. Time Elapsed: 48284.500 s. Mean Reward: 2.513. Std of Reward: 29.511. Training.
[INFO] Rocket. Step: 47460000. Time Elapsed: 48306.881 s. Mean Reward: 2.395. Std of Reward: 29.550. Training.
[INFO] Rocket. Step: 47480000. Time Elapsed: 48322.781 s. Mean Reward: 16.428. Std of Reward: 20.969. Training.
[INFO] Rocket. Step: 47500000. Time Elapsed: 48345.738 s. Mean Reward: 8.106. Std of Reward: 30.244. Training.
[INFO] Exported results\L11\Rocket\Rocket-47499893.onnx
[INFO] Rocket. Step: 47520000. Time Elapsed: 48362.951 s. Mean Reward: 6.553. Std of Reward: 25.829. Training.
[INFO] Rocket. Step: 47540000. Time Elapsed: 48385.212 s. Mean Reward: 11.136. Std of Reward: 25.714. Training.
[INFO] Rocket. Step: 47560000. Time Elapsed: 48401.167 s. Mean Reward: 14.834. Std of Reward: 23.735. Training.
[INFO] Rocket. Step: 47580000. Time Elapsed: 48424.379 s. Mean Reward: 9.088. Std of Reward: 27.247. Training.
[INFO] Rocket. Step: 47600000. Time Elapsed: 48439.728 s. Mean Reward: 10.530. Std of Reward: 26.764. Training.
[INFO] Rocket. Step: 47620000. Time Elapsed: 48456.469 s. Mean Reward: 11.151. Std of Reward: 24.824. Training.
[INFO] Rocket. Step: 47640000. Time Elapsed: 48478.982 s. Mean Reward: 2.024. Std of Reward: 32.340. Training.
[INFO] Rocket. Step: 47660000. Time Elapsed: 48496.664 s. Mean Reward: 7.794. Std of Reward: 30.409. Training.
[INFO] Rocket. Step: 47680000. Time Elapsed: 48518.294 s. Mean Reward: 3.897. Std of Reward: 29.819. Training.
[INFO] Rocket. Step: 47700000. Time Elapsed: 48536.192 s. Mean Reward: 12.857. Std of Reward: 24.100. Training.
[INFO] Rocket. Step: 47720000. Time Elapsed: 48557.546 s. Mean Reward: 8.950. Std of Reward: 28.479. Training.
[INFO] Rocket. Step: 47740000. Time Elapsed: 48573.904 s. Mean Reward: 16.130. Std of Reward: 20.589. Training.
[INFO] Rocket. Step: 47760000. Time Elapsed: 48596.897 s. Mean Reward: 14.585. Std of Reward: 23.011. Training.
[INFO] Rocket. Step: 47780000. Time Elapsed: 48613.860 s. Mean Reward: 7.174. Std of Reward: 24.420. Training.
[INFO] Rocket. Step: 47800000. Time Elapsed: 48636.016 s. Mean Reward: 8.076. Std of Reward: 28.571. Training.
[INFO] Rocket. Step: 47820000. Time Elapsed: 48651.619 s. Mean Reward: 0.402. Std of Reward: 32.921. Training.
[INFO] Rocket. Step: 47840000. Time Elapsed: 48673.871 s. Mean Reward: 7.497. Std of Reward: 31.182. Training.
[INFO] Rocket. Step: 47860000. Time Elapsed: 48690.560 s. Mean Reward: 0.232. Std of Reward: 33.231. Training.
[INFO] Rocket. Step: 47880000. Time Elapsed: 48713.721 s. Mean Reward: 10.665. Std of Reward: 24.852. Training.
[INFO] Rocket. Step: 47900000. Time Elapsed: 48728.620 s. Mean Reward: 6.830. Std of Reward: 30.140. Training.
[INFO] Rocket. Step: 47920000. Time Elapsed: 48752.671 s. Mean Reward: 2.463. Std of Reward: 31.346. Training.
[INFO] Rocket. Step: 47940000. Time Elapsed: 48768.892 s. Mean Reward: 3.584. Std of Reward: 32.359. Training.
[INFO] Rocket. Step: 47960000. Time Elapsed: 48792.447 s. Mean Reward: 13.900. Std of Reward: 21.530. Training.
[INFO] Rocket. Step: 47980000. Time Elapsed: 48807.551 s. Mean Reward: 13.947. Std of Reward: 22.672. Training.
[INFO] Rocket. Step: 48000000. Time Elapsed: 48830.894 s. Mean Reward: 4.105. Std of Reward: 31.213. Training.
[INFO] Exported results\L11\Rocket\Rocket-47999687.onnx
[INFO] Rocket. Step: 48020000. Time Elapsed: 48846.231 s. Mean Reward: 5.668. Std of Reward: 32.173. Training.
[INFO] Rocket. Step: 48040000. Time Elapsed: 48870.212 s. Mean Reward: 9.921. Std of Reward: 27.090. Training.
[INFO] Rocket. Step: 48060000. Time Elapsed: 48885.947 s. Mean Reward: -1.807. Std of Reward: 32.037. Training.
[INFO] Rocket. Step: 48080000. Time Elapsed: 48909.089 s. Mean Reward: -3.045. Std of Reward: 32.535. Training.
[INFO] Rocket. Step: 48100000. Time Elapsed: 48925.100 s. Mean Reward: 18.122. Std of Reward: 19.804. Training.
[INFO] Rocket. Step: 48120000. Time Elapsed: 48948.466 s. Mean Reward: -1.263. Std of Reward: 32.432. Training.
[INFO] Rocket. Step: 48140000. Time Elapsed: 48964.247 s. Mean Reward: 6.364. Std of Reward: 31.428. Training.
[INFO] Rocket. Step: 48160000. Time Elapsed: 48986.995 s. Mean Reward: 6.866. Std of Reward: 29.538. Training.
[INFO] Rocket. Step: 48180000. Time Elapsed: 49003.198 s. Mean Reward: 15.605. Std of Reward: 21.836. Training.
[INFO] Rocket. Step: 48200000. Time Elapsed: 49025.777 s. Mean Reward: 1.988. Std of Reward: 30.792. Training.
[INFO] Rocket. Step: 48220000. Time Elapsed: 49042.000 s. Mean Reward: 1.092. Std of Reward: 32.120. Training.
[INFO] Rocket. Step: 48240000. Time Elapsed: 49065.209 s. Mean Reward: 3.080. Std of Reward: 30.259. Training.
[INFO] Rocket. Step: 48260000. Time Elapsed: 49081.326 s. Mean Reward: 7.932. Std of Reward: 28.682. Training.
[INFO] Rocket. Step: 48280000. Time Elapsed: 49104.493 s. Mean Reward: 4.208. Std of Reward: 28.881. Training.
[INFO] Rocket. Step: 48300000. Time Elapsed: 49121.048 s. Mean Reward: 17.216. Std of Reward: 16.166. Training.
[INFO] Rocket. Step: 48320000. Time Elapsed: 49137.805 s. Mean Reward: 13.492. Std of Reward: 22.790. Training.
[INFO] Rocket. Step: 48340000. Time Elapsed: 49160.125 s. Mean Reward: 2.669. Std of Reward: 28.855. Training.
[INFO] Rocket. Step: 48360000. Time Elapsed: 49176.047 s. Mean Reward: 2.944. Std of Reward: 32.543. Training.
[INFO] Rocket. Step: 48380000. Time Elapsed: 49198.400 s. Mean Reward: 11.998. Std of Reward: 24.560. Training.
[INFO] Rocket. Step: 48400000. Time Elapsed: 49215.203 s. Mean Reward: 6.322. Std of Reward: 29.389. Training.
[INFO] Rocket. Step: 48420000. Time Elapsed: 49239.412 s. Mean Reward: 5.160. Std of Reward: 30.961. Training.
[INFO] Rocket. Step: 48440000. Time Elapsed: 49256.311 s. Mean Reward: 17.637. Std of Reward: 15.670. Training.
[INFO] Rocket. Step: 48460000. Time Elapsed: 49277.175 s. Mean Reward: 6.953. Std of Reward: 27.541. Training.
[INFO] Rocket. Step: 48480000. Time Elapsed: 49293.487 s. Mean Reward: 11.905. Std of Reward: 24.814. Training.
[INFO] Rocket. Step: 48500000. Time Elapsed: 49315.293 s. Mean Reward: -5.670. Std of Reward: 32.049. Training.
[INFO] Exported results\L11\Rocket\Rocket-48499482.onnx
[INFO] Rocket. Step: 48520000. Time Elapsed: 49332.501 s. Mean Reward: -0.776. Std of Reward: 33.442. Training.
[INFO] Rocket. Step: 48540000. Time Elapsed: 49356.057 s. Mean Reward: -1.796. Std of Reward: 32.208. Training.
[INFO] Rocket. Step: 48560000. Time Elapsed: 49371.488 s. Mean Reward: 5.031. Std of Reward: 27.329. Training.
[INFO] Rocket. Step: 48580000. Time Elapsed: 49394.093 s. Mean Reward: 6.710. Std of Reward: 29.799. Training.
[INFO] Rocket. Step: 48600000. Time Elapsed: 49410.842 s. Mean Reward: 6.715. Std of Reward: 29.262. Training.
[INFO] Rocket. Step: 48620000. Time Elapsed: 49433.729 s. Mean Reward: 12.524. Std of Reward: 24.955. Training.
[INFO] Rocket. Step: 48640000. Time Elapsed: 49449.483 s. Mean Reward: 7.397. Std of Reward: 24.711. Training.
[INFO] Rocket. Step: 48660000. Time Elapsed: 49472.540 s. Mean Reward: 2.952. Std of Reward: 29.709. Training.
[INFO] Rocket. Step: 48680000. Time Elapsed: 49488.768 s. Mean Reward: 8.967. Std of Reward: 30.841. Training.
[INFO] Rocket. Step: 48700000. Time Elapsed: 49510.921 s. Mean Reward: -4.868. Std of Reward: 33.634. Training.
[INFO] Rocket. Step: 48720000. Time Elapsed: 49526.591 s. Mean Reward: 2.571. Std of Reward: 32.386. Training.
[INFO] Rocket. Step: 48740000. Time Elapsed: 49550.320 s. Mean Reward: 1.709. Std of Reward: 30.712. Training.
[INFO] Rocket. Step: 48760000. Time Elapsed: 49564.746 s. Mean Reward: -1.385. Std of Reward: 36.610. Training.
[INFO] Rocket. Step: 48780000. Time Elapsed: 49587.312 s. Mean Reward: 0.598. Std of Reward: 31.869. Training.
[INFO] Rocket. Step: 48800000. Time Elapsed: 49603.128 s. Mean Reward: -0.198. Std of Reward: 34.366. Training.
[INFO] Rocket. Step: 48820000. Time Elapsed: 49626.434 s. Mean Reward: 14.172. Std of Reward: 20.548. Training.
[INFO] Rocket. Step: 48840000. Time Elapsed: 49642.313 s. Mean Reward: -3.505. Std of Reward: 31.249. Training.
[INFO] Rocket. Step: 48860000. Time Elapsed: 49666.175 s. Mean Reward: -4.608. Std of Reward: 32.563. Training.
[INFO] Rocket. Step: 48880000. Time Elapsed: 49680.822 s. Mean Reward: 7.056. Std of Reward: 27.039. Training.
[INFO] Rocket. Step: 48900000. Time Elapsed: 49704.618 s. Mean Reward: 11.492. Std of Reward: 26.006. Training.
[INFO] Rocket. Step: 48920000. Time Elapsed: 49719.600 s. Mean Reward: 5.963. Std of Reward: 29.585. Training.
[INFO] Rocket. Step: 48940000. Time Elapsed: 49736.803 s. Mean Reward: -4.858. Std of Reward: 35.612. Training.
[INFO] Rocket. Step: 48960000. Time Elapsed: 49757.853 s. Mean Reward: 3.799. Std of Reward: 30.698. Training.
[INFO] Rocket. Step: 48980000. Time Elapsed: 49775.642 s. Mean Reward: 6.089. Std of Reward: 31.238. Training.
[INFO] Rocket. Step: 49000000. Time Elapsed: 49796.686 s. Mean Reward: -1.017. Std of Reward: 29.600. Training.
[INFO] Exported results\L11\Rocket\Rocket-48999482.onnx
[INFO] Rocket. Step: 49020000. Time Elapsed: 49812.848 s. Mean Reward: -0.093. Std of Reward: 32.132. Training.
[INFO] Rocket. Step: 49040000. Time Elapsed: 49834.837 s. Mean Reward: -2.105. Std of Reward: 33.751. Training.
[INFO] Rocket. Step: 49060000. Time Elapsed: 49851.572 s. Mean Reward: 10.970. Std of Reward: 22.436. Training.
[INFO] Rocket. Step: 49080000. Time Elapsed: 49874.895 s. Mean Reward: 9.403. Std of Reward: 25.959. Training.
[INFO] Rocket. Step: 49100000. Time Elapsed: 49890.731 s. Mean Reward: -2.687. Std of Reward: 30.984. Training.
[INFO] Rocket. Step: 49120000. Time Elapsed: 49914.051 s. Mean Reward: 12.497. Std of Reward: 22.640. Training.
[INFO] Rocket. Step: 49140000. Time Elapsed: 49930.830 s. Mean Reward: 7.575. Std of Reward: 29.751. Training.
[INFO] Rocket. Step: 49160000. Time Elapsed: 49952.578 s. Mean Reward: 6.854. Std of Reward: 28.329. Training.
[INFO] Rocket. Step: 49180000. Time Elapsed: 49968.719 s. Mean Reward: 4.921. Std of Reward: 30.452. Training.
[INFO] Rocket. Step: 49200000. Time Elapsed: 49990.963 s. Mean Reward: 2.053. Std of Reward: 31.286. Training.
[INFO] Rocket. Step: 49220000. Time Elapsed: 50006.970 s. Mean Reward: 5.901. Std of Reward: 27.990. Training.
[INFO] Rocket. Step: 49240000. Time Elapsed: 50031.124 s. Mean Reward: -2.053. Std of Reward: 27.224. Training.
[INFO] Rocket. Step: 49260000. Time Elapsed: 50046.273 s. Mean Reward: 1.635. Std of Reward: 31.490. Training.
[INFO] Rocket. Step: 49280000. Time Elapsed: 50068.728 s. Mean Reward: 6.410. Std of Reward: 26.796. Training.
[INFO] Rocket. Step: 49300000. Time Elapsed: 50085.078 s. Mean Reward: 3.450. Std of Reward: 30.198. Training.
[INFO] Rocket. Step: 49320000. Time Elapsed: 50108.561 s. Mean Reward: 8.151. Std of Reward: 29.597. Training.
[INFO] Rocket. Step: 49340000. Time Elapsed: 50124.059 s. Mean Reward: -3.913. Std of Reward: 31.904. Training.
[INFO] Rocket. Step: 49360000. Time Elapsed: 50145.724 s. Mean Reward: -1.843. Std of Reward: 31.262. Training.
[INFO] Rocket. Step: 49380000. Time Elapsed: 50161.291 s. Mean Reward: -1.525. Std of Reward: 32.817. Training.
[INFO] Rocket. Step: 49400000. Time Elapsed: 50185.491 s. Mean Reward: -1.064. Std of Reward: 29.967. Training.
[INFO] Rocket. Step: 49420000. Time Elapsed: 50200.903 s. Mean Reward: 0.018. Std of Reward: 31.334. Training.
[INFO] Rocket. Step: 49440000. Time Elapsed: 50224.475 s. Mean Reward: 2.371. Std of Reward: 31.208. Training.
[INFO] Rocket. Step: 49460000. Time Elapsed: 50240.788 s. Mean Reward: -0.487. Std of Reward: 30.217. Training.
[INFO] Rocket. Step: 49480000. Time Elapsed: 50263.103 s. Mean Reward: 0.489. Std of Reward: 32.671. Training.
[INFO] Rocket. Step: 49500000. Time Elapsed: 50278.861 s. Mean Reward: 5.480. Std of Reward: 30.995. Training.
[INFO] Exported results\L11\Rocket\Rocket-49499379.onnx
[INFO] Rocket. Step: 49520000. Time Elapsed: 50302.371 s. Mean Reward: 7.370. Std of Reward: 25.280. Training.
[INFO] Rocket. Step: 49540000. Time Elapsed: 50318.162 s. Mean Reward: 0.475. Std of Reward: 29.254. Training.
[INFO] Rocket. Step: 49560000. Time Elapsed: 50335.194 s. Mean Reward: 8.475. Std of Reward: 28.034. Training.
[INFO] Rocket. Step: 49580000. Time Elapsed: 50357.366 s. Mean Reward: 11.224. Std of Reward: 26.061. Training.
[INFO] Rocket. Step: 49600000. Time Elapsed: 50374.060 s. Mean Reward: 6.038. Std of Reward: 29.211. Training.
[INFO] Rocket. Step: 49620000. Time Elapsed: 50396.185 s. Mean Reward: -1.640. Std of Reward: 31.173. Training.
[INFO] Rocket. Step: 49640000. Time Elapsed: 50412.067 s. Mean Reward: 1.928. Std of Reward: 31.829. Training.
[INFO] Rocket. Step: 49660000. Time Elapsed: 50434.439 s. Mean Reward: 5.936. Std of Reward: 29.248. Training.
[INFO] Rocket. Step: 49680000. Time Elapsed: 50451.382 s. Mean Reward: 12.586. Std of Reward: 24.603. Training.
[INFO] Rocket. Step: 49700000. Time Elapsed: 50474.797 s. Mean Reward: 9.235. Std of Reward: 26.111. Training.
[INFO] Rocket. Step: 49720000. Time Elapsed: 50490.648 s. Mean Reward: 5.941. Std of Reward: 30.016. Training.
[INFO] Rocket. Step: 49740000. Time Elapsed: 50513.553 s. Mean Reward: 9.728. Std of Reward: 25.106. Training.
[INFO] Rocket. Step: 49760000. Time Elapsed: 50529.552 s. Mean Reward: 8.160. Std of Reward: 28.171. Training.
[INFO] Rocket. Step: 49780000. Time Elapsed: 50553.068 s. Mean Reward: 10.020. Std of Reward: 25.407. Training.
[INFO] Rocket. Step: 49800000. Time Elapsed: 50569.695 s. Mean Reward: 3.831. Std of Reward: 29.808. Training.
[INFO] Rocket. Step: 49820000. Time Elapsed: 50593.056 s. Mean Reward: -0.357. Std of Reward: 29.704. Training.
[INFO] Rocket. Step: 49840000. Time Elapsed: 50608.721 s. Mean Reward: 12.247. Std of Reward: 23.990. Training.
[INFO] Rocket. Step: 49860000. Time Elapsed: 50631.903 s. Mean Reward: 10.269. Std of Reward: 26.468. Training.
[INFO] Rocket. Step: 49880000. Time Elapsed: 50648.862 s. Mean Reward: 3.303. Std of Reward: 30.029. Training.
[INFO] Rocket. Step: 49900000. Time Elapsed: 50670.581 s. Mean Reward: 5.256. Std of Reward: 30.654. Training.
[INFO] Rocket. Step: 49920000. Time Elapsed: 50687.054 s. Mean Reward: 3.608. Std of Reward: 26.679. Training.
[INFO] Rocket. Step: 49940000. Time Elapsed: 50708.677 s. Mean Reward: 10.118. Std of Reward: 25.190. Training.
[INFO] Rocket. Step: 49960000. Time Elapsed: 50726.203 s. Mean Reward: 2.042. Std of Reward: 29.842. Training.
[INFO] Rocket. Step: 49980000. Time Elapsed: 50747.615 s. Mean Reward: 16.390. Std of Reward: 21.136. Training.
[INFO] Rocket. Step: 50000000. Time Elapsed: 50764.595 s. Mean Reward: 4.072. Std of Reward: 29.291. Training.
[INFO] Exported results\L11\Rocket\Rocket-49999975.onnx
[INFO] Rocket. Step: 50020000. Time Elapsed: 50787.082 s. Mean Reward: 0.522. Std of Reward: 30.296. Training.
[INFO] Rocket. Step: 50040000. Time Elapsed: 50804.090 s. Mean Reward: 7.263. Std of Reward: 26.596. Training.
[INFO] Rocket. Step: 50060000. Time Elapsed: 50826.976 s. Mean Reward: -1.387. Std of Reward: 33.231. Training.
[INFO] Rocket. Step: 50080000. Time Elapsed: 50842.296 s. Mean Reward: 8.213. Std of Reward: 27.868. Training.
[INFO] Rocket. Step: 50100000. Time Elapsed: 50867.460 s. Mean Reward: 6.670. Std of Reward: 27.738. Training.
[INFO] Rocket. Step: 50120000. Time Elapsed: 50882.528 s. Mean Reward: 8.771. Std of Reward: 24.370. Training.
[INFO] Rocket. Step: 50140000. Time Elapsed: 50906.146 s. Mean Reward: 5.810. Std of Reward: 26.926. Training.
[INFO] Rocket. Step: 50160000. Time Elapsed: 50922.334 s. Mean Reward: 0.672. Std of Reward: 29.750. Training.
[INFO] Rocket. Step: 50180000. Time Elapsed: 50938.560 s. Mean Reward: 11.374. Std of Reward: 22.757. Training.
[INFO] Rocket. Step: 50200000. Time Elapsed: 50960.709 s. Mean Reward: 11.583. Std of Reward: 23.248. Training.
[INFO] Rocket. Step: 50220000. Time Elapsed: 50976.941 s. Mean Reward: 8.266. Std of Reward: 27.188. Training.
[INFO] Rocket. Step: 50240000. Time Elapsed: 50999.022 s. Mean Reward: 1.570. Std of Reward: 30.247. Training.
[INFO] Rocket. Step: 50260000. Time Elapsed: 51016.107 s. Mean Reward: 8.573. Std of Reward: 26.059. Training.
[INFO] Rocket. Step: 50280000. Time Elapsed: 51038.311 s. Mean Reward: 11.364. Std of Reward: 25.276. Training.
[INFO] Rocket. Step: 50300000. Time Elapsed: 51054.491 s. Mean Reward: 6.885. Std of Reward: 31.702. Training.
[INFO] Rocket. Step: 50320000. Time Elapsed: 51077.574 s. Mean Reward: 1.229. Std of Reward: 31.137. Training.
[INFO] Rocket. Step: 50340000. Time Elapsed: 51093.487 s. Mean Reward: -3.143. Std of Reward: 33.719. Training.
[INFO] Rocket. Step: 50360000. Time Elapsed: 51115.870 s. Mean Reward: 12.011. Std of Reward: 25.479. Training.
[INFO] Rocket. Step: 50380000. Time Elapsed: 51133.411 s. Mean Reward: 6.509. Std of Reward: 28.725. Training.
[INFO] Rocket. Step: 50400000. Time Elapsed: 51155.495 s. Mean Reward: 7.030. Std of Reward: 28.749. Training.
[INFO] Rocket. Step: 50420000. Time Elapsed: 51171.298 s. Mean Reward: 14.876. Std of Reward: 21.532. Training.
[INFO] Rocket. Step: 50440000. Time Elapsed: 51193.502 s. Mean Reward: 10.869. Std of Reward: 23.751. Training.
[INFO] Rocket. Step: 50460000. Time Elapsed: 51210.230 s. Mean Reward: 5.785. Std of Reward: 29.917. Training.
[INFO] Rocket. Step: 50480000. Time Elapsed: 51232.871 s. Mean Reward: 5.218. Std of Reward: 30.105. Training.
[INFO] Rocket. Step: 50500000. Time Elapsed: 51249.631 s. Mean Reward: 7.712. Std of Reward: 25.697. Training.
[INFO] Exported results\L11\Rocket\Rocket-50499529.onnx
[INFO] Rocket. Step: 50520000. Time Elapsed: 51271.041 s. Mean Reward: 3.052. Std of Reward: 30.112. Training.
[INFO] Rocket. Step: 50540000. Time Elapsed: 51288.319 s. Mean Reward: 6.184. Std of Reward: 29.708. Training.
[INFO] Rocket. Step: 50560000. Time Elapsed: 51310.732 s. Mean Reward: 7.789. Std of Reward: 28.992. Training.
[INFO] Rocket. Step: 50580000. Time Elapsed: 51326.918 s. Mean Reward: 7.140. Std of Reward: 29.895. Training.
[INFO] Rocket. Step: 50600000. Time Elapsed: 51350.547 s. Mean Reward: 11.159. Std of Reward: 25.935. Training.
[INFO] Rocket. Step: 50620000. Time Elapsed: 51367.099 s. Mean Reward: 4.445. Std of Reward: 32.817. Training.
[INFO] Rocket. Step: 50640000. Time Elapsed: 51388.720 s. Mean Reward: 8.576. Std of Reward: 26.924. Training.
[INFO] Rocket. Step: 50660000. Time Elapsed: 51405.601 s. Mean Reward: 5.626. Std of Reward: 30.006. Training.
[INFO] Rocket. Step: 50680000. Time Elapsed: 51427.777 s. Mean Reward: 5.792. Std of Reward: 27.601. Training.
[INFO] Rocket. Step: 50700000. Time Elapsed: 51446.527 s. Mean Reward: 11.763. Std of Reward: 22.961. Training.
[INFO] Rocket. Step: 50720000. Time Elapsed: 51467.459 s. Mean Reward: 2.739. Std of Reward: 32.007. Training.
[INFO] Rocket. Step: 50740000. Time Elapsed: 51484.131 s. Mean Reward: 14.345. Std of Reward: 20.651. Training.
[INFO] Rocket. Step: 50760000. Time Elapsed: 51507.494 s. Mean Reward: 16.348. Std of Reward: 17.945. Training.
[INFO] Rocket. Step: 50780000. Time Elapsed: 51521.837 s. Mean Reward: 7.479. Std of Reward: 28.156. Training.
[INFO] Rocket. Step: 50800000. Time Elapsed: 51546.489 s. Mean Reward: 11.982. Std of Reward: 23.786. Training.
[INFO] Rocket. Step: 50820000. Time Elapsed: 51561.438 s. Mean Reward: 5.806. Std of Reward: 29.798. Training.
[INFO] Rocket. Step: 50840000. Time Elapsed: 51578.139 s. Mean Reward: 11.404. Std of Reward: 23.686. Training.
[INFO] Rocket. Step: 50860000. Time Elapsed: 51600.408 s. Mean Reward: 2.652. Std of Reward: 28.246. Training.
[INFO] Rocket. Step: 50880000. Time Elapsed: 51616.516 s. Mean Reward: -6.761. Std of Reward: 32.176. Training.
[INFO] Rocket. Step: 50900000. Time Elapsed: 51638.729 s. Mean Reward: -0.829. Std of Reward: 31.871. Training.
[INFO] Rocket. Step: 50920000. Time Elapsed: 51654.794 s. Mean Reward: 7.247. Std of Reward: 26.460. Training.
[INFO] Rocket. Step: 50940000. Time Elapsed: 51677.187 s. Mean Reward: 12.786. Std of Reward: 21.572. Training.
[INFO] Rocket. Step: 50960000. Time Elapsed: 51694.715 s. Mean Reward: 3.421. Std of Reward: 30.240. Training.
[INFO] Rocket. Step: 50980000. Time Elapsed: 51717.431 s. Mean Reward: 13.302. Std of Reward: 22.486. Training.
[INFO] Rocket. Step: 51000000. Time Elapsed: 51733.551 s. Mean Reward: 3.479. Std of Reward: 28.965. Training.
[INFO] Exported results\L11\Rocket\Rocket-50999645.onnx
[INFO] Rocket. Step: 51020000. Time Elapsed: 51755.739 s. Mean Reward: 9.349. Std of Reward: 27.116. Training.
[INFO] Rocket. Step: 51040000. Time Elapsed: 51770.813 s. Mean Reward: 14.778. Std of Reward: 23.944. Training.
[INFO] Rocket. Step: 51060000. Time Elapsed: 51794.143 s. Mean Reward: -3.856. Std of Reward: 33.759. Training.
[INFO] Rocket. Step: 51080000. Time Elapsed: 51810.713 s. Mean Reward: 8.509. Std of Reward: 26.279. Training.
[INFO] Rocket. Step: 51100000. Time Elapsed: 51832.604 s. Mean Reward: 1.540. Std of Reward: 33.170. Training.
[INFO] Rocket. Step: 51120000. Time Elapsed: 51848.937 s. Mean Reward: 2.203. Std of Reward: 30.468. Training.
[INFO] Rocket. Step: 51140000. Time Elapsed: 51871.746 s. Mean Reward: 9.391. Std of Reward: 25.645. Training.
[INFO] Rocket. Step: 51160000. Time Elapsed: 51886.878 s. Mean Reward: 7.748. Std of Reward: 28.501. Training.
[INFO] Rocket. Step: 51180000. Time Elapsed: 51909.698 s. Mean Reward: 13.708. Std of Reward: 24.903. Training.
[INFO] Rocket. Step: 51200000. Time Elapsed: 51926.082 s. Mean Reward: 5.923. Std of Reward: 31.064. Training.
[INFO] Rocket. Step: 51220000. Time Elapsed: 51948.855 s. Mean Reward: -9.358. Std of Reward: 34.443. Training.
[INFO] Rocket. Step: 51240000. Time Elapsed: 51965.675 s. Mean Reward: 19.332. Std of Reward: 20.827. Training.
[INFO] Rocket. Step: 51260000. Time Elapsed: 51987.718 s. Mean Reward: 7.982. Std of Reward: 32.833. Training.
[INFO] Rocket. Step: 51280000. Time Elapsed: 52003.815 s. Mean Reward: 14.362. Std of Reward: 23.969. Training.
[INFO] Rocket. Step: 51300000. Time Elapsed: 52027.016 s. Mean Reward: 3.318. Std of Reward: 33.824. Training.
[INFO] Rocket. Step: 51320000. Time Elapsed: 52042.575 s. Mean Reward: 12.825. Std of Reward: 24.759. Training.
[INFO] Rocket. Step: 51340000. Time Elapsed: 52066.839 s. Mean Reward: 17.227. Std of Reward: 21.174. Training.
[INFO] Rocket. Step: 51360000. Time Elapsed: 52081.560 s. Mean Reward: 12.217. Std of Reward: 24.894. Training.
[INFO] Rocket. Step: 51380000. Time Elapsed: 52105.526 s. Mean Reward: 14.023. Std of Reward: 24.668. Training.
[INFO] Rocket. Step: 51400000. Time Elapsed: 52120.281 s. Mean Reward: 4.115. Std of Reward: 30.097. Training.
[INFO] Rocket. Step: 51420000. Time Elapsed: 52143.628 s. Mean Reward: 0.191. Std of Reward: 31.288. Training.
[INFO] Rocket. Step: 51440000. Time Elapsed: 52160.872 s. Mean Reward: -3.352. Std of Reward: 31.829. Training.
[INFO] Rocket. Step: 51460000. Time Elapsed: 52183.657 s. Mean Reward: 8.930. Std of Reward: 32.061. Training.
[INFO] Rocket. Step: 51480000. Time Elapsed: 52197.424 s. Mean Reward: 2.627. Std of Reward: 33.076. Training.
[INFO] Rocket. Step: 51500000. Time Elapsed: 52214.588 s. Mean Reward: 11.471. Std of Reward: 30.408. Training.
[INFO] Exported results\L11\Rocket\Rocket-51499800.onnx
[INFO] Rocket. Step: 51520000. Time Elapsed: 52237.034 s. Mean Reward: 1.304. Std of Reward: 33.986. Training.
[INFO] Rocket. Step: 51540000. Time Elapsed: 52252.751 s. Mean Reward: 13.814. Std of Reward: 25.548. Training.
[INFO] Rocket. Step: 51560000. Time Elapsed: 52275.327 s. Mean Reward: 11.307. Std of Reward: 28.887. Training.
[INFO] Rocket. Step: 51580000. Time Elapsed: 52290.904 s. Mean Reward: 4.257. Std of Reward: 27.685. Training.
[INFO] Rocket. Step: 51600000. Time Elapsed: 52314.039 s. Mean Reward: -2.570. Std of Reward: 32.860. Training.
[INFO] Rocket. Step: 51620000. Time Elapsed: 52329.558 s. Mean Reward: 8.714. Std of Reward: 25.447. Training.
[INFO] Rocket. Step: 51640000. Time Elapsed: 52352.452 s. Mean Reward: 14.661. Std of Reward: 25.952. Training.
[INFO] Rocket. Step: 51660000. Time Elapsed: 52368.334 s. Mean Reward: 10.589. Std of Reward: 26.954. Training.
[INFO] Rocket. Step: 51680000. Time Elapsed: 52391.267 s. Mean Reward: 10.881. Std of Reward: 28.320. Training.
[INFO] Rocket. Step: 51700000. Time Elapsed: 52407.984 s. Mean Reward: 19.325. Std of Reward: 18.958. Training.
[INFO] Rocket. Step: 51720000. Time Elapsed: 52429.528 s. Mean Reward: 8.264. Std of Reward: 28.551. Training.
[INFO] Rocket. Step: 51740000. Time Elapsed: 52446.196 s. Mean Reward: 10.811. Std of Reward: 24.050. Training.
[INFO] Rocket. Step: 51760000. Time Elapsed: 52469.394 s. Mean Reward: 8.144. Std of Reward: 28.960. Training.
[INFO] Rocket. Step: 51780000. Time Elapsed: 52485.861 s. Mean Reward: 16.376. Std of Reward: 20.248. Training.
[INFO] Rocket. Step: 51800000. Time Elapsed: 52507.755 s. Mean Reward: 4.309. Std of Reward: 27.993. Training.
[INFO] Rocket. Step: 51820000. Time Elapsed: 52524.763 s. Mean Reward: 5.997. Std of Reward: 28.761. Training.
[INFO] Rocket. Step: 51840000. Time Elapsed: 52548.188 s. Mean Reward: -5.953. Std of Reward: 32.946. Training.
[INFO] Rocket. Step: 51860000. Time Elapsed: 52564.132 s. Mean Reward: 10.302. Std of Reward: 24.022. Training.
[INFO] Rocket. Step: 51880000. Time Elapsed: 52586.553 s. Mean Reward: 12.662. Std of Reward: 21.274. Training.
[INFO] Rocket. Step: 51900000. Time Elapsed: 52602.819 s. Mean Reward: 6.147. Std of Reward: 26.035. Training.
[INFO] Rocket. Step: 51920000. Time Elapsed: 52625.039 s. Mean Reward: 9.931. Std of Reward: 23.004. Training.
[INFO] Rocket. Step: 51940000. Time Elapsed: 52641.335 s. Mean Reward: 11.162. Std of Reward: 24.220. Training.
[INFO] Rocket. Step: 51960000. Time Elapsed: 52663.795 s. Mean Reward: 5.711. Std of Reward: 28.862. Training.
[INFO] Rocket. Step: 51980000. Time Elapsed: 52678.887 s. Mean Reward: -4.151. Std of Reward: 32.273. Training.
[INFO] Rocket. Step: 52000000. Time Elapsed: 52702.801 s. Mean Reward: -4.645. Std of Reward: 33.044. Training.
[INFO] Exported results\L11\Rocket\Rocket-51999747.onnx
[INFO] Rocket. Step: 52020000. Time Elapsed: 52720.087 s. Mean Reward: 1.797. Std of Reward: 34.132. Training.
[INFO] Rocket. Step: 52040000. Time Elapsed: 52741.833 s. Mean Reward: 1.413. Std of Reward: 33.046. Training.
[INFO] Rocket. Step: 52060000. Time Elapsed: 52757.810 s. Mean Reward: 6.870. Std of Reward: 30.157. Training.
[INFO] Rocket. Step: 52080000. Time Elapsed: 52781.204 s. Mean Reward: 6.117. Std of Reward: 27.583. Training.
[INFO] Rocket. Step: 52100000. Time Elapsed: 52796.576 s. Mean Reward: 12.322. Std of Reward: 21.792. Training.
[INFO] Rocket. Step: 52120000. Time Elapsed: 52820.665 s. Mean Reward: 6.597. Std of Reward: 30.246. Training.
[INFO] Rocket. Step: 52140000. Time Elapsed: 52836.121 s. Mean Reward: 9.720. Std of Reward: 29.878. Training.
[INFO] Rocket. Step: 52160000. Time Elapsed: 52852.463 s. Mean Reward: 4.043. Std of Reward: 30.047. Training.
[INFO] Rocket. Step: 52180000. Time Elapsed: 52874.167 s. Mean Reward: 12.226. Std of Reward: 26.919. Training.
[INFO] Rocket. Step: 52200000. Time Elapsed: 52889.560 s. Mean Reward: 10.830. Std of Reward: 24.404. Training.
[INFO] Rocket. Step: 52220000. Time Elapsed: 52913.071 s. Mean Reward: 4.512. Std of Reward: 30.822. Training.
[INFO] Rocket. Step: 52240000. Time Elapsed: 52929.174 s. Mean Reward: -2.222. Std of Reward: 32.343. Training.
[INFO] Rocket. Step: 52260000. Time Elapsed: 52952.398 s. Mean Reward: 11.211. Std of Reward: 29.425. Training.
[INFO] Rocket. Step: 52280000. Time Elapsed: 52966.107 s. Mean Reward: 1.657. Std of Reward: 29.968. Training.
[INFO] Rocket. Step: 52300000. Time Elapsed: 52991.139 s. Mean Reward: 13.134. Std of Reward: 26.767. Training.
[INFO] Rocket. Step: 52320000. Time Elapsed: 53006.602 s. Mean Reward: 3.988. Std of Reward: 28.382. Training.
[INFO] Rocket. Step: 52340000. Time Elapsed: 53029.336 s. Mean Reward: 16.186. Std of Reward: 18.740. Training.
[INFO] Rocket. Step: 52360000. Time Elapsed: 53046.081 s. Mean Reward: 3.209. Std of Reward: 29.242. Training.
[INFO] Rocket. Step: 52380000. Time Elapsed: 53068.379 s. Mean Reward: 1.129. Std of Reward: 31.995. Training.
[INFO] Rocket. Step: 52400000. Time Elapsed: 53085.469 s. Mean Reward: 3.075. Std of Reward: 30.428. Training.
[INFO] Rocket. Step: 52420000. Time Elapsed: 53107.072 s. Mean Reward: 8.602. Std of Reward: 26.421. Training.
[INFO] Rocket. Step: 52440000. Time Elapsed: 53123.255 s. Mean Reward: 0.038. Std of Reward: 31.140. Training.
[INFO] Rocket. Step: 52460000. Time Elapsed: 53147.044 s. Mean Reward: 10.496. Std of Reward: 26.265. Training.
[INFO] Rocket. Step: 52480000. Time Elapsed: 53164.476 s. Mean Reward: 14.955. Std of Reward: 20.140. Training.
[INFO] Rocket. Step: 52500000. Time Elapsed: 53186.985 s. Mean Reward: 5.897. Std of Reward: 29.016. Training.
[INFO] Exported results\L11\Rocket\Rocket-52499816.onnx
[INFO] Rocket. Step: 52520000. Time Elapsed: 53203.354 s. Mean Reward: -0.741. Std of Reward: 29.760. Training.
[INFO] Rocket. Step: 52540000. Time Elapsed: 53224.335 s. Mean Reward: 9.504. Std of Reward: 25.696. Training.
[INFO] Rocket. Step: 52560000. Time Elapsed: 53239.439 s. Mean Reward: 7.713. Std of Reward: 27.106. Training.
[INFO] Rocket. Step: 52580000. Time Elapsed: 53263.477 s. Mean Reward: 12.174. Std of Reward: 23.989. Training.
[INFO] Rocket. Step: 52600000. Time Elapsed: 53279.953 s. Mean Reward: 17.483. Std of Reward: 20.520. Training.
[INFO] Rocket. Step: 52620000. Time Elapsed: 53302.696 s. Mean Reward: 6.463. Std of Reward: 28.557. Training.
[INFO] Rocket. Step: 52640000. Time Elapsed: 53318.595 s. Mean Reward: 2.709. Std of Reward: 30.900. Training.
[INFO] Rocket. Step: 52660000. Time Elapsed: 53341.168 s. Mean Reward: 8.404. Std of Reward: 27.465. Training.
[INFO] Rocket. Step: 52680000. Time Elapsed: 53358.216 s. Mean Reward: 5.532. Std of Reward: 32.380. Training.
[INFO] Rocket. Step: 52700000. Time Elapsed: 53380.080 s. Mean Reward: 6.868. Std of Reward: 29.036. Training.
[INFO] Rocket. Step: 52720000. Time Elapsed: 53396.756 s. Mean Reward: 7.997. Std of Reward: 30.165. Training.
[INFO] Rocket. Step: 52740000. Time Elapsed: 53419.442 s. Mean Reward: 10.645. Std of Reward: 27.335. Training.
[INFO] Rocket. Step: 52760000. Time Elapsed: 53434.943 s. Mean Reward: 20.876. Std of Reward: 15.313. Training.
[INFO] Rocket. Step: 52780000. Time Elapsed: 53459.570 s. Mean Reward: 10.440. Std of Reward: 28.391. Training.
[INFO] Rocket. Step: 52800000. Time Elapsed: 53474.899 s. Mean Reward: 16.453. Std of Reward: 23.129. Training.
[INFO] Rocket. Step: 52820000. Time Elapsed: 53498.304 s. Mean Reward: 5.813. Std of Reward: 30.190. Training.
[INFO] Rocket. Step: 52840000. Time Elapsed: 53511.956 s. Mean Reward: 15.073. Std of Reward: 24.248. Training.
[INFO] Rocket. Step: 52860000. Time Elapsed: 53529.314 s. Mean Reward: 0.914. Std of Reward: 34.056. Training.
[INFO] Rocket. Step: 52880000. Time Elapsed: 53551.569 s. Mean Reward: 9.473. Std of Reward: 30.510. Training.
[INFO] Rocket. Step: 52900000. Time Elapsed: 53566.933 s. Mean Reward: 9.524. Std of Reward: 27.915. Training.
[INFO] Rocket. Step: 52920000. Time Elapsed: 53590.498 s. Mean Reward: 11.879. Std of Reward: 29.375. Training.
[INFO] Rocket. Step: 52940000. Time Elapsed: 53606.473 s. Mean Reward: 12.610. Std of Reward: 25.962. Training.
[INFO] Rocket. Step: 52960000. Time Elapsed: 53628.421 s. Mean Reward: 14.657. Std of Reward: 25.163. Training.
[INFO] Rocket. Step: 52980000. Time Elapsed: 53645.661 s. Mean Reward: 0.637. Std of Reward: 32.137. Training.
[INFO] Rocket. Step: 53000000. Time Elapsed: 53668.038 s. Mean Reward: 8.231. Std of Reward: 30.491. Training.
[INFO] Exported results\L11\Rocket\Rocket-52999330.onnx
[INFO] Rocket. Step: 53020000. Time Elapsed: 53684.317 s. Mean Reward: 4.341. Std of Reward: 32.048. Training.
[INFO] Rocket. Step: 53040000. Time Elapsed: 53707.829 s. Mean Reward: 10.753. Std of Reward: 30.299. Training.
[INFO] Rocket. Step: 53060000. Time Elapsed: 53722.686 s. Mean Reward: 5.576. Std of Reward: 31.461. Training.
[INFO] Rocket. Step: 53080000. Time Elapsed: 53746.114 s. Mean Reward: 6.374. Std of Reward: 30.615. Training.
[INFO] Rocket. Step: 53100000. Time Elapsed: 53762.412 s. Mean Reward: 11.532. Std of Reward: 28.237. Training.
[INFO] Rocket. Step: 53120000. Time Elapsed: 53783.367 s. Mean Reward: 10.253. Std of Reward: 28.645. Training.
[INFO] Rocket. Step: 53140000. Time Elapsed: 53798.571 s. Mean Reward: 2.431. Std of Reward: 31.418. Training.
[INFO] Rocket. Step: 53160000. Time Elapsed: 53821.993 s. Mean Reward: 13.477. Std of Reward: 25.858. Training.
[INFO] Rocket. Step: 53180000. Time Elapsed: 53837.285 s. Mean Reward: 3.337. Std of Reward: 31.845. Training.
[INFO] Rocket. Step: 53200000. Time Elapsed: 53861.204 s. Mean Reward: 1.995. Std of Reward: 32.982. Training.
[INFO] Rocket. Step: 53220000. Time Elapsed: 53878.304 s. Mean Reward: 10.473. Std of Reward: 26.755. Training.
[INFO] Rocket. Step: 53240000. Time Elapsed: 53902.697 s. Mean Reward: 13.147. Std of Reward: 25.300. Training.
[INFO] Rocket. Step: 53260000. Time Elapsed: 53917.866 s. Mean Reward: 14.235. Std of Reward: 26.859. Training.
[INFO] Rocket. Step: 53280000. Time Elapsed: 53941.674 s. Mean Reward: 1.018. Std of Reward: 36.469. Training.
[INFO] Rocket. Step: 53300000. Time Elapsed: 53958.197 s. Mean Reward: 2.944. Std of Reward: 31.321. Training.
[INFO] Rocket. Step: 53320000. Time Elapsed: 53980.078 s. Mean Reward: 2.137. Std of Reward: 32.415. Training.
[INFO] Rocket. Step: 53340000. Time Elapsed: 53997.120 s. Mean Reward: 13.315. Std of Reward: 26.039. Training.
[INFO] Rocket. Step: 53360000. Time Elapsed: 54018.789 s. Mean Reward: 16.941. Std of Reward: 23.134. Training.
[INFO] Rocket. Step: 53380000. Time Elapsed: 54034.773 s. Mean Reward: 15.800. Std of Reward: 20.096. Training.
[INFO] Rocket. Step: 53400000. Time Elapsed: 54058.742 s. Mean Reward: 0.782. Std of Reward: 29.648. Training.
[INFO] Rocket. Step: 53420000. Time Elapsed: 54074.121 s. Mean Reward: -1.736. Std of Reward: 33.657. Training.
[INFO] Rocket. Step: 53440000. Time Elapsed: 54097.581 s. Mean Reward: 10.487. Std of Reward: 26.045. Training.
[INFO] Rocket. Step: 53460000. Time Elapsed: 54113.090 s. Mean Reward: 5.518. Std of Reward: 30.311. Training.
[INFO] Rocket. Step: 53480000. Time Elapsed: 54128.435 s. Mean Reward: 2.572. Std of Reward: 31.982. Training.
[INFO] Rocket. Step: 53500000. Time Elapsed: 54150.894 s. Mean Reward: 9.720. Std of Reward: 26.021. Training.
[INFO] Exported results\L11\Rocket\Rocket-53499751.onnx
[INFO] Rocket. Step: 53520000. Time Elapsed: 54166.857 s. Mean Reward: 8.585. Std of Reward: 29.513. Training.
[INFO] Rocket. Step: 53540000. Time Elapsed: 54189.690 s. Mean Reward: 1.906. Std of Reward: 31.003. Training.
[INFO] Rocket. Step: 53560000. Time Elapsed: 54205.411 s. Mean Reward: 6.954. Std of Reward: 28.245. Training.
[INFO] Rocket. Step: 53580000. Time Elapsed: 54227.982 s. Mean Reward: 7.892. Std of Reward: 26.246. Training.
[INFO] Rocket. Step: 53600000. Time Elapsed: 54244.280 s. Mean Reward: 4.252. Std of Reward: 29.596. Training.
[INFO] Rocket. Step: 53620000. Time Elapsed: 54267.575 s. Mean Reward: 4.764. Std of Reward: 31.744. Training.
[INFO] Rocket. Step: 53640000. Time Elapsed: 54283.005 s. Mean Reward: 9.454. Std of Reward: 26.795. Training.
[INFO] Rocket. Step: 53660000. Time Elapsed: 54304.865 s. Mean Reward: 3.114. Std of Reward: 30.946. Training.
[INFO] Rocket. Step: 53680000. Time Elapsed: 54321.301 s. Mean Reward: -4.430. Std of Reward: 34.693. Training.
[INFO] Rocket. Step: 53700000. Time Elapsed: 54344.617 s. Mean Reward: 6.791. Std of Reward: 28.181. Training.
[INFO] Rocket. Step: 53720000. Time Elapsed: 54360.596 s. Mean Reward: 8.379. Std of Reward: 26.826. Training.
[INFO] Rocket. Step: 53740000. Time Elapsed: 54384.477 s. Mean Reward: 10.984. Std of Reward: 27.120. Training.
[INFO] Rocket. Step: 53760000. Time Elapsed: 54399.505 s. Mean Reward: 12.292. Std of Reward: 21.817. Training.
[INFO] Rocket. Step: 53780000. Time Elapsed: 54421.462 s. Mean Reward: 0.176. Std of Reward: 28.153. Training.
[INFO] Rocket. Step: 53800000. Time Elapsed: 54437.102 s. Mean Reward: 2.081. Std of Reward: 31.985. Training.
[INFO] Rocket. Step: 53820000. Time Elapsed: 54459.406 s. Mean Reward: 8.046. Std of Reward: 31.298. Training.
[INFO] Rocket. Step: 53840000. Time Elapsed: 54475.027 s. Mean Reward: 0.880. Std of Reward: 33.183. Training.
[INFO] Rocket. Step: 53860000. Time Elapsed: 54499.343 s. Mean Reward: -0.283. Std of Reward: 31.121. Training.
[INFO] Rocket. Step: 53880000. Time Elapsed: 54513.664 s. Mean Reward: -0.476. Std of Reward: 32.512. Training.
[INFO] Rocket. Step: 53900000. Time Elapsed: 54536.893 s. Mean Reward: 10.491. Std of Reward: 23.993. Training.
[INFO] Rocket. Step: 53920000. Time Elapsed: 54551.872 s. Mean Reward: 8.551. Std of Reward: 30.220. Training.
[INFO] Rocket. Step: 53940000. Time Elapsed: 54574.600 s. Mean Reward: 13.982. Std of Reward: 25.748. Training.
[INFO] Rocket. Step: 53960000. Time Elapsed: 54593.426 s. Mean Reward: 13.062. Std of Reward: 24.073. Training.
[INFO] Rocket. Step: 53980000. Time Elapsed: 54614.617 s. Mean Reward: -2.681. Std of Reward: 34.718. Training.
[INFO] Rocket. Step: 54000000. Time Elapsed: 54630.941 s. Mean Reward: 12.959. Std of Reward: 25.002. Training.
[INFO] Exported results\L11\Rocket\Rocket-53999714.onnx
[INFO] Rocket. Step: 54020000. Time Elapsed: 54654.115 s. Mean Reward: 6.061. Std of Reward: 28.355. Training.
[INFO] Rocket. Step: 54040000. Time Elapsed: 54669.444 s. Mean Reward: 14.078. Std of Reward: 23.969. Training.
[INFO] Rocket. Step: 54060000. Time Elapsed: 54692.395 s. Mean Reward: 9.800. Std of Reward: 26.349. Training.
[INFO] Rocket. Step: 54080000. Time Elapsed: 54708.676 s. Mean Reward: 5.031. Std of Reward: 29.887. Training.
[INFO] Rocket. Step: 54100000. Time Elapsed: 54724.943 s. Mean Reward: 15.899. Std of Reward: 23.419. Training.
[INFO] Rocket. Step: 54120000. Time Elapsed: 54745.869 s. Mean Reward: 10.577. Std of Reward: 28.134. Training.
[INFO] Rocket. Step: 54140000. Time Elapsed: 54762.560 s. Mean Reward: 7.793. Std of Reward: 28.895. Training.
[INFO] Rocket. Step: 54160000. Time Elapsed: 54784.877 s. Mean Reward: 4.248. Std of Reward: 31.072. Training.
[INFO] Rocket. Step: 54180000. Time Elapsed: 54800.010 s. Mean Reward: 4.895. Std of Reward: 30.691. Training.
[INFO] Rocket. Step: 54200000. Time Elapsed: 54823.194 s. Mean Reward: 6.632. Std of Reward: 30.014. Training.
[INFO] Rocket. Step: 54220000. Time Elapsed: 54839.332 s. Mean Reward: 7.261. Std of Reward: 28.517. Training.
[INFO] Rocket. Step: 54240000. Time Elapsed: 54860.826 s. Mean Reward: -2.641. Std of Reward: 33.341. Training.
[INFO] Rocket. Step: 54260000. Time Elapsed: 54877.501 s. Mean Reward: 6.226. Std of Reward: 29.466. Training.
[INFO] Rocket. Step: 54280000. Time Elapsed: 54900.609 s. Mean Reward: 8.659. Std of Reward: 26.837. Training.
[INFO] Rocket. Step: 54300000. Time Elapsed: 54916.291 s. Mean Reward: 5.590. Std of Reward: 27.518. Training.
[INFO] Rocket. Step: 54320000. Time Elapsed: 54938.239 s. Mean Reward: 1.016. Std of Reward: 32.388. Training.
[INFO] Rocket. Step: 54340000. Time Elapsed: 54953.736 s. Mean Reward: 14.869. Std of Reward: 21.106. Training.
[INFO] Rocket. Step: 54360000. Time Elapsed: 54977.164 s. Mean Reward: 13.401. Std of Reward: 26.008. Training.
[INFO] Rocket. Step: 54380000. Time Elapsed: 54994.825 s. Mean Reward: 9.565. Std of Reward: 27.056. Training.
[INFO] Rocket. Step: 54400000. Time Elapsed: 55016.052 s. Mean Reward: 14.379. Std of Reward: 23.555. Training.
[INFO] Rocket. Step: 54420000. Time Elapsed: 55031.803 s. Mean Reward: 5.043. Std of Reward: 28.290. Training.
[INFO] Rocket. Step: 54440000. Time Elapsed: 55054.106 s. Mean Reward: 6.208. Std of Reward: 29.625. Training.
[INFO] Rocket. Step: 54460000. Time Elapsed: 55071.088 s. Mean Reward: 6.469. Std of Reward: 30.536. Training.
[INFO] Rocket. Step: 54480000. Time Elapsed: 55092.614 s. Mean Reward: 10.810. Std of Reward: 25.165. Training.
[INFO] Rocket. Step: 54500000. Time Elapsed: 55108.939 s. Mean Reward: 9.139. Std of Reward: 27.958. Training.
[INFO] Exported results\L11\Rocket\Rocket-54499582.onnx
[INFO] Rocket. Step: 54520000. Time Elapsed: 55131.109 s. Mean Reward: 2.931. Std of Reward: 30.338. Training.
[INFO] Rocket. Step: 54540000. Time Elapsed: 55146.336 s. Mean Reward: 2.234. Std of Reward: 29.313. Training.
[INFO] Rocket. Step: 54560000. Time Elapsed: 55169.911 s. Mean Reward: 3.803. Std of Reward: 31.907. Training.
[INFO] Rocket. Step: 54580000. Time Elapsed: 55186.670 s. Mean Reward: -1.206. Std of Reward: 31.960. Training.
[INFO] Rocket. Step: 54600000. Time Elapsed: 55208.689 s. Mean Reward: 7.107. Std of Reward: 27.574. Training.
[INFO] Rocket. Step: 54620000. Time Elapsed: 55224.887 s. Mean Reward: 16.595. Std of Reward: 20.866. Training.
[INFO] Rocket. Step: 54640000. Time Elapsed: 55247.956 s. Mean Reward: 5.736. Std of Reward: 32.282. Training.
[INFO] Rocket. Step: 54660000. Time Elapsed: 55264.338 s. Mean Reward: 13.933. Std of Reward: 18.773. Training.
[INFO] Rocket. Step: 54680000. Time Elapsed: 55285.647 s. Mean Reward: 6.711. Std of Reward: 27.650. Training.
[INFO] Rocket. Step: 54700000. Time Elapsed: 55301.475 s. Mean Reward: 10.186. Std of Reward: 23.751. Training.
[INFO] Rocket. Step: 54720000. Time Elapsed: 55325.683 s. Mean Reward: 10.638. Std of Reward: 27.293. Training.
[INFO] Rocket. Step: 54740000. Time Elapsed: 55341.515 s. Mean Reward: 2.970. Std of Reward: 32.097. Training.
[INFO] Rocket. Step: 54760000. Time Elapsed: 55356.723 s. Mean Reward: 10.265. Std of Reward: 23.845. Training.
[INFO] Rocket. Step: 54780000. Time Elapsed: 55379.500 s. Mean Reward: 7.450. Std of Reward: 28.531. Training.
[INFO] Rocket. Step: 54800000. Time Elapsed: 55394.875 s. Mean Reward: 3.152. Std of Reward: 32.901. Training.
[INFO] Rocket. Step: 54820000. Time Elapsed: 55417.448 s. Mean Reward: 2.610. Std of Reward: 29.816. Training.
[INFO] Rocket. Step: 54840000. Time Elapsed: 55432.816 s. Mean Reward: 6.774. Std of Reward: 27.362. Training.
[INFO] Rocket. Step: 54860000. Time Elapsed: 55455.787 s. Mean Reward: 5.633. Std of Reward: 27.829. Training.
[INFO] Rocket. Step: 54880000. Time Elapsed: 55472.656 s. Mean Reward: 2.852. Std of Reward: 30.659. Training.
[INFO] Rocket. Step: 54900000. Time Elapsed: 55494.001 s. Mean Reward: 0.469. Std of Reward: 34.423. Training.
[INFO] Rocket. Step: 54920000. Time Elapsed: 55510.969 s. Mean Reward: 12.324. Std of Reward: 24.452. Training.
[INFO] Rocket. Step: 54940000. Time Elapsed: 55532.525 s. Mean Reward: 1.003. Std of Reward: 31.470. Training.
[INFO] Rocket. Step: 54960000. Time Elapsed: 55550.386 s. Mean Reward: 4.212. Std of Reward: 30.772. Training.
[INFO] Rocket. Step: 54980000. Time Elapsed: 55571.077 s. Mean Reward: 2.038. Std of Reward: 33.048. Training.
[INFO] Rocket. Step: 55000000. Time Elapsed: 55587.529 s. Mean Reward: 5.218. Std of Reward: 31.179. Training.
[INFO] Exported results\L11\Rocket\Rocket-54999801.onnx
[INFO] Rocket. Step: 55020000. Time Elapsed: 55608.967 s. Mean Reward: 9.093. Std of Reward: 29.271. Training.
[INFO] Rocket. Step: 55040000. Time Elapsed: 55625.905 s. Mean Reward: 4.834. Std of Reward: 29.783. Training.
[INFO] Rocket. Step: 55060000. Time Elapsed: 55647.992 s. Mean Reward: 17.447. Std of Reward: 15.754. Training.
[INFO] Rocket. Step: 55080000. Time Elapsed: 55664.902 s. Mean Reward: 4.113. Std of Reward: 30.155. Training.
[INFO] Rocket. Step: 55100000. Time Elapsed: 55686.035 s. Mean Reward: 2.049. Std of Reward: 31.691. Training.
[INFO] Rocket. Step: 55120000. Time Elapsed: 55702.927 s. Mean Reward: 5.021. Std of Reward: 30.093. Training.
[INFO] Rocket. Step: 55140000. Time Elapsed: 55724.845 s. Mean Reward: 5.528. Std of Reward: 29.867. Training.
[INFO] Rocket. Step: 55160000. Time Elapsed: 55742.055 s. Mean Reward: 8.551. Std of Reward: 28.534. Training.
[INFO] Rocket. Step: 55180000. Time Elapsed: 55763.714 s. Mean Reward: 7.237. Std of Reward: 26.458. Training.
[INFO] Rocket. Step: 55200000. Time Elapsed: 55779.799 s. Mean Reward: -1.005. Std of Reward: 33.089. Training.
[INFO] Rocket. Step: 55220000. Time Elapsed: 55801.951 s. Mean Reward: -0.258. Std of Reward: 33.525. Training.
[INFO] Rocket. Step: 55240000. Time Elapsed: 55818.477 s. Mean Reward: 4.790. Std of Reward: 29.294. Training.
[INFO] Rocket. Step: 55260000. Time Elapsed: 55842.541 s. Mean Reward: 8.575. Std of Reward: 26.370. Training.
[INFO] Rocket. Step: 55280000. Time Elapsed: 55856.937 s. Mean Reward: 6.204. Std of Reward: 29.460. Training.
[INFO] Rocket. Step: 55300000. Time Elapsed: 55880.060 s. Mean Reward: 7.461. Std of Reward: 30.304. Training.
[INFO] Rocket. Step: 55320000. Time Elapsed: 55895.536 s. Mean Reward: 13.397. Std of Reward: 23.799. Training.
[INFO] Rocket. Step: 55340000. Time Elapsed: 55918.789 s. Mean Reward: 15.964. Std of Reward: 23.345. Training.
[INFO] Rocket. Step: 55360000. Time Elapsed: 55934.374 s. Mean Reward: 15.189. Std of Reward: 23.629. Training.
[INFO] Rocket. Step: 55380000. Time Elapsed: 55958.227 s. Mean Reward: 12.265. Std of Reward: 24.992. Training.
[INFO] Rocket. Step: 55400000. Time Elapsed: 55972.958 s. Mean Reward: 6.147. Std of Reward: 28.304. Training.
[INFO] Rocket. Step: 55420000. Time Elapsed: 55988.846 s. Mean Reward: 6.393. Std of Reward: 31.126. Training.
[INFO] Rocket. Step: 55440000. Time Elapsed: 56011.698 s. Mean Reward: 10.272. Std of Reward: 26.244. Training.
[INFO] Rocket. Step: 55460000. Time Elapsed: 56027.081 s. Mean Reward: 8.924. Std of Reward: 28.064. Training.
[INFO] Rocket. Step: 55480000. Time Elapsed: 56049.255 s. Mean Reward: 7.526. Std of Reward: 27.565. Training.
[INFO] Rocket. Step: 55500000. Time Elapsed: 56065.199 s. Mean Reward: 7.924. Std of Reward: 29.381. Training.
[INFO] Exported results\L11\Rocket\Rocket-55499563.onnx
[INFO] Rocket. Step: 55520000. Time Elapsed: 56088.665 s. Mean Reward: 10.157. Std of Reward: 27.229. Training.
[INFO] Rocket. Step: 55540000. Time Elapsed: 56104.285 s. Mean Reward: 11.355. Std of Reward: 27.529. Training.
[INFO] Rocket. Step: 55560000. Time Elapsed: 56126.900 s. Mean Reward: 7.298. Std of Reward: 30.650. Training.
[INFO] Rocket. Step: 55580000. Time Elapsed: 56143.389 s. Mean Reward: 6.622. Std of Reward: 28.596. Training.
[INFO] Rocket. Step: 55600000. Time Elapsed: 56165.651 s. Mean Reward: 3.881. Std of Reward: 32.828. Training.
[INFO] Rocket. Step: 55620000. Time Elapsed: 56182.577 s. Mean Reward: 3.431. Std of Reward: 29.708. Training.
[INFO] Rocket. Step: 55640000. Time Elapsed: 56204.132 s. Mean Reward: 14.285. Std of Reward: 23.768. Training.
[INFO] Rocket. Step: 55660000. Time Elapsed: 56219.128 s. Mean Reward: 9.744. Std of Reward: 26.300. Training.
[INFO] Rocket. Step: 55680000. Time Elapsed: 56241.870 s. Mean Reward: 8.021. Std of Reward: 29.669. Training.
[INFO] Rocket. Step: 55700000. Time Elapsed: 56259.107 s. Mean Reward: -0.791. Std of Reward: 34.307. Training.
[INFO] Rocket. Step: 55720000. Time Elapsed: 56281.061 s. Mean Reward: 7.745. Std of Reward: 30.722. Training.
[INFO] Rocket. Step: 55740000. Time Elapsed: 56296.628 s. Mean Reward: 8.371. Std of Reward: 27.891. Training.
[INFO] Rocket. Step: 55760000. Time Elapsed: 56320.335 s. Mean Reward: 5.265. Std of Reward: 31.781. Training.
[INFO] Rocket. Step: 55780000. Time Elapsed: 56335.350 s. Mean Reward: 15.416. Std of Reward: 24.788. Training.
[INFO] Rocket. Step: 55800000. Time Elapsed: 56358.150 s. Mean Reward: 12.564. Std of Reward: 23.416. Training.
[INFO] Rocket. Step: 55820000. Time Elapsed: 56373.958 s. Mean Reward: 14.507. Std of Reward: 26.391. Training.
[INFO] Rocket. Step: 55840000. Time Elapsed: 56396.125 s. Mean Reward: 10.524. Std of Reward: 25.287. Training.
[INFO] Rocket. Step: 55860000. Time Elapsed: 56412.599 s. Mean Reward: 12.106. Std of Reward: 24.989. Training.
[INFO] Rocket. Step: 55880000. Time Elapsed: 56434.895 s. Mean Reward: 9.078. Std of Reward: 27.713. Training.
[INFO] Rocket. Step: 55900000. Time Elapsed: 56451.658 s. Mean Reward: 2.754. Std of Reward: 33.699. Training.
[INFO] Rocket. Step: 55920000. Time Elapsed: 56474.287 s. Mean Reward: 1.998. Std of Reward: 33.612. Training.
[INFO] Rocket. Step: 55940000. Time Elapsed: 56490.441 s. Mean Reward: 6.446. Std of Reward: 30.024. Training.
[INFO] Rocket. Step: 55960000. Time Elapsed: 56513.346 s. Mean Reward: 9.634. Std of Reward: 28.978. Training.
[INFO] Rocket. Step: 55980000. Time Elapsed: 56528.303 s. Mean Reward: -6.811. Std of Reward: 33.702. Training.
[INFO] Rocket. Step: 56000000. Time Elapsed: 56550.959 s. Mean Reward: 8.617. Std of Reward: 29.021. Training.
[INFO] Exported results\L11\Rocket\Rocket-55999452.onnx
[INFO] Rocket. Step: 56020000. Time Elapsed: 56568.141 s. Mean Reward: -1.345. Std of Reward: 33.095. Training.
[INFO] Rocket. Step: 56040000. Time Elapsed: 56591.516 s. Mean Reward: 8.601. Std of Reward: 25.963. Training.
[INFO] Rocket. Step: 56060000. Time Elapsed: 56605.330 s. Mean Reward: 12.772. Std of Reward: 22.441. Training.
[INFO] Rocket. Step: 56080000. Time Elapsed: 56621.515 s. Mean Reward: 7.582. Std of Reward: 27.608. Training.
[INFO] Rocket. Step: 56100000. Time Elapsed: 56643.610 s. Mean Reward: 2.862. Std of Reward: 28.703. Training.
[INFO] Rocket. Step: 56120000. Time Elapsed: 56660.558 s. Mean Reward: 9.273. Std of Reward: 24.217. Training.
[INFO] Rocket. Step: 56140000. Time Elapsed: 56684.027 s. Mean Reward: 2.913. Std of Reward: 30.996. Training.
[INFO] Rocket. Step: 56160000. Time Elapsed: 56699.043 s. Mean Reward: 1.711. Std of Reward: 30.706. Training.
[INFO] Rocket. Step: 56180000. Time Elapsed: 56720.398 s. Mean Reward: -2.662. Std of Reward: 32.157. Training.
[INFO] Rocket. Step: 56200000. Time Elapsed: 56736.606 s. Mean Reward: 6.981. Std of Reward: 28.832. Training.
[INFO] Rocket. Step: 56220000. Time Elapsed: 56759.310 s. Mean Reward: -11.283. Std of Reward: 34.925. Training.
[INFO] Rocket. Step: 56240000. Time Elapsed: 56775.952 s. Mean Reward: 7.803. Std of Reward: 31.132. Training.
[INFO] Rocket. Step: 56260000. Time Elapsed: 56798.530 s. Mean Reward: 8.506. Std of Reward: 27.918. Training.
[INFO] Rocket. Step: 56280000. Time Elapsed: 56813.993 s. Mean Reward: 6.263. Std of Reward: 29.816. Training.
[INFO] Rocket. Step: 56300000. Time Elapsed: 56835.888 s. Mean Reward: 14.388. Std of Reward: 22.571. Training.
[INFO] Rocket. Step: 56320000. Time Elapsed: 56852.075 s. Mean Reward: 10.676. Std of Reward: 25.669. Training.
[INFO] Rocket. Step: 56340000. Time Elapsed: 56874.963 s. Mean Reward: 7.533. Std of Reward: 29.867. Training.
[INFO] Rocket. Step: 56360000. Time Elapsed: 56891.369 s. Mean Reward: 17.434. Std of Reward: 19.799. Training.
[INFO] Rocket. Step: 56380000. Time Elapsed: 56913.610 s. Mean Reward: 0.220. Std of Reward: 28.864. Training.
[INFO] Rocket. Step: 56400000. Time Elapsed: 56930.206 s. Mean Reward: 7.135. Std of Reward: 30.273. Training.
[INFO] Rocket. Step: 56420000. Time Elapsed: 56952.327 s. Mean Reward: 16.499. Std of Reward: 22.773. Training.
[INFO] Rocket. Step: 56440000. Time Elapsed: 56968.820 s. Mean Reward: 11.261. Std of Reward: 22.885. Training.
[INFO] Rocket. Step: 56460000. Time Elapsed: 56991.313 s. Mean Reward: 2.192. Std of Reward: 31.192. Training.
[INFO] Rocket. Step: 56480000. Time Elapsed: 57006.388 s. Mean Reward: 1.041. Std of Reward: 31.584. Training.
[INFO] Rocket. Step: 56500000. Time Elapsed: 57029.187 s. Mean Reward: 3.088. Std of Reward: 33.575. Training.
[INFO] Exported results\L11\Rocket\Rocket-56499596.onnx
[INFO] Rocket. Step: 56520000. Time Elapsed: 57045.853 s. Mean Reward: -0.223. Std of Reward: 33.000. Training.
[INFO] Rocket. Step: 56540000. Time Elapsed: 57067.582 s. Mean Reward: 7.030. Std of Reward: 27.903. Training.
[INFO] Rocket. Step: 56560000. Time Elapsed: 57083.279 s. Mean Reward: 7.109. Std of Reward: 28.826. Training.
[INFO] Rocket. Step: 56580000. Time Elapsed: 57106.708 s. Mean Reward: 9.281. Std of Reward: 30.968. Training.
[INFO] Rocket. Step: 56600000. Time Elapsed: 57121.672 s. Mean Reward: 13.481. Std of Reward: 26.335. Training.
[INFO] Rocket. Step: 56620000. Time Elapsed: 57144.248 s. Mean Reward: 7.770. Std of Reward: 30.301. Training.
[INFO] Rocket. Step: 56640000. Time Elapsed: 57160.401 s. Mean Reward: 14.650. Std of Reward: 26.455. Training.
[INFO] Rocket. Step: 56660000. Time Elapsed: 57184.296 s. Mean Reward: 6.120. Std of Reward: 32.311. Training.
[INFO] Rocket. Step: 56680000. Time Elapsed: 57198.481 s. Mean Reward: 5.602. Std of Reward: 30.320. Training.
[INFO] Rocket. Step: 56700000. Time Elapsed: 57214.840 s. Mean Reward: 5.507. Std of Reward: 30.670. Training.
[INFO] Rocket. Step: 56720000. Time Elapsed: 57237.017 s. Mean Reward: 6.100. Std of Reward: 30.941. Training.
[INFO] Rocket. Step: 56740000. Time Elapsed: 57253.547 s. Mean Reward: 0.692. Std of Reward: 33.665. Training.
[INFO] Rocket. Step: 56760000. Time Elapsed: 57275.738 s. Mean Reward: -2.085. Std of Reward: 31.295. Training.
[INFO] Rocket. Step: 56780000. Time Elapsed: 57289.811 s. Mean Reward: 12.658. Std of Reward: 26.205. Training.
[INFO] Rocket. Step: 56800000. Time Elapsed: 57312.565 s. Mean Reward: 5.533. Std of Reward: 27.425. Training.
[INFO] Rocket. Step: 56820000. Time Elapsed: 57328.861 s. Mean Reward: 5.570. Std of Reward: 31.256. Training.
[INFO] Rocket. Step: 56840000. Time Elapsed: 57351.569 s. Mean Reward: 6.879. Std of Reward: 27.649. Training.
[INFO] Rocket. Step: 56860000. Time Elapsed: 57367.733 s. Mean Reward: 5.500. Std of Reward: 30.193. Training.
[INFO] Rocket. Step: 56880000. Time Elapsed: 57390.157 s. Mean Reward: -0.053. Std of Reward: 32.973. Training.
[INFO] Rocket. Step: 56900000. Time Elapsed: 57406.059 s. Mean Reward: 6.026. Std of Reward: 28.592. Training.
[INFO] Rocket. Step: 56920000. Time Elapsed: 57428.968 s. Mean Reward: 11.724. Std of Reward: 26.573. Training.
[INFO] Rocket. Step: 56940000. Time Elapsed: 57445.680 s. Mean Reward: 8.679. Std of Reward: 27.176. Training.
[INFO] Rocket. Step: 56960000. Time Elapsed: 57467.735 s. Mean Reward: 12.983. Std of Reward: 23.490. Training.
[INFO] Rocket. Step: 56980000. Time Elapsed: 57484.033 s. Mean Reward: 14.198. Std of Reward: 23.885. Training.
[INFO] Rocket. Step: 57000000. Time Elapsed: 57506.636 s. Mean Reward: -0.919. Std of Reward: 33.499. Training.
[INFO] Exported results\L11\Rocket\Rocket-56999817.onnx
[INFO] Rocket. Step: 57020000. Time Elapsed: 57521.988 s. Mean Reward: 1.133. Std of Reward: 29.964. Training.
[INFO] Rocket. Step: 57040000. Time Elapsed: 57546.082 s. Mean Reward: 7.155. Std of Reward: 30.782. Training.
[INFO] Rocket. Step: 57060000. Time Elapsed: 57560.657 s. Mean Reward: 2.731. Std of Reward: 31.814. Training.
[INFO] Rocket. Step: 57080000. Time Elapsed: 57582.571 s. Mean Reward: 12.364. Std of Reward: 25.022. Training.
[INFO] Rocket. Step: 57100000. Time Elapsed: 57599.000 s. Mean Reward: 15.933. Std of Reward: 21.740. Training.
[INFO] Rocket. Step: 57120000. Time Elapsed: 57621.736 s. Mean Reward: 9.246. Std of Reward: 30.279. Training.
[INFO] Rocket. Step: 57140000. Time Elapsed: 57637.829 s. Mean Reward: 4.806. Std of Reward: 29.450. Training.
[INFO] Rocket. Step: 57160000. Time Elapsed: 57660.050 s. Mean Reward: 15.664. Std of Reward: 22.762. Training.
[INFO] Rocket. Step: 57180000. Time Elapsed: 57675.240 s. Mean Reward: 17.525. Std of Reward: 22.108. Training.
[INFO] Rocket. Step: 57200000. Time Elapsed: 57698.652 s. Mean Reward: 5.249. Std of Reward: 33.266. Training.
[INFO] Rocket. Step: 57220000. Time Elapsed: 57714.999 s. Mean Reward: 9.952. Std of Reward: 26.786. Training.
[INFO] Rocket. Step: 57240000. Time Elapsed: 57737.276 s. Mean Reward: 5.530. Std of Reward: 31.769. Training.
[INFO] Rocket. Step: 57260000. Time Elapsed: 57752.965 s. Mean Reward: 10.137. Std of Reward: 26.254. Training.
[INFO] Rocket. Step: 57280000. Time Elapsed: 57774.294 s. Mean Reward: 11.794. Std of Reward: 26.619. Training.
[INFO] Rocket. Step: 57300000. Time Elapsed: 57790.624 s. Mean Reward: 8.218. Std of Reward: 29.068. Training.
[INFO] Rocket. Step: 57320000. Time Elapsed: 57813.291 s. Mean Reward: 10.501. Std of Reward: 27.017. Training.
[INFO] Rocket. Step: 57340000. Time Elapsed: 57829.312 s. Mean Reward: 14.053. Std of Reward: 25.025. Training.
[INFO] Rocket. Step: 57360000. Time Elapsed: 57851.866 s. Mean Reward: 3.115. Std of Reward: 32.607. Training.
[INFO] Rocket. Step: 57380000. Time Elapsed: 57868.049 s. Mean Reward: 3.405. Std of Reward: 31.459. Training.
[INFO] Rocket. Step: 57400000. Time Elapsed: 57892.492 s. Mean Reward: 17.071. Std of Reward: 25.859. Training.
[INFO] Rocket. Step: 57420000. Time Elapsed: 57906.530 s. Mean Reward: 23.201. Std of Reward: 14.137. Training.
[INFO] Rocket. Step: 57440000. Time Elapsed: 57921.613 s. Mean Reward: 14.319. Std of Reward: 22.864. Training.
[INFO] Rocket. Step: 57460000. Time Elapsed: 57944.870 s. Mean Reward: 13.359. Std of Reward: 25.385. Training.
[INFO] Rocket. Step: 57480000. Time Elapsed: 57959.022 s. Mean Reward: 8.549. Std of Reward: 30.176. Training.
[INFO] Rocket. Step: 57500000. Time Elapsed: 57983.153 s. Mean Reward: 3.717. Std of Reward: 34.197. Training.
[INFO] Exported results\L11\Rocket\Rocket-57499428.onnx
[INFO] Rocket. Step: 57520000. Time Elapsed: 57998.942 s. Mean Reward: 4.476. Std of Reward: 31.286. Training.
[INFO] Rocket. Step: 57540000. Time Elapsed: 58022.064 s. Mean Reward: 4.572. Std of Reward: 33.346. Training.
[INFO] Rocket. Step: 57560000. Time Elapsed: 58037.575 s. Mean Reward: 22.992. Std of Reward: 19.088. Training.
[INFO] Rocket. Step: 57580000. Time Elapsed: 58060.814 s. Mean Reward: 13.744. Std of Reward: 23.452. Training.
[INFO] Rocket. Step: 57600000. Time Elapsed: 58075.187 s. Mean Reward: 18.140. Std of Reward: 20.655. Training.
[INFO] Rocket. Step: 57620000. Time Elapsed: 58098.021 s. Mean Reward: 0.605. Std of Reward: 33.877. Training.
[INFO] Rocket. Step: 57640000. Time Elapsed: 58113.518 s. Mean Reward: 14.310. Std of Reward: 26.982. Training.
[INFO] Rocket. Step: 57660000. Time Elapsed: 58135.777 s. Mean Reward: 9.624. Std of Reward: 27.443. Training.
[INFO] Rocket. Step: 57680000. Time Elapsed: 58152.154 s. Mean Reward: 7.360. Std of Reward: 30.645. Training.
[INFO] Rocket. Step: 57700000. Time Elapsed: 58173.552 s. Mean Reward: 16.621. Std of Reward: 23.625. Training.
[INFO] Rocket. Step: 57720000. Time Elapsed: 58190.120 s. Mean Reward: 15.024. Std of Reward: 26.957. Training.
[INFO] Rocket. Step: 57740000. Time Elapsed: 58212.298 s. Mean Reward: 7.921. Std of Reward: 31.111. Training.
[INFO] Rocket. Step: 57760000. Time Elapsed: 58227.816 s. Mean Reward: -2.602. Std of Reward: 32.793. Training.
[INFO] Rocket. Step: 57780000. Time Elapsed: 58250.832 s. Mean Reward: 7.786. Std of Reward: 31.387. Training.
[INFO] Rocket. Step: 57800000. Time Elapsed: 58265.379 s. Mean Reward: 6.257. Std of Reward: 32.955. Training.
[INFO] Rocket. Step: 57820000. Time Elapsed: 58288.372 s. Mean Reward: 1.235. Std of Reward: 32.364. Training.
[INFO] Rocket. Step: 57840000. Time Elapsed: 58303.125 s. Mean Reward: 11.581. Std of Reward: 26.282. Training.
[INFO] Rocket. Step: 57860000. Time Elapsed: 58325.069 s. Mean Reward: 15.747. Std of Reward: 28.059. Training.
[INFO] Rocket. Step: 57880000. Time Elapsed: 58341.710 s. Mean Reward: 13.508. Std of Reward: 28.131. Training.
[INFO] Rocket. Step: 57900000. Time Elapsed: 58364.507 s. Mean Reward: -2.359. Std of Reward: 36.550. Training.
[INFO] Rocket. Step: 57920000. Time Elapsed: 58379.792 s. Mean Reward: 15.249. Std of Reward: 20.726. Training.
[INFO] Rocket. Step: 57940000. Time Elapsed: 58402.338 s. Mean Reward: 9.024. Std of Reward: 28.817. Training.
[INFO] Rocket. Step: 57960000. Time Elapsed: 58417.552 s. Mean Reward: 16.438. Std of Reward: 24.534. Training.
[INFO] Rocket. Step: 57980000. Time Elapsed: 58441.128 s. Mean Reward: 11.577. Std of Reward: 30.574. Training.
[INFO] Rocket. Step: 58000000. Time Elapsed: 58456.534 s. Mean Reward: 14.223. Std of Reward: 26.886. Training.
[INFO] Exported results\L11\Rocket\Rocket-57999488.onnx
[INFO] Rocket. Step: 58020000. Time Elapsed: 58478.982 s. Mean Reward: 4.442. Std of Reward: 32.233. Training.
[INFO] Rocket. Step: 58040000. Time Elapsed: 58495.094 s. Mean Reward: 17.099. Std of Reward: 23.770. Training.
[INFO] Rocket. Step: 58060000. Time Elapsed: 58510.143 s. Mean Reward: 11.135. Std of Reward: 27.919. Training.
[INFO] Rocket. Step: 58080000. Time Elapsed: 58533.045 s. Mean Reward: -2.458. Std of Reward: 35.960. Training.
[INFO] Rocket. Step: 58100000. Time Elapsed: 58548.185 s. Mean Reward: 13.774. Std of Reward: 26.554. Training.
[INFO] Rocket. Step: 58120000. Time Elapsed: 58570.723 s. Mean Reward: 14.649. Std of Reward: 23.228. Training.
[INFO] Rocket. Step: 58140000. Time Elapsed: 58586.219 s. Mean Reward: 14.270. Std of Reward: 24.714. Training.
[INFO] Rocket. Step: 58160000. Time Elapsed: 58608.455 s. Mean Reward: 5.566. Std of Reward: 30.985. Training.
[INFO] Rocket. Step: 58180000. Time Elapsed: 58624.996 s. Mean Reward: 9.306. Std of Reward: 26.687. Training.
[INFO] Rocket. Step: 58200000. Time Elapsed: 58646.311 s. Mean Reward: 9.382. Std of Reward: 29.296. Training.
[INFO] Rocket. Step: 58220000. Time Elapsed: 58663.338 s. Mean Reward: 11.854. Std of Reward: 25.449. Training.
[INFO] Rocket. Step: 58240000. Time Elapsed: 58685.716 s. Mean Reward: 7.968. Std of Reward: 30.633. Training.
[INFO] Rocket. Step: 58260000. Time Elapsed: 58701.040 s. Mean Reward: 9.402. Std of Reward: 34.049. Training.
[INFO] Rocket. Step: 58280000. Time Elapsed: 58724.419 s. Mean Reward: 17.612. Std of Reward: 22.835. Training.
[INFO] Rocket. Step: 58300000. Time Elapsed: 58738.721 s. Mean Reward: 2.868. Std of Reward: 32.393. Training.
[INFO] Rocket. Step: 58320000. Time Elapsed: 58761.289 s. Mean Reward: 10.655. Std of Reward: 26.734. Training.
[INFO] Rocket. Step: 58340000. Time Elapsed: 58776.852 s. Mean Reward: 15.941. Std of Reward: 26.237. Training.
[INFO] Rocket. Step: 58360000. Time Elapsed: 58798.885 s. Mean Reward: 7.185. Std of Reward: 33.296. Training.
[INFO] Rocket. Step: 58380000. Time Elapsed: 58814.490 s. Mean Reward: 10.505. Std of Reward: 30.621. Training.
[INFO] Rocket. Step: 58400000. Time Elapsed: 58837.286 s. Mean Reward: 11.646. Std of Reward: 28.458. Training.
[INFO] Rocket. Step: 58420000. Time Elapsed: 58852.281 s. Mean Reward: 11.314. Std of Reward: 29.243. Training.
[INFO] Rocket. Step: 58440000. Time Elapsed: 58875.003 s. Mean Reward: 17.057. Std of Reward: 19.534. Training.
[INFO] Rocket. Step: 58460000. Time Elapsed: 58889.971 s. Mean Reward: 0.191. Std of Reward: 35.651. Training.
[INFO] Rocket. Step: 58480000. Time Elapsed: 58913.688 s. Mean Reward: 12.035. Std of Reward: 28.634. Training.
[INFO] Rocket. Step: 58500000. Time Elapsed: 58928.591 s. Mean Reward: 11.631. Std of Reward: 28.903. Training.
[INFO] Exported results\L11\Rocket\Rocket-58499471.onnx
[INFO] Rocket. Step: 58520000. Time Elapsed: 58951.107 s. Mean Reward: 10.437. Std of Reward: 28.515. Training.
[INFO] Rocket. Step: 58540000. Time Elapsed: 58966.484 s. Mean Reward: 9.558. Std of Reward: 31.294. Training.
[INFO] Rocket. Step: 58560000. Time Elapsed: 58989.471 s. Mean Reward: 5.676. Std of Reward: 32.817. Training.
[INFO] Rocket. Step: 58580000. Time Elapsed: 59005.318 s. Mean Reward: 2.225. Std of Reward: 35.429. Training.
[INFO] Rocket. Step: 58600000. Time Elapsed: 59027.355 s. Mean Reward: 2.667. Std of Reward: 34.090. Training.
[INFO] Rocket. Step: 58620000. Time Elapsed: 59042.599 s. Mean Reward: 8.677. Std of Reward: 29.698. Training.
[INFO] Rocket. Step: 58640000. Time Elapsed: 59066.496 s. Mean Reward: 15.531. Std of Reward: 26.285. Training.
[INFO] Rocket. Step: 58660000. Time Elapsed: 59082.284 s. Mean Reward: 2.351. Std of Reward: 36.804. Training.
[INFO] Rocket. Step: 58680000. Time Elapsed: 59104.118 s. Mean Reward: 13.432. Std of Reward: 30.285. Training.
[INFO] Rocket. Step: 58700000. Time Elapsed: 59118.998 s. Mean Reward: 9.345. Std of Reward: 30.929. Training.
[INFO] Rocket. Step: 58720000. Time Elapsed: 59134.541 s. Mean Reward: -4.990. Std of Reward: 38.431. Training.
[INFO] Rocket. Step: 58740000. Time Elapsed: 59156.198 s. Mean Reward: 5.349. Std of Reward: 34.689. Training.
[INFO] Rocket. Step: 58760000. Time Elapsed: 59171.697 s. Mean Reward: 12.489. Std of Reward: 27.693. Training.
[INFO] Rocket. Step: 58780000. Time Elapsed: 59194.274 s. Mean Reward: 12.782. Std of Reward: 29.383. Training.
[INFO] Rocket. Step: 58800000. Time Elapsed: 59208.047 s. Mean Reward: 9.956. Std of Reward: 31.234. Training.
[INFO] Rocket. Step: 58820000. Time Elapsed: 59231.676 s. Mean Reward: 9.287. Std of Reward: 28.746. Training.
[INFO] Rocket. Step: 58840000. Time Elapsed: 59247.501 s. Mean Reward: 9.522. Std of Reward: 31.314. Training.
[INFO] Rocket. Step: 58860000. Time Elapsed: 59270.797 s. Mean Reward: 8.040. Std of Reward: 28.998. Training.
[INFO] Rocket. Step: 58880000. Time Elapsed: 59285.983 s. Mean Reward: 10.110. Std of Reward: 31.588. Training.
[INFO] Rocket. Step: 58900000. Time Elapsed: 59306.193 s. Mean Reward: 12.145. Std of Reward: 27.923. Training.
[INFO] Rocket. Step: 58920000. Time Elapsed: 59323.823 s. Mean Reward: 10.535. Std of Reward: 27.611. Training.
[INFO] Rocket. Step: 58940000. Time Elapsed: 59345.686 s. Mean Reward: 4.302. Std of Reward: 34.732. Training.
[INFO] Rocket. Step: 58960000. Time Elapsed: 59361.241 s. Mean Reward: 12.901. Std of Reward: 29.303. Training.
[INFO] Rocket. Step: 58980000. Time Elapsed: 59383.538 s. Mean Reward: 8.161. Std of Reward: 29.374. Training.
[INFO] Rocket. Step: 59000000. Time Elapsed: 59398.578 s. Mean Reward: 8.247. Std of Reward: 33.541. Training.
[INFO] Exported results\L11\Rocket\Rocket-58999752.onnx
[INFO] Rocket. Step: 59020000. Time Elapsed: 59419.266 s. Mean Reward: 2.959. Std of Reward: 34.501. Training.
[INFO] Rocket. Step: 59040000. Time Elapsed: 59436.131 s. Mean Reward: 9.773. Std of Reward: 29.826. Training.
[INFO] Rocket. Step: 59060000. Time Elapsed: 59459.238 s. Mean Reward: 13.659. Std of Reward: 27.081. Training.
[INFO] Rocket. Step: 59080000. Time Elapsed: 59475.009 s. Mean Reward: 3.914. Std of Reward: 31.067. Training.
[INFO] Rocket. Step: 59100000. Time Elapsed: 59496.809 s. Mean Reward: 5.445. Std of Reward: 35.395. Training.
[INFO] Rocket. Step: 59120000. Time Elapsed: 59512.327 s. Mean Reward: -2.104. Std of Reward: 35.974. Training.
[INFO] Rocket. Step: 59140000. Time Elapsed: 59534.553 s. Mean Reward: 17.987. Std of Reward: 26.786. Training.
[INFO] Rocket. Step: 59160000. Time Elapsed: 59550.146 s. Mean Reward: 12.472. Std of Reward: 26.811. Training.
[INFO] Rocket. Step: 59180000. Time Elapsed: 59571.500 s. Mean Reward: 13.803. Std of Reward: 27.819. Training.
[INFO] Rocket. Step: 59200000. Time Elapsed: 59587.621 s. Mean Reward: 10.833. Std of Reward: 28.028. Training.
[INFO] Rocket. Step: 59220000. Time Elapsed: 59610.331 s. Mean Reward: 11.789. Std of Reward: 29.881. Training.
[INFO] Rocket. Step: 59240000. Time Elapsed: 59625.394 s. Mean Reward: 5.515. Std of Reward: 33.455. Training.
[INFO] Rocket. Step: 59260000. Time Elapsed: 59649.295 s. Mean Reward: 5.824. Std of Reward: 34.039. Training.
[INFO] Rocket. Step: 59280000. Time Elapsed: 59665.200 s. Mean Reward: 4.593. Std of Reward: 32.829. Training.
[INFO] Rocket. Step: 59300000. Time Elapsed: 59686.095 s. Mean Reward: 11.184. Std of Reward: 29.599. Training.
[INFO] Rocket. Step: 59320000. Time Elapsed: 59700.902 s. Mean Reward: 9.413. Std of Reward: 29.334. Training.
[INFO] Rocket. Step: 59340000. Time Elapsed: 59717.428 s. Mean Reward: 6.177. Std of Reward: 32.631. Training.
[INFO] Rocket. Step: 59360000. Time Elapsed: 59739.428 s. Mean Reward: 9.717. Std of Reward: 29.720. Training.
[INFO] Rocket. Step: 59380000. Time Elapsed: 59755.015 s. Mean Reward: 13.637. Std of Reward: 27.562. Training.
[INFO] Rocket. Step: 59400000. Time Elapsed: 59778.534 s. Mean Reward: 7.863. Std of Reward: 34.358. Training.
[INFO] Rocket. Step: 59420000. Time Elapsed: 59792.111 s. Mean Reward: 18.562. Std of Reward: 22.346. Training.
[INFO] Rocket. Step: 59440000. Time Elapsed: 59816.294 s. Mean Reward: 8.332. Std of Reward: 28.141. Training.
[INFO] Rocket. Step: 59460000. Time Elapsed: 59830.302 s. Mean Reward: 0.017. Std of Reward: 37.084. Training.
[INFO] Rocket. Step: 59480000. Time Elapsed: 59852.745 s. Mean Reward: 11.046. Std of Reward: 28.934. Training.
[INFO] Rocket. Step: 59500000. Time Elapsed: 59869.285 s. Mean Reward: 3.428. Std of Reward: 34.526. Training.
[INFO] Exported results\L11\Rocket\Rocket-59499540.onnx
[INFO] Rocket. Step: 59520000. Time Elapsed: 59890.449 s. Mean Reward: 14.539. Std of Reward: 26.837. Training.
[INFO] Rocket. Step: 59540000. Time Elapsed: 59907.046 s. Mean Reward: 5.750. Std of Reward: 32.352. Training.
[INFO] Rocket. Step: 59560000. Time Elapsed: 59929.722 s. Mean Reward: 19.498. Std of Reward: 19.381. Training.
[INFO] Rocket. Step: 59580000. Time Elapsed: 59944.135 s. Mean Reward: 6.102. Std of Reward: 35.157. Training.
[INFO] Rocket. Step: 59600000. Time Elapsed: 59966.053 s. Mean Reward: 13.667. Std of Reward: 29.952. Training.
[INFO] Rocket. Step: 59620000. Time Elapsed: 59981.395 s. Mean Reward: 6.254. Std of Reward: 32.850. Training.
[INFO] Rocket. Step: 59640000. Time Elapsed: 60004.235 s. Mean Reward: 7.880. Std of Reward: 31.175. Training.
[INFO] Rocket. Step: 59660000. Time Elapsed: 60019.667 s. Mean Reward: 14.602. Std of Reward: 27.255. Training.
[INFO] Rocket. Step: 59680000. Time Elapsed: 60042.803 s. Mean Reward: -3.683. Std of Reward: 38.083. Training.
[INFO] Rocket. Step: 59700000. Time Elapsed: 60058.251 s. Mean Reward: 21.768. Std of Reward: 16.737. Training.
[INFO] Rocket. Step: 59720000. Time Elapsed: 60081.411 s. Mean Reward: 15.221. Std of Reward: 25.064. Training.
[INFO] Rocket. Step: 59740000. Time Elapsed: 60096.594 s. Mean Reward: 13.979. Std of Reward: 28.013. Training.
[INFO] Rocket. Step: 59760000. Time Elapsed: 60118.660 s. Mean Reward: 7.470. Std of Reward: 31.248. Training.
[INFO] Rocket. Step: 59780000. Time Elapsed: 60134.596 s. Mean Reward: 8.201. Std of Reward: 33.089. Training.
[INFO] Rocket. Step: 59800000. Time Elapsed: 60155.843 s. Mean Reward: 18.045. Std of Reward: 20.813. Training.
[INFO] Rocket. Step: 59820000. Time Elapsed: 60171.682 s. Mean Reward: 10.151. Std of Reward: 30.630. Training.
[INFO] Rocket. Step: 59840000. Time Elapsed: 60194.112 s. Mean Reward: 12.255. Std of Reward: 29.926. Training.
[INFO] Rocket. Step: 59860000. Time Elapsed: 60209.693 s. Mean Reward: 3.000. Std of Reward: 35.390. Training.
[INFO] Rocket. Step: 59880000. Time Elapsed: 60232.425 s. Mean Reward: 19.875. Std of Reward: 20.897. Training.
[INFO] Rocket. Step: 59900000. Time Elapsed: 60247.514 s. Mean Reward: 19.237. Std of Reward: 24.177. Training.
[INFO] Rocket. Step: 59920000. Time Elapsed: 60270.918 s. Mean Reward: 9.947. Std of Reward: 28.252. Training.
[INFO] Rocket. Step: 59940000. Time Elapsed: 60285.085 s. Mean Reward: -1.515. Std of Reward: 36.028. Training.
[INFO] Rocket. Step: 59960000. Time Elapsed: 60301.102 s. Mean Reward: 16.947. Std of Reward: 24.211. Training.
[INFO] Rocket. Step: 59980000. Time Elapsed: 60323.472 s. Mean Reward: 16.166. Std of Reward: 23.044. Training.
[INFO] Rocket. Step: 60000000. Time Elapsed: 60337.980 s. Mean Reward: 5.128. Std of Reward: 31.585. Training.
[INFO] Exported results\L11\Rocket\Rocket-59999460.onnx
[INFO] Rocket. Step: 60020000. Time Elapsed: 60361.047 s. Mean Reward: 4.170. Std of Reward: 34.836. Training.
[INFO] Rocket. Step: 60040000. Time Elapsed: 60376.707 s. Mean Reward: 14.743. Std of Reward: 27.930. Training.
[INFO] Rocket. Step: 60060000. Time Elapsed: 60399.124 s. Mean Reward: 9.714. Std of Reward: 29.604. Training.
[INFO] Rocket. Step: 60080000. Time Elapsed: 60415.007 s. Mean Reward: 12.243. Std of Reward: 26.929. Training.
[INFO] Rocket. Step: 60100000. Time Elapsed: 60437.892 s. Mean Reward: 11.466. Std of Reward: 27.028. Training.
[INFO] Rocket. Step: 60120000. Time Elapsed: 60453.159 s. Mean Reward: 13.548. Std of Reward: 26.308. Training.
[INFO] Rocket. Step: 60140000. Time Elapsed: 60473.985 s. Mean Reward: 6.919. Std of Reward: 31.543. Training.
[INFO] Rocket. Step: 60160000. Time Elapsed: 60490.981 s. Mean Reward: 0.217. Std of Reward: 35.606. Training.
[INFO] Rocket. Step: 60180000. Time Elapsed: 60513.922 s. Mean Reward: 12.501. Std of Reward: 24.901. Training.
[INFO] Rocket. Step: 60200000. Time Elapsed: 60529.478 s. Mean Reward: 8.394. Std of Reward: 26.348. Training.
[INFO] Rocket. Step: 60220000. Time Elapsed: 60551.194 s. Mean Reward: 5.207. Std of Reward: 34.377. Training.
[INFO] Rocket. Step: 60240000. Time Elapsed: 60567.453 s. Mean Reward: -0.342. Std of Reward: 32.824. Training.
[INFO] Rocket. Step: 60260000. Time Elapsed: 60589.279 s. Mean Reward: 8.486. Std of Reward: 31.385. Training.
[INFO] Rocket. Step: 60280000. Time Elapsed: 60605.901 s. Mean Reward: 8.822. Std of Reward: 32.713. Training.
[INFO] Rocket. Step: 60300000. Time Elapsed: 60626.350 s. Mean Reward: 2.430. Std of Reward: 34.270. Training.
[INFO] Rocket. Step: 60320000. Time Elapsed: 60642.606 s. Mean Reward: 3.222. Std of Reward: 31.863. Training.
[INFO] Rocket. Step: 60340000. Time Elapsed: 60664.443 s. Mean Reward: 13.609. Std of Reward: 28.269. Training.
[INFO] Rocket. Step: 60360000. Time Elapsed: 60679.634 s. Mean Reward: 7.887. Std of Reward: 28.776. Training.
[INFO] Rocket. Step: 60380000. Time Elapsed: 60700.067 s. Mean Reward: 11.549. Std of Reward: 27.904. Training.
[INFO] Rocket. Step: 60400000. Time Elapsed: 60715.127 s. Mean Reward: -2.241. Std of Reward: 35.840. Training.
[INFO] Rocket. Step: 60420000. Time Elapsed: 60738.886 s. Mean Reward: 1.156. Std of Reward: 34.130. Training.
[INFO] Rocket. Step: 60440000. Time Elapsed: 60754.458 s. Mean Reward: 9.294. Std of Reward: 30.771. Training.
[INFO] Rocket. Step: 60460000. Time Elapsed: 60777.191 s. Mean Reward: 10.119. Std of Reward: 25.761. Training.
[INFO] Rocket. Step: 60480000. Time Elapsed: 60792.093 s. Mean Reward: 9.301. Std of Reward: 29.917. Training.
[INFO] Rocket. Step: 60500000. Time Elapsed: 60814.157 s. Mean Reward: -0.035. Std of Reward: 34.003. Training.
[INFO] Exported results\L11\Rocket\Rocket-60499508.onnx
[INFO] Rocket. Step: 60520000. Time Elapsed: 60830.024 s. Mean Reward: 4.841. Std of Reward: 33.383. Training.
[INFO] Rocket. Step: 60540000. Time Elapsed: 60853.355 s. Mean Reward: 14.983. Std of Reward: 23.687. Training.
[INFO] Rocket. Step: 60560000. Time Elapsed: 60868.199 s. Mean Reward: -1.550. Std of Reward: 35.263. Training.
[INFO] Rocket. Step: 60580000. Time Elapsed: 60891.198 s. Mean Reward: 9.863. Std of Reward: 30.877. Training.
[INFO] Rocket. Step: 60600000. Time Elapsed: 60906.342 s. Mean Reward: 17.804. Std of Reward: 21.319. Training.
[INFO] Rocket. Step: 60620000. Time Elapsed: 60930.032 s. Mean Reward: 14.002. Std of Reward: 24.825. Training.
[INFO] Rocket. Step: 60640000. Time Elapsed: 60944.649 s. Mean Reward: 14.296. Std of Reward: 30.630. Training.
[INFO] Rocket. Step: 60660000. Time Elapsed: 60961.378 s. Mean Reward: 7.473. Std of Reward: 31.299. Training.
[INFO] Rocket. Step: 60680000. Time Elapsed: 60983.625 s. Mean Reward: 10.744. Std of Reward: 29.640. Training.
[INFO] Rocket. Step: 60700000. Time Elapsed: 60998.176 s. Mean Reward: 10.371. Std of Reward: 29.401. Training.
[INFO] Rocket. Step: 60720000. Time Elapsed: 61019.472 s. Mean Reward: 9.632. Std of Reward: 30.146. Training.
[INFO] Rocket. Step: 60740000. Time Elapsed: 61035.850 s. Mean Reward: 15.260. Std of Reward: 25.391. Training.
[INFO] Rocket. Step: 60760000. Time Elapsed: 61058.060 s. Mean Reward: 22.617. Std of Reward: 14.705. Training.
[INFO] Rocket. Step: 60780000. Time Elapsed: 61074.410 s. Mean Reward: 4.901. Std of Reward: 30.870. Training.
[INFO] Rocket. Step: 60800000. Time Elapsed: 61095.800 s. Mean Reward: 6.885. Std of Reward: 31.155. Training.
[INFO] Rocket. Step: 60820000. Time Elapsed: 61112.119 s. Mean Reward: 14.271. Std of Reward: 24.343. Training.
[INFO] Rocket. Step: 60840000. Time Elapsed: 61132.959 s. Mean Reward: 12.683. Std of Reward: 26.768. Training.
[INFO] Rocket. Step: 60860000. Time Elapsed: 61151.265 s. Mean Reward: 10.006. Std of Reward: 27.481. Training.
[INFO] Rocket. Step: 60880000. Time Elapsed: 61171.781 s. Mean Reward: 14.667. Std of Reward: 23.963. Training.
[INFO] Rocket. Step: 60900000. Time Elapsed: 61187.485 s. Mean Reward: 5.147. Std of Reward: 33.177. Training.
[INFO] Rocket. Step: 60920000. Time Elapsed: 61209.636 s. Mean Reward: 17.292. Std of Reward: 25.773. Training.
[INFO] Rocket. Step: 60940000. Time Elapsed: 61225.242 s. Mean Reward: -2.200. Std of Reward: 33.837. Training.
[INFO] Rocket. Step: 60960000. Time Elapsed: 61247.934 s. Mean Reward: 15.412. Std of Reward: 27.055. Training.
[INFO] Rocket. Step: 60980000. Time Elapsed: 61263.406 s. Mean Reward: 16.821. Std of Reward: 25.673. Training.
[INFO] Rocket. Step: 61000000. Time Elapsed: 61286.463 s. Mean Reward: 8.577. Std of Reward: 30.035. Training.
[INFO] Exported results\L11\Rocket\Rocket-60999579.onnx
[INFO] Rocket. Step: 61020000. Time Elapsed: 61302.400 s. Mean Reward: 9.575. Std of Reward: 29.903. Training.
[INFO] Rocket. Step: 61040000. Time Elapsed: 61324.050 s. Mean Reward: 18.791. Std of Reward: 17.203. Training.
[INFO] Rocket. Step: 61060000. Time Elapsed: 61339.772 s. Mean Reward: 5.312. Std of Reward: 32.745. Training.
[INFO] Rocket. Step: 61080000. Time Elapsed: 61362.072 s. Mean Reward: 8.442. Std of Reward: 29.676. Training.
[INFO] Rocket. Step: 61100000. Time Elapsed: 61376.976 s. Mean Reward: 14.765. Std of Reward: 25.390. Training.
[INFO] Rocket. Step: 61120000. Time Elapsed: 61399.644 s. Mean Reward: 7.582. Std of Reward: 30.900. Training.
[INFO] Rocket. Step: 61140000. Time Elapsed: 61415.331 s. Mean Reward: 15.246. Std of Reward: 25.600. Training.
[INFO] Rocket. Step: 61160000. Time Elapsed: 61437.965 s. Mean Reward: 6.373. Std of Reward: 31.293. Training.
[INFO] Rocket. Step: 61180000. Time Elapsed: 61452.645 s. Mean Reward: 9.486. Std of Reward: 27.982. Training.
[INFO] Rocket. Step: 61200000. Time Elapsed: 61475.982 s. Mean Reward: 6.379. Std of Reward: 30.530. Training.
[INFO] Rocket. Step: 61220000. Time Elapsed: 61491.073 s. Mean Reward: 11.303. Std of Reward: 27.104. Training.
[INFO] Rocket. Step: 61240000. Time Elapsed: 61505.926 s. Mean Reward: -3.569. Std of Reward: 35.638. Training.
[INFO] Rocket. Step: 61260000. Time Elapsed: 61528.371 s. Mean Reward: 8.477. Std of Reward: 27.369. Training.
[INFO] Rocket. Step: 61280000. Time Elapsed: 61545.669 s. Mean Reward: 3.717. Std of Reward: 32.243. Training.
[INFO] Rocket. Step: 61300000. Time Elapsed: 61566.873 s. Mean Reward: 15.994. Std of Reward: 23.672. Training.
[INFO] Rocket. Step: 61320000. Time Elapsed: 61581.114 s. Mean Reward: 15.239. Std of Reward: 24.768. Training.
[INFO] Rocket. Step: 61340000. Time Elapsed: 61604.619 s. Mean Reward: 8.214. Std of Reward: 30.332. Training.
[INFO] Rocket. Step: 61360000. Time Elapsed: 61619.961 s. Mean Reward: 7.232. Std of Reward: 31.900. Training.
[INFO] Rocket. Step: 61380000. Time Elapsed: 61641.741 s. Mean Reward: 7.820. Std of Reward: 30.615. Training.
[INFO] Rocket. Step: 61400000. Time Elapsed: 61658.265 s. Mean Reward: 11.912. Std of Reward: 26.994. Training.
[INFO] Rocket. Step: 61420000. Time Elapsed: 61680.064 s. Mean Reward: 9.245. Std of Reward: 30.469. Training.
[INFO] Rocket. Step: 61440000. Time Elapsed: 61696.519 s. Mean Reward: 14.079. Std of Reward: 26.020. Training.
[INFO] Rocket. Step: 61460000. Time Elapsed: 61717.585 s. Mean Reward: 12.456. Std of Reward: 28.776. Training.
[INFO] Rocket. Step: 61480000. Time Elapsed: 61733.112 s. Mean Reward: 7.091. Std of Reward: 33.677. Training.
[INFO] Rocket. Step: 61500000. Time Elapsed: 61755.257 s. Mean Reward: -2.301. Std of Reward: 38.070. Training.
[INFO] Exported results\L11\Rocket\Rocket-61499948.onnx
[INFO] Rocket. Step: 61520000. Time Elapsed: 61771.588 s. Mean Reward: 9.430. Std of Reward: 32.717. Training.
[INFO] Rocket. Step: 61540000. Time Elapsed: 61793.587 s. Mean Reward: 10.367. Std of Reward: 32.873. Training.
[INFO] Rocket. Step: 61560000. Time Elapsed: 61808.836 s. Mean Reward: 10.523. Std of Reward: 28.618. Training.
[INFO] Rocket. Step: 61580000. Time Elapsed: 61830.869 s. Mean Reward: 3.890. Std of Reward: 35.049. Training.
[INFO] Rocket. Step: 61600000. Time Elapsed: 61847.425 s. Mean Reward: 18.144. Std of Reward: 25.853. Training.
[INFO] Rocket. Step: 61620000. Time Elapsed: 61869.144 s. Mean Reward: 14.660. Std of Reward: 26.489. Training.
[INFO] Rocket. Step: 61640000. Time Elapsed: 61884.976 s. Mean Reward: 15.679. Std of Reward: 24.926. Training.
[INFO] Rocket. Step: 61660000. Time Elapsed: 61907.151 s. Mean Reward: 13.054. Std of Reward: 27.065. Training.
[INFO] Rocket. Step: 61680000. Time Elapsed: 61921.611 s. Mean Reward: 6.446. Std of Reward: 30.974. Training.
[INFO] Rocket. Step: 61700000. Time Elapsed: 61944.225 s. Mean Reward: 10.424. Std of Reward: 27.089. Training.
[INFO] Rocket. Step: 61720000. Time Elapsed: 61958.916 s. Mean Reward: 8.996. Std of Reward: 29.452. Training.
[INFO] Rocket. Step: 61740000. Time Elapsed: 61981.600 s. Mean Reward: 4.209. Std of Reward: 30.001. Training.
[INFO] Rocket. Step: 61760000. Time Elapsed: 61998.169 s. Mean Reward: 8.936. Std of Reward: 23.616. Training.
[INFO] Rocket. Step: 61780000. Time Elapsed: 62020.336 s. Mean Reward: 7.036. Std of Reward: 27.170. Training.
[INFO] Rocket. Step: 61800000. Time Elapsed: 62035.625 s. Mean Reward: 14.460. Std of Reward: 23.903. Training.
[INFO] Rocket. Step: 61820000. Time Elapsed: 62060.056 s. Mean Reward: 12.659. Std of Reward: 25.382. Training.
[INFO] Rocket. Step: 61840000. Time Elapsed: 62075.064 s. Mean Reward: 11.961. Std of Reward: 26.865. Training.
[INFO] Rocket. Step: 61860000. Time Elapsed: 62090.750 s. Mean Reward: 15.230. Std of Reward: 25.138. Training.
[INFO] Rocket. Step: 61880000. Time Elapsed: 62112.439 s. Mean Reward: 14.592. Std of Reward: 26.431. Training.
[INFO] Rocket. Step: 61900000. Time Elapsed: 62128.749 s. Mean Reward: 13.220. Std of Reward: 27.509. Training.
[INFO] Rocket. Step: 61920000. Time Elapsed: 62151.131 s. Mean Reward: 7.147. Std of Reward: 32.865. Training.
[INFO] Rocket. Step: 61940000. Time Elapsed: 62167.205 s. Mean Reward: 15.349. Std of Reward: 26.582. Training.
[INFO] Rocket. Step: 61960000. Time Elapsed: 62188.012 s. Mean Reward: 8.789. Std of Reward: 31.615. Training.
[INFO] Rocket. Step: 61980000. Time Elapsed: 62203.159 s. Mean Reward: -4.771. Std of Reward: 34.820. Training.
[INFO] Rocket. Step: 62000000. Time Elapsed: 62226.557 s. Mean Reward: 5.085. Std of Reward: 32.930. Training.
[INFO] Exported results\L11\Rocket\Rocket-61999685.onnx
[INFO] Rocket. Step: 62020000. Time Elapsed: 62241.351 s. Mean Reward: 20.317. Std of Reward: 22.950. Training.
[INFO] Rocket. Step: 62040000. Time Elapsed: 62264.116 s. Mean Reward: 10.222. Std of Reward: 31.659. Training.
[INFO] Rocket. Step: 62060000. Time Elapsed: 62278.927 s. Mean Reward: -1.138. Std of Reward: 38.358. Training.
[INFO] Rocket. Step: 62080000. Time Elapsed: 62301.221 s. Mean Reward: 13.421. Std of Reward: 27.358. Training.
[INFO] Rocket. Step: 62100000. Time Elapsed: 62316.578 s. Mean Reward: 12.089. Std of Reward: 27.272. Training.
[INFO] Rocket. Step: 62120000. Time Elapsed: 62339.456 s. Mean Reward: 8.637. Std of Reward: 30.525. Training.
[INFO] Rocket. Step: 62140000. Time Elapsed: 62355.508 s. Mean Reward: 14.304. Std of Reward: 23.419. Training.
[INFO] Rocket. Step: 62160000. Time Elapsed: 62376.487 s. Mean Reward: -2.152. Std of Reward: 36.117. Training.
[INFO] Rocket. Step: 62180000. Time Elapsed: 62392.375 s. Mean Reward: 17.199. Std of Reward: 20.800. Training.
[INFO] Rocket. Step: 62200000. Time Elapsed: 62414.497 s. Mean Reward: 3.382. Std of Reward: 34.596. Training.
[INFO] Rocket. Step: 62220000. Time Elapsed: 62430.257 s. Mean Reward: 11.372. Std of Reward: 26.929. Training.
[INFO] Rocket. Step: 62240000. Time Elapsed: 62453.456 s. Mean Reward: 8.524. Std of Reward: 25.802. Training.
[INFO] Rocket. Step: 62260000. Time Elapsed: 62468.335 s. Mean Reward: 1.519. Std of Reward: 35.410. Training.
[INFO] Rocket. Step: 62280000. Time Elapsed: 62491.392 s. Mean Reward: 2.096. Std of Reward: 35.480. Training.
[INFO] Rocket. Step: 62300000. Time Elapsed: 62505.975 s. Mean Reward: 14.186. Std of Reward: 26.150. Training.
[INFO] Rocket. Step: 62320000. Time Elapsed: 62527.752 s. Mean Reward: 9.223. Std of Reward: 28.324. Training.
[INFO] Rocket. Step: 62340000. Time Elapsed: 62543.508 s. Mean Reward: 3.317. Std of Reward: 34.783. Training.
[INFO] Rocket. Step: 62360000. Time Elapsed: 62565.321 s. Mean Reward: 14.292. Std of Reward: 26.595. Training.
[INFO] Rocket. Step: 62380000. Time Elapsed: 62582.094 s. Mean Reward: 7.231. Std of Reward: 33.073. Training.
[INFO] Rocket. Step: 62400000. Time Elapsed: 62602.772 s. Mean Reward: 8.208. Std of Reward: 28.953. Training.
[INFO] Rocket. Step: 62420000. Time Elapsed: 62618.454 s. Mean Reward: 3.433. Std of Reward: 34.178. Training.
[INFO] Rocket. Step: 62440000. Time Elapsed: 62640.650 s. Mean Reward: 17.331. Std of Reward: 22.244. Training.
[INFO] Rocket. Step: 62460000. Time Elapsed: 62655.551 s. Mean Reward: 0.005. Std of Reward: 34.889. Training.
[INFO] Rocket. Step: 62480000. Time Elapsed: 62679.635 s. Mean Reward: 11.038. Std of Reward: 27.160. Training.
[INFO] Rocket. Step: 62500000. Time Elapsed: 62693.866 s. Mean Reward: -1.250. Std of Reward: 31.787. Training.
[INFO] Exported results\L11\Rocket\Rocket-62499282.onnx
[INFO] Rocket. Step: 62520000. Time Elapsed: 62710.563 s. Mean Reward: 4.514. Std of Reward: 29.710. Training.
[INFO] Rocket. Step: 62540000. Time Elapsed: 62732.033 s. Mean Reward: 5.091. Std of Reward: 29.454. Training.
[INFO] Rocket. Step: 62560000. Time Elapsed: 62747.977 s. Mean Reward: -0.455. Std of Reward: 30.648. Training.
[INFO] Rocket. Step: 62580000. Time Elapsed: 62770.892 s. Mean Reward: 17.704. Std of Reward: 20.218. Training.
[INFO] Rocket. Step: 62600000. Time Elapsed: 62785.552 s. Mean Reward: -0.258. Std of Reward: 33.229. Training.
[INFO] Rocket. Step: 62620000. Time Elapsed: 62807.211 s. Mean Reward: 2.707. Std of Reward: 30.971. Training.
[INFO] Rocket. Step: 62640000. Time Elapsed: 62823.526 s. Mean Reward: -0.199. Std of Reward: 33.374. Training.
[INFO] Rocket. Step: 62660000. Time Elapsed: 62845.760 s. Mean Reward: 5.186. Std of Reward: 31.859. Training.
[INFO] Rocket. Step: 62680000. Time Elapsed: 62861.403 s. Mean Reward: 12.370. Std of Reward: 23.880. Training.
[INFO] Rocket. Step: 62700000. Time Elapsed: 62881.905 s. Mean Reward: 7.974. Std of Reward: 31.257. Training.
[INFO] Rocket. Step: 62720000. Time Elapsed: 62898.135 s. Mean Reward: 1.224. Std of Reward: 33.785. Training.
[INFO] Rocket. Step: 62740000. Time Elapsed: 62921.470 s. Mean Reward: -1.838. Std of Reward: 32.879. Training.
[INFO] Rocket. Step: 62760000. Time Elapsed: 62936.369 s. Mean Reward: 14.587. Std of Reward: 26.163. Training.
[INFO] Rocket. Step: 62780000. Time Elapsed: 62957.697 s. Mean Reward: 6.602. Std of Reward: 31.015. Training.
[INFO] Rocket. Step: 62800000. Time Elapsed: 62973.469 s. Mean Reward: -0.823. Std of Reward: 35.508. Training.
[INFO] Rocket. Step: 62820000. Time Elapsed: 62996.312 s. Mean Reward: 9.017. Std of Reward: 28.900. Training.
[INFO] Rocket. Step: 62840000. Time Elapsed: 63011.224 s. Mean Reward: 5.477. Std of Reward: 28.974. Training.
[INFO] Rocket. Step: 62860000. Time Elapsed: 63032.224 s. Mean Reward: 17.633. Std of Reward: 20.793. Training.
[INFO] Rocket. Step: 62880000. Time Elapsed: 63048.865 s. Mean Reward: 1.985. Std of Reward: 33.256. Training.
[INFO] Rocket. Step: 62900000. Time Elapsed: 63070.381 s. Mean Reward: 7.034. Std of Reward: 32.633. Training.
[INFO] Rocket. Step: 62920000. Time Elapsed: 63086.502 s. Mean Reward: 14.231. Std of Reward: 24.859. Training.
[INFO] Rocket. Step: 62940000. Time Elapsed: 63107.713 s. Mean Reward: 6.927. Std of Reward: 31.035. Training.
[INFO] Rocket. Step: 62960000. Time Elapsed: 63122.614 s. Mean Reward: 1.074. Std of Reward: 33.925. Training.
[INFO] Rocket. Step: 62980000. Time Elapsed: 63145.382 s. Mean Reward: 4.744. Std of Reward: 32.329. Training.
[INFO] Rocket. Step: 63000000. Time Elapsed: 63160.764 s. Mean Reward: 18.671. Std of Reward: 18.190. Training.
[INFO] Exported results\L11\Rocket\Rocket-62999875.onnx
[INFO] Rocket. Step: 63020000. Time Elapsed: 63183.050 s. Mean Reward: 6.719. Std of Reward: 33.736. Training.
[INFO] Rocket. Step: 63040000. Time Elapsed: 63198.272 s. Mean Reward: 12.875. Std of Reward: 25.814. Training.
[INFO] Rocket. Step: 63060000. Time Elapsed: 63221.615 s. Mean Reward: 3.949. Std of Reward: 35.449. Training.
[INFO] Rocket. Step: 63080000. Time Elapsed: 63236.342 s. Mean Reward: 11.331. Std of Reward: 29.074. Training.
[INFO] Rocket. Step: 63100000. Time Elapsed: 63258.239 s. Mean Reward: 15.578. Std of Reward: 24.144. Training.
[INFO] Rocket. Step: 63120000. Time Elapsed: 63273.447 s. Mean Reward: 7.022. Std of Reward: 35.942. Training.
[INFO] Rocket. Step: 63140000. Time Elapsed: 63288.999 s. Mean Reward: 7.119. Std of Reward: 30.323. Training.
[INFO] Rocket. Step: 63160000. Time Elapsed: 63310.741 s. Mean Reward: 5.053. Std of Reward: 32.608. Training.
[INFO] Rocket. Step: 63180000. Time Elapsed: 63325.937 s. Mean Reward: 15.078. Std of Reward: 26.639. Training.
[INFO] Rocket. Step: 63200000. Time Elapsed: 63349.795 s. Mean Reward: 10.499. Std of Reward: 33.802. Training.
[INFO] Rocket. Step: 63220000. Time Elapsed: 63363.360 s. Mean Reward: 10.549. Std of Reward: 30.294. Training.
[INFO] Rocket. Step: 63240000. Time Elapsed: 63386.542 s. Mean Reward: 8.530. Std of Reward: 30.172. Training.
[INFO] Rocket. Step: 63260000. Time Elapsed: 63402.230 s. Mean Reward: 0.044. Std of Reward: 35.136. Training.
[INFO] Rocket. Step: 63280000. Time Elapsed: 63423.723 s. Mean Reward: 5.135. Std of Reward: 33.031. Training.
[INFO] Rocket. Step: 63300000. Time Elapsed: 63438.118 s. Mean Reward: 14.912. Std of Reward: 24.806. Training.
[INFO] Rocket. Step: 63320000. Time Elapsed: 63461.421 s. Mean Reward: -4.227. Std of Reward: 31.391. Training.
[INFO] Rocket. Step: 63340000. Time Elapsed: 63476.774 s. Mean Reward: 14.892. Std of Reward: 24.966. Training.
[INFO] Rocket. Step: 63360000. Time Elapsed: 63499.136 s. Mean Reward: 19.914. Std of Reward: 17.773. Training.
[INFO] Rocket. Step: 63380000. Time Elapsed: 63514.168 s. Mean Reward: 6.275. Std of Reward: 32.941. Training.
[INFO] Rocket. Step: 63400000. Time Elapsed: 63537.036 s. Mean Reward: 10.235. Std of Reward: 31.544. Training.
[INFO] Rocket. Step: 63420000. Time Elapsed: 63552.799 s. Mean Reward: 12.720. Std of Reward: 27.431. Training.
[INFO] Rocket. Step: 63440000. Time Elapsed: 63574.207 s. Mean Reward: 20.385. Std of Reward: 16.404. Training.
[INFO] Rocket. Step: 63460000. Time Elapsed: 63589.276 s. Mean Reward: 11.592. Std of Reward: 30.482. Training.
[INFO] Rocket. Step: 63480000. Time Elapsed: 63612.924 s. Mean Reward: 10.011. Std of Reward: 28.805. Training.
[INFO] Rocket. Step: 63500000. Time Elapsed: 63628.027 s. Mean Reward: 6.784. Std of Reward: 32.002. Training.
[INFO] Exported results\L11\Rocket\Rocket-63499789.onnx
[INFO] Rocket. Step: 63520000. Time Elapsed: 63650.830 s. Mean Reward: 14.995. Std of Reward: 26.848. Training.
[INFO] Rocket. Step: 63540000. Time Elapsed: 63665.783 s. Mean Reward: 3.644. Std of Reward: 33.851. Training.
[INFO] Rocket. Step: 63560000. Time Elapsed: 63687.386 s. Mean Reward: 9.179. Std of Reward: 34.355. Training.
[INFO] Rocket. Step: 63580000. Time Elapsed: 63702.051 s. Mean Reward: 3.040. Std of Reward: 37.138. Training.
[INFO] Rocket. Step: 63600000. Time Elapsed: 63724.144 s. Mean Reward: 14.360. Std of Reward: 28.462. Training.
[INFO] Rocket. Step: 63620000. Time Elapsed: 63739.553 s. Mean Reward: -3.444. Std of Reward: 37.143. Training.
[INFO] Rocket. Step: 63640000. Time Elapsed: 63761.141 s. Mean Reward: 12.065. Std of Reward: 27.897. Training.
[INFO] Rocket. Step: 63660000. Time Elapsed: 63777.437 s. Mean Reward: 11.315. Std of Reward: 31.065. Training.
[INFO] Rocket. Step: 63680000. Time Elapsed: 63799.930 s. Mean Reward: -0.544. Std of Reward: 33.810. Training.
[INFO] Rocket. Step: 63700000. Time Elapsed: 63815.013 s. Mean Reward: 16.023. Std of Reward: 24.500. Training.
[INFO] Rocket. Step: 63720000. Time Elapsed: 63838.058 s. Mean Reward: 13.776. Std of Reward: 25.559. Training.
[INFO] Rocket. Step: 63740000. Time Elapsed: 63851.806 s. Mean Reward: 13.151. Std of Reward: 29.795. Training.
[INFO] Rocket. Step: 63760000. Time Elapsed: 63868.294 s. Mean Reward: 6.201. Std of Reward: 34.478. Training.
[INFO] Rocket. Step: 63780000. Time Elapsed: 63889.801 s. Mean Reward: 14.703. Std of Reward: 28.822. Training.
[INFO] Rocket. Step: 63800000. Time Elapsed: 63905.229 s. Mean Reward: 12.205. Std of Reward: 29.662. Training.
[INFO] Rocket. Step: 63820000. Time Elapsed: 63927.348 s. Mean Reward: 9.384. Std of Reward: 33.211. Training.
[INFO] Rocket. Step: 63840000. Time Elapsed: 63942.712 s. Mean Reward: 2.982. Std of Reward: 35.073. Training.
[INFO] Rocket. Step: 63860000. Time Elapsed: 63965.577 s. Mean Reward: 3.312. Std of Reward: 34.727. Training.
[INFO] Rocket. Step: 63880000. Time Elapsed: 63981.791 s. Mean Reward: 12.313. Std of Reward: 28.470. Training.
[INFO] Rocket. Step: 63900000. Time Elapsed: 64002.389 s. Mean Reward: 5.230. Std of Reward: 31.312. Training.
[INFO] Rocket. Step: 63920000. Time Elapsed: 64018.701 s. Mean Reward: 10.585. Std of Reward: 31.583. Training.
[INFO] Rocket. Step: 63940000. Time Elapsed: 64038.598 s. Mean Reward: 3.372. Std of Reward: 36.663. Training.
[INFO] Rocket. Step: 63960000. Time Elapsed: 64054.325 s. Mean Reward: 3.194. Std of Reward: 34.821. Training.
[INFO] Rocket. Step: 63980000. Time Elapsed: 64077.993 s. Mean Reward: -1.557. Std of Reward: 37.968. Training.
[INFO] Rocket. Step: 64000000. Time Elapsed: 64094.020 s. Mean Reward: 2.100. Std of Reward: 34.590. Training.
[INFO] Exported results\L11\Rocket\Rocket-63999706.onnx
[INFO] Rocket. Step: 64020000. Time Elapsed: 64114.978 s. Mean Reward: 11.966. Std of Reward: 27.327. Training.
[INFO] Rocket. Step: 64040000. Time Elapsed: 64130.877 s. Mean Reward: 10.951. Std of Reward: 30.409. Training.
[INFO] Rocket. Step: 64060000. Time Elapsed: 64153.442 s. Mean Reward: 13.470. Std of Reward: 28.943. Training.
[INFO] Rocket. Step: 64080000. Time Elapsed: 64169.961 s. Mean Reward: 8.821. Std of Reward: 33.313. Training.
[INFO] Rocket. Step: 64100000. Time Elapsed: 64191.226 s. Mean Reward: 17.522. Std of Reward: 26.598. Training.
[INFO] Rocket. Step: 64120000. Time Elapsed: 64206.081 s. Mean Reward: 10.749. Std of Reward: 29.361. Training.
[INFO] Rocket. Step: 64140000. Time Elapsed: 64230.054 s. Mean Reward: 17.541. Std of Reward: 22.999. Training.
[INFO] Rocket. Step: 64160000. Time Elapsed: 64245.286 s. Mean Reward: 20.812. Std of Reward: 21.013. Training.
[INFO] Rocket. Step: 64180000. Time Elapsed: 64267.852 s. Mean Reward: 13.520. Std of Reward: 26.950. Training.
[INFO] Rocket. Step: 64200000. Time Elapsed: 64283.559 s. Mean Reward: 14.572. Std of Reward: 26.577. Training.
[INFO] Rocket. Step: 64220000. Time Elapsed: 64305.662 s. Mean Reward: 4.153. Std of Reward: 36.726. Training.
[INFO] Rocket. Step: 64240000. Time Elapsed: 64320.884 s. Mean Reward: 17.530. Std of Reward: 26.328. Training.
[INFO] Rocket. Step: 64260000. Time Elapsed: 64343.242 s. Mean Reward: 12.796. Std of Reward: 27.938. Training.
[INFO] Rocket. Step: 64280000. Time Elapsed: 64358.605 s. Mean Reward: 15.510. Std of Reward: 27.259. Training.
[INFO] Rocket. Step: 64300000. Time Elapsed: 64379.630 s. Mean Reward: 22.924. Std of Reward: 15.283. Training.
[INFO] Rocket. Step: 64320000. Time Elapsed: 64396.245 s. Mean Reward: 4.538. Std of Reward: 35.479. Training.
[INFO] Rocket. Step: 64340000. Time Elapsed: 64419.477 s. Mean Reward: 20.474. Std of Reward: 18.702. Training.
[INFO] Rocket. Step: 64360000. Time Elapsed: 64434.197 s. Mean Reward: 9.924. Std of Reward: 31.371. Training.
[INFO] Rocket. Step: 64380000. Time Elapsed: 64449.918 s. Mean Reward: 1.804. Std of Reward: 31.495. Training.
[INFO] Rocket. Step: 64400000. Time Elapsed: 64471.990 s. Mean Reward: 14.310. Std of Reward: 23.210. Training.
[INFO] Rocket. Step: 64420000. Time Elapsed: 64488.791 s. Mean Reward: 4.523. Std of Reward: 35.061. Training.
[INFO] Rocket. Step: 64440000. Time Elapsed: 64509.603 s. Mean Reward: 1.079. Std of Reward: 36.469. Training.
[INFO] Rocket. Step: 64460000. Time Elapsed: 64524.807 s. Mean Reward: 13.498. Std of Reward: 27.088. Training.
[INFO] Rocket. Step: 64480000. Time Elapsed: 64547.096 s. Mean Reward: 9.703. Std of Reward: 29.410. Training.
[INFO] Rocket. Step: 64500000. Time Elapsed: 64562.658 s. Mean Reward: 2.601. Std of Reward: 31.392. Training.
[INFO] Exported results\L11\Rocket\Rocket-64499391.onnx
[INFO] Rocket. Step: 64520000. Time Elapsed: 64584.358 s. Mean Reward: 8.468. Std of Reward: 31.000. Training.
[INFO] Rocket. Step: 64540000. Time Elapsed: 64599.764 s. Mean Reward: 6.942. Std of Reward: 29.194. Training.
[INFO] Rocket. Step: 64560000. Time Elapsed: 64621.919 s. Mean Reward: 3.231. Std of Reward: 33.491. Training.
[INFO] Rocket. Step: 64580000. Time Elapsed: 64637.761 s. Mean Reward: 1.404. Std of Reward: 30.210. Training.
[INFO] Rocket. Step: 64600000. Time Elapsed: 64660.206 s. Mean Reward: 1.843. Std of Reward: 32.768. Training.
[INFO] Rocket. Step: 64620000. Time Elapsed: 64676.193 s. Mean Reward: 7.036. Std of Reward: 32.062. Training.
[INFO] Rocket. Step: 64640000. Time Elapsed: 64698.827 s. Mean Reward: -5.579. Std of Reward: 36.057. Training.
[INFO] Rocket. Step: 64660000. Time Elapsed: 64716.450 s. Mean Reward: 16.708. Std of Reward: 22.534. Training.
[INFO] Rocket. Step: 64680000. Time Elapsed: 64739.587 s. Mean Reward: 10.782. Std of Reward: 26.498. Training.
[INFO] Rocket. Step: 64700000. Time Elapsed: 64755.411 s. Mean Reward: -2.716. Std of Reward: 35.338. Training.
[INFO] Rocket. Step: 64720000. Time Elapsed: 64778.989 s. Mean Reward: -3.320. Std of Reward: 35.610. Training.
[INFO] Rocket. Step: 64740000. Time Elapsed: 64794.430 s. Mean Reward: 12.408. Std of Reward: 26.490. Training.
[INFO] Rocket. Step: 64760000. Time Elapsed: 64816.651 s. Mean Reward: -2.487. Std of Reward: 37.022. Training.
[INFO] Rocket. Step: 64780000. Time Elapsed: 64833.507 s. Mean Reward: 7.932. Std of Reward: 31.671. Training.
[INFO] Rocket. Step: 64800000. Time Elapsed: 64855.968 s. Mean Reward: 12.718. Std of Reward: 28.457. Training.
[INFO] Rocket. Step: 64820000. Time Elapsed: 64870.988 s. Mean Reward: 11.955. Std of Reward: 25.578. Training.
[INFO] Rocket. Step: 64840000. Time Elapsed: 64893.301 s. Mean Reward: 11.429. Std of Reward: 28.556. Training.
[INFO] Rocket. Step: 64860000. Time Elapsed: 64908.646 s. Mean Reward: 10.914. Std of Reward: 29.194. Training.
[INFO] Rocket. Step: 64880000. Time Elapsed: 64931.115 s. Mean Reward: 16.460. Std of Reward: 21.465. Training.
[INFO] Rocket. Step: 64900000. Time Elapsed: 64945.820 s. Mean Reward: 18.705. Std of Reward: 24.467. Training.
[INFO] Rocket. Step: 64920000. Time Elapsed: 64969.408 s. Mean Reward: 8.535. Std of Reward: 30.188. Training.
[INFO] Rocket. Step: 64940000. Time Elapsed: 64984.292 s. Mean Reward: 17.054. Std of Reward: 21.038. Training.
[INFO] Rocket. Step: 64960000. Time Elapsed: 65006.144 s. Mean Reward: 14.400. Std of Reward: 26.733. Training.
[INFO] Rocket. Step: 64980000. Time Elapsed: 65022.171 s. Mean Reward: 7.303. Std of Reward: 29.454. Training.
[INFO] Rocket. Step: 65000000. Time Elapsed: 65044.713 s. Mean Reward: -4.753. Std of Reward: 33.720. Training.
[INFO] Exported results\L11\Rocket\Rocket-64999765.onnx
[INFO] Rocket. Step: 65020000. Time Elapsed: 65059.666 s. Mean Reward: 12.330. Std of Reward: 28.312. Training.
[INFO] Rocket. Step: 65040000. Time Elapsed: 65083.543 s. Mean Reward: 5.054. Std of Reward: 31.219. Training.
[INFO] Rocket. Step: 65060000. Time Elapsed: 65095.737 s. Mean Reward: 20.146. Std of Reward: 17.661. Training.
[INFO] Rocket. Step: 65080000. Time Elapsed: 65113.282 s. Mean Reward: 5.799. Std of Reward: 31.843. Training.
[INFO] Rocket. Step: 65100000. Time Elapsed: 65134.829 s. Mean Reward: 6.325. Std of Reward: 31.101. Training.
[INFO] Rocket. Step: 65120000. Time Elapsed: 65150.416 s. Mean Reward: 16.485. Std of Reward: 19.754. Training.
[INFO] Rocket. Step: 65140000. Time Elapsed: 65173.198 s. Mean Reward: 10.672. Std of Reward: 29.840. Training.
[INFO] Rocket. Step: 65160000. Time Elapsed: 65188.899 s. Mean Reward: 7.579. Std of Reward: 27.362. Training.
[INFO] Rocket. Step: 65180000. Time Elapsed: 65211.565 s. Mean Reward: 13.468. Std of Reward: 25.192. Training.
[INFO] Rocket. Step: 65200000. Time Elapsed: 65226.511 s. Mean Reward: 13.442. Std of Reward: 24.243. Training.
[INFO] Rocket. Step: 65220000. Time Elapsed: 65248.854 s. Mean Reward: 3.860. Std of Reward: 32.760. Training.
[INFO] Rocket. Step: 65240000. Time Elapsed: 65264.659 s. Mean Reward: 6.069. Std of Reward: 32.661. Training.
[INFO] Rocket. Step: 65260000. Time Elapsed: 65286.004 s. Mean Reward: 8.472. Std of Reward: 33.421. Training.
[INFO] Rocket. Step: 65280000. Time Elapsed: 65301.850 s. Mean Reward: 2.802. Std of Reward: 32.768. Training.
[INFO] Rocket. Step: 65300000. Time Elapsed: 65323.501 s. Mean Reward: 9.009. Std of Reward: 30.092. Training.
[INFO] Rocket. Step: 65320000. Time Elapsed: 65338.185 s. Mean Reward: 8.501. Std of Reward: 30.793. Training.
[INFO] Rocket. Step: 65340000. Time Elapsed: 65361.552 s. Mean Reward: 3.800. Std of Reward: 32.851. Training.
[INFO] Rocket. Step: 65360000. Time Elapsed: 65375.813 s. Mean Reward: -2.885. Std of Reward: 36.219. Training.
[INFO] Rocket. Step: 65380000. Time Elapsed: 65399.121 s. Mean Reward: 9.718. Std of Reward: 32.069. Training.
[INFO] Rocket. Step: 65400000. Time Elapsed: 65414.075 s. Mean Reward: 3.640. Std of Reward: 33.488. Training.
[INFO] Rocket. Step: 65420000. Time Elapsed: 65436.661 s. Mean Reward: 13.574. Std of Reward: 28.337. Training.
[INFO] Rocket. Step: 65440000. Time Elapsed: 65452.436 s. Mean Reward: 15.264. Std of Reward: 28.529. Training.
[INFO] Rocket. Step: 65460000. Time Elapsed: 65475.352 s. Mean Reward: 8.281. Std of Reward: 33.318. Training.
[INFO] Rocket. Step: 65480000. Time Elapsed: 65489.608 s. Mean Reward: 10.894. Std of Reward: 28.582. Training.
[INFO] Rocket. Step: 65500000. Time Elapsed: 65512.406 s. Mean Reward: 8.419. Std of Reward: 30.139. Training.
[INFO] Exported results\L11\Rocket\Rocket-65499905.onnx
[INFO] Rocket. Step: 65520000. Time Elapsed: 65528.684 s. Mean Reward: 8.106. Std of Reward: 31.721. Training.
[INFO] Rocket. Step: 65540000. Time Elapsed: 65550.544 s. Mean Reward: 10.304. Std of Reward: 32.396. Training.
[INFO] Rocket. Step: 65560000. Time Elapsed: 65565.401 s. Mean Reward: 13.610. Std of Reward: 27.256. Training.
[INFO] Rocket. Step: 65580000. Time Elapsed: 65588.781 s. Mean Reward: 1.375. Std of Reward: 34.791. Training.
[INFO] Rocket. Step: 65600000. Time Elapsed: 65602.860 s. Mean Reward: 13.551. Std of Reward: 28.976. Training.
[INFO] Rocket. Step: 65620000. Time Elapsed: 65626.971 s. Mean Reward: 12.742. Std of Reward: 29.436. Training.
[INFO] Rocket. Step: 65640000. Time Elapsed: 65641.074 s. Mean Reward: 12.873. Std of Reward: 28.163. Training.
[INFO] Rocket. Step: 65660000. Time Elapsed: 65657.696 s. Mean Reward: 12.643. Std of Reward: 27.094. Training.
[INFO] Rocket. Step: 65680000. Time Elapsed: 65679.097 s. Mean Reward: 11.232. Std of Reward: 30.606. Training.
[INFO] Rocket. Step: 65700000. Time Elapsed: 65695.191 s. Mean Reward: 6.756. Std of Reward: 32.375. Training.
[INFO] Rocket. Step: 65720000. Time Elapsed: 65716.289 s. Mean Reward: 13.542. Std of Reward: 26.413. Training.
[INFO] Rocket. Step: 65740000. Time Elapsed: 65732.502 s. Mean Reward: 11.054. Std of Reward: 28.400. Training.
[INFO] Rocket. Step: 65760000. Time Elapsed: 65754.088 s. Mean Reward: 11.393. Std of Reward: 26.501. Training.
[INFO] Rocket. Step: 65780000. Time Elapsed: 65771.237 s. Mean Reward: 8.923. Std of Reward: 30.161. Training.
[INFO] Rocket. Step: 65800000. Time Elapsed: 65792.676 s. Mean Reward: 10.240. Std of Reward: 28.932. Training.
[INFO] Rocket. Step: 65820000. Time Elapsed: 65809.305 s. Mean Reward: 13.640. Std of Reward: 29.159. Training.
[INFO] Rocket. Step: 65840000. Time Elapsed: 65830.095 s. Mean Reward: 5.405. Std of Reward: 31.470. Training.
[INFO] Rocket. Step: 65860000. Time Elapsed: 65845.941 s. Mean Reward: 6.608. Std of Reward: 31.143. Training.
[INFO] Rocket. Step: 65880000. Time Elapsed: 65868.818 s. Mean Reward: 5.346. Std of Reward: 33.929. Training.
[INFO] Rocket. Step: 65900000. Time Elapsed: 65883.563 s. Mean Reward: 6.981. Std of Reward: 30.345. Training.
[INFO] Rocket. Step: 65920000. Time Elapsed: 65907.419 s. Mean Reward: 14.264. Std of Reward: 24.764. Training.
[INFO] Rocket. Step: 65940000. Time Elapsed: 65921.448 s. Mean Reward: 0.683. Std of Reward: 35.639. Training.
[INFO] Rocket. Step: 65960000. Time Elapsed: 65943.258 s. Mean Reward: 13.501. Std of Reward: 27.724. Training.
[INFO] Rocket. Step: 65980000. Time Elapsed: 65959.697 s. Mean Reward: 5.906. Std of Reward: 31.923. Training.
[INFO] Rocket. Step: 66000000. Time Elapsed: 65981.764 s. Mean Reward: 21.123. Std of Reward: 22.268. Training.
[INFO] Exported results\L11\Rocket\Rocket-65999986.onnx
[INFO] Rocket. Step: 66020000. Time Elapsed: 65996.538 s. Mean Reward: 10.540. Std of Reward: 32.153. Training.
[INFO] Rocket. Step: 66040000. Time Elapsed: 66019.912 s. Mean Reward: 9.708. Std of Reward: 30.573. Training.
[INFO] Rocket. Step: 66060000. Time Elapsed: 66035.610 s. Mean Reward: 8.337. Std of Reward: 30.403. Training.
[INFO] Rocket. Step: 66080000. Time Elapsed: 66057.432 s. Mean Reward: 20.554. Std of Reward: 17.917. Training.
[INFO] Rocket. Step: 66100000. Time Elapsed: 66071.515 s. Mean Reward: 8.540. Std of Reward: 30.905. Training.
[INFO] Rocket. Step: 66120000. Time Elapsed: 66094.985 s. Mean Reward: 22.509. Std of Reward: 20.336. Training.
[INFO] Rocket. Step: 66140000. Time Elapsed: 66109.698 s. Mean Reward: 5.602. Std of Reward: 35.147. Training.
[INFO] Rocket. Step: 66160000. Time Elapsed: 66132.282 s. Mean Reward: 1.253. Std of Reward: 37.262. Training.
[INFO] Rocket. Step: 66180000. Time Elapsed: 66147.014 s. Mean Reward: 15.254. Std of Reward: 26.391. Training.
[INFO] Rocket. Step: 66200000. Time Elapsed: 66169.796 s. Mean Reward: 3.212. Std of Reward: 33.667. Training.
[INFO] Rocket. Step: 66220000. Time Elapsed: 66185.142 s. Mean Reward: 14.833. Std of Reward: 22.912. Training.
[INFO] Rocket. Step: 66240000. Time Elapsed: 66209.790 s. Mean Reward: 2.246. Std of Reward: 32.061. Training.
[INFO] Rocket. Step: 66260000. Time Elapsed: 66223.744 s. Mean Reward: 15.308. Std of Reward: 25.754. Training.
[INFO] Rocket. Step: 66280000. Time Elapsed: 66238.522 s. Mean Reward: 12.885. Std of Reward: 28.199. Training.
[INFO] Rocket. Step: 66300000. Time Elapsed: 66262.883 s. Mean Reward: 13.421. Std of Reward: 25.353. Training.
[INFO] Rocket. Step: 66320000. Time Elapsed: 66278.639 s. Mean Reward: 19.259. Std of Reward: 22.712. Training.
[INFO] Rocket. Step: 66340000. Time Elapsed: 66301.071 s. Mean Reward: 19.328. Std of Reward: 23.983. Training.
[INFO] Rocket. Step: 66360000. Time Elapsed: 66316.769 s. Mean Reward: 17.065. Std of Reward: 21.645. Training.
[INFO] Rocket. Step: 66380000. Time Elapsed: 66338.663 s. Mean Reward: 9.603. Std of Reward: 30.490. Training.
[INFO] Rocket. Step: 66400000. Time Elapsed: 66354.343 s. Mean Reward: 14.542. Std of Reward: 29.463. Training.
[INFO] Rocket. Step: 66420000. Time Elapsed: 66377.109 s. Mean Reward: 3.152. Std of Reward: 34.328. Training.
[INFO] Rocket. Step: 66440000. Time Elapsed: 66393.738 s. Mean Reward: 8.841. Std of Reward: 28.678. Training.
[INFO] Rocket. Step: 66460000. Time Elapsed: 66417.218 s. Mean Reward: 15.873. Std of Reward: 25.666. Training.
[INFO] Rocket. Step: 66480000. Time Elapsed: 66431.972 s. Mean Reward: 5.601. Std of Reward: 32.215. Training.
[INFO] Rocket. Step: 66500000. Time Elapsed: 66454.167 s. Mean Reward: 5.420. Std of Reward: 33.651. Training.
[INFO] Exported results\L11\Rocket\Rocket-66499848.onnx
[INFO] Rocket. Step: 66520000. Time Elapsed: 66470.633 s. Mean Reward: 9.452. Std of Reward: 25.295. Training.
[INFO] Rocket. Step: 66540000. Time Elapsed: 66492.814 s. Mean Reward: 11.492. Std of Reward: 27.560. Training.
[INFO] Rocket. Step: 66560000. Time Elapsed: 66508.786 s. Mean Reward: 7.465. Std of Reward: 31.828. Training.
[INFO] Rocket. Step: 66580000. Time Elapsed: 66532.500 s. Mean Reward: 12.106. Std of Reward: 26.755. Training.
[INFO] Rocket. Step: 66600000. Time Elapsed: 66547.509 s. Mean Reward: 14.931. Std of Reward: 25.512. Training.
[INFO] Rocket. Step: 66620000. Time Elapsed: 66569.243 s. Mean Reward: 18.419. Std of Reward: 24.119. Training.
[INFO] Rocket. Step: 66640000. Time Elapsed: 66585.277 s. Mean Reward: 14.992. Std of Reward: 24.662. Training.
[INFO] Rocket. Step: 66660000. Time Elapsed: 66607.573 s. Mean Reward: 6.248. Std of Reward: 29.301. Training.
[INFO] Rocket. Step: 66680000. Time Elapsed: 66621.489 s. Mean Reward: -3.758. Std of Reward: 36.175. Training.
[INFO] Rocket. Step: 66700000. Time Elapsed: 66644.425 s. Mean Reward: 7.974. Std of Reward: 32.821. Training.
[INFO] Rocket. Step: 66720000. Time Elapsed: 66659.620 s. Mean Reward: 9.907. Std of Reward: 34.391. Training.
[INFO] Rocket. Step: 66740000. Time Elapsed: 66682.882 s. Mean Reward: 12.150. Std of Reward: 27.690. Training.
[INFO] Rocket. Step: 66760000. Time Elapsed: 66697.750 s. Mean Reward: 7.829. Std of Reward: 30.922. Training.
[INFO] Rocket. Step: 66780000. Time Elapsed: 66719.346 s. Mean Reward: 16.451. Std of Reward: 30.185. Training.
[INFO] Rocket. Step: 66800000. Time Elapsed: 66734.919 s. Mean Reward: 17.692. Std of Reward: 22.517. Training.
[INFO] Rocket. Step: 66820000. Time Elapsed: 66757.780 s. Mean Reward: 9.929. Std of Reward: 33.683. Training.
[INFO] Rocket. Step: 66840000. Time Elapsed: 66772.125 s. Mean Reward: 14.848. Std of Reward: 26.658. Training.
[INFO] Rocket. Step: 66860000. Time Elapsed: 66794.987 s. Mean Reward: 20.536. Std of Reward: 20.503. Training.
[INFO] Rocket. Step: 66880000. Time Elapsed: 66811.356 s. Mean Reward: 8.871. Std of Reward: 32.864. Training.
[INFO] Rocket. Step: 66900000. Time Elapsed: 66833.721 s. Mean Reward: 0.103. Std of Reward: 36.827. Training.
[INFO] Rocket. Step: 66920000. Time Elapsed: 66847.862 s. Mean Reward: 9.021. Std of Reward: 29.935. Training.
[INFO] Rocket. Step: 66940000. Time Elapsed: 66863.795 s. Mean Reward: 16.008. Std of Reward: 23.918. Training.
[INFO] Rocket. Step: 66960000. Time Elapsed: 66885.852 s. Mean Reward: 17.872. Std of Reward: 23.614. Training.
[INFO] Rocket. Step: 66980000. Time Elapsed: 66900.907 s. Mean Reward: 12.847. Std of Reward: 25.703. Training.
[INFO] Rocket. Step: 67000000. Time Elapsed: 66923.622 s. Mean Reward: 9.200. Std of Reward: 30.400. Training.
[INFO] Exported results\L11\Rocket\Rocket-66999899.onnx
[INFO] Rocket. Step: 67020000. Time Elapsed: 66939.353 s. Mean Reward: 5.029. Std of Reward: 37.412. Training.
[INFO] Rocket. Step: 67040000. Time Elapsed: 66960.069 s. Mean Reward: 5.990. Std of Reward: 36.430. Training.
[INFO] Rocket. Step: 67060000. Time Elapsed: 66976.146 s. Mean Reward: 9.572. Std of Reward: 32.902. Training.
[INFO] Rocket. Step: 67080000. Time Elapsed: 66998.000 s. Mean Reward: -6.796. Std of Reward: 39.519. Training.
[INFO] Rocket. Step: 67100000. Time Elapsed: 67012.540 s. Mean Reward: 1.119. Std of Reward: 34.991. Training.
[INFO] Rocket. Step: 67120000. Time Elapsed: 67035.441 s. Mean Reward: 12.603. Std of Reward: 31.193. Training.
[INFO] Rocket. Step: 67140000. Time Elapsed: 67051.468 s. Mean Reward: 11.113. Std of Reward: 29.315. Training.
[INFO] Rocket. Step: 67160000. Time Elapsed: 67073.878 s. Mean Reward: 10.589. Std of Reward: 27.623. Training.
[INFO] Rocket. Step: 67180000. Time Elapsed: 67089.604 s. Mean Reward: 0.681. Std of Reward: 35.334. Training.
[INFO] Rocket. Step: 67200000. Time Elapsed: 67110.198 s. Mean Reward: 8.848. Std of Reward: 30.903. Training.
[INFO] Rocket. Step: 67220000. Time Elapsed: 67126.826 s. Mean Reward: 19.064. Std of Reward: 23.533. Training.
[INFO] Rocket. Step: 67240000. Time Elapsed: 67148.032 s. Mean Reward: 12.447. Std of Reward: 29.046. Training.
[INFO] Rocket. Step: 67260000. Time Elapsed: 67165.220 s. Mean Reward: 14.892. Std of Reward: 27.607. Training.
[INFO] Rocket. Step: 67280000. Time Elapsed: 67185.481 s. Mean Reward: 13.012. Std of Reward: 30.307. Training.
[INFO] Rocket. Step: 67300000. Time Elapsed: 67201.897 s. Mean Reward: 20.913. Std of Reward: 22.630. Training.
[INFO] Rocket. Step: 67320000. Time Elapsed: 67223.561 s. Mean Reward: 18.655. Std of Reward: 22.017. Training.
[INFO] Rocket. Step: 67340000. Time Elapsed: 67239.558 s. Mean Reward: 12.139. Std of Reward: 33.351. Training.
[INFO] Rocket. Step: 67360000. Time Elapsed: 67261.194 s. Mean Reward: 3.169. Std of Reward: 33.017. Training.
[INFO] Rocket. Step: 67380000. Time Elapsed: 67276.258 s. Mean Reward: 5.840. Std of Reward: 31.765. Training.
[INFO] Rocket. Step: 67400000. Time Elapsed: 67298.747 s. Mean Reward: 17.477. Std of Reward: 25.573. Training.
[INFO] Rocket. Step: 67420000. Time Elapsed: 67315.115 s. Mean Reward: 3.463. Std of Reward: 35.218. Training.
[INFO] Rocket. Step: 67440000. Time Elapsed: 67335.521 s. Mean Reward: 23.549. Std of Reward: 11.434. Training.
[INFO] Rocket. Step: 67460000. Time Elapsed: 67352.166 s. Mean Reward: 12.130. Std of Reward: 30.553. Training.
[INFO] Rocket. Step: 67480000. Time Elapsed: 67373.783 s. Mean Reward: 17.576. Std of Reward: 23.587. Training.
[INFO] Rocket. Step: 67500000. Time Elapsed: 67388.766 s. Mean Reward: 16.287. Std of Reward: 24.307. Training.
[INFO] Exported results\L11\Rocket\Rocket-67499306.onnx
[INFO] Rocket. Step: 67520000. Time Elapsed: 67411.640 s. Mean Reward: 11.388. Std of Reward: 31.343. Training.
[INFO] Rocket. Step: 67540000. Time Elapsed: 67426.473 s. Mean Reward: 19.063. Std of Reward: 22.189. Training.
[INFO] Rocket. Step: 67560000. Time Elapsed: 67449.513 s. Mean Reward: -5.580. Std of Reward: 37.627. Training.
[INFO] Rocket. Step: 67580000. Time Elapsed: 67463.480 s. Mean Reward: 0.378. Std of Reward: 37.137. Training.
[INFO] Rocket. Step: 67600000. Time Elapsed: 67480.464 s. Mean Reward: 15.065. Std of Reward: 28.752. Training.
[INFO] Rocket. Step: 67620000. Time Elapsed: 67501.060 s. Mean Reward: 7.201. Std of Reward: 34.127. Training.
[INFO] Rocket. Step: 67640000. Time Elapsed: 67515.895 s. Mean Reward: 9.581. Std of Reward: 33.528. Training.
[INFO] Rocket. Step: 67660000. Time Elapsed: 67537.972 s. Mean Reward: 2.328. Std of Reward: 35.727. Training.
[INFO] Rocket. Step: 67680000. Time Elapsed: 67555.031 s. Mean Reward: 21.816. Std of Reward: 17.517. Training.
[INFO] Rocket. Step: 67700000. Time Elapsed: 67576.668 s. Mean Reward: 9.451. Std of Reward: 29.381. Training.
[INFO] Rocket. Step: 67720000. Time Elapsed: 67591.973 s. Mean Reward: 15.821. Std of Reward: 26.362. Training.
[INFO] Rocket. Step: 67740000. Time Elapsed: 67613.433 s. Mean Reward: 7.545. Std of Reward: 31.061. Training.
[INFO] Rocket. Step: 67760000. Time Elapsed: 67629.907 s. Mean Reward: 2.325. Std of Reward: 33.321. Training.
[INFO] Rocket. Step: 67780000. Time Elapsed: 67652.085 s. Mean Reward: 14.104. Std of Reward: 26.189. Training.
[INFO] Rocket. Step: 67800000. Time Elapsed: 67667.607 s. Mean Reward: 15.835. Std of Reward: 23.566. Training.
[INFO] Rocket. Step: 67820000. Time Elapsed: 67688.072 s. Mean Reward: 10.857. Std of Reward: 26.422. Training.
[INFO] Rocket. Step: 67840000. Time Elapsed: 67704.390 s. Mean Reward: 11.574. Std of Reward: 29.766. Training.
[INFO] Rocket. Step: 67860000. Time Elapsed: 67726.246 s. Mean Reward: 13.124. Std of Reward: 30.455. Training.
[INFO] Rocket. Step: 67880000. Time Elapsed: 67741.044 s. Mean Reward: 18.017. Std of Reward: 26.378. Training.
[INFO] Rocket. Step: 67900000. Time Elapsed: 67764.162 s. Mean Reward: 20.674. Std of Reward: 19.173. Training.
[INFO] Rocket. Step: 67920000. Time Elapsed: 67778.725 s. Mean Reward: 10.697. Std of Reward: 32.455. Training.
[INFO] Rocket. Step: 67940000. Time Elapsed: 67802.081 s. Mean Reward: 7.704. Std of Reward: 31.611. Training.
[INFO] Rocket. Step: 67960000. Time Elapsed: 67817.721 s. Mean Reward: 11.501. Std of Reward: 28.883. Training.
[INFO] Rocket. Step: 67980000. Time Elapsed: 67838.734 s. Mean Reward: 12.475. Std of Reward: 30.723. Training.
[INFO] Rocket. Step: 68000000. Time Elapsed: 67854.250 s. Mean Reward: 7.590. Std of Reward: 30.790. Training.
[INFO] Exported results\L11\Rocket\Rocket-67999722.onnx
[INFO] Rocket. Step: 68020000. Time Elapsed: 67877.348 s. Mean Reward: 10.879. Std of Reward: 32.398. Training.
[INFO] Rocket. Step: 68040000. Time Elapsed: 67891.714 s. Mean Reward: 5.775. Std of Reward: 32.995. Training.
[INFO] Rocket. Step: 68060000. Time Elapsed: 67912.359 s. Mean Reward: 4.300. Std of Reward: 32.007. Training.
[INFO] Rocket. Step: 68080000. Time Elapsed: 67928.536 s. Mean Reward: 9.441. Std of Reward: 31.591. Training.
[INFO] Rocket. Step: 68100000. Time Elapsed: 67950.765 s. Mean Reward: 16.830. Std of Reward: 25.142. Training.
[INFO] Rocket. Step: 68120000. Time Elapsed: 67965.157 s. Mean Reward: 16.637. Std of Reward: 25.450. Training.
[INFO] Rocket. Step: 68140000. Time Elapsed: 67987.892 s. Mean Reward: 0.087. Std of Reward: 32.687. Training.
[INFO] Rocket. Step: 68160000. Time Elapsed: 68003.637 s. Mean Reward: 12.571. Std of Reward: 29.994. Training.
[INFO] Rocket. Step: 68180000. Time Elapsed: 68025.908 s. Mean Reward: 19.411. Std of Reward: 22.786. Training.
[INFO] Rocket. Step: 68200000. Time Elapsed: 68041.122 s. Mean Reward: 13.613. Std of Reward: 27.688. Training.
[INFO] Rocket. Step: 68220000. Time Elapsed: 68066.226 s. Mean Reward: 13.910. Std of Reward: 28.177. Training.
[INFO] Rocket. Step: 68240000. Time Elapsed: 68078.828 s. Mean Reward: 11.175. Std of Reward: 29.428. Training.
[INFO] Rocket. Step: 68260000. Time Elapsed: 68093.111 s. Mean Reward: 15.558. Std of Reward: 22.486. Training.
[INFO] Rocket. Step: 68280000. Time Elapsed: 68114.554 s. Mean Reward: 10.315. Std of Reward: 32.164. Training.
[INFO] Rocket. Step: 68300000. Time Elapsed: 68131.502 s. Mean Reward: 14.594. Std of Reward: 29.770. Training.
[INFO] Rocket. Step: 68320000. Time Elapsed: 68151.625 s. Mean Reward: 2.583. Std of Reward: 37.607. Training.
[INFO] Rocket. Step: 68340000. Time Elapsed: 68167.890 s. Mean Reward: 11.448. Std of Reward: 33.128. Training.
[INFO] Rocket. Step: 68360000. Time Elapsed: 68189.973 s. Mean Reward: 9.912. Std of Reward: 28.800. Training.
[INFO] Rocket. Step: 68380000. Time Elapsed: 68205.970 s. Mean Reward: 17.913. Std of Reward: 22.967. Training.
[INFO] Rocket. Step: 68400000. Time Elapsed: 68228.391 s. Mean Reward: 14.802. Std of Reward: 29.610. Training.
[INFO] Rocket. Step: 68420000. Time Elapsed: 68243.197 s. Mean Reward: 16.858. Std of Reward: 24.824. Training.
[INFO] Rocket. Step: 68440000. Time Elapsed: 68265.006 s. Mean Reward: 16.843. Std of Reward: 23.771. Training.
[INFO] Rocket. Step: 68460000. Time Elapsed: 68281.165 s. Mean Reward: 12.946. Std of Reward: 26.155. Training.
[INFO] Rocket. Step: 68480000. Time Elapsed: 68304.320 s. Mean Reward: 15.140. Std of Reward: 27.307. Training.
[INFO] Rocket. Step: 68500000. Time Elapsed: 68318.783 s. Mean Reward: 14.014. Std of Reward: 27.834. Training.
[INFO] Exported results\L11\Rocket\Rocket-68499549.onnx
[INFO] Rocket. Step: 68520000. Time Elapsed: 68340.131 s. Mean Reward: 21.783. Std of Reward: 20.397. Training.
[INFO] Rocket. Step: 68540000. Time Elapsed: 68356.236 s. Mean Reward: 12.692. Std of Reward: 27.901. Training.
[INFO] Rocket. Step: 68560000. Time Elapsed: 68376.733 s. Mean Reward: 5.792. Std of Reward: 37.891. Training.
[INFO] Rocket. Step: 68580000. Time Elapsed: 68393.767 s. Mean Reward: 10.618. Std of Reward: 32.004. Training.
[INFO] Rocket. Step: 68600000. Time Elapsed: 68415.707 s. Mean Reward: 9.533. Std of Reward: 34.304. Training.
[INFO] Rocket. Step: 68620000. Time Elapsed: 68431.468 s. Mean Reward: 5.315. Std of Reward: 33.112. Training.
[INFO] Rocket. Step: 68640000. Time Elapsed: 68451.805 s. Mean Reward: 15.634. Std of Reward: 26.053. Training.
[INFO] Rocket. Step: 68660000. Time Elapsed: 68467.531 s. Mean Reward: 14.744. Std of Reward: 26.577. Training.
[INFO] Rocket. Step: 68680000. Time Elapsed: 68491.050 s. Mean Reward: 2.916. Std of Reward: 36.556. Training.
[INFO] Rocket. Step: 68700000. Time Elapsed: 68505.351 s. Mean Reward: 16.637. Std of Reward: 20.014. Training.
[INFO] Rocket. Step: 68720000. Time Elapsed: 68527.584 s. Mean Reward: 15.414. Std of Reward: 24.519. Training.
[INFO] Rocket. Step: 68740000. Time Elapsed: 68543.720 s. Mean Reward: 14.719. Std of Reward: 25.417. Training.
[INFO] Rocket. Step: 68760000. Time Elapsed: 68565.665 s. Mean Reward: 9.528. Std of Reward: 31.963. Training.
[INFO] Rocket. Step: 68780000. Time Elapsed: 68579.571 s. Mean Reward: 6.095. Std of Reward: 32.904. Training.
[INFO] Rocket. Step: 68800000. Time Elapsed: 68603.852 s. Mean Reward: 21.332. Std of Reward: 20.336. Training.
[INFO] Rocket. Step: 68820000. Time Elapsed: 68618.511 s. Mean Reward: 12.901. Std of Reward: 28.886. Training.
[INFO] Rocket. Step: 68840000. Time Elapsed: 68641.224 s. Mean Reward: 17.702. Std of Reward: 23.899. Training.
[INFO] Rocket. Step: 68860000. Time Elapsed: 68655.023 s. Mean Reward: 16.226. Std of Reward: 24.906. Training.
[INFO] Rocket. Step: 68880000. Time Elapsed: 68671.099 s. Mean Reward: 3.923. Std of Reward: 34.987. Training.
[INFO] Rocket. Step: 68900000. Time Elapsed: 68693.545 s. Mean Reward: 11.364. Std of Reward: 31.511. Training.
[INFO] Rocket. Step: 68920000. Time Elapsed: 68707.927 s. Mean Reward: 4.351. Std of Reward: 32.893. Training.
[INFO] Rocket. Step: 68940000. Time Elapsed: 68731.872 s. Mean Reward: 24.775. Std of Reward: 4.801. Training.
[INFO] Rocket. Step: 68960000. Time Elapsed: 68746.363 s. Mean Reward: 10.358. Std of Reward: 32.652. Training.
[INFO] Rocket. Step: 68980000. Time Elapsed: 68767.909 s. Mean Reward: 15.591. Std of Reward: 24.215. Training.
[INFO] Rocket. Step: 69000000. Time Elapsed: 68781.871 s. Mean Reward: 2.524. Std of Reward: 38.328. Training.
[INFO] Exported results\L11\Rocket\Rocket-68999359.onnx
[INFO] Rocket. Step: 69020000. Time Elapsed: 68804.842 s. Mean Reward: 4.764. Std of Reward: 29.209. Training.
[INFO] Rocket. Step: 69040000. Time Elapsed: 68821.282 s. Mean Reward: 8.626. Std of Reward: 32.232. Training.
[INFO] Rocket. Step: 69060000. Time Elapsed: 68841.398 s. Mean Reward: 16.758. Std of Reward: 24.212. Training.
[INFO] Rocket. Step: 69080000. Time Elapsed: 68858.502 s. Mean Reward: -4.592. Std of Reward: 37.930. Training.
[INFO] Rocket. Step: 69100000. Time Elapsed: 68880.325 s. Mean Reward: 3.523. Std of Reward: 37.485. Training.
[INFO] Rocket. Step: 69120000. Time Elapsed: 68896.341 s. Mean Reward: 6.660. Std of Reward: 34.505. Training.
[INFO] Rocket. Step: 69140000. Time Elapsed: 68916.522 s. Mean Reward: 5.938. Std of Reward: 34.057. Training.
[INFO] Rocket. Step: 69160000. Time Elapsed: 68933.186 s. Mean Reward: 13.383. Std of Reward: 29.338. Training.
[INFO] Rocket. Step: 69180000. Time Elapsed: 68955.653 s. Mean Reward: 10.006. Std of Reward: 32.418. Training.
[INFO] Rocket. Step: 69200000. Time Elapsed: 68969.914 s. Mean Reward: 9.694. Std of Reward: 27.750. Training.
[INFO] Rocket. Step: 69220000. Time Elapsed: 68991.606 s. Mean Reward: 2.743. Std of Reward: 37.777. Training.
[INFO] Rocket. Step: 69240000. Time Elapsed: 69007.437 s. Mean Reward: 1.219. Std of Reward: 34.044. Training.
[INFO] Rocket. Step: 69260000. Time Elapsed: 69029.379 s. Mean Reward: 3.804. Std of Reward: 33.608. Training.
[INFO] Rocket. Step: 69280000. Time Elapsed: 69045.212 s. Mean Reward: 12.527. Std of Reward: 27.808. Training.
[INFO] Rocket. Step: 69300000. Time Elapsed: 69067.026 s. Mean Reward: 14.484. Std of Reward: 25.233. Training.
[INFO] Rocket. Step: 69320000. Time Elapsed: 69082.322 s. Mean Reward: 6.007. Std of Reward: 34.480. Training.
[INFO] Rocket. Step: 69340000. Time Elapsed: 69105.629 s. Mean Reward: 10.210. Std of Reward: 31.552. Training.
[INFO] Rocket. Step: 69360000. Time Elapsed: 69119.246 s. Mean Reward: 14.425. Std of Reward: 30.622. Training.
[INFO] Rocket. Step: 69380000. Time Elapsed: 69141.724 s. Mean Reward: 7.128. Std of Reward: 33.057. Training.
[INFO] Rocket. Step: 69400000. Time Elapsed: 69156.711 s. Mean Reward: 3.830. Std of Reward: 37.251. Training.
[INFO] Rocket. Step: 69420000. Time Elapsed: 69177.731 s. Mean Reward: 8.921. Std of Reward: 32.212. Training.
[INFO] Rocket. Step: 69440000. Time Elapsed: 69193.549 s. Mean Reward: 9.043. Std of Reward: 31.620. Training.
[INFO] Rocket. Step: 69460000. Time Elapsed: 69209.232 s. Mean Reward: 14.005. Std of Reward: 27.215. Training.
[INFO] Rocket. Step: 69480000. Time Elapsed: 69230.458 s. Mean Reward: 13.617. Std of Reward: 30.732. Training.
[INFO] Rocket. Step: 69500000. Time Elapsed: 69245.788 s. Mean Reward: 12.675. Std of Reward: 31.611. Training.
[INFO] Exported results\L11\Rocket\Rocket-69499089.onnx
[INFO] Rocket. Step: 69520000. Time Elapsed: 69267.376 s. Mean Reward: 8.804. Std of Reward: 33.952. Training.
[INFO] Rocket. Step: 69540000. Time Elapsed: 69282.916 s. Mean Reward: 18.370. Std of Reward: 23.378. Training.
[INFO] Rocket. Step: 69560000. Time Elapsed: 69304.322 s. Mean Reward: -2.388. Std of Reward: 39.558. Training.
[INFO] Rocket. Step: 69580000. Time Elapsed: 69321.419 s. Mean Reward: 9.790. Std of Reward: 32.703. Training.
[INFO] Rocket. Step: 69600000. Time Elapsed: 69342.924 s. Mean Reward: 3.370. Std of Reward: 34.639. Training.
[INFO] Rocket. Step: 69620000. Time Elapsed: 69356.642 s. Mean Reward: -1.731. Std of Reward: 36.877. Training.
[INFO] Rocket. Step: 69640000. Time Elapsed: 69380.283 s. Mean Reward: 9.863. Std of Reward: 31.510. Training.
[INFO] Rocket. Step: 69660000. Time Elapsed: 69395.874 s. Mean Reward: 9.487. Std of Reward: 30.149. Training.
[INFO] Rocket. Step: 69680000. Time Elapsed: 69416.188 s. Mean Reward: 14.331. Std of Reward: 24.830. Training.
[INFO] Rocket. Step: 69700000. Time Elapsed: 69431.681 s. Mean Reward: 8.612. Std of Reward: 29.841. Training.
[INFO] Rocket. Step: 69720000. Time Elapsed: 69455.252 s. Mean Reward: -0.385. Std of Reward: 36.746. Training.
[INFO] Rocket. Step: 69740000. Time Elapsed: 69468.713 s. Mean Reward: 7.914. Std of Reward: 31.406. Training.
[INFO] Rocket. Step: 69760000. Time Elapsed: 69492.031 s. Mean Reward: 7.947. Std of Reward: 33.138. Training.
[INFO] Rocket. Step: 69780000. Time Elapsed: 69506.978 s. Mean Reward: 13.261. Std of Reward: 27.507. Training.
[INFO] Rocket. Step: 69800000. Time Elapsed: 69529.411 s. Mean Reward: 2.421. Std of Reward: 33.897. Training.
[INFO] Rocket. Step: 69820000. Time Elapsed: 69544.348 s. Mean Reward: 11.781. Std of Reward: 32.102. Training.
[INFO] Rocket. Step: 69840000. Time Elapsed: 69566.769 s. Mean Reward: 21.182. Std of Reward: 18.163. Training.
[INFO] Rocket. Step: 69860000. Time Elapsed: 69580.882 s. Mean Reward: 2.785. Std of Reward: 37.406. Training.
[INFO] Rocket. Step: 69880000. Time Elapsed: 69603.901 s. Mean Reward: 5.366. Std of Reward: 34.363. Training.
[INFO] Rocket. Step: 69900000. Time Elapsed: 69617.503 s. Mean Reward: 17.714. Std of Reward: 21.180. Training.
[INFO] Rocket. Step: 69920000. Time Elapsed: 69640.335 s. Mean Reward: 17.453. Std of Reward: 21.953. Training.
[INFO] Rocket. Step: 69940000. Time Elapsed: 69657.719 s. Mean Reward: 10.868. Std of Reward: 30.463. Training.
[INFO] Rocket. Step: 69960000. Time Elapsed: 69677.687 s. Mean Reward: 14.256. Std of Reward: 28.140. Training.
[INFO] Rocket. Step: 69980000. Time Elapsed: 69692.841 s. Mean Reward: 7.604. Std of Reward: 33.195. Training.
[INFO] Rocket. Step: 70000000. Time Elapsed: 69715.174 s. Mean Reward: 14.003. Std of Reward: 27.325. Training.
[INFO] Exported results\L11\Rocket\Rocket-69999671.onnx
[INFO] Rocket. Step: 70020000. Time Elapsed: 69730.771 s. Mean Reward: 1.102. Std of Reward: 37.535. Training.
[INFO] Rocket. Step: 70040000. Time Elapsed: 69753.847 s. Mean Reward: 15.722. Std of Reward: 23.335. Training.
[INFO] Rocket. Step: 70060000. Time Elapsed: 69768.448 s. Mean Reward: 5.071. Std of Reward: 34.408. Training.
[INFO] Rocket. Step: 70080000. Time Elapsed: 69782.077 s. Mean Reward: 14.744. Std of Reward: 31.047. Training.
[INFO] Rocket. Step: 70100000. Time Elapsed: 69805.292 s. Mean Reward: 4.458. Std of Reward: 32.154. Training.
[INFO] Rocket. Step: 70120000. Time Elapsed: 69821.164 s. Mean Reward: 4.386. Std of Reward: 34.982. Training.
[INFO] Rocket. Step: 70140000. Time Elapsed: 69841.365 s. Mean Reward: 8.361. Std of Reward: 29.851. Training.
[INFO] Rocket. Step: 70160000. Time Elapsed: 69858.277 s. Mean Reward: 14.803. Std of Reward: 27.117. Training.
[INFO] Rocket. Step: 70180000. Time Elapsed: 69879.907 s. Mean Reward: 8.167. Std of Reward: 31.586. Training.
[INFO] Rocket. Step: 70200000. Time Elapsed: 69895.467 s. Mean Reward: 8.910. Std of Reward: 32.872. Training.
[INFO] Rocket. Step: 70220000. Time Elapsed: 69917.232 s. Mean Reward: 1.128. Std of Reward: 35.530. Training.
[INFO] Rocket. Step: 70240000. Time Elapsed: 69932.519 s. Mean Reward: 10.361. Std of Reward: 31.980. Training.
[INFO] Rocket. Step: 70260000. Time Elapsed: 69954.713 s. Mean Reward: 21.035. Std of Reward: 22.376. Training.
[INFO] Rocket. Step: 70280000. Time Elapsed: 69967.651 s. Mean Reward: 12.629. Std of Reward: 30.516. Training.
[INFO] Rocket. Step: 70300000. Time Elapsed: 69991.628 s. Mean Reward: 10.565. Std of Reward: 33.535. Training.
[INFO] Rocket. Step: 70320000. Time Elapsed: 70006.826 s. Mean Reward: 13.416. Std of Reward: 31.258. Training.
[INFO] Rocket. Step: 70340000. Time Elapsed: 70029.380 s. Mean Reward: 19.435. Std of Reward: 25.613. Training.
[INFO] Rocket. Step: 70360000. Time Elapsed: 70044.710 s. Mean Reward: 12.298. Std of Reward: 32.176. Training.
[INFO] Rocket. Step: 70380000. Time Elapsed: 70065.557 s. Mean Reward: 15.132. Std of Reward: 28.181. Training.
[INFO] Rocket. Step: 70400000. Time Elapsed: 70080.569 s. Mean Reward: 12.413. Std of Reward: 31.952. Training.
[INFO] Rocket. Step: 70420000. Time Elapsed: 70103.224 s. Mean Reward: -1.963. Std of Reward: 38.190. Training.
[INFO] Rocket. Step: 70440000. Time Elapsed: 70117.548 s. Mean Reward: 14.104. Std of Reward: 28.555. Training.
[INFO] Rocket. Step: 70460000. Time Elapsed: 70139.562 s. Mean Reward: 19.888. Std of Reward: 21.329. Training.
[INFO] Rocket. Step: 70480000. Time Elapsed: 70156.870 s. Mean Reward: 20.840. Std of Reward: 15.810. Training.
[INFO] Rocket. Step: 70500000. Time Elapsed: 70177.389 s. Mean Reward: 21.960. Std of Reward: 15.836. Training.
[INFO] Exported results\L11\Rocket\Rocket-70499298.onnx
[INFO] Rocket. Step: 70520000. Time Elapsed: 70193.872 s. Mean Reward: 10.560. Std of Reward: 30.182. Training.
[INFO] Rocket. Step: 70540000. Time Elapsed: 70214.519 s. Mean Reward: 12.699. Std of Reward: 28.629. Training.
[INFO] Rocket. Step: 70560000. Time Elapsed: 70231.250 s. Mean Reward: 14.734. Std of Reward: 23.528. Training.
[INFO] Rocket. Step: 70580000. Time Elapsed: 70252.353 s. Mean Reward: 4.597. Std of Reward: 35.916. Training.
[INFO] Rocket. Step: 70600000. Time Elapsed: 70267.704 s. Mean Reward: 14.042. Std of Reward: 30.683. Training.
[INFO] Rocket. Step: 70620000. Time Elapsed: 70289.685 s. Mean Reward: 12.754. Std of Reward: 28.369. Training.
[INFO] Rocket. Step: 70640000. Time Elapsed: 70303.919 s. Mean Reward: 10.559. Std of Reward: 31.152. Training.
[INFO] Rocket. Step: 70660000. Time Elapsed: 70326.136 s. Mean Reward: 10.157. Std of Reward: 30.059. Training.
[INFO] Rocket. Step: 70680000. Time Elapsed: 70343.329 s. Mean Reward: 8.023. Std of Reward: 30.597. Training.
[INFO] Rocket. Step: 70700000. Time Elapsed: 70356.911 s. Mean Reward: 22.969. Std of Reward: 14.774. Training.
[INFO] Rocket. Step: 70720000. Time Elapsed: 70379.675 s. Mean Reward: 19.080. Std of Reward: 25.437. Training.
[INFO] Rocket. Step: 70740000. Time Elapsed: 70392.607 s. Mean Reward: 13.779. Std of Reward: 28.607. Training.
[INFO] Rocket. Step: 70760000. Time Elapsed: 70417.288 s. Mean Reward: 6.038. Std of Reward: 35.012. Training.
[INFO] Rocket. Step: 70780000. Time Elapsed: 70434.001 s. Mean Reward: 19.290. Std of Reward: 20.877. Training.
[INFO] Rocket. Step: 70800000. Time Elapsed: 70452.968 s. Mean Reward: 12.881. Std of Reward: 29.775. Training.
[INFO] Rocket. Step: 70820000. Time Elapsed: 70467.901 s. Mean Reward: 13.430. Std of Reward: 29.106. Training.
[INFO] Rocket. Step: 70840000. Time Elapsed: 70490.257 s. Mean Reward: 12.802. Std of Reward: 28.904. Training.
[INFO] Rocket. Step: 70860000. Time Elapsed: 70505.142 s. Mean Reward: 5.779. Std of Reward: 36.521. Training.
[INFO] Rocket. Step: 70880000. Time Elapsed: 70528.215 s. Mean Reward: 11.771. Std of Reward: 31.378. Training.
[INFO] Rocket. Step: 70900000. Time Elapsed: 70543.657 s. Mean Reward: 17.297. Std of Reward: 22.572. Training.
[INFO] Rocket. Step: 70920000. Time Elapsed: 70565.121 s. Mean Reward: 11.495. Std of Reward: 30.876. Training.
[INFO] Rocket. Step: 70940000. Time Elapsed: 70581.332 s. Mean Reward: 9.039. Std of Reward: 33.953. Training.
[INFO] Rocket. Step: 70960000. Time Elapsed: 70602.099 s. Mean Reward: 20.242. Std of Reward: 11.923. Training.
[INFO] Rocket. Step: 70980000. Time Elapsed: 70617.595 s. Mean Reward: 11.611. Std of Reward: 26.801. Training.
[INFO] Rocket. Step: 71000000. Time Elapsed: 70638.467 s. Mean Reward: 11.132. Std of Reward: 27.820. Training.
[INFO] Exported results\L11\Rocket\Rocket-70999360.onnx
[INFO] Rocket. Step: 71020000. Time Elapsed: 70653.334 s. Mean Reward: 7.022. Std of Reward: 31.278. Training.
[INFO] Rocket. Step: 71040000. Time Elapsed: 70677.015 s. Mean Reward: -0.489. Std of Reward: 35.331. Training.
[INFO] Rocket. Step: 71060000. Time Elapsed: 70690.892 s. Mean Reward: 8.644. Std of Reward: 30.742. Training.
[INFO] Rocket. Step: 71080000. Time Elapsed: 70712.865 s. Mean Reward: 1.818. Std of Reward: 33.765. Training.
[INFO] Rocket. Step: 71100000. Time Elapsed: 70728.956 s. Mean Reward: 14.612. Std of Reward: 25.365. Training.
[INFO] Rocket. Step: 71120000. Time Elapsed: 70751.206 s. Mean Reward: 11.647. Std of Reward: 25.528. Training.
[INFO] Rocket. Step: 71140000. Time Elapsed: 70766.841 s. Mean Reward: 11.703. Std of Reward: 29.502. Training.
[INFO] Rocket. Step: 71160000. Time Elapsed: 70789.892 s. Mean Reward: -4.611. Std of Reward: 36.311. Training.
[INFO] Rocket. Step: 71180000. Time Elapsed: 70804.125 s. Mean Reward: 13.137. Std of Reward: 25.794. Training.
[INFO] Rocket. Step: 71200000. Time Elapsed: 70825.532 s. Mean Reward: 6.431. Std of Reward: 32.440. Training.
[INFO] Rocket. Step: 71220000. Time Elapsed: 70840.407 s. Mean Reward: 4.989. Std of Reward: 31.822. Training.
[INFO] Rocket. Step: 71240000. Time Elapsed: 70863.125 s. Mean Reward: 15.663. Std of Reward: 25.061. Training.
[INFO] Rocket. Step: 71260000. Time Elapsed: 70878.803 s. Mean Reward: 21.815. Std of Reward: 11.720. Training.
[INFO] Rocket. Step: 71280000. Time Elapsed: 70902.436 s. Mean Reward: 11.360. Std of Reward: 25.384. Training.
[INFO] Rocket. Step: 71300000. Time Elapsed: 70915.693 s. Mean Reward: 8.188. Std of Reward: 31.760. Training.
[INFO] Rocket. Step: 71320000. Time Elapsed: 70930.964 s. Mean Reward: 21.216. Std of Reward: 17.418. Training.
[INFO] Rocket. Step: 71340000. Time Elapsed: 70951.844 s. Mean Reward: 12.042. Std of Reward: 27.188. Training.
[INFO] Rocket. Step: 71360000. Time Elapsed: 70968.173 s. Mean Reward: 11.977. Std of Reward: 29.065. Training.
[INFO] Rocket. Step: 71380000. Time Elapsed: 70987.883 s. Mean Reward: 9.768. Std of Reward: 28.871. Training.
[INFO] Rocket. Step: 71400000. Time Elapsed: 71004.392 s. Mean Reward: 13.032. Std of Reward: 27.002. Training.
[INFO] Rocket. Step: 71420000. Time Elapsed: 71027.934 s. Mean Reward: 10.781. Std of Reward: 28.864. Training.
[INFO] Rocket. Step: 71440000. Time Elapsed: 71040.765 s. Mean Reward: 13.944. Std of Reward: 30.601. Training.
[INFO] Rocket. Step: 71460000. Time Elapsed: 71063.562 s. Mean Reward: 1.839. Std of Reward: 34.979. Training.
[INFO] Rocket. Step: 71480000. Time Elapsed: 71080.674 s. Mean Reward: 8.905. Std of Reward: 29.881. Training.
[INFO] Rocket. Step: 71500000. Time Elapsed: 71102.015 s. Mean Reward: 3.882. Std of Reward: 33.657. Training.
[INFO] Exported results\L11\Rocket\Rocket-71499919.onnx
[INFO] Rocket. Step: 71520000. Time Elapsed: 71117.028 s. Mean Reward: 1.133. Std of Reward: 37.769. Training.
[INFO] Rocket. Step: 71540000. Time Elapsed: 71138.685 s. Mean Reward: 10.884. Std of Reward: 29.696. Training.
[INFO] Rocket. Step: 71560000. Time Elapsed: 71153.717 s. Mean Reward: 11.567. Std of Reward: 28.609. Training.
[INFO] Rocket. Step: 71580000. Time Elapsed: 71175.419 s. Mean Reward: 12.146. Std of Reward: 30.602. Training.
[INFO] Rocket. Step: 71600000. Time Elapsed: 71191.292 s. Mean Reward: 12.042. Std of Reward: 27.349. Training.
[INFO] Rocket. Step: 71620000. Time Elapsed: 71212.147 s. Mean Reward: 7.600. Std of Reward: 31.473. Training.
[INFO] Rocket. Step: 71640000. Time Elapsed: 71228.272 s. Mean Reward: 10.750. Std of Reward: 30.017. Training.
[INFO] Rocket. Step: 71660000. Time Elapsed: 71249.189 s. Mean Reward: 7.167. Std of Reward: 31.718. Training.
[INFO] Rocket. Step: 71680000. Time Elapsed: 71264.457 s. Mean Reward: -0.953. Std of Reward: 36.434. Training.
[INFO] Rocket. Step: 71700000. Time Elapsed: 71286.922 s. Mean Reward: 0.122. Std of Reward: 31.946. Training.
[INFO] Rocket. Step: 71720000. Time Elapsed: 71301.860 s. Mean Reward: 7.857. Std of Reward: 32.134. Training.
[INFO] Rocket. Step: 71740000. Time Elapsed: 71324.517 s. Mean Reward: 12.020. Std of Reward: 24.644. Training.
[INFO] Rocket. Step: 71760000. Time Elapsed: 71339.220 s. Mean Reward: 11.200. Std of Reward: 28.910. Training.
[INFO] Rocket. Step: 71780000. Time Elapsed: 71360.122 s. Mean Reward: 1.429. Std of Reward: 35.162. Training.
[INFO] Rocket. Step: 71800000. Time Elapsed: 71377.434 s. Mean Reward: 3.512. Std of Reward: 33.219. Training.
[INFO] Rocket. Step: 71820000. Time Elapsed: 71398.411 s. Mean Reward: -1.728. Std of Reward: 35.609. Training.
[INFO] Rocket. Step: 71840000. Time Elapsed: 71413.793 s. Mean Reward: -0.087. Std of Reward: 34.769. Training.
[INFO] Rocket. Step: 71860000. Time Elapsed: 71435.146 s. Mean Reward: 7.833. Std of Reward: 31.144. Training.
[INFO] Rocket. Step: 71880000. Time Elapsed: 71450.951 s. Mean Reward: 9.892. Std of Reward: 30.097. Training.
[INFO] Rocket. Step: 71900000. Time Elapsed: 71472.464 s. Mean Reward: 11.776. Std of Reward: 27.294. Training.
[INFO] Rocket. Step: 71920000. Time Elapsed: 71488.970 s. Mean Reward: 15.991. Std of Reward: 24.371. Training.
[INFO] Rocket. Step: 71940000. Time Elapsed: 71501.748 s. Mean Reward: 14.180. Std of Reward: 26.112. Training.
[INFO] Rocket. Step: 71960000. Time Elapsed: 71525.611 s. Mean Reward: 12.116. Std of Reward: 26.375. Training.
[INFO] Rocket. Step: 71980000. Time Elapsed: 71541.214 s. Mean Reward: 11.286. Std of Reward: 30.581. Training.
[INFO] Rocket. Step: 72000000. Time Elapsed: 71561.049 s. Mean Reward: 8.492. Std of Reward: 29.883. Training.
[INFO] Exported results\L11\Rocket\Rocket-71999651.onnx
[INFO] Rocket. Step: 72020000. Time Elapsed: 71577.849 s. Mean Reward: 9.232. Std of Reward: 28.014. Training.
[INFO] Rocket. Step: 72040000. Time Elapsed: 71598.196 s. Mean Reward: 14.711. Std of Reward: 23.790. Training.
[INFO] Rocket. Step: 72060000. Time Elapsed: 71614.469 s. Mean Reward: 0.709. Std of Reward: 32.286. Training.
[INFO] Rocket. Step: 72080000. Time Elapsed: 71637.246 s. Mean Reward: 13.022. Std of Reward: 27.180. Training.
[INFO] Rocket. Step: 72100000. Time Elapsed: 71652.408 s. Mean Reward: 15.118. Std of Reward: 23.847. Training.
[INFO] Rocket. Step: 72120000. Time Elapsed: 71674.251 s. Mean Reward: 9.297. Std of Reward: 30.336. Training.
[INFO] Rocket. Step: 72140000. Time Elapsed: 71690.133 s. Mean Reward: 4.679. Std of Reward: 31.426. Training.
[INFO] Rocket. Step: 72160000. Time Elapsed: 71712.090 s. Mean Reward: 19.382. Std of Reward: 14.126. Training.
[INFO] Rocket. Step: 72180000. Time Elapsed: 71725.534 s. Mean Reward: 5.052. Std of Reward: 32.669. Training.
[INFO] Rocket. Step: 72200000. Time Elapsed: 71748.271 s. Mean Reward: 10.458. Std of Reward: 30.291. Training.
[INFO] Rocket. Step: 72220000. Time Elapsed: 71764.050 s. Mean Reward: 17.034. Std of Reward: 22.824. Training.
[INFO] Rocket. Step: 72240000. Time Elapsed: 71785.129 s. Mean Reward: 15.065. Std of Reward: 26.058. Training.
[INFO] Rocket. Step: 72260000. Time Elapsed: 71800.844 s. Mean Reward: 11.488. Std of Reward: 30.731. Training.
[INFO] Rocket. Step: 72280000. Time Elapsed: 71823.210 s. Mean Reward: 9.439. Std of Reward: 31.915. Training.
[INFO] Rocket. Step: 72300000. Time Elapsed: 71838.989 s. Mean Reward: 16.783. Std of Reward: 22.953. Training.
[INFO] Rocket. Step: 72320000. Time Elapsed: 71859.602 s. Mean Reward: 10.986. Std of Reward: 28.686. Training.
[INFO] Rocket. Step: 72340000. Time Elapsed: 71874.256 s. Mean Reward: 1.168. Std of Reward: 34.038. Training.
[INFO] Rocket. Step: 72360000. Time Elapsed: 71896.837 s. Mean Reward: 12.812. Std of Reward: 25.494. Training.
[INFO] Rocket. Step: 72380000. Time Elapsed: 71913.456 s. Mean Reward: 5.960. Std of Reward: 33.368. Training.
[INFO] Rocket. Step: 72400000. Time Elapsed: 71933.725 s. Mean Reward: 11.111. Std of Reward: 27.319. Training.
[INFO] Rocket. Step: 72420000. Time Elapsed: 71949.073 s. Mean Reward: 4.745. Std of Reward: 33.404. Training.
[INFO] Rocket. Step: 72440000. Time Elapsed: 71972.304 s. Mean Reward: 11.807. Std of Reward: 26.006. Training.
[INFO] Rocket. Step: 72460000. Time Elapsed: 71987.219 s. Mean Reward: 14.392. Std of Reward: 26.075. Training.
[INFO] Rocket. Step: 72480000. Time Elapsed: 72009.838 s. Mean Reward: 11.988. Std of Reward: 30.907. Training.
[INFO] Rocket. Step: 72500000. Time Elapsed: 72024.178 s. Mean Reward: 3.211. Std of Reward: 32.969. Training.
[INFO] Exported results\L11\Rocket\Rocket-72499618.onnx
[INFO] Rocket. Step: 72520000. Time Elapsed: 72047.127 s. Mean Reward: 3.155. Std of Reward: 32.935. Training.
[INFO] Rocket. Step: 72540000. Time Elapsed: 72062.146 s. Mean Reward: 5.286. Std of Reward: 34.259. Training.
[INFO] Rocket. Step: 72560000. Time Elapsed: 72084.931 s. Mean Reward: 12.767. Std of Reward: 28.757. Training.
[INFO] Rocket. Step: 72580000. Time Elapsed: 72098.605 s. Mean Reward: 15.271. Std of Reward: 23.731. Training.
[INFO] Rocket. Step: 72600000. Time Elapsed: 72113.909 s. Mean Reward: 4.411. Std of Reward: 31.964. Training.
[INFO] Rocket. Step: 72620000. Time Elapsed: 72136.458 s. Mean Reward: 13.559. Std of Reward: 25.547. Training.
[INFO] Rocket. Step: 72640000. Time Elapsed: 72149.651 s. Mean Reward: 9.607. Std of Reward: 30.727. Training.
[INFO] Rocket. Step: 72660000. Time Elapsed: 72173.673 s. Mean Reward: 15.050. Std of Reward: 22.517. Training.
[INFO] Rocket. Step: 72680000. Time Elapsed: 72187.220 s. Mean Reward: 7.706. Std of Reward: 30.457. Training.
[INFO] Rocket. Step: 72700000. Time Elapsed: 72209.774 s. Mean Reward: 2.230. Std of Reward: 31.280. Training.
[INFO] Rocket. Step: 72720000. Time Elapsed: 72225.670 s. Mean Reward: 7.706. Std of Reward: 31.164. Training.
[INFO] Rocket. Step: 72740000. Time Elapsed: 72248.614 s. Mean Reward: 11.927. Std of Reward: 28.522. Training.
[INFO] Rocket. Step: 72760000. Time Elapsed: 72262.910 s. Mean Reward: 8.434. Std of Reward: 29.036. Training.
[INFO] Rocket. Step: 72780000. Time Elapsed: 72284.653 s. Mean Reward: 7.173. Std of Reward: 32.165. Training.
[INFO] Rocket. Step: 72800000. Time Elapsed: 72299.772 s. Mean Reward: 17.254. Std of Reward: 24.089. Training.
[INFO] Rocket. Step: 72820000. Time Elapsed: 72322.298 s. Mean Reward: 9.181. Std of Reward: 31.644. Training.
[INFO] Rocket. Step: 72840000. Time Elapsed: 72336.932 s. Mean Reward: 10.692. Std of Reward: 29.749. Training.
[INFO] Rocket. Step: 72860000. Time Elapsed: 72359.775 s. Mean Reward: 3.342. Std of Reward: 31.400. Training.
[INFO] Rocket. Step: 72880000. Time Elapsed: 72375.031 s. Mean Reward: 12.017. Std of Reward: 29.559. Training.
[INFO] Rocket. Step: 72900000. Time Elapsed: 72396.244 s. Mean Reward: 11.852. Std of Reward: 28.044. Training.
[INFO] Rocket. Step: 72920000. Time Elapsed: 72412.416 s. Mean Reward: 12.823. Std of Reward: 28.317. Training.
[INFO] Rocket. Step: 72940000. Time Elapsed: 72433.786 s. Mean Reward: 12.985. Std of Reward: 25.893. Training.
[INFO] Rocket. Step: 72960000. Time Elapsed: 72449.448 s. Mean Reward: 19.319. Std of Reward: 20.981. Training.
[INFO] Rocket. Step: 72980000. Time Elapsed: 72470.776 s. Mean Reward: 13.295. Std of Reward: 30.203. Training.
[INFO] Rocket. Step: 73000000. Time Elapsed: 72486.432 s. Mean Reward: 21.654. Std of Reward: 15.822. Training.
[INFO] Exported results\L11\Rocket\Rocket-72999717.onnx
[INFO] Rocket. Step: 73020000. Time Elapsed: 72508.597 s. Mean Reward: 10.419. Std of Reward: 32.278. Training.
[INFO] Rocket. Step: 73040000. Time Elapsed: 72523.205 s. Mean Reward: 17.794. Std of Reward: 20.649. Training.
[INFO] Rocket. Step: 73060000. Time Elapsed: 72545.931 s. Mean Reward: 5.513. Std of Reward: 32.867. Training.
[INFO] Rocket. Step: 73080000. Time Elapsed: 72560.266 s. Mean Reward: 16.491. Std of Reward: 21.891. Training.
[INFO] Rocket. Step: 73100000. Time Elapsed: 72582.959 s. Mean Reward: 5.481. Std of Reward: 31.402. Training.
[INFO] Rocket. Step: 73120000. Time Elapsed: 72597.483 s. Mean Reward: 14.585. Std of Reward: 26.962. Training.
[INFO] Rocket. Step: 73140000. Time Elapsed: 72621.529 s. Mean Reward: 0.741. Std of Reward: 33.293. Training.
[INFO] Rocket. Step: 73160000. Time Elapsed: 72635.708 s. Mean Reward: 12.757. Std of Reward: 28.730. Training.
[INFO] Rocket. Step: 73180000. Time Elapsed: 72651.709 s. Mean Reward: 11.290. Std of Reward: 27.816. Training.
[INFO] Rocket. Step: 73200000. Time Elapsed: 72672.840 s. Mean Reward: 7.134. Std of Reward: 32.157. Training.
[INFO] Rocket. Step: 73220000. Time Elapsed: 72687.420 s. Mean Reward: 18.483. Std of Reward: 20.815. Training.
[INFO] Rocket. Step: 73240000. Time Elapsed: 72710.254 s. Mean Reward: 19.283. Std of Reward: 20.835. Training.
[INFO] Rocket. Step: 73260000. Time Elapsed: 72725.437 s. Mean Reward: 6.170. Std of Reward: 35.364. Training.
[INFO] Rocket. Step: 73280000. Time Elapsed: 72746.613 s. Mean Reward: 17.110. Std of Reward: 23.483. Training.
[INFO] Rocket. Step: 73300000. Time Elapsed: 72762.138 s. Mean Reward: 10.988. Std of Reward: 30.307. Training.
[INFO] Rocket. Step: 73320000. Time Elapsed: 72783.221 s. Mean Reward: 17.644. Std of Reward: 22.864. Training.
[INFO] Rocket. Step: 73340000. Time Elapsed: 72799.699 s. Mean Reward: 16.182. Std of Reward: 19.143. Training.
[INFO] Rocket. Step: 73360000. Time Elapsed: 72821.317 s. Mean Reward: 10.817. Std of Reward: 28.677. Training.
[INFO] Rocket. Step: 73380000. Time Elapsed: 72836.857 s. Mean Reward: 2.182. Std of Reward: 31.512. Training.
[INFO] Rocket. Step: 73400000. Time Elapsed: 72858.224 s. Mean Reward: 2.825. Std of Reward: 33.048. Training.
[INFO] Rocket. Step: 73420000. Time Elapsed: 72873.610 s. Mean Reward: 11.662. Std of Reward: 30.060. Training.
[INFO] Rocket. Step: 73440000. Time Elapsed: 72897.286 s. Mean Reward: 13.653. Std of Reward: 26.428. Training.
[INFO] Rocket. Step: 73460000. Time Elapsed: 72911.155 s. Mean Reward: 9.858. Std of Reward: 28.562. Training.
[INFO] Rocket. Step: 73480000. Time Elapsed: 72933.528 s. Mean Reward: 8.064. Std of Reward: 29.623. Training.
[INFO] Rocket. Step: 73500000. Time Elapsed: 72948.167 s. Mean Reward: 5.165. Std of Reward: 32.210. Training.
[INFO] Exported results\L11\Rocket\Rocket-73499300.onnx
[INFO] Rocket. Step: 73520000. Time Elapsed: 72968.854 s. Mean Reward: 11.973. Std of Reward: 27.541. Training.
[INFO] Rocket. Step: 73540000. Time Elapsed: 72985.994 s. Mean Reward: 15.619. Std of Reward: 25.853. Training.
[INFO] Rocket. Step: 73560000. Time Elapsed: 73006.679 s. Mean Reward: 9.123. Std of Reward: 30.208. Training.
[INFO] Rocket. Step: 73580000. Time Elapsed: 73022.770 s. Mean Reward: -0.914. Std of Reward: 33.337. Training.
[INFO] Rocket. Step: 73600000. Time Elapsed: 73044.970 s. Mean Reward: 8.918. Std of Reward: 28.778. Training.
[INFO] Rocket. Step: 73620000. Time Elapsed: 73060.186 s. Mean Reward: 0.669. Std of Reward: 34.543. Training.
[INFO] Rocket. Step: 73640000. Time Elapsed: 73081.536 s. Mean Reward: 5.745. Std of Reward: 31.615. Training.
[INFO] Rocket. Step: 73660000. Time Elapsed: 73097.700 s. Mean Reward: 7.282. Std of Reward: 30.863. Training.
[INFO] Rocket. Step: 73680000. Time Elapsed: 73119.369 s. Mean Reward: 9.102. Std of Reward: 30.743. Training.
[INFO] Rocket. Step: 73700000. Time Elapsed: 73134.727 s. Mean Reward: 6.535. Std of Reward: 32.126. Training.
[INFO] Rocket. Step: 73720000. Time Elapsed: 73157.508 s. Mean Reward: -2.422. Std of Reward: 36.985. Training.
[INFO] Rocket. Step: 73740000. Time Elapsed: 73171.482 s. Mean Reward: 8.860. Std of Reward: 34.418. Training.
[INFO] Rocket. Step: 73760000. Time Elapsed: 73187.556 s. Mean Reward: 15.269. Std of Reward: 25.401. Training.
[INFO] Rocket. Step: 73780000. Time Elapsed: 73209.065 s. Mean Reward: 15.775. Std of Reward: 25.340. Training.
[INFO] Rocket. Step: 73800000. Time Elapsed: 73225.589 s. Mean Reward: 14.756. Std of Reward: 24.648. Training.
[INFO] Rocket. Step: 73820000. Time Elapsed: 73248.026 s. Mean Reward: 14.444. Std of Reward: 26.063. Training.
[INFO] Rocket. Step: 73840000. Time Elapsed: 73262.476 s. Mean Reward: 13.791. Std of Reward: 29.269. Training.
[INFO] Rocket. Step: 73860000. Time Elapsed: 73284.663 s. Mean Reward: 5.225. Std of Reward: 32.909. Training.
[INFO] Rocket. Step: 73880000. Time Elapsed: 73299.270 s. Mean Reward: 6.744. Std of Reward: 30.279. Training.
[INFO] Rocket. Step: 73900000. Time Elapsed: 73321.030 s. Mean Reward: 15.995. Std of Reward: 23.470. Training.
[INFO] Rocket. Step: 73920000. Time Elapsed: 73337.781 s. Mean Reward: 9.358. Std of Reward: 28.197. Training.
[INFO] Rocket. Step: 73940000. Time Elapsed: 73359.061 s. Mean Reward: 20.148. Std of Reward: 16.832. Training.
[INFO] Rocket. Step: 73960000. Time Elapsed: 73375.103 s. Mean Reward: 11.332. Std of Reward: 26.612. Training.
[INFO] Rocket. Step: 73980000. Time Elapsed: 73395.360 s. Mean Reward: 13.157. Std of Reward: 28.186. Training.
[INFO] Rocket. Step: 74000000. Time Elapsed: 73411.642 s. Mean Reward: 1.476. Std of Reward: 34.760. Training.
[INFO] Exported results\L11\Rocket\Rocket-73999444.onnx
[INFO] Rocket. Step: 74020000. Time Elapsed: 73434.242 s. Mean Reward: 16.888. Std of Reward: 21.639. Training.
[INFO] Rocket. Step: 74040000. Time Elapsed: 73449.141 s. Mean Reward: 12.499. Std of Reward: 28.335. Training.
[INFO] Rocket. Step: 74060000. Time Elapsed: 73470.661 s. Mean Reward: 2.379. Std of Reward: 32.731. Training.
[INFO] Rocket. Step: 74080000. Time Elapsed: 73487.556 s. Mean Reward: 3.519. Std of Reward: 32.703. Training.
[INFO] Rocket. Step: 74100000. Time Elapsed: 73508.392 s. Mean Reward: 10.425. Std of Reward: 28.608. Training.
[INFO] Rocket. Step: 74120000. Time Elapsed: 73523.523 s. Mean Reward: 12.681. Std of Reward: 27.447. Training.
[INFO] Rocket. Step: 74140000. Time Elapsed: 73545.954 s. Mean Reward: 8.431. Std of Reward: 29.824. Training.
[INFO] Rocket. Step: 74160000. Time Elapsed: 73562.009 s. Mean Reward: 6.235. Std of Reward: 30.907. Training.
[INFO] Rocket. Step: 74180000. Time Elapsed: 73582.427 s. Mean Reward: 8.086. Std of Reward: 29.757. Training.
[INFO] Rocket. Step: 74200000. Time Elapsed: 73598.798 s. Mean Reward: 7.904. Std of Reward: 29.922. Training.
[INFO] Rocket. Step: 74220000. Time Elapsed: 73620.510 s. Mean Reward: 12.662. Std of Reward: 27.052. Training.
[INFO] Rocket. Step: 74240000. Time Elapsed: 73635.977 s. Mean Reward: 18.586. Std of Reward: 20.161. Training.
[INFO] Rocket. Step: 74260000. Time Elapsed: 73657.756 s. Mean Reward: 0.567. Std of Reward: 35.478. Training.
[INFO] Rocket. Step: 74280000. Time Elapsed: 73671.982 s. Mean Reward: 10.588. Std of Reward: 29.224. Training.
[INFO] Rocket. Step: 74300000. Time Elapsed: 73695.316 s. Mean Reward: 6.602. Std of Reward: 30.719. Training.
[INFO] Rocket. Step: 74320000. Time Elapsed: 73709.827 s. Mean Reward: 12.559. Std of Reward: 26.141. Training.
[INFO] Rocket. Step: 74340000. Time Elapsed: 73733.104 s. Mean Reward: 6.822. Std of Reward: 34.115. Training.
[INFO] Rocket. Step: 74360000. Time Elapsed: 73746.973 s. Mean Reward: 18.288. Std of Reward: 19.957. Training.
[INFO] Rocket. Step: 74380000. Time Elapsed: 73762.410 s. Mean Reward: 4.187. Std of Reward: 32.146. Training.
[INFO] Rocket. Step: 74400000. Time Elapsed: 73782.919 s. Mean Reward: 16.435. Std of Reward: 23.010. Training.
[INFO] Rocket. Step: 74420000. Time Elapsed: 73799.849 s. Mean Reward: 18.218. Std of Reward: 21.533. Training.
[INFO] Rocket. Step: 74440000. Time Elapsed: 73821.808 s. Mean Reward: 0.763. Std of Reward: 32.358. Training.
[INFO] Rocket. Step: 74460000. Time Elapsed: 73837.206 s. Mean Reward: 5.891. Std of Reward: 31.801. Training.
[INFO] Rocket. Step: 74480000. Time Elapsed: 73859.083 s. Mean Reward: 5.824. Std of Reward: 33.254. Training.
[INFO] Rocket. Step: 74500000. Time Elapsed: 73874.013 s. Mean Reward: 7.901. Std of Reward: 30.034. Training.
[INFO] Exported results\L11\Rocket\Rocket-74499984.onnx
[INFO] Rocket. Step: 74520000. Time Elapsed: 73895.323 s. Mean Reward: 8.660. Std of Reward: 33.808. Training.
[INFO] Rocket. Step: 74540000. Time Elapsed: 73911.541 s. Mean Reward: 5.051. Std of Reward: 31.589. Training.
[INFO] Rocket. Step: 74560000. Time Elapsed: 73931.996 s. Mean Reward: 2.486. Std of Reward: 31.405. Training.
[INFO] Rocket. Step: 74580000. Time Elapsed: 73947.720 s. Mean Reward: 12.573. Std of Reward: 24.421. Training.
[INFO] Rocket. Step: 74600000. Time Elapsed: 73969.694 s. Mean Reward: 3.940. Std of Reward: 33.066. Training.
[INFO] Rocket. Step: 74620000. Time Elapsed: 73985.079 s. Mean Reward: 5.168. Std of Reward: 33.284. Training.
[INFO] Rocket. Step: 74640000. Time Elapsed: 74006.331 s. Mean Reward: 5.920. Std of Reward: 33.443. Training.
[INFO] Rocket. Step: 74660000. Time Elapsed: 74023.346 s. Mean Reward: 9.949. Std of Reward: 26.851. Training.
[INFO] Rocket. Step: 74680000. Time Elapsed: 74045.228 s. Mean Reward: 8.435. Std of Reward: 31.678. Training.
[INFO] Rocket. Step: 74700000. Time Elapsed: 74059.658 s. Mean Reward: 7.073. Std of Reward: 30.221. Training.
[INFO] Rocket. Step: 74720000. Time Elapsed: 74083.285 s. Mean Reward: 3.809. Std of Reward: 30.991. Training.
[INFO] Rocket. Step: 74740000. Time Elapsed: 74097.466 s. Mean Reward: 11.436. Std of Reward: 26.897. Training.
[INFO] Rocket. Step: 74760000. Time Elapsed: 74118.979 s. Mean Reward: 9.098. Std of Reward: 29.972. Training.
[INFO] Rocket. Step: 74780000. Time Elapsed: 74134.091 s. Mean Reward: 10.014. Std of Reward: 28.200. Training.
[INFO] Rocket. Step: 74800000. Time Elapsed: 74156.880 s. Mean Reward: 13.383. Std of Reward: 27.118. Training.
[INFO] Rocket. Step: 74820000. Time Elapsed: 74170.873 s. Mean Reward: 12.542. Std of Reward: 26.014. Training.
[INFO] Rocket. Step: 74840000. Time Elapsed: 74192.897 s. Mean Reward: 10.122. Std of Reward: 28.723. Training.
[INFO] Rocket. Step: 74860000. Time Elapsed: 74208.035 s. Mean Reward: 6.812. Std of Reward: 29.847. Training.
[INFO] Rocket. Step: 74880000. Time Elapsed: 74232.120 s. Mean Reward: 16.030. Std of Reward: 22.588. Training.
[INFO] Rocket. Step: 74900000. Time Elapsed: 74245.455 s. Mean Reward: 0.507. Std of Reward: 33.566. Training.
[INFO] Rocket. Step: 74920000. Time Elapsed: 74268.955 s. Mean Reward: 20.013. Std of Reward: 15.683. Training.
[INFO] Rocket. Step: 74940000. Time Elapsed: 74283.025 s. Mean Reward: 7.788. Std of Reward: 28.785. Training.
[INFO] Rocket. Step: 74960000. Time Elapsed: 74305.900 s. Mean Reward: 10.918. Std of Reward: 28.524. Training.
[INFO] Rocket. Step: 74980000. Time Elapsed: 74320.479 s. Mean Reward: 8.719. Std of Reward: 27.781. Training.
[INFO] Rocket. Step: 75000000. Time Elapsed: 74336.308 s. Mean Reward: 11.658. Std of Reward: 25.632. Training.
[INFO] Exported results\L11\Rocket\Rocket-74999471.onnx
[INFO] Rocket. Step: 75020000. Time Elapsed: 74358.778 s. Mean Reward: 13.027. Std of Reward: 27.658. Training.
[INFO] Rocket. Step: 75040000. Time Elapsed: 74374.371 s. Mean Reward: 16.147. Std of Reward: 27.033. Training.
[INFO] Rocket. Step: 75060000. Time Elapsed: 74395.983 s. Mean Reward: 24.438. Std of Reward: 4.790. Training.
[INFO] Rocket. Step: 75080000. Time Elapsed: 74410.907 s. Mean Reward: 5.048. Std of Reward: 32.764. Training.
[INFO] Rocket. Step: 75100000. Time Elapsed: 74432.530 s. Mean Reward: 16.237. Std of Reward: 22.784. Training.
[INFO] Rocket. Step: 75120000. Time Elapsed: 74448.822 s. Mean Reward: 17.906. Std of Reward: 18.775. Training.
[INFO] Rocket. Step: 75140000. Time Elapsed: 74468.480 s. Mean Reward: 3.741. Std of Reward: 33.367. Training.
[INFO] Rocket. Step: 75160000. Time Elapsed: 74484.370 s. Mean Reward: 11.154. Std of Reward: 24.505. Training.
[INFO] Rocket. Step: 75180000. Time Elapsed: 74507.583 s. Mean Reward: 15.424. Std of Reward: 25.535. Training.
[INFO] Rocket. Step: 75200000. Time Elapsed: 74523.144 s. Mean Reward: 5.193. Std of Reward: 31.854. Training.
[INFO] Rocket. Step: 75220000. Time Elapsed: 74544.761 s. Mean Reward: 7.577. Std of Reward: 32.993. Training.
[INFO] Rocket. Step: 75240000. Time Elapsed: 74559.646 s. Mean Reward: 8.958. Std of Reward: 31.251. Training.
[INFO] Rocket. Step: 75260000. Time Elapsed: 74580.825 s. Mean Reward: 13.728. Std of Reward: 25.374. Training.
[INFO] Rocket. Step: 75280000. Time Elapsed: 74596.640 s. Mean Reward: 6.234. Std of Reward: 32.468. Training.
[INFO] Rocket. Step: 75300000. Time Elapsed: 74617.723 s. Mean Reward: 12.283. Std of Reward: 27.360. Training.
[INFO] Rocket. Step: 75320000. Time Elapsed: 74634.560 s. Mean Reward: 12.072. Std of Reward: 28.505. Training.
[INFO] Rocket. Step: 75340000. Time Elapsed: 74655.208 s. Mean Reward: 17.981. Std of Reward: 21.398. Training.
[INFO] Rocket. Step: 75360000. Time Elapsed: 74670.789 s. Mean Reward: 13.953. Std of Reward: 23.779. Training.
[INFO] Rocket. Step: 75380000. Time Elapsed: 74692.709 s. Mean Reward: 3.391. Std of Reward: 34.652. Training.
[INFO] Rocket. Step: 75400000. Time Elapsed: 74708.685 s. Mean Reward: 11.579. Std of Reward: 28.639. Training.
[INFO] Rocket. Step: 75420000. Time Elapsed: 74729.395 s. Mean Reward: 6.563. Std of Reward: 31.318. Training.
[INFO] Rocket. Step: 75440000. Time Elapsed: 74746.228 s. Mean Reward: 17.300. Std of Reward: 20.820. Training.
[INFO] Rocket. Step: 75460000. Time Elapsed: 74767.701 s. Mean Reward: 10.227. Std of Reward: 28.338. Training.
[INFO] Rocket. Step: 75480000. Time Elapsed: 74782.847 s. Mean Reward: 15.878. Std of Reward: 24.329. Training.
[INFO] Rocket. Step: 75500000. Time Elapsed: 74803.274 s. Mean Reward: 12.498. Std of Reward: 24.633. Training.
[INFO] Exported results\L11\Rocket\Rocket-75499512.onnx
[INFO] Rocket. Step: 75520000. Time Elapsed: 74820.569 s. Mean Reward: -0.042. Std of Reward: 35.038. Training.
[INFO] Rocket. Step: 75540000. Time Elapsed: 74840.753 s. Mean Reward: 12.654. Std of Reward: 21.379. Training.
[INFO] Rocket. Step: 75560000. Time Elapsed: 74856.012 s. Mean Reward: 9.107. Std of Reward: 28.746. Training.
[INFO] Rocket. Step: 75580000. Time Elapsed: 74879.653 s. Mean Reward: 16.563. Std of Reward: 19.282. Training.
[INFO] Rocket. Step: 75600000. Time Elapsed: 74893.260 s. Mean Reward: 4.727. Std of Reward: 32.265. Training.
[INFO] Rocket. Step: 75620000. Time Elapsed: 74917.209 s. Mean Reward: 17.350. Std of Reward: 18.035. Training.
[INFO] Rocket. Step: 75640000. Time Elapsed: 74930.983 s. Mean Reward: 16.870. Std of Reward: 21.028. Training.
[INFO] Rocket. Step: 75660000. Time Elapsed: 74946.807 s. Mean Reward: 9.709. Std of Reward: 28.183. Training.
[INFO] Rocket. Step: 75680000. Time Elapsed: 74967.135 s. Mean Reward: 16.314. Std of Reward: 20.840. Training.
[INFO] Rocket. Step: 75700000. Time Elapsed: 74983.943 s. Mean Reward: 14.320. Std of Reward: 22.191. Training.
[INFO] Rocket. Step: 75720000. Time Elapsed: 75005.177 s. Mean Reward: 13.230. Std of Reward: 22.439. Training.
[INFO] Rocket. Step: 75740000. Time Elapsed: 75021.418 s. Mean Reward: 2.049. Std of Reward: 33.028. Training.
[INFO] Rocket. Step: 75760000. Time Elapsed: 75042.655 s. Mean Reward: -1.311. Std of Reward: 36.806. Training.
[INFO] Rocket. Step: 75780000. Time Elapsed: 75057.662 s. Mean Reward: 13.840. Std of Reward: 25.867. Training.
[INFO] Rocket. Step: 75800000. Time Elapsed: 75078.603 s. Mean Reward: 7.394. Std of Reward: 30.058. Training.
[INFO] Rocket. Step: 75820000. Time Elapsed: 75095.729 s. Mean Reward: 1.376. Std of Reward: 32.343. Training.
[INFO] Rocket. Step: 75840000. Time Elapsed: 75117.071 s. Mean Reward: 5.052. Std of Reward: 30.385. Training.
[INFO] Rocket. Step: 75860000. Time Elapsed: 75134.791 s. Mean Reward: 14.040. Std of Reward: 28.469. Training.
[INFO] Rocket. Step: 75880000. Time Elapsed: 75154.374 s. Mean Reward: 9.847. Std of Reward: 27.581. Training.
[INFO] Rocket. Step: 75900000. Time Elapsed: 75170.957 s. Mean Reward: 12.944. Std of Reward: 27.591. Training.
[INFO] Rocket. Step: 75920000. Time Elapsed: 75190.058 s. Mean Reward: 11.045. Std of Reward: 28.193. Training.
[INFO] Rocket. Step: 75940000. Time Elapsed: 75206.210 s. Mean Reward: 6.852. Std of Reward: 28.913. Training.
[INFO] Rocket. Step: 75960000. Time Elapsed: 75228.962 s. Mean Reward: 10.757. Std of Reward: 29.731. Training.
[INFO] Rocket. Step: 75980000. Time Elapsed: 75243.385 s. Mean Reward: 0.975. Std of Reward: 39.938. Training.
[INFO] Rocket. Step: 76000000. Time Elapsed: 75266.441 s. Mean Reward: 2.055. Std of Reward: 31.827. Training.
[INFO] Exported results\L11\Rocket\Rocket-75999394.onnx
[INFO] Rocket. Step: 76020000. Time Elapsed: 75281.427 s. Mean Reward: -0.066. Std of Reward: 29.147. Training.
[INFO] Rocket. Step: 76040000. Time Elapsed: 75303.578 s. Mean Reward: 0.166. Std of Reward: 34.252. Training.
[INFO] Rocket. Step: 76060000. Time Elapsed: 75318.843 s. Mean Reward: 16.675. Std of Reward: 24.902. Training.
[INFO] Rocket. Step: 76080000. Time Elapsed: 75340.510 s. Mean Reward: 12.134. Std of Reward: 26.961. Training.
[INFO] Rocket. Step: 76100000. Time Elapsed: 75356.304 s. Mean Reward: 9.123. Std of Reward: 27.987. Training.
[INFO] Rocket. Step: 76120000. Time Elapsed: 75377.630 s. Mean Reward: 14.672. Std of Reward: 21.764. Training.
[INFO] Rocket. Step: 76140000. Time Elapsed: 75393.770 s. Mean Reward: 17.604. Std of Reward: 18.270. Training.
[INFO] Rocket. Step: 76160000. Time Elapsed: 75415.760 s. Mean Reward: 11.079. Std of Reward: 28.675. Training.
[INFO] Rocket. Step: 76180000. Time Elapsed: 75431.370 s. Mean Reward: 11.813. Std of Reward: 25.832. Training.
[INFO] Rocket. Step: 76200000. Time Elapsed: 75453.206 s. Mean Reward: 12.099. Std of Reward: 29.857. Training.
[INFO] Rocket. Step: 76220000. Time Elapsed: 75467.642 s. Mean Reward: 12.703. Std of Reward: 26.762. Training.
[INFO] Rocket. Step: 76240000. Time Elapsed: 75492.785 s. Mean Reward: 7.155. Std of Reward: 31.113. Training.
[INFO] Rocket. Step: 76260000. Time Elapsed: 75506.821 s. Mean Reward: 2.171. Std of Reward: 33.454. Training.
[INFO] Rocket. Step: 76280000. Time Elapsed: 75523.608 s. Mean Reward: 0.345. Std of Reward: 37.195. Training.
[INFO] Rocket. Step: 76300000. Time Elapsed: 75547.530 s. Mean Reward: -2.149. Std of Reward: 30.421. Training.
[INFO] Rocket. Step: 76320000. Time Elapsed: 75562.119 s. Mean Reward: 6.065. Std of Reward: 29.368. Training.
[INFO] Rocket. Step: 76340000. Time Elapsed: 75584.343 s. Mean Reward: 13.574. Std of Reward: 27.735. Training.
[INFO] Rocket. Step: 76360000. Time Elapsed: 75600.658 s. Mean Reward: 13.126. Std of Reward: 27.470. Training.
[INFO] Rocket. Step: 76380000. Time Elapsed: 75624.652 s. Mean Reward: 16.465. Std of Reward: 20.684. Training.
[INFO] Rocket. Step: 76400000. Time Elapsed: 75640.713 s. Mean Reward: 14.343. Std of Reward: 24.500. Training.
[INFO] Rocket. Step: 76420000. Time Elapsed: 75664.080 s. Mean Reward: 2.333. Std of Reward: 30.011. Training.
[INFO] Rocket. Step: 76440000. Time Elapsed: 75683.384 s. Mean Reward: 3.229. Std of Reward: 29.462. Training.
[INFO] Rocket. Step: 76460000. Time Elapsed: 75703.934 s. Mean Reward: 5.454. Std of Reward: 30.879. Training.
[INFO] Rocket. Step: 76480000. Time Elapsed: 75719.532 s. Mean Reward: 8.688. Std of Reward: 29.339. Training.
[INFO] Rocket. Step: 76500000. Time Elapsed: 75744.227 s. Mean Reward: 17.857. Std of Reward: 20.642. Training.
[INFO] Exported results\L11\Rocket\Rocket-76499682.onnx
[INFO] Rocket. Step: 76520000. Time Elapsed: 75761.047 s. Mean Reward: 14.142. Std of Reward: 23.851. Training.
[INFO] Rocket. Step: 76540000. Time Elapsed: 75784.813 s. Mean Reward: -5.850. Std of Reward: 34.661. Training.
[INFO] Rocket. Step: 76560000. Time Elapsed: 75800.507 s. Mean Reward: 11.938. Std of Reward: 23.109. Training.
[INFO] Rocket. Step: 76580000. Time Elapsed: 75824.259 s. Mean Reward: 14.584. Std of Reward: 26.876. Training.
[INFO] Rocket. Step: 76600000. Time Elapsed: 75843.376 s. Mean Reward: 3.116. Std of Reward: 31.422. Training.
[INFO] Rocket. Step: 76620000. Time Elapsed: 75863.784 s. Mean Reward: 2.491. Std of Reward: 32.796. Training.
[INFO] Rocket. Step: 76640000. Time Elapsed: 75883.290 s. Mean Reward: -4.427. Std of Reward: 32.375. Training.
[INFO] Rocket. Step: 76660000. Time Elapsed: 75908.746 s. Mean Reward: -1.671. Std of Reward: 36.099. Training.
[INFO] Rocket. Step: 76680000. Time Elapsed: 75924.998 s. Mean Reward: 11.444. Std of Reward: 27.783. Training.
[INFO] Rocket. Step: 76700000. Time Elapsed: 75951.367 s. Mean Reward: 11.597. Std of Reward: 24.810. Training.
[INFO] Rocket. Step: 76720000. Time Elapsed: 75969.719 s. Mean Reward: 8.872. Std of Reward: 29.213. Training.
[INFO] Rocket. Step: 76740000. Time Elapsed: 75997.767 s. Mean Reward: 11.428. Std of Reward: 24.787. Training.
[INFO] Rocket. Step: 76760000. Time Elapsed: 76017.537 s. Mean Reward: 11.924. Std of Reward: 22.905. Training.
[INFO] Rocket. Step: 76780000. Time Elapsed: 76043.745 s. Mean Reward: 7.965. Std of Reward: 28.195. Training.
[INFO] Rocket. Step: 76800000. Time Elapsed: 76060.224 s. Mean Reward: 1.354. Std of Reward: 30.830. Training.
[INFO] Rocket. Step: 76820000. Time Elapsed: 76089.834 s. Mean Reward: 12.827. Std of Reward: 26.304. Training.
[INFO] Rocket. Step: 76840000. Time Elapsed: 76105.433 s. Mean Reward: 16.010. Std of Reward: 21.915. Training.
[INFO] Rocket. Step: 76860000. Time Elapsed: 76122.259 s. Mean Reward: -9.228. Std of Reward: 36.974. Training.
[INFO] Rocket. Step: 76880000. Time Elapsed: 76148.678 s. Mean Reward: 6.705. Std of Reward: 26.366. Training.
[INFO] Rocket. Step: 76900000. Time Elapsed: 76166.355 s. Mean Reward: 21.316. Std of Reward: 11.792. Training.
[INFO] Rocket. Step: 76920000. Time Elapsed: 76191.923 s. Mean Reward: 10.551. Std of Reward: 26.099. Training.
[INFO] Rocket. Step: 76940000. Time Elapsed: 76209.003 s. Mean Reward: 8.738. Std of Reward: 31.117. Training.
[INFO] Rocket. Step: 76960000. Time Elapsed: 76235.513 s. Mean Reward: 17.832. Std of Reward: 18.190. Training.
[INFO] Rocket. Step: 76980000. Time Elapsed: 76251.996 s. Mean Reward: 4.168. Std of Reward: 34.679. Training.
[INFO] Rocket. Step: 77000000. Time Elapsed: 76275.595 s. Mean Reward: 2.593. Std of Reward: 30.278. Training.
[INFO] Exported results\L11\Rocket\Rocket-76999685.onnx
[INFO] Rocket. Step: 77020000. Time Elapsed: 76293.677 s. Mean Reward: -8.264. Std of Reward: 33.451. Training.
[INFO] Rocket. Step: 77040000. Time Elapsed: 76317.875 s. Mean Reward: -2.432. Std of Reward: 29.199. Training.
[INFO] Rocket. Step: 77060000. Time Elapsed: 76334.218 s. Mean Reward: -8.366. Std of Reward: 31.716. Training.
[INFO] Rocket. Step: 77080000. Time Elapsed: 76356.434 s. Mean Reward: 3.060. Std of Reward: 25.871. Training.
[INFO] Rocket. Step: 77100000. Time Elapsed: 76372.684 s. Mean Reward: -3.298. Std of Reward: 30.767. Training.
[INFO] Rocket. Step: 77120000. Time Elapsed: 76398.313 s. Mean Reward: 2.259. Std of Reward: 27.382. Training.
[INFO] Rocket. Step: 77140000. Time Elapsed: 76413.816 s. Mean Reward: -3.329. Std of Reward: 32.575. Training.
[INFO] Rocket. Step: 77160000. Time Elapsed: 76437.543 s. Mean Reward: 20.467. Std of Reward: 11.698. Training.
[INFO] Rocket. Step: 77180000. Time Elapsed: 76455.916 s. Mean Reward: 3.526. Std of Reward: 28.801. Training.
[INFO] Rocket. Step: 77200000. Time Elapsed: 76479.403 s. Mean Reward: -2.957. Std of Reward: 33.422. Training.
[INFO] Rocket. Step: 77220000. Time Elapsed: 76494.565 s. Mean Reward: 7.273. Std of Reward: 30.505. Training.
[INFO] Rocket. Step: 77240000. Time Elapsed: 76519.211 s. Mean Reward: 11.033. Std of Reward: 27.806. Training.
[INFO] Rocket. Step: 77260000. Time Elapsed: 76537.586 s. Mean Reward: 1.654. Std of Reward: 30.575. Training.
[INFO] Rocket. Step: 77280000. Time Elapsed: 76561.136 s. Mean Reward: 7.446. Std of Reward: 27.129. Training.
[INFO] Rocket. Step: 77300000. Time Elapsed: 76576.243 s. Mean Reward: 4.372. Std of Reward: 32.254. Training.
[INFO] Rocket. Step: 77320000. Time Elapsed: 76602.040 s. Mean Reward: 8.104. Std of Reward: 31.799. Training.
[INFO] Rocket. Step: 77340000. Time Elapsed: 76618.681 s. Mean Reward: 18.228. Std of Reward: 17.754. Training.
[INFO] Rocket. Step: 77360000. Time Elapsed: 76640.944 s. Mean Reward: 8.553. Std of Reward: 30.375. Training.
[INFO] Rocket. Step: 77380000. Time Elapsed: 76660.429 s. Mean Reward: 20.996. Std of Reward: 16.858. Training.
[INFO] Rocket. Step: 77400000. Time Elapsed: 76682.271 s. Mean Reward: 17.672. Std of Reward: 20.798. Training.
[INFO] Rocket. Step: 77420000. Time Elapsed: 76700.061 s. Mean Reward: 17.033. Std of Reward: 22.345. Training.
[INFO] Rocket. Step: 77440000. Time Elapsed: 76723.652 s. Mean Reward: 14.525. Std of Reward: 25.813. Training.
[INFO] Rocket. Step: 77460000. Time Elapsed: 76740.598 s. Mean Reward: -2.714. Std of Reward: 38.150. Training.
[INFO] Rocket. Step: 77480000. Time Elapsed: 76757.229 s. Mean Reward: 4.595. Std of Reward: 31.818. Training.
[INFO] Rocket. Step: 77500000. Time Elapsed: 76781.704 s. Mean Reward: 11.012. Std of Reward: 29.717. Training.
[INFO] Exported results\L11\Rocket\Rocket-77499885.onnx
[INFO] Rocket. Step: 77520000. Time Elapsed: 76799.847 s. Mean Reward: 9.271. Std of Reward: 26.693. Training.
[INFO] Rocket. Step: 77540000. Time Elapsed: 76821.975 s. Mean Reward: 14.417. Std of Reward: 23.930. Training.
[INFO] Rocket. Step: 77560000. Time Elapsed: 76841.242 s. Mean Reward: 7.783. Std of Reward: 25.065. Training.
[INFO] Rocket. Step: 77580000. Time Elapsed: 76863.313 s. Mean Reward: -2.633. Std of Reward: 31.920. Training.
[INFO] Rocket. Step: 77600000. Time Elapsed: 76880.462 s. Mean Reward: 3.007. Std of Reward: 30.922. Training.
[INFO] Rocket. Step: 77620000. Time Elapsed: 76904.278 s. Mean Reward: 5.155. Std of Reward: 30.082. Training.
[INFO] Rocket. Step: 77640000. Time Elapsed: 76921.607 s. Mean Reward: 4.270. Std of Reward: 31.826. Training.
[INFO] Rocket. Step: 77660000. Time Elapsed: 76944.814 s. Mean Reward: 10.599. Std of Reward: 27.414. Training.
[INFO] Rocket. Step: 77680000. Time Elapsed: 76962.717 s. Mean Reward: 9.529. Std of Reward: 27.167. Training.
[INFO] Rocket. Step: 77700000. Time Elapsed: 76985.963 s. Mean Reward: 4.604. Std of Reward: 29.033. Training.
[INFO] Rocket. Step: 77720000. Time Elapsed: 77004.525 s. Mean Reward: 1.859. Std of Reward: 30.988. Training.
[INFO] Rocket. Step: 77740000. Time Elapsed: 77024.822 s. Mean Reward: 4.769. Std of Reward: 34.799. Training.
[INFO] Rocket. Step: 77760000. Time Elapsed: 77045.979 s. Mean Reward: 13.402. Std of Reward: 22.466. Training.
[INFO] Rocket. Step: 77780000. Time Elapsed: 77067.241 s. Mean Reward: 12.993. Std of Reward: 25.562. Training.
[INFO] Rocket. Step: 77800000. Time Elapsed: 77086.414 s. Mean Reward: 0.042. Std of Reward: 32.962. Training.
[INFO] Rocket. Step: 77820000. Time Elapsed: 77108.225 s. Mean Reward: 8.823. Std of Reward: 27.121. Training.
[INFO] Rocket. Step: 77840000. Time Elapsed: 77128.288 s. Mean Reward: 15.161. Std of Reward: 21.548. Training.
[INFO] Rocket. Step: 77860000. Time Elapsed: 77151.955 s. Mean Reward: 22.679. Std of Reward: 15.076. Training.
[INFO] Rocket. Step: 77880000. Time Elapsed: 77169.265 s. Mean Reward: 3.413. Std of Reward: 31.359. Training.
[INFO] Rocket. Step: 77900000. Time Elapsed: 77192.414 s. Mean Reward: 15.663. Std of Reward: 20.611. Training.
[INFO] Rocket. Step: 77920000. Time Elapsed: 77210.814 s. Mean Reward: 9.993. Std of Reward: 28.501. Training.
[INFO] Rocket. Step: 77940000. Time Elapsed: 77233.675 s. Mean Reward: 16.069. Std of Reward: 21.068. Training.
[INFO] Rocket. Step: 77960000. Time Elapsed: 77249.820 s. Mean Reward: 14.609. Std of Reward: 26.409. Training.
[INFO] Rocket. Step: 77980000. Time Elapsed: 77276.922 s. Mean Reward: 8.014. Std of Reward: 30.460. Training.
[INFO] Rocket. Step: 78000000. Time Elapsed: 77293.938 s. Mean Reward: 13.605. Std of Reward: 19.994. Training.
[INFO] Exported results\L11\Rocket\Rocket-77999887.onnx
[INFO] Rocket. Step: 78020000. Time Elapsed: 77319.294 s. Mean Reward: 11.400. Std of Reward: 28.167. Training.
[INFO] Rocket. Step: 78040000. Time Elapsed: 77336.799 s. Mean Reward: 12.943. Std of Reward: 23.781. Training.
[INFO] Rocket. Step: 78060000. Time Elapsed: 77362.298 s. Mean Reward: 14.670. Std of Reward: 25.413. Training.
[INFO] Rocket. Step: 78080000. Time Elapsed: 77378.082 s. Mean Reward: 12.260. Std of Reward: 24.586. Training.
[INFO] Rocket. Step: 78100000. Time Elapsed: 77405.243 s. Mean Reward: 12.136. Std of Reward: 24.073. Training.
[INFO] Rocket. Step: 78120000. Time Elapsed: 77420.941 s. Mean Reward: 11.212. Std of Reward: 27.352. Training.
[INFO] Rocket. Step: 78140000. Time Elapsed: 77438.038 s. Mean Reward: 4.996. Std of Reward: 31.898. Training.
[INFO] Rocket. Step: 78160000. Time Elapsed: 77462.970 s. Mean Reward: 7.326. Std of Reward: 27.037. Training.
[INFO] Rocket. Step: 78180000. Time Elapsed: 77479.738 s. Mean Reward: 16.496. Std of Reward: 18.853. Training.
[INFO] Rocket. Step: 78200000. Time Elapsed: 77504.757 s. Mean Reward: 5.210. Std of Reward: 31.024. Training.
[INFO] Rocket. Step: 78220000. Time Elapsed: 77520.843 s. Mean Reward: 9.100. Std of Reward: 28.176. Training.
[INFO] Rocket. Step: 78240000. Time Elapsed: 77548.476 s. Mean Reward: 8.265. Std of Reward: 28.631. Training.
[INFO] Rocket. Step: 78260000. Time Elapsed: 77565.222 s. Mean Reward: 18.514. Std of Reward: 22.835. Training.
[INFO] Rocket. Step: 78280000. Time Elapsed: 77587.276 s. Mean Reward: 19.490. Std of Reward: 13.569. Training.
[INFO] Rocket. Step: 78300000. Time Elapsed: 77607.482 s. Mean Reward: 14.167. Std of Reward: 20.626. Training.
[INFO] Rocket. Step: 78320000. Time Elapsed: 77629.034 s. Mean Reward: 5.437. Std of Reward: 29.226. Training.
[INFO] Rocket. Step: 78340000. Time Elapsed: 77647.123 s. Mean Reward: 4.102. Std of Reward: 32.837. Training.
[INFO] Rocket. Step: 78360000. Time Elapsed: 77673.151 s. Mean Reward: 7.593. Std of Reward: 32.934. Training.
[INFO] Rocket. Step: 78380000. Time Elapsed: 77689.399 s. Mean Reward: 16.484. Std of Reward: 21.016. Training.
[INFO] Rocket. Step: 78400000. Time Elapsed: 77714.581 s. Mean Reward: 12.023. Std of Reward: 27.658. Training.
[INFO] Rocket. Step: 78420000. Time Elapsed: 77731.803 s. Mean Reward: 7.789. Std of Reward: 31.816. Training.
[INFO] Rocket. Step: 78440000. Time Elapsed: 77756.985 s. Mean Reward: 15.265. Std of Reward: 26.755. Training.
[INFO] Rocket. Step: 78460000. Time Elapsed: 77771.881 s. Mean Reward: 19.063. Std of Reward: 14.740. Training.
[INFO] Rocket. Step: 78480000. Time Elapsed: 77797.414 s. Mean Reward: 17.182. Std of Reward: 19.923. Training.
[INFO] Rocket. Step: 78500000. Time Elapsed: 77815.736 s. Mean Reward: 1.551. Std of Reward: 31.288. Training.
[INFO] Exported results\L11\Rocket\Rocket-78499743.onnx
[INFO] Rocket. Step: 78520000. Time Elapsed: 77838.560 s. Mean Reward: 13.709. Std of Reward: 22.722. Training.
[INFO] Rocket. Step: 78540000. Time Elapsed: 77856.932 s. Mean Reward: 8.631. Std of Reward: 27.204. Training.
[INFO] Rocket. Step: 78560000. Time Elapsed: 77881.451 s. Mean Reward: 11.016. Std of Reward: 18.759. Training.
[INFO] Rocket. Step: 78580000. Time Elapsed: 77897.123 s. Mean Reward: 14.037. Std of Reward: 25.006. Training.
[INFO] Rocket. Step: 78600000. Time Elapsed: 77924.247 s. Mean Reward: 12.242. Std of Reward: 26.575. Training.
[INFO] Rocket. Step: 78620000. Time Elapsed: 77940.645 s. Mean Reward: 7.279. Std of Reward: 30.829. Training.
[INFO] Rocket. Step: 78640000. Time Elapsed: 77966.149 s. Mean Reward: 7.557. Std of Reward: 30.907. Training.
[INFO] Rocket. Step: 78660000. Time Elapsed: 77982.311 s. Mean Reward: 10.630. Std of Reward: 28.250. Training.
[INFO] Rocket. Step: 78680000. Time Elapsed: 77998.811 s. Mean Reward: 4.461. Std of Reward: 31.784. Training.
[INFO] Rocket. Step: 78700000. Time Elapsed: 78024.045 s. Mean Reward: 19.946. Std of Reward: 6.393. Training.
[INFO] Rocket. Step: 78720000. Time Elapsed: 78039.818 s. Mean Reward: 13.667. Std of Reward: 24.159. Training.
[INFO] Rocket. Step: 78740000. Time Elapsed: 78064.091 s. Mean Reward: 12.811. Std of Reward: 27.139. Training.
[INFO] Rocket. Step: 78760000. Time Elapsed: 78081.475 s. Mean Reward: 12.748. Std of Reward: 25.452. Training.
[INFO] Rocket. Step: 78780000. Time Elapsed: 78107.511 s. Mean Reward: 11.392. Std of Reward: 24.889. Training.
[INFO] Rocket. Step: 78800000. Time Elapsed: 78123.424 s. Mean Reward: 6.439. Std of Reward: 26.549. Training.
[INFO] Rocket. Step: 78820000. Time Elapsed: 78147.947 s. Mean Reward: 5.545. Std of Reward: 29.716. Training.
[INFO] Rocket. Step: 78840000. Time Elapsed: 78165.727 s. Mean Reward: 13.415. Std of Reward: 23.359. Training.
[INFO] Rocket. Step: 78860000. Time Elapsed: 78190.062 s. Mean Reward: 16.154. Std of Reward: 19.082. Training.
[INFO] Rocket. Step: 78880000. Time Elapsed: 78206.373 s. Mean Reward: 7.520. Std of Reward: 28.789. Training.
[INFO] Rocket. Step: 78900000. Time Elapsed: 78232.856 s. Mean Reward: 16.299. Std of Reward: 19.679. Training.
[INFO] Rocket. Step: 78920000. Time Elapsed: 78250.169 s. Mean Reward: 10.038. Std of Reward: 28.711. Training.
[INFO] Rocket. Step: 78940000. Time Elapsed: 78274.686 s. Mean Reward: 16.880. Std of Reward: 21.841. Training.
[INFO] Rocket. Step: 78960000. Time Elapsed: 78293.031 s. Mean Reward: 15.906. Std of Reward: 20.498. Training.
[INFO] Rocket. Step: 78980000. Time Elapsed: 78316.226 s. Mean Reward: 19.353. Std of Reward: 16.173. Training.
[INFO] Rocket. Step: 79000000. Time Elapsed: 78333.363 s. Mean Reward: 9.743. Std of Reward: 28.687. Training.
[INFO] Exported results\L11\Rocket\Rocket-78999927.onnx
[INFO] Rocket. Step: 79020000. Time Elapsed: 78358.733 s. Mean Reward: 15.278. Std of Reward: 23.215. Training.
[INFO] Rocket. Step: 79040000. Time Elapsed: 78374.124 s. Mean Reward: 2.402. Std of Reward: 35.213. Training.
[INFO] Rocket. Step: 79060000. Time Elapsed: 78398.457 s. Mean Reward: 9.815. Std of Reward: 28.031. Training.
[INFO] Rocket. Step: 79080000. Time Elapsed: 78415.865 s. Mean Reward: 4.169. Std of Reward: 33.097. Training.
[INFO] Rocket. Step: 79100000. Time Elapsed: 78441.646 s. Mean Reward: 2.506. Std of Reward: 28.829. Training.
[INFO] Rocket. Step: 79120000. Time Elapsed: 78457.426 s. Mean Reward: 7.925. Std of Reward: 30.653. Training.
[INFO] Rocket. Step: 79140000. Time Elapsed: 78482.683 s. Mean Reward: 14.986. Std of Reward: 23.185. Training.
[INFO] Rocket. Step: 79160000. Time Elapsed: 78499.052 s. Mean Reward: 7.859. Std of Reward: 29.286. Training.
[INFO] Rocket. Step: 79180000. Time Elapsed: 78525.720 s. Mean Reward: 4.702. Std of Reward: 32.252. Training.
[INFO] Rocket. Step: 79200000. Time Elapsed: 78539.661 s. Mean Reward: 5.345. Std of Reward: 31.130. Training.
[INFO] Rocket. Step: 79220000. Time Elapsed: 78566.742 s. Mean Reward: 19.606. Std of Reward: 15.069. Training.
[INFO] Rocket. Step: 79240000. Time Elapsed: 78581.908 s. Mean Reward: 16.747. Std of Reward: 17.657. Training.
[INFO] Rocket. Step: 79260000. Time Elapsed: 78609.325 s. Mean Reward: 6.897. Std of Reward: 28.686. Training.
[INFO] Rocket. Step: 79280000. Time Elapsed: 78624.397 s. Mean Reward: 10.393. Std of Reward: 26.651. Training.
[INFO] Rocket. Step: 79300000. Time Elapsed: 78651.986 s. Mean Reward: 10.950. Std of Reward: 28.283. Training.
[INFO] Rocket. Step: 79320000. Time Elapsed: 78665.894 s. Mean Reward: 16.890. Std of Reward: 18.903. Training.
[INFO] Rocket. Step: 79340000. Time Elapsed: 78684.322 s. Mean Reward: 16.957. Std of Reward: 17.427. Training.
[INFO] Rocket. Step: 79360000. Time Elapsed: 78707.061 s. Mean Reward: 6.784. Std of Reward: 32.367. Training.
[INFO] Rocket. Step: 79380000. Time Elapsed: 78724.037 s. Mean Reward: 4.516. Std of Reward: 27.706. Training.
[INFO] Rocket. Step: 79400000. Time Elapsed: 78749.651 s. Mean Reward: 0.398. Std of Reward: 29.567. Training.
[INFO] Rocket. Step: 79420000. Time Elapsed: 78765.966 s. Mean Reward: 12.575. Std of Reward: 17.765. Training.
[INFO] Rocket. Step: 79440000. Time Elapsed: 78790.819 s. Mean Reward: 13.654. Std of Reward: 27.087. Training.
[INFO] Rocket. Step: 79460000. Time Elapsed: 78806.444 s. Mean Reward: 11.215. Std of Reward: 30.840. Training.
[INFO] Rocket. Step: 79480000. Time Elapsed: 78832.651 s. Mean Reward: 10.156. Std of Reward: 30.490. Training.
[INFO] Rocket. Step: 79500000. Time Elapsed: 78849.319 s. Mean Reward: 14.311. Std of Reward: 22.800. Training.
[INFO] Exported results\L11\Rocket\Rocket-79499753.onnx
[INFO] Rocket. Step: 79520000. Time Elapsed: 78873.276 s. Mean Reward: 15.547. Std of Reward: 18.986. Training.
[INFO] Rocket. Step: 79540000. Time Elapsed: 78891.216 s. Mean Reward: 5.511. Std of Reward: 33.750. Training.
[INFO] Rocket. Step: 79560000. Time Elapsed: 78914.917 s. Mean Reward: 6.635. Std of Reward: 29.926. Training.
[INFO] Rocket. Step: 79580000. Time Elapsed: 78932.693 s. Mean Reward: 13.049. Std of Reward: 26.466. Training.
[INFO] Rocket. Step: 79600000. Time Elapsed: 78956.739 s. Mean Reward: 20.845. Std of Reward: 14.092. Training.
[INFO] Rocket. Step: 79620000. Time Elapsed: 78973.715 s. Mean Reward: 20.092. Std of Reward: 11.415. Training.
[INFO] Rocket. Step: 79640000. Time Elapsed: 78998.458 s. Mean Reward: 14.841. Std of Reward: 21.675. Training.
[INFO] Rocket. Step: 79660000. Time Elapsed: 79015.608 s. Mean Reward: 9.815. Std of Reward: 25.833. Training.
[INFO] Rocket. Step: 79680000. Time Elapsed: 79040.581 s. Mean Reward: 15.090. Std of Reward: 21.428. Training.
[INFO] Rocket. Step: 79700000. Time Elapsed: 79057.240 s. Mean Reward: 22.159. Std of Reward: 15.402. Training.
[INFO] Rocket. Step: 79720000. Time Elapsed: 79082.486 s. Mean Reward: 14.027. Std of Reward: 22.170. Training.
[INFO] Rocket. Step: 79740000. Time Elapsed: 79100.670 s. Mean Reward: 10.426. Std of Reward: 24.974. Training.
[INFO] Rocket. Step: 79760000. Time Elapsed: 79123.589 s. Mean Reward: 7.941. Std of Reward: 29.754. Training.
[INFO] Rocket. Step: 79780000. Time Elapsed: 79141.442 s. Mean Reward: 11.102. Std of Reward: 26.901. Training.
[INFO] Rocket. Step: 79800000. Time Elapsed: 79164.756 s. Mean Reward: -2.881. Std of Reward: 31.293. Training.
[INFO] Rocket. Step: 79820000. Time Elapsed: 79182.540 s. Mean Reward: 11.583. Std of Reward: 25.230. Training.
[INFO] Rocket. Step: 79840000. Time Elapsed: 79205.797 s. Mean Reward: 9.317. Std of Reward: 28.898. Training.
[INFO] Rocket. Step: 79860000. Time Elapsed: 79223.291 s. Mean Reward: 2.809. Std of Reward: 33.691. Training.
[INFO] Rocket. Step: 79880000. Time Elapsed: 79250.781 s. Mean Reward: 17.152. Std of Reward: 17.739. Training.
[INFO] Rocket. Step: 79900000. Time Elapsed: 79264.713 s. Mean Reward: 4.580. Std of Reward: 31.583. Training.
[INFO] Rocket. Step: 79920000. Time Elapsed: 79290.035 s. Mean Reward: 12.960. Std of Reward: 26.033. Training.
[INFO] Rocket. Step: 79940000. Time Elapsed: 79307.758 s. Mean Reward: 15.864. Std of Reward: 21.987. Training.
[INFO] Rocket. Step: 79960000. Time Elapsed: 79324.587 s. Mean Reward: 12.548. Std of Reward: 24.385. Training.
[INFO] Rocket. Step: 79980000. Time Elapsed: 79348.974 s. Mean Reward: -0.642. Std of Reward: 35.799. Training.
[INFO] Rocket. Step: 80000000. Time Elapsed: 79365.755 s. Mean Reward: 13.666. Std of Reward: 21.570. Training.
[INFO] Exported results\L11\Rocket\Rocket-79999567.onnx
[INFO] Rocket. Step: 80020000. Time Elapsed: 79390.536 s. Mean Reward: 0.665. Std of Reward: 35.948. Training.
[INFO] Rocket. Step: 80040000. Time Elapsed: 79407.227 s. Mean Reward: 0.133. Std of Reward: 33.734. Training.
[INFO] Rocket. Step: 80060000. Time Elapsed: 79432.633 s. Mean Reward: 18.048. Std of Reward: 21.011. Training.
[INFO] Rocket. Step: 80080000. Time Elapsed: 79447.015 s. Mean Reward: 8.545. Std of Reward: 28.358. Training.
[INFO] Rocket. Step: 80100000. Time Elapsed: 79473.178 s. Mean Reward: 0.395. Std of Reward: 33.657. Training.
[INFO] Rocket. Step: 80120000. Time Elapsed: 79490.275 s. Mean Reward: 4.165. Std of Reward: 28.876. Training.
[INFO] Rocket. Step: 80140000. Time Elapsed: 79515.551 s. Mean Reward: 7.398. Std of Reward: 27.452. Training.
[INFO] Rocket. Step: 80160000. Time Elapsed: 79531.197 s. Mean Reward: 7.505. Std of Reward: 26.892. Training.
[INFO] Rocket. Step: 80180000. Time Elapsed: 79556.395 s. Mean Reward: 13.325. Std of Reward: 27.115. Training.
[INFO] Rocket. Step: 80200000. Time Elapsed: 79572.487 s. Mean Reward: 11.329. Std of Reward: 27.887. Training.
[INFO] Rocket. Step: 80220000. Time Elapsed: 79597.017 s. Mean Reward: -1.361. Std of Reward: 34.094. Training.
[INFO] Rocket. Step: 80240000. Time Elapsed: 79614.017 s. Mean Reward: 2.571. Std of Reward: 31.843. Training.
[INFO] Rocket. Step: 80260000. Time Elapsed: 79636.847 s. Mean Reward: 10.261. Std of Reward: 28.509. Training.
[INFO] Rocket. Step: 80280000. Time Elapsed: 79655.861 s. Mean Reward: 12.853. Std of Reward: 28.493. Training.
[INFO] Rocket. Step: 80300000. Time Elapsed: 79679.207 s. Mean Reward: 12.604. Std of Reward: 20.423. Training.
[INFO] Rocket. Step: 80320000. Time Elapsed: 79696.272 s. Mean Reward: 3.836. Std of Reward: 29.387. Training.
[INFO] Rocket. Step: 80340000. Time Elapsed: 79719.995 s. Mean Reward: 11.994. Std of Reward: 25.887. Training.
[INFO] Rocket. Step: 80360000. Time Elapsed: 79736.174 s. Mean Reward: 6.613. Std of Reward: 29.655. Training.
[INFO] Rocket. Step: 80380000. Time Elapsed: 79759.061 s. Mean Reward: -2.043. Std of Reward: 33.089. Training.
[INFO] Rocket. Step: 80400000. Time Elapsed: 79777.472 s. Mean Reward: 2.561. Std of Reward: 31.804. Training.
[INFO] Rocket. Step: 80420000. Time Elapsed: 79800.576 s. Mean Reward: 7.746. Std of Reward: 26.251. Training.
[INFO] Rocket. Step: 80440000. Time Elapsed: 79815.942 s. Mean Reward: 11.770. Std of Reward: 21.540. Training.
[INFO] Rocket. Step: 80460000. Time Elapsed: 79839.864 s. Mean Reward: 10.942. Std of Reward: 24.417. Training.
[INFO] Rocket. Step: 80480000. Time Elapsed: 79856.514 s. Mean Reward: 9.671. Std of Reward: 25.423. Training.
[INFO] Rocket. Step: 80500000. Time Elapsed: 79879.063 s. Mean Reward: 3.244. Std of Reward: 30.680. Training.
[INFO] Exported results\L11\Rocket\Rocket-80499621.onnx
[INFO] Rocket. Step: 80520000. Time Elapsed: 79896.025 s. Mean Reward: 14.001. Std of Reward: 21.363. Training.
[INFO] Rocket. Step: 80540000. Time Elapsed: 79917.886 s. Mean Reward: 5.108. Std of Reward: 30.731. Training.
[INFO] Rocket. Step: 80560000. Time Elapsed: 79936.366 s. Mean Reward: 11.399. Std of Reward: 29.116. Training.
[INFO] Rocket. Step: 80580000. Time Elapsed: 79950.647 s. Mean Reward: 8.925. Std of Reward: 29.194. Training.
[INFO] Rocket. Step: 80600000. Time Elapsed: 79974.060 s. Mean Reward: 14.905. Std of Reward: 27.003. Training.
[INFO] Rocket. Step: 80620000. Time Elapsed: 79990.369 s. Mean Reward: 11.128. Std of Reward: 26.957. Training.
[INFO] Rocket. Step: 80640000. Time Elapsed: 80014.012 s. Mean Reward: 4.028. Std of Reward: 35.094. Training.
[INFO] Rocket. Step: 80660000. Time Elapsed: 80029.032 s. Mean Reward: 12.926. Std of Reward: 28.925. Training.
[INFO] Rocket. Step: 80680000. Time Elapsed: 80052.318 s. Mean Reward: 3.494. Std of Reward: 31.958. Training.
[INFO] Rocket. Step: 80700000. Time Elapsed: 80069.378 s. Mean Reward: 15.971. Std of Reward: 23.134. Training.
[INFO] Rocket. Step: 80720000. Time Elapsed: 80093.691 s. Mean Reward: 9.576. Std of Reward: 31.264. Training.
[INFO] Rocket. Step: 80740000. Time Elapsed: 80108.110 s. Mean Reward: 6.904. Std of Reward: 31.523. Training.
[INFO] Rocket. Step: 80760000. Time Elapsed: 80130.532 s. Mean Reward: 15.623. Std of Reward: 24.860. Training.
[INFO] Rocket. Step: 80780000. Time Elapsed: 80148.217 s. Mean Reward: 9.882. Std of Reward: 28.449. Training.
[INFO] Rocket. Step: 80800000. Time Elapsed: 80171.869 s. Mean Reward: 8.258. Std of Reward: 32.282. Training.
[INFO] Rocket. Step: 80820000. Time Elapsed: 80187.049 s. Mean Reward: 22.042. Std of Reward: 12.009. Training.
[INFO] Rocket. Step: 80840000. Time Elapsed: 80209.218 s. Mean Reward: 14.432. Std of Reward: 22.834. Training.
[INFO] Rocket. Step: 80860000. Time Elapsed: 80226.371 s. Mean Reward: 15.538. Std of Reward: 18.712. Training.
[INFO] Rocket. Step: 80880000. Time Elapsed: 80249.175 s. Mean Reward: 13.575. Std of Reward: 22.899. Training.
[INFO] Rocket. Step: 80900000. Time Elapsed: 80265.165 s. Mean Reward: -5.800. Std of Reward: 35.240. Training.
[INFO] Rocket. Step: 80920000. Time Elapsed: 80287.721 s. Mean Reward: -1.546. Std of Reward: 33.858. Training.
[INFO] Rocket. Step: 80940000. Time Elapsed: 80305.480 s. Mean Reward: 5.708. Std of Reward: 30.572. Training.
[INFO] Rocket. Step: 80960000. Time Elapsed: 80327.010 s. Mean Reward: 6.315. Std of Reward: 25.617. Training.
[INFO] Rocket. Step: 80980000. Time Elapsed: 80345.129 s. Mean Reward: 10.587. Std of Reward: 30.476. Training.
[INFO] Rocket. Step: 81000000. Time Elapsed: 80368.028 s. Mean Reward: 11.883. Std of Reward: 25.867. Training.
[INFO] Exported results\L11\Rocket\Rocket-80999487.onnx
[INFO] Rocket. Step: 81020000. Time Elapsed: 80384.553 s. Mean Reward: 10.343. Std of Reward: 27.198. Training.
[INFO] Rocket. Step: 81040000. Time Elapsed: 80407.364 s. Mean Reward: 10.739. Std of Reward: 27.103. Training.
[INFO] Rocket. Step: 81060000. Time Elapsed: 80424.519 s. Mean Reward: 9.257. Std of Reward: 28.772. Training.
[INFO] Rocket. Step: 81080000. Time Elapsed: 80447.494 s. Mean Reward: 4.154. Std of Reward: 32.501. Training.
[INFO] Rocket. Step: 81100000. Time Elapsed: 80463.369 s. Mean Reward: 4.432. Std of Reward: 31.860. Training.
[INFO] Rocket. Step: 81120000. Time Elapsed: 80487.855 s. Mean Reward: 8.876. Std of Reward: 29.817. Training.
[INFO] Rocket. Step: 81140000. Time Elapsed: 80503.616 s. Mean Reward: 7.313. Std of Reward: 26.987. Training.
[INFO] Rocket. Step: 81160000. Time Elapsed: 80518.877 s. Mean Reward: 0.372. Std of Reward: 34.185. Training.
[INFO] Rocket. Step: 81180000. Time Elapsed: 80543.779 s. Mean Reward: 17.761. Std of Reward: 12.880. Training.
[INFO] Rocket. Step: 81200000. Time Elapsed: 80558.396 s. Mean Reward: 9.634. Std of Reward: 29.096. Training.
[INFO] Rocket. Step: 81220000. Time Elapsed: 80581.131 s. Mean Reward: 12.073. Std of Reward: 24.542. Training.
[INFO] Rocket. Step: 81240000. Time Elapsed: 80599.718 s. Mean Reward: 12.624. Std of Reward: 26.544. Training.
[INFO] Rocket. Step: 81260000. Time Elapsed: 80620.048 s. Mean Reward: 3.541. Std of Reward: 28.793. Training.
[INFO] Rocket. Step: 81280000. Time Elapsed: 80639.082 s. Mean Reward: 7.302. Std of Reward: 30.499. Training.
[INFO] Rocket. Step: 81300000. Time Elapsed: 80661.159 s. Mean Reward: 19.796. Std of Reward: 18.698. Training.
[INFO] Rocket. Step: 81320000. Time Elapsed: 80675.300 s. Mean Reward: 18.379. Std of Reward: 16.825. Training.
[INFO] Rocket. Step: 81340000. Time Elapsed: 80700.033 s. Mean Reward: 7.806. Std of Reward: 28.391. Training.
[INFO] Rocket. Step: 81360000. Time Elapsed: 80717.056 s. Mean Reward: 7.261. Std of Reward: 30.047. Training.
[INFO] Rocket. Step: 81380000. Time Elapsed: 80738.777 s. Mean Reward: 11.832. Std of Reward: 22.081. Training.
[INFO] Rocket. Step: 81400000. Time Elapsed: 80754.673 s. Mean Reward: 8.901. Std of Reward: 24.518. Training.
[INFO] Rocket. Step: 81420000. Time Elapsed: 80778.221 s. Mean Reward: 12.530. Std of Reward: 22.394. Training.
[INFO] Rocket. Step: 81440000. Time Elapsed: 80794.166 s. Mean Reward: 2.486. Std of Reward: 29.460. Training.
[INFO] Rocket. Step: 81460000. Time Elapsed: 80817.348 s. Mean Reward: 14.976. Std of Reward: 20.597. Training.
[INFO] Rocket. Step: 81480000. Time Elapsed: 80833.940 s. Mean Reward: 13.111. Std of Reward: 22.811. Training.
[INFO] Rocket. Step: 81500000. Time Elapsed: 80855.760 s. Mean Reward: 2.718. Std of Reward: 26.985. Training.
[INFO] Exported results\L11\Rocket\Rocket-81499617.onnx
[INFO] Rocket. Step: 81520000. Time Elapsed: 80872.693 s. Mean Reward: 6.405. Std of Reward: 30.823. Training.
[INFO] Rocket. Step: 81540000. Time Elapsed: 80895.717 s. Mean Reward: 6.452. Std of Reward: 31.273. Training.
[INFO] Rocket. Step: 81560000. Time Elapsed: 80913.611 s. Mean Reward: 9.004. Std of Reward: 30.276. Training.
[INFO] Rocket. Step: 81580000. Time Elapsed: 80934.485 s. Mean Reward: 4.660. Std of Reward: 30.196. Training.
[INFO] Rocket. Step: 81600000. Time Elapsed: 80952.758 s. Mean Reward: 13.284. Std of Reward: 23.892. Training.
[INFO] Rocket. Step: 81620000. Time Elapsed: 80975.482 s. Mean Reward: 13.520. Std of Reward: 22.529. Training.
[INFO] Rocket. Step: 81640000. Time Elapsed: 80990.035 s. Mean Reward: 14.020. Std of Reward: 23.952. Training.
[INFO] Rocket. Step: 81660000. Time Elapsed: 81014.370 s. Mean Reward: 2.610. Std of Reward: 35.546. Training.
[INFO] Rocket. Step: 81680000. Time Elapsed: 81030.736 s. Mean Reward: 9.231. Std of Reward: 28.368. Training.
[INFO] Rocket. Step: 81700000. Time Elapsed: 81054.167 s. Mean Reward: 8.524. Std of Reward: 30.792. Training.
[INFO] Rocket. Step: 81720000. Time Elapsed: 81068.864 s. Mean Reward: 2.487. Std of Reward: 36.964. Training.
[INFO] Rocket. Step: 81740000. Time Elapsed: 81093.331 s. Mean Reward: 11.152. Std of Reward: 26.226. Training.
[INFO] Rocket. Step: 81760000. Time Elapsed: 81108.388 s. Mean Reward: 16.112. Std of Reward: 22.355. Training.
[INFO] Rocket. Step: 81780000. Time Elapsed: 81124.912 s. Mean Reward: 7.150. Std of Reward: 30.627. Training.
[INFO] Rocket. Step: 81800000. Time Elapsed: 81146.623 s. Mean Reward: 0.831. Std of Reward: 30.711. Training.
[INFO] Rocket. Step: 81820000. Time Elapsed: 81163.491 s. Mean Reward: 5.731. Std of Reward: 31.777. Training.
[INFO] Rocket. Step: 81840000. Time Elapsed: 81186.184 s. Mean Reward: 17.107. Std of Reward: 18.701. Training.
[INFO] Rocket. Step: 81860000. Time Elapsed: 81202.276 s. Mean Reward: 7.658. Std of Reward: 28.415. Training.
[INFO] Rocket. Step: 81880000. Time Elapsed: 81224.994 s. Mean Reward: 15.806. Std of Reward: 14.308. Training.
[INFO] Rocket. Step: 81900000. Time Elapsed: 81243.502 s. Mean Reward: 12.062. Std of Reward: 27.228. Training.
[INFO] Rocket. Step: 81920000. Time Elapsed: 81264.180 s. Mean Reward: 6.362. Std of Reward: 29.605. Training.
[INFO] Rocket. Step: 81940000. Time Elapsed: 81281.103 s. Mean Reward: 10.956. Std of Reward: 24.136. Training.
[INFO] Rocket. Step: 81960000. Time Elapsed: 81304.490 s. Mean Reward: 15.475. Std of Reward: 21.060. Training.
[INFO] Rocket. Step: 81980000. Time Elapsed: 81321.061 s. Mean Reward: -4.416. Std of Reward: 35.324. Training.
[INFO] Rocket. Step: 82000000. Time Elapsed: 81342.500 s. Mean Reward: 4.804. Std of Reward: 30.672. Training.
[INFO] Exported results\L11\Rocket\Rocket-81999301.onnx
[INFO] Rocket. Step: 82020000. Time Elapsed: 81361.086 s. Mean Reward: -1.409. Std of Reward: 34.330. Training.
[INFO] Rocket. Step: 82040000. Time Elapsed: 81384.501 s. Mean Reward: 7.146. Std of Reward: 30.310. Training.
[INFO] Rocket. Step: 82060000. Time Elapsed: 81399.657 s. Mean Reward: 11.386. Std of Reward: 26.962. Training.
[INFO] Rocket. Step: 82080000. Time Elapsed: 81422.423 s. Mean Reward: 10.031. Std of Reward: 27.489. Training.
[INFO] Rocket. Step: 82100000. Time Elapsed: 81439.333 s. Mean Reward: 18.282. Std of Reward: 22.082. Training.
[INFO] Rocket. Step: 82120000. Time Elapsed: 81461.704 s. Mean Reward: 7.587. Std of Reward: 27.290. Training.
[INFO] Rocket. Step: 82140000. Time Elapsed: 81477.739 s. Mean Reward: 4.990. Std of Reward: 31.271. Training.
[INFO] Rocket. Step: 82160000. Time Elapsed: 81499.628 s. Mean Reward: 10.768. Std of Reward: 27.929. Training.
[INFO] Rocket. Step: 82180000. Time Elapsed: 81516.471 s. Mean Reward: 18.669. Std of Reward: 19.507. Training.
[INFO] Rocket. Step: 82200000. Time Elapsed: 81539.465 s. Mean Reward: 10.166. Std of Reward: 26.196. Training.
[INFO] Rocket. Step: 82220000. Time Elapsed: 81555.476 s. Mean Reward: 13.654. Std of Reward: 20.864. Training.
[INFO] Rocket. Step: 82240000. Time Elapsed: 81578.990 s. Mean Reward: 15.490. Std of Reward: 18.388. Training.
[INFO] Rocket. Step: 82260000. Time Elapsed: 81594.896 s. Mean Reward: 6.572. Std of Reward: 29.574. Training.
[INFO] Rocket. Step: 82280000. Time Elapsed: 81620.961 s. Mean Reward: 10.388. Std of Reward: 22.199. Training.
[INFO] Rocket. Step: 82300000. Time Elapsed: 81633.719 s. Mean Reward: 6.663. Std of Reward: 29.879. Training.
[INFO] Rocket. Step: 82320000. Time Elapsed: 81660.126 s. Mean Reward: 5.045. Std of Reward: 27.598. Training.
[INFO] Rocket. Step: 82340000. Time Elapsed: 81672.853 s. Mean Reward: 4.104. Std of Reward: 30.871. Training.
[INFO] Rocket. Step: 82360000. Time Elapsed: 81691.390 s. Mean Reward: 15.273. Std of Reward: 21.510. Training.
[INFO] Rocket. Step: 82380000. Time Elapsed: 81712.948 s. Mean Reward: 15.028. Std of Reward: 19.304. Training.
[INFO] Rocket. Step: 82400000. Time Elapsed: 81728.827 s. Mean Reward: 6.711. Std of Reward: 28.057. Training.
[INFO] Rocket. Step: 82420000. Time Elapsed: 81752.915 s. Mean Reward: 5.135. Std of Reward: 28.782. Training.
[INFO] Rocket. Step: 82440000. Time Elapsed: 81767.851 s. Mean Reward: 12.501. Std of Reward: 19.461. Training.
[INFO] Rocket. Step: 82460000. Time Elapsed: 81791.688 s. Mean Reward: 16.373. Std of Reward: 16.369. Training.
[INFO] Rocket. Step: 82480000. Time Elapsed: 81807.735 s. Mean Reward: 10.108. Std of Reward: 28.716. Training.
[INFO] Rocket. Step: 82500000. Time Elapsed: 81829.327 s. Mean Reward: 6.921. Std of Reward: 28.534. Training.
[INFO] Exported results\L11\Rocket\Rocket-82499386.onnx
[INFO] Rocket. Step: 82520000. Time Elapsed: 81845.543 s. Mean Reward: 16.832. Std of Reward: 16.491. Training.
[INFO] Rocket. Step: 82540000. Time Elapsed: 81869.672 s. Mean Reward: 10.079. Std of Reward: 21.954. Training.
[INFO] Rocket. Step: 82560000. Time Elapsed: 81885.301 s. Mean Reward: 6.001. Std of Reward: 28.962. Training.
[INFO] Rocket. Step: 82580000. Time Elapsed: 81910.168 s. Mean Reward: 17.894. Std of Reward: 17.866. Training.
[INFO] Rocket. Step: 82600000. Time Elapsed: 81924.992 s. Mean Reward: 12.811. Std of Reward: 25.853. Training.
[INFO] Rocket. Step: 82620000. Time Elapsed: 81949.828 s. Mean Reward: 13.235. Std of Reward: 25.159. Training.
[INFO] Rocket. Step: 82640000. Time Elapsed: 81966.512 s. Mean Reward: 16.853. Std of Reward: 16.647. Training.
[INFO] Rocket. Step: 82660000. Time Elapsed: 81988.737 s. Mean Reward: 4.881. Std of Reward: 31.212. Training.
[INFO] Rocket. Step: 82680000. Time Elapsed: 82006.225 s. Mean Reward: 8.489. Std of Reward: 28.747. Training.
[INFO] Rocket. Step: 82700000. Time Elapsed: 82028.461 s. Mean Reward: 6.032. Std of Reward: 29.125. Training.
[INFO] Rocket. Step: 82720000. Time Elapsed: 82046.158 s. Mean Reward: 10.352. Std of Reward: 26.921. Training.
[INFO] Rocket. Step: 82740000. Time Elapsed: 82067.385 s. Mean Reward: 15.603. Std of Reward: 19.288. Training.
[INFO] Rocket. Step: 82760000. Time Elapsed: 82083.956 s. Mean Reward: 13.417. Std of Reward: 22.650. Training.
[INFO] Rocket. Step: 82780000. Time Elapsed: 82108.254 s. Mean Reward: 0.637. Std of Reward: 34.627. Training.
[INFO] Rocket. Step: 82800000. Time Elapsed: 82122.845 s. Mean Reward: 7.997. Std of Reward: 29.796. Training.
[INFO] Rocket. Step: 82820000. Time Elapsed: 82146.706 s. Mean Reward: -2.319. Std of Reward: 33.138. Training.
[INFO] Rocket. Step: 82840000. Time Elapsed: 82163.745 s. Mean Reward: 5.111. Std of Reward: 31.113. Training.
[INFO] Rocket. Step: 82860000. Time Elapsed: 82186.379 s. Mean Reward: 2.086. Std of Reward: 30.635. Training.
[INFO] Rocket. Step: 82880000. Time Elapsed: 82203.001 s. Mean Reward: 12.797. Std of Reward: 25.161. Training.
[INFO] Rocket. Step: 82900000. Time Elapsed: 82224.281 s. Mean Reward: 7.992. Std of Reward: 30.597. Training.
[INFO] Rocket. Step: 82920000. Time Elapsed: 82241.360 s. Mean Reward: 14.848. Std of Reward: 24.342. Training.
[INFO] Rocket. Step: 82940000. Time Elapsed: 82265.840 s. Mean Reward: 8.606. Std of Reward: 23.826. Training.
[INFO] Rocket. Step: 82960000. Time Elapsed: 82283.250 s. Mean Reward: 6.802. Std of Reward: 31.710. Training.
[INFO] Rocket. Step: 82980000. Time Elapsed: 82297.300 s. Mean Reward: 10.036. Std of Reward: 28.620. Training.
[INFO] Rocket. Step: 83000000. Time Elapsed: 82320.648 s. Mean Reward: 5.449. Std of Reward: 31.640. Training.
[INFO] Exported results\L11\Rocket\Rocket-82999710.onnx
[INFO] Rocket. Step: 83020000. Time Elapsed: 82334.902 s. Mean Reward: 11.138. Std of Reward: 26.096. Training.
[INFO] Rocket. Step: 83040000. Time Elapsed: 82358.939 s. Mean Reward: 14.017. Std of Reward: 23.106. Training.
[INFO] Rocket. Step: 83060000. Time Elapsed: 82375.281 s. Mean Reward: 15.538. Std of Reward: 21.088. Training.
[INFO] Rocket. Step: 83080000. Time Elapsed: 82398.846 s. Mean Reward: 7.646. Std of Reward: 28.605. Training.
[INFO] Rocket. Step: 83100000. Time Elapsed: 82415.812 s. Mean Reward: 11.838. Std of Reward: 25.195. Training.
[INFO] Rocket. Step: 83120000. Time Elapsed: 82438.057 s. Mean Reward: 15.705. Std of Reward: 22.445. Training.
[INFO] Rocket. Step: 83140000. Time Elapsed: 82455.580 s. Mean Reward: 5.915. Std of Reward: 29.266. Training.
[INFO] Rocket. Step: 83160000. Time Elapsed: 82476.334 s. Mean Reward: 7.611. Std of Reward: 27.246. Training.
[INFO] Rocket. Step: 83180000. Time Elapsed: 82495.695 s. Mean Reward: 1.005. Std of Reward: 28.576. Training.
[INFO] Rocket. Step: 83200000. Time Elapsed: 82516.557 s. Mean Reward: 17.304. Std of Reward: 21.725. Training.
[INFO] Rocket. Step: 83220000. Time Elapsed: 82534.835 s. Mean Reward: 4.901. Std of Reward: 29.549. Training.
[INFO] Rocket. Step: 83240000. Time Elapsed: 82556.778 s. Mean Reward: 11.797. Std of Reward: 25.407. Training.
[INFO] Rocket. Step: 83260000. Time Elapsed: 82573.220 s. Mean Reward: 0.917. Std of Reward: 30.317. Training.
[INFO] Rocket. Step: 83280000. Time Elapsed: 82596.030 s. Mean Reward: 0.182. Std of Reward: 31.149. Training.
[INFO] Rocket. Step: 83300000. Time Elapsed: 82612.659 s. Mean Reward: 13.739. Std of Reward: 24.967. Training.
[INFO] Rocket. Step: 83320000. Time Elapsed: 82634.450 s. Mean Reward: 8.858. Std of Reward: 25.282. Training.
[INFO] Rocket. Step: 83340000. Time Elapsed: 82651.786 s. Mean Reward: 12.871. Std of Reward: 22.336. Training.
[INFO] Rocket. Step: 83360000. Time Elapsed: 82676.988 s. Mean Reward: 12.067. Std of Reward: 23.115. Training.
[INFO] Rocket. Step: 83380000. Time Elapsed: 82691.585 s. Mean Reward: 7.388. Std of Reward: 26.791. Training.
[INFO] Rocket. Step: 83400000. Time Elapsed: 82714.178 s. Mean Reward: 19.544. Std of Reward: 12.462. Training.
[INFO] Rocket. Step: 83420000. Time Elapsed: 82730.392 s. Mean Reward: 7.632. Std of Reward: 27.891. Training.
[INFO] Rocket. Step: 83440000. Time Elapsed: 82754.104 s. Mean Reward: 18.873. Std of Reward: 20.036. Training.
[INFO] Rocket. Step: 83460000. Time Elapsed: 82768.936 s. Mean Reward: 7.313. Std of Reward: 28.678. Training.
[INFO] Rocket. Step: 83480000. Time Elapsed: 82792.976 s. Mean Reward: 10.926. Std of Reward: 26.448. Training.
[INFO] Rocket. Step: 83500000. Time Elapsed: 82808.136 s. Mean Reward: 14.853. Std of Reward: 22.901. Training.
[INFO] Exported results\L11\Rocket\Rocket-83499998.onnx
[INFO] Rocket. Step: 83520000. Time Elapsed: 82832.492 s. Mean Reward: 12.861. Std of Reward: 24.465. Training.
[INFO] Rocket. Step: 83540000. Time Elapsed: 82849.435 s. Mean Reward: 22.729. Std of Reward: 12.313. Training.
[INFO] Rocket. Step: 83560000. Time Elapsed: 82863.945 s. Mean Reward: 5.903. Std of Reward: 30.481. Training.
[INFO] Rocket. Step: 83580000. Time Elapsed: 82888.067 s. Mean Reward: 11.094. Std of Reward: 26.997. Training.
[INFO] Rocket. Step: 83600000. Time Elapsed: 82904.509 s. Mean Reward: 14.253. Std of Reward: 19.803. Training.
[INFO] Rocket. Step: 83620000. Time Elapsed: 82927.022 s. Mean Reward: 20.157. Std of Reward: 16.548. Training.
[INFO] Rocket. Step: 83640000. Time Elapsed: 82943.091 s. Mean Reward: 13.634. Std of Reward: 20.629. Training.
[INFO] Rocket. Step: 83660000. Time Elapsed: 82965.856 s. Mean Reward: 10.056. Std of Reward: 28.429. Training.
[INFO] Rocket. Step: 83680000. Time Elapsed: 82982.434 s. Mean Reward: 18.291. Std of Reward: 18.273. Training.
[INFO] Rocket. Step: 83700000. Time Elapsed: 83005.291 s. Mean Reward: 14.950. Std of Reward: 22.795. Training.
[INFO] Rocket. Step: 83720000. Time Elapsed: 83022.044 s. Mean Reward: 6.172. Std of Reward: 30.068. Training.
[INFO] Rocket. Step: 83740000. Time Elapsed: 83045.246 s. Mean Reward: 18.671. Std of Reward: 18.943. Training.
[INFO] Rocket. Step: 83760000. Time Elapsed: 83061.753 s. Mean Reward: 18.291. Std of Reward: 22.553. Training.
[INFO] Rocket. Step: 83780000. Time Elapsed: 83083.012 s. Mean Reward: 13.289. Std of Reward: 22.416. Training.
[INFO] Rocket. Step: 83800000. Time Elapsed: 83101.945 s. Mean Reward: 8.419. Std of Reward: 27.174. Training.
[INFO] Rocket. Step: 83820000. Time Elapsed: 83122.563 s. Mean Reward: 24.002. Std of Reward: 6.393. Training.
[INFO] Rocket. Step: 83840000. Time Elapsed: 83141.168 s. Mean Reward: 12.078. Std of Reward: 21.570. Training.
[INFO] Rocket. Step: 83860000. Time Elapsed: 83161.095 s. Mean Reward: 11.317. Std of Reward: 24.944. Training.
[INFO] Rocket. Step: 83880000. Time Elapsed: 83179.101 s. Mean Reward: 13.851. Std of Reward: 24.696. Training.
[INFO] Rocket. Step: 83900000. Time Elapsed: 83202.078 s. Mean Reward: 11.988. Std of Reward: 22.201. Training.
[INFO] Rocket. Step: 83920000. Time Elapsed: 83218.648 s. Mean Reward: 8.432. Std of Reward: 27.607. Training.
[INFO] Rocket. Step: 83940000. Time Elapsed: 83242.656 s. Mean Reward: 4.645. Std of Reward: 30.211. Training.
[INFO] Rocket. Step: 83960000. Time Elapsed: 83259.736 s. Mean Reward: 8.892. Std of Reward: 25.841. Training.
[INFO] Rocket. Step: 83980000. Time Elapsed: 83285.231 s. Mean Reward: 15.151. Std of Reward: 17.044. Training.
[INFO] Rocket. Step: 84000000. Time Elapsed: 83303.692 s. Mean Reward: 6.567. Std of Reward: 29.543. Training.
[INFO] Exported results\L11\Rocket\Rocket-83999744.onnx
[INFO] Rocket. Step: 84020000. Time Elapsed: 83330.329 s. Mean Reward: 21.099. Std of Reward: 12.719. Training.
[INFO] Rocket. Step: 84040000. Time Elapsed: 83349.053 s. Mean Reward: 12.493. Std of Reward: 24.560. Training.
[INFO] Rocket. Step: 84060000. Time Elapsed: 83373.292 s. Mean Reward: 11.539. Std of Reward: 27.692. Training.
[INFO] Rocket. Step: 84080000. Time Elapsed: 83390.988 s. Mean Reward: -0.341. Std of Reward: 34.004. Training.
[INFO] Rocket. Step: 84100000. Time Elapsed: 83419.623 s. Mean Reward: 14.227. Std of Reward: 21.986. Training.
[INFO] Rocket. Step: 84120000. Time Elapsed: 83435.785 s. Mean Reward: 15.805. Std of Reward: 23.213. Training.
[INFO] Rocket. Step: 84140000. Time Elapsed: 83455.174 s. Mean Reward: 12.452. Std of Reward: 22.747. Training.
[INFO] Rocket. Step: 84160000. Time Elapsed: 83480.239 s. Mean Reward: 8.326. Std of Reward: 30.748. Training.
[INFO] Rocket. Step: 84180000. Time Elapsed: 83499.965 s. Mean Reward: 12.920. Std of Reward: 23.880. Training.
[INFO] Rocket. Step: 84200000. Time Elapsed: 83527.312 s. Mean Reward: 12.850. Std of Reward: 28.863. Training.
[INFO] Rocket. Step: 84220000. Time Elapsed: 83545.239 s. Mean Reward: 7.105. Std of Reward: 29.652. Training.
[INFO] Rocket. Step: 84240000. Time Elapsed: 83571.740 s. Mean Reward: 15.786. Std of Reward: 22.157. Training.
[INFO] Rocket. Step: 84260000. Time Elapsed: 83589.622 s. Mean Reward: 11.890. Std of Reward: 20.908. Training.
[INFO] Rocket. Step: 84280000. Time Elapsed: 83616.940 s. Mean Reward: 11.096. Std of Reward: 26.790. Training.
[INFO] Rocket. Step: 84300000. Time Elapsed: 83634.556 s. Mean Reward: 17.742. Std of Reward: 19.305. Training.
[INFO] Rocket. Step: 84320000. Time Elapsed: 83661.624 s. Mean Reward: 8.354. Std of Reward: 30.342. Training.
[INFO] Rocket. Step: 84340000. Time Elapsed: 83679.724 s. Mean Reward: 18.831. Std of Reward: 16.556. Training.
[INFO] Rocket. Step: 84360000. Time Elapsed: 83704.979 s. Mean Reward: 2.685. Std of Reward: 32.191. Training.
[INFO] Rocket. Step: 84380000. Time Elapsed: 83723.741 s. Mean Reward: 14.655. Std of Reward: 23.146. Training.
[INFO] Rocket. Step: 84400000. Time Elapsed: 83748.267 s. Mean Reward: 7.147. Std of Reward: 29.370. Training.
[INFO] Rocket. Step: 84420000. Time Elapsed: 83768.890 s. Mean Reward: 9.836. Std of Reward: 27.374. Training.
[INFO] Rocket. Step: 84440000. Time Elapsed: 83793.738 s. Mean Reward: 5.659. Std of Reward: 25.344. Training.
[INFO] Rocket. Step: 84460000. Time Elapsed: 83811.965 s. Mean Reward: 16.050. Std of Reward: 21.750. Training.
[INFO] Rocket. Step: 84480000. Time Elapsed: 83840.547 s. Mean Reward: 15.245. Std of Reward: 19.691. Training.
[INFO] Rocket. Step: 84500000. Time Elapsed: 83856.126 s. Mean Reward: 16.018. Std of Reward: 16.789. Training.
[INFO] Exported results\L11\Rocket\Rocket-84499419.onnx
[INFO] Rocket. Step: 84520000. Time Elapsed: 83884.560 s. Mean Reward: 17.123. Std of Reward: 18.926. Training.
[INFO] Rocket. Step: 84540000. Time Elapsed: 83900.912 s. Mean Reward: 10.387. Std of Reward: 29.143. Training.
[INFO] Rocket. Step: 84560000. Time Elapsed: 83929.948 s. Mean Reward: 14.010. Std of Reward: 23.901. Training.
[INFO] Rocket. Step: 84580000. Time Elapsed: 83946.572 s. Mean Reward: 13.590. Std of Reward: 23.947. Training.
[INFO] Rocket. Step: 84600000. Time Elapsed: 83972.901 s. Mean Reward: 15.567. Std of Reward: 20.486. Training.
[INFO] Rocket. Step: 84620000. Time Elapsed: 83990.470 s. Mean Reward: 12.717. Std of Reward: 24.927. Training.
[INFO] Rocket. Step: 84640000. Time Elapsed: 84017.515 s. Mean Reward: 16.036. Std of Reward: 20.306. Training.
[INFO] Rocket. Step: 84660000. Time Elapsed: 84035.222 s. Mean Reward: 12.313. Std of Reward: 27.576. Training.
[INFO] Rocket. Step: 84680000. Time Elapsed: 84052.283 s. Mean Reward: 12.301. Std of Reward: 26.849. Training.
[INFO] Rocket. Step: 84700000. Time Elapsed: 84078.609 s. Mean Reward: 20.873. Std of Reward: 11.751. Training.
[INFO] Rocket. Step: 84720000. Time Elapsed: 84097.494 s. Mean Reward: 16.449. Std of Reward: 19.745. Training.
[INFO] Rocket. Step: 84740000. Time Elapsed: 84121.723 s. Mean Reward: 9.815. Std of Reward: 29.676. Training.
[INFO] Rocket. Step: 84760000. Time Elapsed: 84142.236 s. Mean Reward: 8.713. Std of Reward: 25.564. Training.
[INFO] Rocket. Step: 84780000. Time Elapsed: 84166.920 s. Mean Reward: 7.209. Std of Reward: 32.247. Training.
[INFO] Rocket. Step: 84800000. Time Elapsed: 84183.496 s. Mean Reward: 11.540. Std of Reward: 25.655. Training.
[INFO] Rocket. Step: 84820000. Time Elapsed: 84209.156 s. Mean Reward: 5.524. Std of Reward: 30.001. Training.
[INFO] Rocket. Step: 84840000. Time Elapsed: 84225.521 s. Mean Reward: 10.117. Std of Reward: 25.517. Training.
[INFO] Rocket. Step: 84860000. Time Elapsed: 84254.311 s. Mean Reward: 18.019. Std of Reward: 18.673. Training.
[INFO] Rocket. Step: 84880000. Time Elapsed: 84269.320 s. Mean Reward: 9.632. Std of Reward: 25.956. Training.
[INFO] Rocket. Step: 84900000. Time Elapsed: 84296.122 s. Mean Reward: 15.683. Std of Reward: 20.327. Training.
[INFO] Rocket. Step: 84920000. Time Elapsed: 84313.729 s. Mean Reward: 6.823. Std of Reward: 31.057. Training.
[INFO] Rocket. Step: 84940000. Time Elapsed: 84339.459 s. Mean Reward: 10.875. Std of Reward: 26.618. Training.
[INFO] Rocket. Step: 84960000. Time Elapsed: 84357.063 s. Mean Reward: 10.701. Std of Reward: 23.791. Training.
[INFO] Rocket. Step: 84980000. Time Elapsed: 84386.154 s. Mean Reward: 12.970. Std of Reward: 25.319. Training.
[INFO] Rocket. Step: 85000000. Time Elapsed: 84403.966 s. Mean Reward: 17.780. Std of Reward: 15.070. Training.
[INFO] Exported results\L11\Rocket\Rocket-84999282.onnx
[INFO] Rocket. Step: 85020000. Time Elapsed: 84430.309 s. Mean Reward: 6.450. Std of Reward: 28.002. Training.
[INFO] Rocket. Step: 85040000. Time Elapsed: 84449.492 s. Mean Reward: 14.855. Std of Reward: 24.846. Training.
[INFO] Rocket. Step: 85060000. Time Elapsed: 84474.194 s. Mean Reward: 2.379. Std of Reward: 29.440. Training.
[INFO] Rocket. Step: 85080000. Time Elapsed: 84491.241 s. Mean Reward: 4.834. Std of Reward: 30.265. Training.
[INFO] Rocket. Step: 85100000. Time Elapsed: 84521.113 s. Mean Reward: 5.623. Std of Reward: 27.664. Training.
[INFO] Rocket. Step: 85120000. Time Elapsed: 84536.704 s. Mean Reward: 7.382. Std of Reward: 27.816. Training.
[INFO] Rocket. Step: 85140000. Time Elapsed: 84566.251 s. Mean Reward: 4.204. Std of Reward: 29.506. Training.
[INFO] Rocket. Step: 85160000. Time Elapsed: 84584.197 s. Mean Reward: 14.131. Std of Reward: 25.412. Training.
[INFO] Rocket. Step: 85180000. Time Elapsed: 84611.272 s. Mean Reward: 17.621. Std of Reward: 19.392. Training.
[INFO] Rocket. Step: 85200000. Time Elapsed: 84629.590 s. Mean Reward: 11.248. Std of Reward: 22.609. Training.
[INFO] Rocket. Step: 85220000. Time Elapsed: 84657.251 s. Mean Reward: 19.539. Std of Reward: 16.786. Training.
[INFO] Rocket. Step: 85240000. Time Elapsed: 84674.563 s. Mean Reward: 6.458. Std of Reward: 30.840. Training.
[INFO] Rocket. Step: 85260000. Time Elapsed: 84703.449 s. Mean Reward: 10.712. Std of Reward: 23.328. Training.
[INFO] Rocket. Step: 85280000. Time Elapsed: 84720.315 s. Mean Reward: 14.825. Std of Reward: 21.070. Training.
[INFO] Rocket. Step: 85300000. Time Elapsed: 84736.004 s. Mean Reward: 3.132. Std of Reward: 29.880. Training.
[INFO] Rocket. Step: 85320000. Time Elapsed: 84762.514 s. Mean Reward: 4.506. Std of Reward: 37.478. Training.
[INFO] Rocket. Step: 85340000. Time Elapsed: 84783.522 s. Mean Reward: 16.639. Std of Reward: 16.611. Training.
[INFO] Rocket. Step: 85360000. Time Elapsed: 84810.005 s. Mean Reward: 3.792. Std of Reward: 31.128. Training.
[INFO] Rocket. Step: 85380000. Time Elapsed: 84826.279 s. Mean Reward: 7.482. Std of Reward: 26.556. Training.
[INFO] Rocket. Step: 85400000. Time Elapsed: 84856.027 s. Mean Reward: 8.496. Std of Reward: 28.694. Training.
[INFO] Rocket. Step: 85420000. Time Elapsed: 84871.511 s. Mean Reward: 2.050. Std of Reward: 33.925. Training.
[INFO] Rocket. Step: 85440000. Time Elapsed: 84898.251 s. Mean Reward: -2.105. Std of Reward: 32.039. Training.
[INFO] Rocket. Step: 85460000. Time Elapsed: 84918.196 s. Mean Reward: 5.361. Std of Reward: 31.638. Training.
[INFO] Rocket. Step: 85480000. Time Elapsed: 84942.755 s. Mean Reward: 15.614. Std of Reward: 18.146. Training.
[INFO] Rocket. Step: 85500000. Time Elapsed: 84962.824 s. Mean Reward: 18.584. Std of Reward: 17.224. Training.
[INFO] Exported results\L11\Rocket\Rocket-85499472.onnx
[INFO] Rocket. Step: 85520000. Time Elapsed: 84987.263 s. Mean Reward: 12.395. Std of Reward: 22.579. Training.
[INFO] Rocket. Step: 85540000. Time Elapsed: 85005.533 s. Mean Reward: 12.641. Std of Reward: 23.773. Training.
[INFO] Rocket. Step: 85560000. Time Elapsed: 85033.167 s. Mean Reward: 11.339. Std of Reward: 26.817. Training.
[INFO] Rocket. Step: 85580000. Time Elapsed: 85049.731 s. Mean Reward: 11.440. Std of Reward: 24.975. Training.
[INFO] Rocket. Step: 85600000. Time Elapsed: 85077.380 s. Mean Reward: 13.784. Std of Reward: 25.835. Training.
[INFO] Rocket. Step: 85620000. Time Elapsed: 85092.916 s. Mean Reward: 7.350. Std of Reward: 30.114. Training.
[INFO] Rocket. Step: 85640000. Time Elapsed: 85120.243 s. Mean Reward: 3.483. Std of Reward: 30.382. Training.
[INFO] Rocket. Step: 85660000. Time Elapsed: 85138.340 s. Mean Reward: 9.686. Std of Reward: 28.925. Training.
[INFO] Rocket. Step: 85680000. Time Elapsed: 85165.083 s. Mean Reward: 7.996. Std of Reward: 24.087. Training.
[INFO] Rocket. Step: 85700000. Time Elapsed: 85182.282 s. Mean Reward: 1.606. Std of Reward: 34.148. Training.
[INFO] Rocket. Step: 85720000. Time Elapsed: 85208.894 s. Mean Reward: 14.677. Std of Reward: 22.334. Training.
[INFO] Rocket. Step: 85740000. Time Elapsed: 85226.056 s. Mean Reward: 6.897. Std of Reward: 28.134. Training.
[INFO] Rocket. Step: 85760000. Time Elapsed: 85253.207 s. Mean Reward: 15.691. Std of Reward: 17.988. Training.
[INFO] Rocket. Step: 85780000. Time Elapsed: 85269.837 s. Mean Reward: 6.683. Std of Reward: 28.526. Training.
[INFO] Rocket. Step: 85800000. Time Elapsed: 85297.951 s. Mean Reward: 11.025. Std of Reward: 29.523. Training.
[INFO] Rocket. Step: 85820000. Time Elapsed: 85315.311 s. Mean Reward: 13.131. Std of Reward: 23.102. Training.
[INFO] Rocket. Step: 85840000. Time Elapsed: 85331.541 s. Mean Reward: 10.377. Std of Reward: 22.705. Training.
[INFO] Rocket. Step: 85860000. Time Elapsed: 85357.586 s. Mean Reward: 14.762. Std of Reward: 25.789. Training.
[INFO] Rocket. Step: 85880000. Time Elapsed: 85374.862 s. Mean Reward: 4.789. Std of Reward: 28.800. Training.
[INFO] Rocket. Step: 85900000. Time Elapsed: 85401.635 s. Mean Reward: 19.670. Std of Reward: 16.948. Training.
[INFO] Rocket. Step: 85920000. Time Elapsed: 85419.353 s. Mean Reward: 8.289. Std of Reward: 25.101. Training.
[INFO] Rocket. Step: 85940000. Time Elapsed: 85447.151 s. Mean Reward: 7.122. Std of Reward: 27.355. Training.
[INFO] Rocket. Step: 85960000. Time Elapsed: 85464.350 s. Mean Reward: 12.333. Std of Reward: 23.539. Training.
[INFO] Rocket. Step: 85980000. Time Elapsed: 85492.587 s. Mean Reward: 6.384. Std of Reward: 29.156. Training.
[INFO] Rocket. Step: 86000000. Time Elapsed: 85509.842 s. Mean Reward: 18.373. Std of Reward: 14.741. Training.
[INFO] Exported results\L11\Rocket\Rocket-85999514.onnx
[INFO] Rocket. Step: 86020000. Time Elapsed: 85537.254 s. Mean Reward: 8.692. Std of Reward: 29.723. Training.
[INFO] Rocket. Step: 86040000. Time Elapsed: 85556.522 s. Mean Reward: 18.246. Std of Reward: 16.792. Training.
[INFO] Rocket. Step: 86060000. Time Elapsed: 85580.531 s. Mean Reward: 6.628. Std of Reward: 29.717. Training.
[INFO] Rocket. Step: 86080000. Time Elapsed: 85599.907 s. Mean Reward: 12.992. Std of Reward: 22.904. Training.
[INFO] Rocket. Step: 86100000. Time Elapsed: 85626.040 s. Mean Reward: 15.540. Std of Reward: 17.564. Training.
[INFO] Rocket. Step: 86120000. Time Elapsed: 85644.467 s. Mean Reward: 15.315. Std of Reward: 18.008. Training.
[INFO] Rocket. Step: 86140000. Time Elapsed: 85668.977 s. Mean Reward: 13.834. Std of Reward: 19.655. Training.
[INFO] Rocket. Step: 86160000. Time Elapsed: 85688.001 s. Mean Reward: 2.849. Std of Reward: 33.484. Training.
[INFO] Rocket. Step: 86180000. Time Elapsed: 85714.030 s. Mean Reward: 9.294. Std of Reward: 24.057. Training.
[INFO] Rocket. Step: 86200000. Time Elapsed: 85730.228 s. Mean Reward: 15.693. Std of Reward: 19.729. Training.
[INFO] Rocket. Step: 86220000. Time Elapsed: 85758.986 s. Mean Reward: 7.919. Std of Reward: 28.439. Training.
[INFO] Rocket. Step: 86240000. Time Elapsed: 85776.456 s. Mean Reward: 9.118. Std of Reward: 26.865. Training.
[INFO] Rocket. Step: 86260000. Time Elapsed: 85803.990 s. Mean Reward: 18.172. Std of Reward: 14.877. Training.
[INFO] Rocket. Step: 86280000. Time Elapsed: 85820.727 s. Mean Reward: 11.790. Std of Reward: 25.451. Training.
[INFO] Rocket. Step: 86300000. Time Elapsed: 85847.384 s. Mean Reward: 2.406. Std of Reward: 31.276. Training.
[INFO] Rocket. Step: 86320000. Time Elapsed: 85866.483 s. Mean Reward: 15.494. Std of Reward: 21.971. Training.
[INFO] Rocket. Step: 86340000. Time Elapsed: 85893.456 s. Mean Reward: 5.155. Std of Reward: 29.199. Training.
[INFO] Rocket. Step: 86360000. Time Elapsed: 85909.294 s. Mean Reward: 5.219. Std of Reward: 33.864. Training.
[INFO] Rocket. Step: 86380000. Time Elapsed: 85938.890 s. Mean Reward: -1.202. Std of Reward: 33.078. Training.
[INFO] Rocket. Step: 86400000. Time Elapsed: 85954.941 s. Mean Reward: 6.143. Std of Reward: 29.238. Training.
[INFO] Rocket. Step: 86420000. Time Elapsed: 85981.980 s. Mean Reward: 3.364. Std of Reward: 31.047. Training.
[INFO] Rocket. Step: 86440000. Time Elapsed: 85999.866 s. Mean Reward: 3.327. Std of Reward: 30.173. Training.
[INFO] Rocket. Step: 86460000. Time Elapsed: 86017.677 s. Mean Reward: 11.983. Std of Reward: 24.152. Training.
[INFO] Rocket. Step: 86480000. Time Elapsed: 86044.180 s. Mean Reward: 15.802. Std of Reward: 22.528. Training.
[INFO] Rocket. Step: 86500000. Time Elapsed: 86060.580 s. Mean Reward: 4.019. Std of Reward: 26.065. Training.
[INFO] Exported results\L11\Rocket\Rocket-86499326.onnx
[INFO] Rocket. Step: 86520000. Time Elapsed: 86089.455 s. Mean Reward: 11.346. Std of Reward: 26.860. Training.
[INFO] Rocket. Step: 86540000. Time Elapsed: 86106.575 s. Mean Reward: 14.414. Std of Reward: 16.821. Training.
[INFO] Rocket. Step: 86560000. Time Elapsed: 86135.847 s. Mean Reward: 16.537. Std of Reward: 22.346. Training.
[INFO] Rocket. Step: 86580000. Time Elapsed: 86152.112 s. Mean Reward: 11.485. Std of Reward: 24.731. Training.
[INFO] Rocket. Step: 86600000. Time Elapsed: 86177.830 s. Mean Reward: 14.422. Std of Reward: 21.734. Training.
[INFO] Rocket. Step: 86620000. Time Elapsed: 86198.530 s. Mean Reward: 8.501. Std of Reward: 25.443. Training.
[INFO] Rocket. Step: 86640000. Time Elapsed: 86225.149 s. Mean Reward: 3.323. Std of Reward: 32.683. Training.
[INFO] Rocket. Step: 86660000. Time Elapsed: 86244.017 s. Mean Reward: 11.457. Std of Reward: 19.564. Training.
[INFO] Rocket. Step: 86680000. Time Elapsed: 86271.435 s. Mean Reward: 12.108. Std of Reward: 21.400. Training.
[INFO] Rocket. Step: 86700000. Time Elapsed: 86290.753 s. Mean Reward: 9.813. Std of Reward: 29.864. Training.
[INFO] Rocket. Step: 86720000. Time Elapsed: 86322.531 s. Mean Reward: 17.713. Std of Reward: 17.402. Training.
[INFO] Rocket. Step: 86740000. Time Elapsed: 86340.315 s. Mean Reward: 17.988. Std of Reward: 22.504. Training.
[INFO] Rocket. Step: 86760000. Time Elapsed: 86370.726 s. Mean Reward: 14.826. Std of Reward: 20.974. Training.
[INFO] Rocket. Step: 86780000. Time Elapsed: 86391.681 s. Mean Reward: 10.900. Std of Reward: 28.039. Training.
[INFO] Rocket. Step: 86800000. Time Elapsed: 86415.506 s. Mean Reward: 11.353. Std of Reward: 24.022. Training.
[INFO] Rocket. Step: 86820000. Time Elapsed: 86431.778 s. Mean Reward: 3.959. Std of Reward: 29.756. Training.
[INFO] Rocket. Step: 86840000. Time Elapsed: 86460.496 s. Mean Reward: 10.846. Std of Reward: 23.514. Training.
[INFO] Rocket. Step: 86860000. Time Elapsed: 86478.455 s. Mean Reward: 17.165. Std of Reward: 15.998. Training.
[INFO] Rocket. Step: 86880000. Time Elapsed: 86504.211 s. Mean Reward: 16.133. Std of Reward: 18.209. Training.
[INFO] Rocket. Step: 86900000. Time Elapsed: 86525.945 s. Mean Reward: 11.702. Std of Reward: 25.524. Training.
[INFO] Rocket. Step: 86920000. Time Elapsed: 86550.896 s. Mean Reward: 9.330. Std of Reward: 23.147. Training.
[INFO] Rocket. Step: 86940000. Time Elapsed: 86568.323 s. Mean Reward: -2.075. Std of Reward: 32.502. Training.
[INFO] Rocket. Step: 86960000. Time Elapsed: 86597.570 s. Mean Reward: 12.070. Std of Reward: 24.199. Training.
[INFO] Rocket. Step: 86980000. Time Elapsed: 86614.038 s. Mean Reward: 5.109. Std of Reward: 30.746. Training.
[INFO] Rocket. Step: 87000000. Time Elapsed: 86631.108 s. Mean Reward: -1.161. Std of Reward: 31.853. Training.
[INFO] Exported results\L11\Rocket\Rocket-86999645.onnx
[INFO] Rocket. Step: 87020000. Time Elapsed: 86659.651 s. Mean Reward: 7.574. Std of Reward: 29.935. Training.
[INFO] Rocket. Step: 87040000. Time Elapsed: 86676.681 s. Mean Reward: 11.577. Std of Reward: 25.804. Training.
[INFO] Rocket. Step: 87060000. Time Elapsed: 86704.889 s. Mean Reward: 8.048. Std of Reward: 26.877. Training.
[INFO] Rocket. Step: 87080000. Time Elapsed: 86722.949 s. Mean Reward: 5.299. Std of Reward: 26.070. Training.
[INFO] Rocket. Step: 87100000. Time Elapsed: 86749.246 s. Mean Reward: 9.581. Std of Reward: 24.674. Training.
[INFO] Rocket. Step: 87120000. Time Elapsed: 86767.990 s. Mean Reward: 10.824. Std of Reward: 24.499. Training.
[INFO] Rocket. Step: 87140000. Time Elapsed: 86798.476 s. Mean Reward: 1.548. Std of Reward: 29.396. Training.
[INFO] Rocket. Step: 87160000. Time Elapsed: 86813.334 s. Mean Reward: 17.240. Std of Reward: 19.565. Training.
[INFO] Rocket. Step: 87180000. Time Elapsed: 86839.872 s. Mean Reward: 7.551. Std of Reward: 29.430. Training.
[INFO] Rocket. Step: 87200000. Time Elapsed: 86858.149 s. Mean Reward: 12.674. Std of Reward: 21.678. Training.
[INFO] Rocket. Step: 87220000. Time Elapsed: 86880.709 s. Mean Reward: 7.365. Std of Reward: 28.954. Training.
[INFO] Rocket. Step: 87240000. Time Elapsed: 86898.763 s. Mean Reward: 8.853. Std of Reward: 24.708. Training.
[INFO] Rocket. Step: 87260000. Time Elapsed: 86921.258 s. Mean Reward: 9.436. Std of Reward: 28.664. Training.
[INFO] Rocket. Step: 87280000. Time Elapsed: 86936.202 s. Mean Reward: 17.786. Std of Reward: 23.843. Training.
[INFO] Rocket. Step: 87300000. Time Elapsed: 86959.905 s. Mean Reward: 12.598. Std of Reward: 23.486. Training.
[INFO] Rocket. Step: 87320000. Time Elapsed: 86976.810 s. Mean Reward: 10.879. Std of Reward: 28.070. Training.
[INFO] Rocket. Step: 87340000. Time Elapsed: 87000.688 s. Mean Reward: 9.467. Std of Reward: 26.289. Training.
[INFO] Rocket. Step: 87360000. Time Elapsed: 87018.668 s. Mean Reward: 10.057. Std of Reward: 28.210. Training.
[INFO] Rocket. Step: 87380000. Time Elapsed: 87044.526 s. Mean Reward: 6.037. Std of Reward: 26.446. Training.
[INFO] Rocket. Step: 87400000. Time Elapsed: 87061.186 s. Mean Reward: 1.458. Std of Reward: 33.140. Training.
[INFO] Rocket. Step: 87420000. Time Elapsed: 87090.314 s. Mean Reward: 7.501. Std of Reward: 26.984. Training.
[INFO] Rocket. Step: 87440000. Time Elapsed: 87106.584 s. Mean Reward: 13.611. Std of Reward: 23.148. Training.
[INFO] Rocket. Step: 87460000. Time Elapsed: 87131.936 s. Mean Reward: 17.994. Std of Reward: 13.524. Training.
[INFO] Rocket. Step: 87480000. Time Elapsed: 87148.100 s. Mean Reward: 1.626. Std of Reward: 32.859. Training.
[INFO] Rocket. Step: 87500000. Time Elapsed: 87174.804 s. Mean Reward: 4.815. Std of Reward: 28.920. Training.
[INFO] Exported results\L11\Rocket\Rocket-87499570.onnx
[INFO] Rocket. Step: 87520000. Time Elapsed: 87192.805 s. Mean Reward: 17.875. Std of Reward: 15.721. Training.
[INFO] Rocket. Step: 87540000. Time Elapsed: 87219.467 s. Mean Reward: 7.302. Std of Reward: 29.333. Training.
[INFO] Rocket. Step: 87560000. Time Elapsed: 87237.596 s. Mean Reward: 8.597. Std of Reward: 24.716. Training.
[INFO] Rocket. Step: 87580000. Time Elapsed: 87263.371 s. Mean Reward: 7.739. Std of Reward: 26.399. Training.
[INFO] Rocket. Step: 87600000. Time Elapsed: 87277.350 s. Mean Reward: 9.093. Std of Reward: 25.715. Training.
[INFO] Rocket. Step: 87620000. Time Elapsed: 87296.040 s. Mean Reward: 6.156. Std of Reward: 28.369. Training.
[INFO] Rocket. Step: 87640000. Time Elapsed: 87321.909 s. Mean Reward: 8.969. Std of Reward: 25.744. Training.
[INFO] Rocket. Step: 87660000. Time Elapsed: 87337.197 s. Mean Reward: 15.889. Std of Reward: 17.907. Training.
[INFO] Rocket. Step: 87680000. Time Elapsed: 87362.785 s. Mean Reward: 12.907. Std of Reward: 22.883. Training.
[INFO] Rocket. Step: 87700000. Time Elapsed: 87379.436 s. Mean Reward: 12.851. Std of Reward: 26.968. Training.
[INFO] Rocket. Step: 87720000. Time Elapsed: 87404.448 s. Mean Reward: 12.996. Std of Reward: 23.939. Training.
[INFO] Rocket. Step: 87740000. Time Elapsed: 87421.597 s. Mean Reward: 5.645. Std of Reward: 29.048. Training.
[INFO] Rocket. Step: 87760000. Time Elapsed: 87448.172 s. Mean Reward: 13.141. Std of Reward: 23.868. Training.
[INFO] Rocket. Step: 87780000. Time Elapsed: 87464.531 s. Mean Reward: 11.075. Std of Reward: 27.268. Training.
[INFO] Rocket. Step: 87800000. Time Elapsed: 87489.730 s. Mean Reward: 8.886. Std of Reward: 25.276. Training.
[INFO] Rocket. Step: 87820000. Time Elapsed: 87506.257 s. Mean Reward: 13.858. Std of Reward: 25.915. Training.
[INFO] Rocket. Step: 87840000. Time Elapsed: 87531.683 s. Mean Reward: 6.176. Std of Reward: 28.300. Training.
[INFO] Rocket. Step: 87860000. Time Elapsed: 87549.275 s. Mean Reward: 13.308. Std of Reward: 19.096. Training.
[INFO] Rocket. Step: 87880000. Time Elapsed: 87573.564 s. Mean Reward: 3.894. Std of Reward: 33.758. Training.
[INFO] Rocket. Step: 87900000. Time Elapsed: 87592.960 s. Mean Reward: 0.268. Std of Reward: 32.705. Training.
[INFO] Rocket. Step: 87920000. Time Elapsed: 87617.618 s. Mean Reward: 10.991. Std of Reward: 25.160. Training.
[INFO] Rocket. Step: 87940000. Time Elapsed: 87635.427 s. Mean Reward: 8.571. Std of Reward: 24.444. Training.
[INFO] Rocket. Step: 87960000. Time Elapsed: 87659.596 s. Mean Reward: 6.353. Std of Reward: 30.533. Training.
[INFO] Rocket. Step: 87980000. Time Elapsed: 87678.288 s. Mean Reward: 22.206. Std of Reward: 5.452. Training.
[INFO] Rocket. Step: 88000000. Time Elapsed: 87701.820 s. Mean Reward: 9.488. Std of Reward: 28.338. Training.
[INFO] Exported results\L11\Rocket\Rocket-87999938.onnx
[INFO] Rocket. Step: 88020000. Time Elapsed: 87718.099 s. Mean Reward: 12.215. Std of Reward: 21.905. Training.
[INFO] Rocket. Step: 88040000. Time Elapsed: 87745.449 s. Mean Reward: 9.428. Std of Reward: 28.077. Training.
[INFO] Rocket. Step: 88060000. Time Elapsed: 87761.444 s. Mean Reward: 11.350. Std of Reward: 24.258. Training.
[INFO] Rocket. Step: 88080000. Time Elapsed: 87786.961 s. Mean Reward: 3.996. Std of Reward: 31.361. Training.
[INFO] Rocket. Step: 88100000. Time Elapsed: 87803.576 s. Mean Reward: 6.348. Std of Reward: 30.579. Training.
[INFO] Rocket. Step: 88120000. Time Elapsed: 87829.757 s. Mean Reward: 7.539. Std of Reward: 28.845. Training.
[INFO] Rocket. Step: 88140000. Time Elapsed: 87847.160 s. Mean Reward: 14.016. Std of Reward: 24.612. Training.
[INFO] Rocket. Step: 88160000. Time Elapsed: 87862.682 s. Mean Reward: 18.738. Std of Reward: 15.597. Training.
[INFO] Rocket. Step: 88180000. Time Elapsed: 87890.549 s. Mean Reward: 9.850. Std of Reward: 26.273. Training.
[INFO] Rocket. Step: 88200000. Time Elapsed: 87905.039 s. Mean Reward: 10.579. Std of Reward: 26.476. Training.
[INFO] Rocket. Step: 88220000. Time Elapsed: 87929.909 s. Mean Reward: 13.937. Std of Reward: 18.350. Training.
[INFO] Rocket. Step: 88240000. Time Elapsed: 87948.317 s. Mean Reward: 0.888. Std of Reward: 32.529. Training.
[INFO] Rocket. Step: 88260000. Time Elapsed: 87973.673 s. Mean Reward: 6.556. Std of Reward: 26.773. Training.
[INFO] Rocket. Step: 88280000. Time Elapsed: 87989.531 s. Mean Reward: 5.928. Std of Reward: 31.601. Training.
[INFO] Rocket. Step: 88300000. Time Elapsed: 88016.565 s. Mean Reward: 13.219. Std of Reward: 21.730. Training.
[INFO] Rocket. Step: 88320000. Time Elapsed: 88031.601 s. Mean Reward: 9.107. Std of Reward: 24.696. Training.
[INFO] Rocket. Step: 88340000. Time Elapsed: 88058.588 s. Mean Reward: 16.376. Std of Reward: 17.918. Training.
[INFO] Rocket. Step: 88360000. Time Elapsed: 88075.480 s. Mean Reward: 12.801. Std of Reward: 19.150. Training.
[INFO] Rocket. Step: 88380000. Time Elapsed: 88100.667 s. Mean Reward: 7.354. Std of Reward: 28.789. Training.
[INFO] Rocket. Step: 88400000. Time Elapsed: 88117.108 s. Mean Reward: 13.299. Std of Reward: 21.527. Training.
[INFO] Rocket. Step: 88420000. Time Elapsed: 88142.507 s. Mean Reward: 16.481. Std of Reward: 19.448. Training.
[INFO] Rocket. Step: 88440000. Time Elapsed: 88159.174 s. Mean Reward: 17.467. Std of Reward: 22.071. Training.
[INFO] Rocket. Step: 88460000. Time Elapsed: 88185.691 s. Mean Reward: 8.851. Std of Reward: 26.190. Training.
[INFO] Rocket. Step: 88480000. Time Elapsed: 88200.905 s. Mean Reward: 17.169. Std of Reward: 19.956. Training.
[INFO] Rocket. Step: 88500000. Time Elapsed: 88224.281 s. Mean Reward: 15.641. Std of Reward: 23.073. Training.
[INFO] Exported results\L11\Rocket\Rocket-88499898.onnx
[INFO] Rocket. Step: 88520000. Time Elapsed: 88240.171 s. Mean Reward: 16.809. Std of Reward: 18.253. Training.
[INFO] Rocket. Step: 88540000. Time Elapsed: 88261.339 s. Mean Reward: 2.813. Std of Reward: 30.787. Training.
[INFO] Rocket. Step: 88560000. Time Elapsed: 88276.573 s. Mean Reward: 4.731. Std of Reward: 29.583. Training.
[INFO] Rocket. Step: 88580000. Time Elapsed: 88302.689 s. Mean Reward: 7.392. Std of Reward: 27.655. Training.
[INFO] Rocket. Step: 88600000. Time Elapsed: 88319.854 s. Mean Reward: 13.642. Std of Reward: 23.629. Training.
[INFO] Rocket. Step: 88620000. Time Elapsed: 88346.959 s. Mean Reward: 12.843. Std of Reward: 21.086. Training.
[INFO] Rocket. Step: 88640000. Time Elapsed: 88363.617 s. Mean Reward: 3.820. Std of Reward: 32.948. Training.
[INFO] Rocket. Step: 88660000. Time Elapsed: 88389.733 s. Mean Reward: 20.007. Std of Reward: 11.429. Training.
[INFO] Rocket. Step: 88680000. Time Elapsed: 88407.480 s. Mean Reward: 14.662. Std of Reward: 22.127. Training.
[INFO] Rocket. Step: 88700000. Time Elapsed: 88429.730 s. Mean Reward: 16.498. Std of Reward: 21.416. Training.
[INFO] Rocket. Step: 88720000. Time Elapsed: 88443.433 s. Mean Reward: 15.612. Std of Reward: 15.743. Training.
[INFO] Rocket. Step: 88740000. Time Elapsed: 88459.661 s. Mean Reward: 10.612. Std of Reward: 24.665. Training.
[INFO] Rocket. Step: 88760000. Time Elapsed: 88483.820 s. Mean Reward: 10.462. Std of Reward: 29.047. Training.
[INFO] Rocket. Step: 88780000. Time Elapsed: 88498.474 s. Mean Reward: 15.909. Std of Reward: 22.250. Training.
[INFO] Rocket. Step: 88800000. Time Elapsed: 88520.652 s. Mean Reward: 10.076. Std of Reward: 25.752. Training.
[INFO] Rocket. Step: 88820000. Time Elapsed: 88537.026 s. Mean Reward: 8.805. Std of Reward: 28.201. Training.
[INFO] Rocket. Step: 88840000. Time Elapsed: 88560.240 s. Mean Reward: 12.922. Std of Reward: 28.764. Training.
[INFO] Rocket. Step: 88860000. Time Elapsed: 88575.127 s. Mean Reward: 13.282. Std of Reward: 24.744. Training.
[INFO] Rocket. Step: 88880000. Time Elapsed: 88598.190 s. Mean Reward: 7.451. Std of Reward: 29.949. Training.
[INFO] Rocket. Step: 88900000. Time Elapsed: 88612.746 s. Mean Reward: -4.136. Std of Reward: 32.282. Training.
[INFO] Rocket. Step: 88920000. Time Elapsed: 88634.619 s. Mean Reward: 12.891. Std of Reward: 21.288. Training.
[INFO] Rocket. Step: 88940000. Time Elapsed: 88650.975 s. Mean Reward: 2.706. Std of Reward: 26.879. Training.
[INFO] Rocket. Step: 88960000. Time Elapsed: 88672.634 s. Mean Reward: 15.713. Std of Reward: 14.432. Training.
[INFO] Rocket. Step: 88980000. Time Elapsed: 88687.723 s. Mean Reward: 16.727. Std of Reward: 14.157. Training.
[INFO] Rocket. Step: 89000000. Time Elapsed: 88709.797 s. Mean Reward: 6.449. Std of Reward: 30.846. Training.
[INFO] Exported results\L11\Rocket\Rocket-88999176.onnx
[INFO] Rocket. Step: 89020000. Time Elapsed: 88726.201 s. Mean Reward: 15.226. Std of Reward: 24.498. Training.
[INFO] Rocket. Step: 89040000. Time Elapsed: 88748.108 s. Mean Reward: 6.078. Std of Reward: 25.220. Training.
[INFO] Rocket. Step: 89060000. Time Elapsed: 88762.205 s. Mean Reward: 5.497. Std of Reward: 28.445. Training.
[INFO] Rocket. Step: 89080000. Time Elapsed: 88784.389 s. Mean Reward: 2.980. Std of Reward: 29.169. Training.
[INFO] Rocket. Step: 89100000. Time Elapsed: 88801.198 s. Mean Reward: 11.377. Std of Reward: 26.863. Training.
[INFO] Rocket. Step: 89120000. Time Elapsed: 88822.092 s. Mean Reward: 14.349. Std of Reward: 21.906. Training.
[INFO] Rocket. Step: 89140000. Time Elapsed: 88838.508 s. Mean Reward: 18.556. Std of Reward: 15.872. Training.
[INFO] Rocket. Step: 89160000. Time Elapsed: 88860.188 s. Mean Reward: 15.254. Std of Reward: 18.453. Training.
[INFO] Rocket. Step: 89180000. Time Elapsed: 88875.907 s. Mean Reward: 14.255. Std of Reward: 26.661. Training.
[INFO] Rocket. Step: 89200000. Time Elapsed: 88897.938 s. Mean Reward: -3.691. Std of Reward: 36.821. Training.
[INFO] Rocket. Step: 89220000. Time Elapsed: 88912.493 s. Mean Reward: 9.082. Std of Reward: 29.263. Training.
[INFO] Rocket. Step: 89240000. Time Elapsed: 88936.936 s. Mean Reward: 16.773. Std of Reward: 19.550. Training.
[INFO] Rocket. Step: 89260000. Time Elapsed: 88950.152 s. Mean Reward: 4.511. Std of Reward: 27.262. Training.
[INFO] Rocket. Step: 89280000. Time Elapsed: 88965.012 s. Mean Reward: 10.524. Std of Reward: 26.286. Training.
[INFO] Rocket. Step: 89300000. Time Elapsed: 88989.392 s. Mean Reward: 18.820. Std of Reward: 21.679. Training.
[INFO] Rocket. Step: 89320000. Time Elapsed: 89004.933 s. Mean Reward: 8.640. Std of Reward: 23.660. Training.
[INFO] Rocket. Step: 89340000. Time Elapsed: 89025.293 s. Mean Reward: 6.580. Std of Reward: 29.856. Training.
[INFO] Rocket. Step: 89360000. Time Elapsed: 89041.541 s. Mean Reward: 15.114. Std of Reward: 21.548. Training.
[INFO] Rocket. Step: 89380000. Time Elapsed: 89064.057 s. Mean Reward: 7.097. Std of Reward: 30.019. Training.
[INFO] Rocket. Step: 89400000. Time Elapsed: 89078.907 s. Mean Reward: 22.735. Std of Reward: 6.535. Training.
[INFO] Rocket. Step: 89420000. Time Elapsed: 89102.728 s. Mean Reward: 14.965. Std of Reward: 19.490. Training.
[INFO] Rocket. Step: 89440000. Time Elapsed: 89115.845 s. Mean Reward: 21.529. Std of Reward: 18.275. Training.
[INFO] Rocket. Step: 89460000. Time Elapsed: 89138.371 s. Mean Reward: 17.531. Std of Reward: 16.082. Training.
[INFO] Rocket. Step: 89480000. Time Elapsed: 89154.757 s. Mean Reward: 3.786. Std of Reward: 28.530. Training.
[INFO] Rocket. Step: 89500000. Time Elapsed: 89177.087 s. Mean Reward: 3.968. Std of Reward: 30.442. Training.
[INFO] Exported results\L11\Rocket\Rocket-89499467.onnx
[INFO] Rocket. Step: 89520000. Time Elapsed: 89192.955 s. Mean Reward: -5.063. Std of Reward: 34.418. Training.
[INFO] Rocket. Step: 89540000. Time Elapsed: 89213.288 s. Mean Reward: 15.007. Std of Reward: 19.856. Training.
[INFO] Rocket. Step: 89560000. Time Elapsed: 89230.266 s. Mean Reward: 11.264. Std of Reward: 25.521. Training.
[INFO] Rocket. Step: 89580000. Time Elapsed: 89252.372 s. Mean Reward: 10.509. Std of Reward: 26.636. Training.
[INFO] Rocket. Step: 89600000. Time Elapsed: 89267.730 s. Mean Reward: 16.921. Std of Reward: 19.128. Training.
[INFO] Rocket. Step: 89620000. Time Elapsed: 89289.543 s. Mean Reward: 11.213. Std of Reward: 22.160. Training.
[INFO] Rocket. Step: 89640000. Time Elapsed: 89304.964 s. Mean Reward: -4.594. Std of Reward: 33.634. Training.
[INFO] Rocket. Step: 89660000. Time Elapsed: 89326.158 s. Mean Reward: 10.441. Std of Reward: 23.539. Training.
[INFO] Rocket. Step: 89680000. Time Elapsed: 89343.939 s. Mean Reward: -4.085. Std of Reward: 33.395. Training.
[INFO] Rocket. Step: 89700000. Time Elapsed: 89368.811 s. Mean Reward: 20.263. Std of Reward: 12.426. Training.
[INFO] Rocket. Step: 89720000. Time Elapsed: 89383.419 s. Mean Reward: 14.232. Std of Reward: 23.696. Training.
[INFO] Rocket. Step: 89740000. Time Elapsed: 89405.567 s. Mean Reward: 14.149. Std of Reward: 23.706. Training.
[INFO] Rocket. Step: 89760000. Time Elapsed: 89421.901 s. Mean Reward: 9.578. Std of Reward: 27.581. Training.
[INFO] Rocket. Step: 89780000. Time Elapsed: 89446.039 s. Mean Reward: 4.364. Std of Reward: 33.962. Training.
[INFO] Rocket. Step: 89800000. Time Elapsed: 89458.989 s. Mean Reward: 15.577. Std of Reward: 22.071. Training.
[INFO] Rocket. Step: 89820000. Time Elapsed: 89476.088 s. Mean Reward: 6.470. Std of Reward: 26.056. Training.
[INFO] Rocket. Step: 89840000. Time Elapsed: 89498.781 s. Mean Reward: 9.534. Std of Reward: 29.100. Training.
[INFO] Rocket. Step: 89860000. Time Elapsed: 89513.446 s. Mean Reward: 22.230. Std of Reward: 16.425. Training.
[INFO] Rocket. Step: 89880000. Time Elapsed: 89537.124 s. Mean Reward: 18.225. Std of Reward: 16.578. Training.
[INFO] Rocket. Step: 89900000. Time Elapsed: 89552.215 s. Mean Reward: 9.671. Std of Reward: 29.824. Training.
[INFO] Rocket. Step: 89920000. Time Elapsed: 89574.674 s. Mean Reward: 15.029. Std of Reward: 22.049. Training.
[INFO] Rocket. Step: 89940000. Time Elapsed: 89588.635 s. Mean Reward: 11.274. Std of Reward: 23.174. Training.
[INFO] Rocket. Step: 89960000. Time Elapsed: 89611.768 s. Mean Reward: 9.785. Std of Reward: 25.095. Training.
[INFO] Rocket. Step: 89980000. Time Elapsed: 89629.175 s. Mean Reward: 12.243. Std of Reward: 23.741. Training.
[INFO] Rocket. Step: 90000000. Time Elapsed: 89649.475 s. Mean Reward: 15.540. Std of Reward: 17.938. Training.
[INFO] Exported results\L11\Rocket\Rocket-89999591.onnx
[INFO] Rocket. Step: 90020000. Time Elapsed: 89663.543 s. Mean Reward: 11.056. Std of Reward: 29.409. Training.
