[RocketSim] Trainer started at 2026-08-28T04:55:56.4875473Z
[RocketSim] Working directory: C:\Users\dadii\Falcon9
[RocketSim] Command: C:\Users\dadii\Anaconda3\envs\mlagents_gpu\python.exe -u -m mlagents.trainers.learn "C:\Users\dadii\Falcon9\results\L6\TrainingConfig.yaml" --run-id="L6" --force --torch-device "cuda" --seed 1


	Unity Technologies

 Version information:
  ml-agents: 1.1.0,
  ml-agents-envs: 1.1.0,
  Communicator API: 1.5.0,
  PyTorch: 2.1.0+cu121
[INFO] Listening on port 5004. Start training by pressing the Play button in the Unity Editor.
[INFO] Connected to Unity environment with package version 4.0.2 and communication version 1.5.0
[INFO] Connected new brain: Rocket?team=0
[INFO] Hyperparameters for behavior name Rocket: 
	trainer_type:	ppo
	hyperparameters:	
	  batch_size:	4096
	  buffer_size:	40960
	  learning_rate:	0.0002
	  beta:	0.01
	  epsilon:	0.2
	  lambd:	0.98
	  num_epoch:	6
	  shared_critic:	False
	  learning_rate_schedule:	linear
	  beta_schedule:	linear
	  epsilon_schedule:	linear
	checkpoint_interval:	500000
	network_settings:	
	  normalize:	True
	  hidden_units:	512
	  num_layers:	3
	  vis_encode_type:	simple
	  memory:	None
	  goal_conditioning_type:	hyper
	  deterministic:	False
	reward_signals:	
	  extrinsic:	
	    gamma:	0.9995
	    strength:	1.0
	    network_settings:	
	      normalize:	False
	      hidden_units:	128
	      num_layers:	2
	      vis_encode_type:	simple
	      memory:	None
	      goal_conditioning_type:	hyper
	      deterministic:	False
	init_path:	None
	keep_checkpoints:	60
	even_checkpoints:	False
	max_steps:	30000000
	time_horizon:	1024
	summary_freq:	20000
	threaded:	True
	self_play:	None
	behavioral_cloning:	None
[INFO] Rocket. Step: 20000. Time Elapsed: 20.544 s. Mean Reward: -55.847. Std of Reward: 1.259. Training.
[INFO] Rocket. Step: 40000. Time Elapsed: 35.697 s. Mean Reward: -55.856. Std of Reward: 1.378. Training.
[INFO] Rocket. Step: 60000. Time Elapsed: 55.864 s. Mean Reward: -55.645. Std of Reward: 1.319. Training.
[INFO] Rocket. Step: 80000. Time Elapsed: 70.111 s. Mean Reward: -55.729. Std of Reward: 1.333. Training.
[INFO] Rocket. Step: 100000. Time Elapsed: 89.642 s. Mean Reward: -55.850. Std of Reward: 1.265. Training.
[INFO] Rocket. Step: 120000. Time Elapsed: 104.713 s. Mean Reward: -55.362. Std of Reward: 1.086. Training.
[INFO] Rocket. Step: 140000. Time Elapsed: 125.259 s. Mean Reward: -55.505. Std of Reward: 1.062. Training.
[INFO] Rocket. Step: 160000. Time Elapsed: 139.972 s. Mean Reward: -56.270. Std of Reward: 1.211. Training.
[INFO] Rocket. Step: 180000. Time Elapsed: 160.124 s. Mean Reward: -55.230. Std of Reward: 0.929. Training.
[INFO] Rocket. Step: 200000. Time Elapsed: 175.390 s. Mean Reward: -55.325. Std of Reward: 1.136. Training.
[INFO] Rocket. Step: 220000. Time Elapsed: 196.148 s. Mean Reward: -55.635. Std of Reward: 0.998. Training.
[INFO] Rocket. Step: 240000. Time Elapsed: 210.031 s. Mean Reward: -55.622. Std of Reward: 1.227. Training.
[INFO] Rocket. Step: 260000. Time Elapsed: 230.629 s. Mean Reward: -55.442. Std of Reward: 0.841. Training.
[INFO] Rocket. Step: 280000. Time Elapsed: 245.298 s. Mean Reward: -55.720. Std of Reward: 1.296. Training.
[INFO] Rocket. Step: 300000. Time Elapsed: 265.670 s. Mean Reward: -55.706. Std of Reward: 1.180. Training.
[INFO] Rocket. Step: 320000. Time Elapsed: 280.147 s. Mean Reward: -55.566. Std of Reward: 1.262. Training.
[INFO] Rocket. Step: 340000. Time Elapsed: 301.547 s. Mean Reward: -55.631. Std of Reward: 1.344. Training.
[INFO] Rocket. Step: 360000. Time Elapsed: 315.530 s. Mean Reward: -55.738. Std of Reward: 1.288. Training.
[INFO] Rocket. Step: 380000. Time Elapsed: 337.013 s. Mean Reward: -55.634. Std of Reward: 0.952. Training.
[INFO] Rocket. Step: 400000. Time Elapsed: 351.840 s. Mean Reward: -55.635. Std of Reward: 1.213. Training.
[INFO] Rocket. Step: 420000. Time Elapsed: 373.344 s. Mean Reward: -55.766. Std of Reward: 1.235. Training.
[INFO] Rocket. Step: 440000. Time Elapsed: 386.993 s. Mean Reward: -55.807. Std of Reward: 1.590. Training.
[INFO] Rocket. Step: 460000. Time Elapsed: 408.550 s. Mean Reward: -55.687. Std of Reward: 1.326. Training.
[INFO] Rocket. Step: 480000. Time Elapsed: 422.521 s. Mean Reward: -55.716. Std of Reward: 1.311. Training.
[INFO] Rocket. Step: 500000. Time Elapsed: 444.044 s. Mean Reward: -55.841. Std of Reward: 1.336. Training.
[INFO] Exported results\L6\Rocket\Rocket-499901.onnx
[INFO] Rocket. Step: 520000. Time Elapsed: 457.974 s. Mean Reward: -55.775. Std of Reward: 1.293. Training.
[INFO] Rocket. Step: 540000. Time Elapsed: 478.762 s. Mean Reward: -55.636. Std of Reward: 1.452. Training.
[INFO] Rocket. Step: 560000. Time Elapsed: 494.126 s. Mean Reward: -54.732. Std of Reward: 6.010. Training.
[INFO] Rocket. Step: 580000. Time Elapsed: 514.065 s. Mean Reward: -52.715. Std of Reward: 10.494. Training.
[INFO] Rocket. Step: 600000. Time Elapsed: 527.357 s. Mean Reward: -52.856. Std of Reward: 8.968. Training.
[INFO] Rocket. Step: 620000. Time Elapsed: 548.438 s. Mean Reward: -54.996. Std of Reward: 1.516. Training.
[INFO] Rocket. Step: 640000. Time Elapsed: 562.197 s. Mean Reward: -53.130. Std of Reward: 7.767. Training.
[INFO] Rocket. Step: 660000. Time Elapsed: 585.703 s. Mean Reward: -55.201. Std of Reward: 1.796. Training.
[INFO] Rocket. Step: 680000. Time Elapsed: 599.493 s. Mean Reward: -51.577. Std of Reward: 11.143. Training.
[INFO] Rocket. Step: 700000. Time Elapsed: 612.954 s. Mean Reward: -55.292. Std of Reward: 1.564. Training.
[INFO] Rocket. Step: 720000. Time Elapsed: 634.671 s. Mean Reward: -52.504. Std of Reward: 9.594. Training.
[INFO] Rocket. Step: 740000. Time Elapsed: 649.308 s. Mean Reward: -51.916. Std of Reward: 10.301. Training.
[INFO] Rocket. Step: 760000. Time Elapsed: 669.272 s. Mean Reward: -48.078. Std of Reward: 13.789. Training.
[INFO] Rocket. Step: 780000. Time Elapsed: 683.511 s. Mean Reward: -53.243. Std of Reward: 8.052. Training.
[INFO] Rocket. Step: 800000. Time Elapsed: 705.405 s. Mean Reward: -50.293. Std of Reward: 11.428. Training.
[INFO] Rocket. Step: 820000. Time Elapsed: 719.768 s. Mean Reward: -50.509. Std of Reward: 12.096. Training.
[INFO] Rocket. Step: 840000. Time Elapsed: 739.710 s. Mean Reward: -49.898. Std of Reward: 12.748. Training.
[INFO] Rocket. Step: 860000. Time Elapsed: 754.277 s. Mean Reward: -46.728. Std of Reward: 14.882. Training.
[INFO] Rocket. Step: 880000. Time Elapsed: 775.078 s. Mean Reward: -45.445. Std of Reward: 15.986. Training.
[INFO] Rocket. Step: 900000. Time Elapsed: 789.159 s. Mean Reward: -42.286. Std of Reward: 17.146. Training.
[INFO] Rocket. Step: 920000. Time Elapsed: 809.713 s. Mean Reward: -45.550. Std of Reward: 15.542. Training.
[INFO] Rocket. Step: 940000. Time Elapsed: 824.410 s. Mean Reward: -44.777. Std of Reward: 15.372. Training.
[INFO] Rocket. Step: 960000. Time Elapsed: 845.633 s. Mean Reward: -45.158. Std of Reward: 15.529. Training.
[INFO] Rocket. Step: 980000. Time Elapsed: 859.621 s. Mean Reward: -39.885. Std of Reward: 17.041. Training.
[INFO] Rocket. Step: 1000000. Time Elapsed: 880.230 s. Mean Reward: -39.222. Std of Reward: 17.150. Training.
[INFO] Exported results\L6\Rocket\Rocket-999298.onnx
[INFO] Rocket. Step: 1020000. Time Elapsed: 895.367 s. Mean Reward: -41.040. Std of Reward: 16.358. Training.
[INFO] Rocket. Step: 1040000. Time Elapsed: 915.910 s. Mean Reward: -33.501. Std of Reward: 15.699. Training.
[INFO] Rocket. Step: 1060000. Time Elapsed: 930.360 s. Mean Reward: -33.879. Std of Reward: 16.483. Training.
[INFO] Rocket. Step: 1080000. Time Elapsed: 951.518 s. Mean Reward: -35.696. Std of Reward: 16.575. Training.
[INFO] Rocket. Step: 1100000. Time Elapsed: 966.016 s. Mean Reward: -35.182. Std of Reward: 16.070. Training.
[INFO] Rocket. Step: 1120000. Time Elapsed: 986.414 s. Mean Reward: -33.325. Std of Reward: 16.291. Training.
[INFO] Rocket. Step: 1140000. Time Elapsed: 1001.278 s. Mean Reward: -33.480. Std of Reward: 16.179. Training.
[INFO] Rocket. Step: 1160000. Time Elapsed: 1022.468 s. Mean Reward: -35.402. Std of Reward: 15.790. Training.
[INFO] Rocket. Step: 1180000. Time Elapsed: 1037.397 s. Mean Reward: -29.547. Std of Reward: 14.731. Training.
[INFO] Rocket. Step: 1200000. Time Elapsed: 1057.995 s. Mean Reward: -32.917. Std of Reward: 16.232. Training.
[INFO] Rocket. Step: 1220000. Time Elapsed: 1072.765 s. Mean Reward: -29.734. Std of Reward: 14.339. Training.
[INFO] Rocket. Step: 1240000. Time Elapsed: 1092.957 s. Mean Reward: -28.559. Std of Reward: 14.590. Training.
[INFO] Rocket. Step: 1260000. Time Elapsed: 1107.215 s. Mean Reward: -30.030. Std of Reward: 15.212. Training.
[INFO] Rocket. Step: 1280000. Time Elapsed: 1128.599 s. Mean Reward: -30.010. Std of Reward: 15.322. Training.
[INFO] Rocket. Step: 1300000. Time Elapsed: 1141.977 s. Mean Reward: -28.067. Std of Reward: 13.363. Training.
[INFO] Rocket. Step: 1320000. Time Elapsed: 1164.107 s. Mean Reward: -30.926. Std of Reward: 15.251. Training.
[INFO] Rocket. Step: 1340000. Time Elapsed: 1177.630 s. Mean Reward: -24.750. Std of Reward: 11.404. Training.
[INFO] Rocket. Step: 1360000. Time Elapsed: 1192.097 s. Mean Reward: -27.300. Std of Reward: 12.664. Training.
[INFO] Rocket. Step: 1380000. Time Elapsed: 1213.037 s. Mean Reward: -24.082. Std of Reward: 10.108. Training.
[INFO] Rocket. Step: 1400000. Time Elapsed: 1227.694 s. Mean Reward: -25.510. Std of Reward: 11.196. Training.
[INFO] Rocket. Step: 1420000. Time Elapsed: 1248.699 s. Mean Reward: -27.363. Std of Reward: 12.103. Training.
[INFO] Rocket. Step: 1440000. Time Elapsed: 1262.805 s. Mean Reward: -27.384. Std of Reward: 12.495. Training.
[INFO] Rocket. Step: 1460000. Time Elapsed: 1283.701 s. Mean Reward: -24.824. Std of Reward: 9.961. Training.
[INFO] Rocket. Step: 1480000. Time Elapsed: 1298.473 s. Mean Reward: -24.345. Std of Reward: 9.500. Training.
[INFO] Rocket. Step: 1500000. Time Elapsed: 1320.090 s. Mean Reward: -24.834. Std of Reward: 10.521. Training.
[INFO] Exported results\L6\Rocket\Rocket-1499932.onnx
[INFO] Rocket. Step: 1520000. Time Elapsed: 1334.312 s. Mean Reward: -26.659. Std of Reward: 11.683. Training.
[INFO] Rocket. Step: 1540000. Time Elapsed: 1355.518 s. Mean Reward: -25.000. Std of Reward: 11.027. Training.
[INFO] Rocket. Step: 1560000. Time Elapsed: 1369.491 s. Mean Reward: -24.634. Std of Reward: 10.311. Training.
[INFO] Rocket. Step: 1580000. Time Elapsed: 1391.166 s. Mean Reward: -25.511. Std of Reward: 10.338. Training.
[INFO] Rocket. Step: 1600000. Time Elapsed: 1405.197 s. Mean Reward: -24.826. Std of Reward: 10.486. Training.
[INFO] Rocket. Step: 1620000. Time Elapsed: 1425.954 s. Mean Reward: -26.421. Std of Reward: 12.738. Training.
[INFO] Rocket. Step: 1640000. Time Elapsed: 1440.179 s. Mean Reward: -22.794. Std of Reward: 8.188. Training.
[INFO] Rocket. Step: 1660000. Time Elapsed: 1461.225 s. Mean Reward: -22.433. Std of Reward: 7.411. Training.
[INFO] Rocket. Step: 1680000. Time Elapsed: 1475.853 s. Mean Reward: -24.989. Std of Reward: 10.810. Training.
[INFO] Rocket. Step: 1700000. Time Elapsed: 1496.219 s. Mean Reward: -23.346. Std of Reward: 8.988. Training.
[INFO] Rocket. Step: 1720000. Time Elapsed: 1511.475 s. Mean Reward: -22.236. Std of Reward: 7.631. Training.
[INFO] Rocket. Step: 1740000. Time Elapsed: 1531.691 s. Mean Reward: -24.352. Std of Reward: 10.160. Training.
[INFO] Rocket. Step: 1760000. Time Elapsed: 1546.729 s. Mean Reward: -21.802. Std of Reward: 6.419. Training.
[INFO] Rocket. Step: 1780000. Time Elapsed: 1567.732 s. Mean Reward: -23.159. Std of Reward: 8.297. Training.
[INFO] Rocket. Step: 1800000. Time Elapsed: 1582.347 s. Mean Reward: -21.077. Std of Reward: 5.463. Training.
[INFO] Rocket. Step: 1820000. Time Elapsed: 1603.276 s. Mean Reward: -20.758. Std of Reward: 5.741. Training.
[INFO] Rocket. Step: 1840000. Time Elapsed: 1617.814 s. Mean Reward: -22.136. Std of Reward: 7.672. Training.
[INFO] Rocket. Step: 1860000. Time Elapsed: 1638.749 s. Mean Reward: -20.404. Std of Reward: 4.412. Training.
[INFO] Rocket. Step: 1880000. Time Elapsed: 1652.971 s. Mean Reward: -21.385. Std of Reward: 8.204. Training.
[INFO] Rocket. Step: 1900000. Time Elapsed: 1673.952 s. Mean Reward: -21.060. Std of Reward: 6.520. Training.
[INFO] Rocket. Step: 1920000. Time Elapsed: 1688.421 s. Mean Reward: -19.916. Std of Reward: 5.643. Training.
[INFO] Rocket. Step: 1940000. Time Elapsed: 1709.675 s. Mean Reward: -22.388. Std of Reward: 9.693. Training.
[INFO] Rocket. Step: 1960000. Time Elapsed: 1724.311 s. Mean Reward: -20.928. Std of Reward: 7.189. Training.
[INFO] Rocket. Step: 1980000. Time Elapsed: 1745.625 s. Mean Reward: -20.706. Std of Reward: 6.975. Training.
[INFO] Rocket. Step: 2000000. Time Elapsed: 1759.859 s. Mean Reward: -20.904. Std of Reward: 7.846. Training.
[INFO] Exported results\L6\Rocket\Rocket-1999943.onnx
[INFO] Rocket. Step: 2020000. Time Elapsed: 1781.034 s. Mean Reward: -21.501. Std of Reward: 7.659. Training.
[INFO] Rocket. Step: 2040000. Time Elapsed: 1795.482 s. Mean Reward: -20.794. Std of Reward: 7.992. Training.
[INFO] Rocket. Step: 2060000. Time Elapsed: 1817.484 s. Mean Reward: -20.650. Std of Reward: 7.217. Training.
[INFO] Rocket. Step: 2080000. Time Elapsed: 1831.039 s. Mean Reward: -19.872. Std of Reward: 4.538. Training.
[INFO] Rocket. Step: 2100000. Time Elapsed: 1845.580 s. Mean Reward: -20.137. Std of Reward: 6.562. Training.
[INFO] Rocket. Step: 2120000. Time Elapsed: 1866.634 s. Mean Reward: -19.064. Std of Reward: 3.353. Training.
[INFO] Rocket. Step: 2140000. Time Elapsed: 1881.316 s. Mean Reward: -19.429. Std of Reward: 4.326. Training.
[INFO] Rocket. Step: 2160000. Time Elapsed: 1902.237 s. Mean Reward: -20.028. Std of Reward: 7.191. Training.
[INFO] Rocket. Step: 2180000. Time Elapsed: 1916.845 s. Mean Reward: -20.108. Std of Reward: 7.362. Training.
[INFO] Rocket. Step: 2200000. Time Elapsed: 1937.788 s. Mean Reward: -20.286. Std of Reward: 7.901. Training.
[INFO] Rocket. Step: 2220000. Time Elapsed: 1952.376 s. Mean Reward: -18.846. Std of Reward: 5.569. Training.
[INFO] Rocket. Step: 2240000. Time Elapsed: 1973.408 s. Mean Reward: -19.781. Std of Reward: 7.919. Training.
[INFO] Rocket. Step: 2260000. Time Elapsed: 1987.689 s. Mean Reward: -18.339. Std of Reward: 5.372. Training.
[INFO] Rocket. Step: 2280000. Time Elapsed: 2008.690 s. Mean Reward: -18.380. Std of Reward: 4.448. Training.
[INFO] Rocket. Step: 2300000. Time Elapsed: 2023.783 s. Mean Reward: -19.070. Std of Reward: 7.291. Training.
[INFO] Rocket. Step: 2320000. Time Elapsed: 2044.589 s. Mean Reward: -18.987. Std of Reward: 6.579. Training.
[INFO] Rocket. Step: 2340000. Time Elapsed: 2058.992 s. Mean Reward: -17.789. Std of Reward: 4.255. Training.
[INFO] Rocket. Step: 2360000. Time Elapsed: 2079.781 s. Mean Reward: -19.052. Std of Reward: 5.573. Training.
[INFO] Rocket. Step: 2380000. Time Elapsed: 2094.437 s. Mean Reward: -19.127. Std of Reward: 5.314. Training.
[INFO] Rocket. Step: 2400000. Time Elapsed: 2115.321 s. Mean Reward: -19.893. Std of Reward: 8.001. Training.
[INFO] Rocket. Step: 2420000. Time Elapsed: 2129.736 s. Mean Reward: -18.385. Std of Reward: 5.489. Training.
[INFO] Rocket. Step: 2440000. Time Elapsed: 2150.831 s. Mean Reward: -17.534. Std of Reward: 2.905. Training.
[INFO] Rocket. Step: 2460000. Time Elapsed: 2165.354 s. Mean Reward: -18.256. Std of Reward: 5.386. Training.
[INFO] Rocket. Step: 2480000. Time Elapsed: 2186.531 s. Mean Reward: -18.472. Std of Reward: 6.542. Training.
[INFO] Rocket. Step: 2500000. Time Elapsed: 2200.935 s. Mean Reward: -18.912. Std of Reward: 7.429. Training.
[INFO] Exported results\L6\Rocket\Rocket-2499871.onnx
[INFO] Rocket. Step: 2520000. Time Elapsed: 2222.146 s. Mean Reward: -18.408. Std of Reward: 6.687. Training.
[INFO] Rocket. Step: 2540000. Time Elapsed: 2236.214 s. Mean Reward: -18.248. Std of Reward: 5.644. Training.
[INFO] Rocket. Step: 2560000. Time Elapsed: 2257.411 s. Mean Reward: -17.324. Std of Reward: 4.411. Training.
[INFO] Rocket. Step: 2580000. Time Elapsed: 2271.906 s. Mean Reward: -18.049. Std of Reward: 5.388. Training.
[INFO] Rocket. Step: 2600000. Time Elapsed: 2292.837 s. Mean Reward: -17.613. Std of Reward: 5.450. Training.
[INFO] Rocket. Step: 2620000. Time Elapsed: 2307.571 s. Mean Reward: -18.312. Std of Reward: 5.573. Training.
[INFO] Rocket. Step: 2640000. Time Elapsed: 2328.942 s. Mean Reward: -18.015. Std of Reward: 6.386. Training.
[INFO] Rocket. Step: 2660000. Time Elapsed: 2343.439 s. Mean Reward: -17.520. Std of Reward: 5.398. Training.
[INFO] Rocket. Step: 2680000. Time Elapsed: 2364.363 s. Mean Reward: -17.468. Std of Reward: 5.472. Training.
[INFO] Rocket. Step: 2700000. Time Elapsed: 2379.004 s. Mean Reward: -17.411. Std of Reward: 4.256. Training.
[INFO] Rocket. Step: 2720000. Time Elapsed: 2399.963 s. Mean Reward: -17.389. Std of Reward: 5.418. Training.
[INFO] Rocket. Step: 2740000. Time Elapsed: 2414.295 s. Mean Reward: -17.020. Std of Reward: 4.164. Training.
[INFO] Rocket. Step: 2760000. Time Elapsed: 2435.090 s. Mean Reward: -17.202. Std of Reward: 4.279. Training.
[INFO] Rocket. Step: 2780000. Time Elapsed: 2449.675 s. Mean Reward: -16.904. Std of Reward: 4.119. Training.
[INFO] Rocket. Step: 2800000. Time Elapsed: 2470.656 s. Mean Reward: -17.332. Std of Reward: 4.278. Training.
[INFO] Rocket. Step: 2820000. Time Elapsed: 2485.390 s. Mean Reward: -17.036. Std of Reward: 4.140. Training.
[INFO] Rocket. Step: 2840000. Time Elapsed: 2506.906 s. Mean Reward: -16.856. Std of Reward: 4.143. Training.
[INFO] Rocket. Step: 2860000. Time Elapsed: 2521.034 s. Mean Reward: -16.100. Std of Reward: 2.071. Training.
[INFO] Rocket. Step: 2880000. Time Elapsed: 2535.314 s. Mean Reward: -16.862. Std of Reward: 4.056. Training.
[INFO] Rocket. Step: 2900000. Time Elapsed: 2556.696 s. Mean Reward: -16.793. Std of Reward: 4.033. Training.
[INFO] Rocket. Step: 2920000. Time Elapsed: 2571.200 s. Mean Reward: -16.643. Std of Reward: 2.441. Training.
[INFO] Rocket. Step: 2940000. Time Elapsed: 2591.694 s. Mean Reward: -16.720. Std of Reward: 4.019. Training.
[INFO] Rocket. Step: 2960000. Time Elapsed: 2606.460 s. Mean Reward: -16.096. Std of Reward: 2.059. Training.
[INFO] Rocket. Step: 2980000. Time Elapsed: 2627.256 s. Mean Reward: -16.286. Std of Reward: 2.306. Training.
[INFO] Rocket. Step: 3000000. Time Elapsed: 2641.854 s. Mean Reward: -17.066. Std of Reward: 6.250. Training.
[INFO] Exported results\L6\Rocket\Rocket-2999842.onnx
[INFO] Rocket. Step: 3020000. Time Elapsed: 2663.211 s. Mean Reward: -16.163. Std of Reward: 4.804. Training.
[INFO] Rocket. Step: 3040000. Time Elapsed: 2677.635 s. Mean Reward: -15.503. Std of Reward: 2.329. Training.
[INFO] Rocket. Step: 3060000. Time Elapsed: 2698.133 s. Mean Reward: -16.227. Std of Reward: 4.136. Training.
[INFO] Rocket. Step: 3080000. Time Elapsed: 2712.991 s. Mean Reward: -16.152. Std of Reward: 2.513. Training.
[INFO] Rocket. Step: 3100000. Time Elapsed: 2733.340 s. Mean Reward: -16.736. Std of Reward: 5.309. Training.
[INFO] Rocket. Step: 3120000. Time Elapsed: 2748.175 s. Mean Reward: -16.642. Std of Reward: 4.009. Training.
[INFO] Rocket. Step: 3140000. Time Elapsed: 2769.482 s. Mean Reward: -16.696. Std of Reward: 5.368. Training.
[INFO] Rocket. Step: 3160000. Time Elapsed: 2783.861 s. Mean Reward: -16.953. Std of Reward: 6.498. Training.
[INFO] Rocket. Step: 3180000. Time Elapsed: 2805.017 s. Mean Reward: -16.457. Std of Reward: 5.328. Training.
[INFO] Rocket. Step: 3200000. Time Elapsed: 2819.502 s. Mean Reward: -15.760. Std of Reward: 2.398. Training.
[INFO] Rocket. Step: 3220000. Time Elapsed: 2840.723 s. Mean Reward: -16.396. Std of Reward: 4.243. Training.
[INFO] Rocket. Step: 3240000. Time Elapsed: 2854.917 s. Mean Reward: -15.996. Std of Reward: 4.178. Training.
[INFO] Rocket. Step: 3260000. Time Elapsed: 2875.477 s. Mean Reward: -15.948. Std of Reward: 4.035. Training.
[INFO] Rocket. Step: 3280000. Time Elapsed: 2890.044 s. Mean Reward: -15.542. Std of Reward: 1.943. Training.
[INFO] Rocket. Step: 3300000. Time Elapsed: 2911.324 s. Mean Reward: -15.868. Std of Reward: 2.228. Training.
[INFO] Rocket. Step: 3320000. Time Elapsed: 2925.654 s. Mean Reward: -15.673. Std of Reward: 2.514. Training.
[INFO] Rocket. Step: 3340000. Time Elapsed: 2946.596 s. Mean Reward: -15.547. Std of Reward: 2.098. Training.
[INFO] Rocket. Step: 3360000. Time Elapsed: 2960.995 s. Mean Reward: -15.932. Std of Reward: 5.397. Training.
[INFO] Rocket. Step: 3380000. Time Elapsed: 2981.776 s. Mean Reward: -15.713. Std of Reward: 2.369. Training.
[INFO] Rocket. Step: 3400000. Time Elapsed: 2996.827 s. Mean Reward: -15.704. Std of Reward: 4.101. Training.
[INFO] Rocket. Step: 3420000. Time Elapsed: 3017.841 s. Mean Reward: -15.060. Std of Reward: 2.241. Training.
[INFO] Rocket. Step: 3440000. Time Elapsed: 3032.353 s. Mean Reward: -15.406. Std of Reward: 2.162. Training.
[INFO] Rocket. Step: 3460000. Time Elapsed: 3053.023 s. Mean Reward: -15.783. Std of Reward: 4.274. Training.
[INFO] Rocket. Step: 3480000. Time Elapsed: 3067.797 s. Mean Reward: -15.491. Std of Reward: 4.125. Training.
[INFO] Rocket. Step: 3500000. Time Elapsed: 3088.205 s. Mean Reward: -15.188. Std of Reward: 2.162. Training.
[INFO] Exported results\L6\Rocket\Rocket-3499916.onnx
[INFO] Rocket. Step: 3520000. Time Elapsed: 3103.122 s. Mean Reward: -15.856. Std of Reward: 4.264. Training.
[INFO] Rocket. Step: 3540000. Time Elapsed: 3124.510 s. Mean Reward: -15.553. Std of Reward: 4.092. Training.
[INFO] Rocket. Step: 3560000. Time Elapsed: 3139.271 s. Mean Reward: -15.224. Std of Reward: 1.980. Training.
[INFO] Rocket. Step: 3580000. Time Elapsed: 3160.888 s. Mean Reward: -15.117. Std of Reward: 1.953. Training.
[INFO] Rocket. Step: 3600000. Time Elapsed: 3174.889 s. Mean Reward: -16.106. Std of Reward: 6.452. Training.
[INFO] Rocket. Step: 3620000. Time Elapsed: 3197.170 s. Mean Reward: -15.028. Std of Reward: 4.089. Training.
[INFO] Rocket. Step: 3640000. Time Elapsed: 3210.245 s. Mean Reward: -15.058. Std of Reward: 2.031. Training.
[INFO] Rocket. Step: 3660000. Time Elapsed: 3224.827 s. Mean Reward: -15.270. Std of Reward: 2.184. Training.
[INFO] Rocket. Step: 3680000. Time Elapsed: 3245.501 s. Mean Reward: -15.030. Std of Reward: 2.010. Training.
[INFO] Rocket. Step: 3700000. Time Elapsed: 3260.504 s. Mean Reward: -15.025. Std of Reward: 3.509. Training.
[INFO] Rocket. Step: 3720000. Time Elapsed: 3281.433 s. Mean Reward: -16.277. Std of Reward: 7.251. Training.
[INFO] Rocket. Step: 3740000. Time Elapsed: 3296.167 s. Mean Reward: -14.932. Std of Reward: 2.174. Training.
[INFO] Rocket. Step: 3760000. Time Elapsed: 3317.019 s. Mean Reward: -15.204. Std of Reward: 4.086. Training.
[INFO] Rocket. Step: 3780000. Time Elapsed: 3331.852 s. Mean Reward: -15.082. Std of Reward: 4.044. Training.
[INFO] Rocket. Step: 3800000. Time Elapsed: 3352.543 s. Mean Reward: -15.602. Std of Reward: 5.538. Training.
[INFO] Rocket. Step: 3820000. Time Elapsed: 3367.062 s. Mean Reward: -15.771. Std of Reward: 5.441. Training.
[INFO] Rocket. Step: 3840000. Time Elapsed: 3388.294 s. Mean Reward: -15.545. Std of Reward: 5.341. Training.
[INFO] Rocket. Step: 3860000. Time Elapsed: 3402.828 s. Mean Reward: -15.280. Std of Reward: 4.024. Training.
[INFO] Rocket. Step: 3880000. Time Elapsed: 3423.988 s. Mean Reward: -14.787. Std of Reward: 2.068. Training.
[INFO] Rocket. Step: 3900000. Time Elapsed: 3438.299 s. Mean Reward: -15.168. Std of Reward: 4.055. Training.
[INFO] Rocket. Step: 3920000. Time Elapsed: 3459.565 s. Mean Reward: -14.998. Std of Reward: 2.123. Training.
[INFO] Rocket. Step: 3940000. Time Elapsed: 3474.112 s. Mean Reward: -14.848. Std of Reward: 2.033. Training.
[INFO] Rocket. Step: 3960000. Time Elapsed: 3495.514 s. Mean Reward: -15.467. Std of Reward: 5.442. Training.
[INFO] Rocket. Step: 3980000. Time Elapsed: 3510.136 s. Mean Reward: -15.370. Std of Reward: 5.440. Training.
[INFO] Rocket. Step: 4000000. Time Elapsed: 3530.948 s. Mean Reward: -14.912. Std of Reward: 2.174. Training.
[INFO] Exported results\L6\Rocket\Rocket-3999949.onnx
[INFO] Rocket. Step: 4020000. Time Elapsed: 3545.234 s. Mean Reward: -14.811. Std of Reward: 2.444. Training.
[INFO] Rocket. Step: 4040000. Time Elapsed: 3566.365 s. Mean Reward: -14.585. Std of Reward: 2.238. Training.
[INFO] Rocket. Step: 4060000. Time Elapsed: 3581.133 s. Mean Reward: -14.371. Std of Reward: 4.634. Training.
[INFO] Rocket. Step: 4080000. Time Elapsed: 3602.109 s. Mean Reward: -14.875. Std of Reward: 3.343. Training.
[INFO] Rocket. Step: 4100000. Time Elapsed: 3617.085 s. Mean Reward: -14.774. Std of Reward: 2.318. Training.
[INFO] Rocket. Step: 4120000. Time Elapsed: 3638.125 s. Mean Reward: -15.892. Std of Reward: 6.458. Training.
[INFO] Rocket. Step: 4140000. Time Elapsed: 3653.142 s. Mean Reward: -15.661. Std of Reward: 5.426. Training.
[INFO] Rocket. Step: 4160000. Time Elapsed: 3673.792 s. Mean Reward: -14.364. Std of Reward: 1.656. Training.
[INFO] Rocket. Step: 4180000. Time Elapsed: 3688.244 s. Mean Reward: -15.015. Std of Reward: 4.233. Training.
[INFO] Rocket. Step: 4200000. Time Elapsed: 3709.521 s. Mean Reward: -15.023. Std of Reward: 5.469. Training.
[INFO] Rocket. Step: 4220000. Time Elapsed: 3724.265 s. Mean Reward: -15.363. Std of Reward: 5.364. Training.
[INFO] Rocket. Step: 4240000. Time Elapsed: 3745.659 s. Mean Reward: -14.546. Std of Reward: 2.215. Training.
[INFO] Rocket. Step: 4260000. Time Elapsed: 3760.773 s. Mean Reward: -14.384. Std of Reward: 3.192. Training.
[INFO] Rocket. Step: 4280000. Time Elapsed: 3781.634 s. Mean Reward: -14.561. Std of Reward: 1.930. Training.
[INFO] Rocket. Step: 4300000. Time Elapsed: 3796.101 s. Mean Reward: -15.276. Std of Reward: 4.217. Training.
[INFO] Rocket. Step: 4320000. Time Elapsed: 3817.566 s. Mean Reward: -14.852. Std of Reward: 4.109. Training.
[INFO] Rocket. Step: 4340000. Time Elapsed: 3831.890 s. Mean Reward: -14.578. Std of Reward: 1.842. Training.
[INFO] Rocket. Step: 4360000. Time Elapsed: 3854.286 s. Mean Reward: -15.001. Std of Reward: 4.024. Training.
[INFO] Rocket. Step: 4380000. Time Elapsed: 3867.918 s. Mean Reward: -14.283. Std of Reward: 3.199. Training.
[INFO] Rocket. Step: 4400000. Time Elapsed: 3882.269 s. Mean Reward: -14.806. Std of Reward: 3.954. Training.
[INFO] Rocket. Step: 4420000. Time Elapsed: 3903.341 s. Mean Reward: -14.197. Std of Reward: 2.948. Training.
[INFO] Rocket. Step: 4440000. Time Elapsed: 3917.591 s. Mean Reward: -14.072. Std of Reward: 1.905. Training.
[INFO] Rocket. Step: 4460000. Time Elapsed: 3938.969 s. Mean Reward: -14.020. Std of Reward: 5.288. Training.
[INFO] Rocket. Step: 4480000. Time Elapsed: 3953.828 s. Mean Reward: -14.242. Std of Reward: 2.156. Training.
[INFO] Rocket. Step: 4500000. Time Elapsed: 3974.883 s. Mean Reward: -14.685. Std of Reward: 4.739. Training.
[INFO] Exported results\L6\Rocket\Rocket-4499921.onnx
[INFO] Rocket. Step: 4520000. Time Elapsed: 3989.627 s. Mean Reward: -15.491. Std of Reward: 7.627. Training.
[INFO] Rocket. Step: 4540000. Time Elapsed: 4010.734 s. Mean Reward: -14.564. Std of Reward: 3.874. Training.
[INFO] Rocket. Step: 4560000. Time Elapsed: 4026.091 s. Mean Reward: -14.635. Std of Reward: 6.148. Training.
[INFO] Rocket. Step: 4580000. Time Elapsed: 4047.264 s. Mean Reward: -15.091. Std of Reward: 7.138. Training.
[INFO] Rocket. Step: 4600000. Time Elapsed: 4061.902 s. Mean Reward: -14.773. Std of Reward: 4.055. Training.
[INFO] Rocket. Step: 4620000. Time Elapsed: 4083.495 s. Mean Reward: -14.119. Std of Reward: 4.934. Training.
[INFO] Rocket. Step: 4640000. Time Elapsed: 4098.508 s. Mean Reward: -14.647. Std of Reward: 3.883. Training.
[INFO] Rocket. Step: 4660000. Time Elapsed: 4119.762 s. Mean Reward: -14.070. Std of Reward: 3.118. Training.
[INFO] Rocket. Step: 4680000. Time Elapsed: 4135.205 s. Mean Reward: -14.841. Std of Reward: 4.157. Training.
[INFO] Rocket. Step: 4700000. Time Elapsed: 4156.533 s. Mean Reward: -14.011. Std of Reward: 3.229. Training.
[INFO] Rocket. Step: 4720000. Time Elapsed: 4171.246 s. Mean Reward: -14.398. Std of Reward: 4.770. Training.
[INFO] Rocket. Step: 4740000. Time Elapsed: 4192.629 s. Mean Reward: -13.764. Std of Reward: 3.154. Training.
[INFO] Rocket. Step: 4760000. Time Elapsed: 4207.378 s. Mean Reward: -14.743. Std of Reward: 4.040. Training.
[INFO] Rocket. Step: 4780000. Time Elapsed: 4229.237 s. Mean Reward: -14.125. Std of Reward: 1.892. Training.
[INFO] Rocket. Step: 4800000. Time Elapsed: 4244.015 s. Mean Reward: -14.272. Std of Reward: 5.819. Training.
[INFO] Rocket. Step: 4820000. Time Elapsed: 4265.051 s. Mean Reward: -14.366. Std of Reward: 1.923. Training.
[INFO] Rocket. Step: 4840000. Time Elapsed: 4282.013 s. Mean Reward: -13.992. Std of Reward: 1.623. Training.
[INFO] Rocket. Step: 4860000. Time Elapsed: 4305.151 s. Mean Reward: -13.897. Std of Reward: 1.655. Training.
[INFO] Rocket. Step: 4880000. Time Elapsed: 4319.599 s. Mean Reward: -14.267. Std of Reward: 2.028. Training.
[INFO] Rocket. Step: 4900000. Time Elapsed: 4340.626 s. Mean Reward: -14.223. Std of Reward: 2.028. Training.
[INFO] Rocket. Step: 4920000. Time Elapsed: 4355.815 s. Mean Reward: -15.210. Std of Reward: 6.322. Training.
[INFO] Rocket. Step: 4940000. Time Elapsed: 4376.784 s. Mean Reward: -14.119. Std of Reward: 1.780. Training.
[INFO] Rocket. Step: 4960000. Time Elapsed: 4391.719 s. Mean Reward: -13.994. Std of Reward: 4.027. Training.
[INFO] Rocket. Step: 4980000. Time Elapsed: 4413.139 s. Mean Reward: -14.047. Std of Reward: 4.739. Training.
[INFO] Rocket. Step: 5000000. Time Elapsed: 4427.647 s. Mean Reward: -14.919. Std of Reward: 5.450. Training.
[INFO] Exported results\L6\Rocket\Rocket-4999807.onnx
[INFO] Rocket. Step: 5020000. Time Elapsed: 4448.872 s. Mean Reward: -14.352. Std of Reward: 2.002. Training.
[INFO] Rocket. Step: 5040000. Time Elapsed: 4463.953 s. Mean Reward: -14.040. Std of Reward: 1.967. Training.
[INFO] Rocket. Step: 5060000. Time Elapsed: 4484.794 s. Mean Reward: -13.396. Std of Reward: 3.460. Training.
[INFO] Rocket. Step: 5080000. Time Elapsed: 4499.848 s. Mean Reward: -14.033. Std of Reward: 4.705. Training.
[INFO] Rocket. Step: 5100000. Time Elapsed: 4521.403 s. Mean Reward: -15.306. Std of Reward: 6.699. Training.
[INFO] Rocket. Step: 5120000. Time Elapsed: 4535.927 s. Mean Reward: -14.355. Std of Reward: 2.329. Training.
[INFO] Rocket. Step: 5140000. Time Elapsed: 4557.645 s. Mean Reward: -14.444. Std of Reward: 5.361. Training.
[INFO] Rocket. Step: 5160000. Time Elapsed: 4571.415 s. Mean Reward: -14.972. Std of Reward: 6.508. Training.
[INFO] Rocket. Step: 5180000. Time Elapsed: 4586.600 s. Mean Reward: -14.990. Std of Reward: 6.560. Training.
[INFO] Rocket. Step: 5200000. Time Elapsed: 4607.756 s. Mean Reward: -14.076. Std of Reward: 1.895. Training.
[INFO] Rocket. Step: 5220000. Time Elapsed: 4622.367 s. Mean Reward: -14.519. Std of Reward: 4.962. Training.
[INFO] Rocket. Step: 5240000. Time Elapsed: 4643.291 s. Mean Reward: -14.759. Std of Reward: 5.319. Training.
[INFO] Rocket. Step: 5260000. Time Elapsed: 4658.431 s. Mean Reward: -14.226. Std of Reward: 6.355. Training.
[INFO] Rocket. Step: 5280000. Time Elapsed: 4679.626 s. Mean Reward: -14.806. Std of Reward: 5.388. Training.
[INFO] Rocket. Step: 5300000. Time Elapsed: 4694.645 s. Mean Reward: -14.152. Std of Reward: 4.913. Training.
[INFO] Rocket. Step: 5320000. Time Elapsed: 4715.836 s. Mean Reward: -13.774. Std of Reward: 2.775. Training.
[INFO] Rocket. Step: 5340000. Time Elapsed: 4730.904 s. Mean Reward: -14.280. Std of Reward: 4.767. Training.
[INFO] Rocket. Step: 5360000. Time Elapsed: 4752.284 s. Mean Reward: -13.860. Std of Reward: 4.546. Training.
[INFO] Rocket. Step: 5380000. Time Elapsed: 4766.630 s. Mean Reward: -14.374. Std of Reward: 4.171. Training.
[INFO] Rocket. Step: 5400000. Time Elapsed: 4787.954 s. Mean Reward: -14.651. Std of Reward: 5.572. Training.
[INFO] Rocket. Step: 5420000. Time Elapsed: 4802.556 s. Mean Reward: -14.021. Std of Reward: 5.311. Training.
[INFO] Rocket. Step: 5440000. Time Elapsed: 4823.702 s. Mean Reward: -14.190. Std of Reward: 3.972. Training.
[INFO] Rocket. Step: 5460000. Time Elapsed: 4838.209 s. Mean Reward: -14.814. Std of Reward: 5.426. Training.
[INFO] Rocket. Step: 5480000. Time Elapsed: 4859.213 s. Mean Reward: -15.426. Std of Reward: 6.444. Training.
[INFO] Rocket. Step: 5500000. Time Elapsed: 4874.044 s. Mean Reward: -14.073. Std of Reward: 3.076. Training.
[INFO] Exported results\L6\Rocket\Rocket-5499883.onnx
[INFO] Rocket. Step: 5520000. Time Elapsed: 4895.194 s. Mean Reward: -14.338. Std of Reward: 3.985. Training.
[INFO] Rocket. Step: 5540000. Time Elapsed: 4909.943 s. Mean Reward: -13.768. Std of Reward: 3.721. Training.
[INFO] Rocket. Step: 5560000. Time Elapsed: 4931.268 s. Mean Reward: -14.560. Std of Reward: 5.914. Training.
[INFO] Rocket. Step: 5580000. Time Elapsed: 4945.930 s. Mean Reward: -14.749. Std of Reward: 4.091. Training.
[INFO] Rocket. Step: 5600000. Time Elapsed: 4967.018 s. Mean Reward: -14.540. Std of Reward: 6.008. Training.
[INFO] Rocket. Step: 5620000. Time Elapsed: 4982.470 s. Mean Reward: -16.119. Std of Reward: 8.809. Training.
[INFO] Rocket. Step: 5640000. Time Elapsed: 5003.636 s. Mean Reward: -13.291. Std of Reward: 5.258. Training.
[INFO] Rocket. Step: 5660000. Time Elapsed: 5018.300 s. Mean Reward: -14.343. Std of Reward: 2.547. Training.
[INFO] Rocket. Step: 5680000. Time Elapsed: 5039.537 s. Mean Reward: -14.052. Std of Reward: 4.619. Training.
[INFO] Rocket. Step: 5700000. Time Elapsed: 5054.377 s. Mean Reward: -14.634. Std of Reward: 5.879. Training.
[INFO] Rocket. Step: 5720000. Time Elapsed: 5074.654 s. Mean Reward: -13.801. Std of Reward: 1.520. Training.
[INFO] Rocket. Step: 5740000. Time Elapsed: 5089.415 s. Mean Reward: -14.269. Std of Reward: 3.933. Training.
[INFO] Rocket. Step: 5760000. Time Elapsed: 5110.253 s. Mean Reward: -13.708. Std of Reward: 1.704. Training.
[INFO] Rocket. Step: 5780000. Time Elapsed: 5124.504 s. Mean Reward: -13.738. Std of Reward: 1.823. Training.
[INFO] Rocket. Step: 5800000. Time Elapsed: 5145.741 s. Mean Reward: -13.999. Std of Reward: 1.886. Training.
[INFO] Rocket. Step: 5820000. Time Elapsed: 5160.306 s. Mean Reward: -13.677. Std of Reward: 3.670. Training.
[INFO] Rocket. Step: 5840000. Time Elapsed: 5181.549 s. Mean Reward: -14.233. Std of Reward: 2.004. Training.
[INFO] Rocket. Step: 5860000. Time Elapsed: 5195.616 s. Mean Reward: -14.212. Std of Reward: 3.997. Training.
[INFO] Rocket. Step: 5880000. Time Elapsed: 5218.233 s. Mean Reward: -14.167. Std of Reward: 4.644. Training.
[INFO] Rocket. Step: 5900000. Time Elapsed: 5231.473 s. Mean Reward: -13.385. Std of Reward: 2.926. Training.
[INFO] Rocket. Step: 5920000. Time Elapsed: 5254.958 s. Mean Reward: -14.399. Std of Reward: 4.221. Training.
[INFO] Rocket. Step: 5940000. Time Elapsed: 5267.160 s. Mean Reward: -15.183. Std of Reward: 7.557. Training.
[INFO] Rocket. Step: 5960000. Time Elapsed: 5281.940 s. Mean Reward: -13.977. Std of Reward: 5.807. Training.
[INFO] Rocket. Step: 5980000. Time Elapsed: 5302.684 s. Mean Reward: -14.563. Std of Reward: 5.290. Training.
[INFO] Rocket. Step: 6000000. Time Elapsed: 5317.722 s. Mean Reward: -13.802. Std of Reward: 2.913. Training.
[INFO] Exported results\L6\Rocket\Rocket-5999972.onnx
[INFO] Rocket. Step: 6020000. Time Elapsed: 5339.355 s. Mean Reward: -13.627. Std of Reward: 5.153. Training.
[INFO] Rocket. Step: 6040000. Time Elapsed: 5353.901 s. Mean Reward: -14.647. Std of Reward: 8.405. Training.
[INFO] Rocket. Step: 6060000. Time Elapsed: 5374.759 s. Mean Reward: -14.218. Std of Reward: 7.095. Training.
[INFO] Rocket. Step: 6080000. Time Elapsed: 5389.885 s. Mean Reward: -14.957. Std of Reward: 6.438. Training.
[INFO] Rocket. Step: 6100000. Time Elapsed: 5410.795 s. Mean Reward: -14.787. Std of Reward: 7.970. Training.
[INFO] Rocket. Step: 6120000. Time Elapsed: 5425.574 s. Mean Reward: -13.680. Std of Reward: 5.484. Training.
[INFO] Rocket. Step: 6140000. Time Elapsed: 5446.445 s. Mean Reward: -13.575. Std of Reward: 2.994. Training.
[INFO] Rocket. Step: 6160000. Time Elapsed: 5461.878 s. Mean Reward: -14.595. Std of Reward: 5.457. Training.
[INFO] Rocket. Step: 6180000. Time Elapsed: 5482.230 s. Mean Reward: -13.916. Std of Reward: 4.618. Training.
[INFO] Rocket. Step: 6200000. Time Elapsed: 5497.298 s. Mean Reward: -13.463. Std of Reward: 2.916. Training.
[INFO] Rocket. Step: 6220000. Time Elapsed: 5518.261 s. Mean Reward: -14.228. Std of Reward: 5.960. Training.
[INFO] Rocket. Step: 6240000. Time Elapsed: 5532.902 s. Mean Reward: -13.808. Std of Reward: 6.251. Training.
[INFO] Rocket. Step: 6260000. Time Elapsed: 5553.689 s. Mean Reward: -14.010. Std of Reward: 2.051. Training.
[INFO] Rocket. Step: 6280000. Time Elapsed: 5568.150 s. Mean Reward: -14.378. Std of Reward: 5.291. Training.
[INFO] Rocket. Step: 6300000. Time Elapsed: 5589.842 s. Mean Reward: -14.481. Std of Reward: 5.909. Training.
[INFO] Rocket. Step: 6320000. Time Elapsed: 5604.525 s. Mean Reward: -13.253. Std of Reward: 3.844. Training.
[INFO] Rocket. Step: 6340000. Time Elapsed: 5625.981 s. Mean Reward: -15.278. Std of Reward: 8.877. Training.
[INFO] Rocket. Step: 6360000. Time Elapsed: 5640.864 s. Mean Reward: -14.757. Std of Reward: 5.418. Training.
[INFO] Rocket. Step: 6380000. Time Elapsed: 5661.358 s. Mean Reward: -13.863. Std of Reward: 2.042. Training.
[INFO] Rocket. Step: 6400000. Time Elapsed: 5676.335 s. Mean Reward: -14.607. Std of Reward: 4.107. Training.
[INFO] Rocket. Step: 6420000. Time Elapsed: 5697.403 s. Mean Reward: -15.039. Std of Reward: 6.399. Training.
[INFO] Rocket. Step: 6440000. Time Elapsed: 5712.500 s. Mean Reward: -15.221. Std of Reward: 8.938. Training.
[INFO] Rocket. Step: 6460000. Time Elapsed: 5732.978 s. Mean Reward: -15.235. Std of Reward: 6.460. Training.
[INFO] Rocket. Step: 6480000. Time Elapsed: 5747.813 s. Mean Reward: -13.839. Std of Reward: 6.519. Training.
[INFO] Rocket. Step: 6500000. Time Elapsed: 5769.098 s. Mean Reward: -14.467. Std of Reward: 5.311. Training.
[INFO] Exported results\L6\Rocket\Rocket-6499822.onnx
[INFO] Rocket. Step: 6520000. Time Elapsed: 5783.521 s. Mean Reward: -14.286. Std of Reward: 4.240. Training.
[INFO] Rocket. Step: 6540000. Time Elapsed: 5805.113 s. Mean Reward: -13.441. Std of Reward: 5.684. Training.
[INFO] Rocket. Step: 6560000. Time Elapsed: 5819.130 s. Mean Reward: -13.655. Std of Reward: 4.619. Training.
[INFO] Rocket. Step: 6580000. Time Elapsed: 5840.120 s. Mean Reward: -13.378. Std of Reward: 2.924. Training.
[INFO] Rocket. Step: 6600000. Time Elapsed: 5854.683 s. Mean Reward: -14.349. Std of Reward: 5.320. Training.
[INFO] Rocket. Step: 6620000. Time Elapsed: 5876.308 s. Mean Reward: -14.443. Std of Reward: 4.012. Training.
[INFO] Rocket. Step: 6640000. Time Elapsed: 5890.326 s. Mean Reward: -14.896. Std of Reward: 6.422. Training.
[INFO] Rocket. Step: 6660000. Time Elapsed: 5912.835 s. Mean Reward: -13.444. Std of Reward: 2.833. Training.
[INFO] Rocket. Step: 6680000. Time Elapsed: 5926.354 s. Mean Reward: -14.681. Std of Reward: 6.310. Training.
[INFO] Rocket. Step: 6700000. Time Elapsed: 5941.010 s. Mean Reward: -14.244. Std of Reward: 5.145. Training.
[INFO] Rocket. Step: 6720000. Time Elapsed: 5962.544 s. Mean Reward: -13.965. Std of Reward: 5.463. Training.
[INFO] Rocket. Step: 6740000. Time Elapsed: 5976.851 s. Mean Reward: -13.551. Std of Reward: 5.150. Training.
[INFO] Rocket. Step: 6760000. Time Elapsed: 5997.045 s. Mean Reward: -14.236. Std of Reward: 4.026. Training.
[INFO] Rocket. Step: 6780000. Time Elapsed: 6011.485 s. Mean Reward: -14.417. Std of Reward: 4.035. Training.
[INFO] Rocket. Step: 6800000. Time Elapsed: 6033.223 s. Mean Reward: -13.341. Std of Reward: 3.870. Training.
[INFO] Rocket. Step: 6820000. Time Elapsed: 6047.513 s. Mean Reward: -14.487. Std of Reward: 5.332. Training.
[INFO] Rocket. Step: 6840000. Time Elapsed: 6068.810 s. Mean Reward: -14.632. Std of Reward: 6.479. Training.
[INFO] Rocket. Step: 6860000. Time Elapsed: 6083.350 s. Mean Reward: -14.032. Std of Reward: 3.943. Training.
[INFO] Rocket. Step: 6880000. Time Elapsed: 6104.610 s. Mean Reward: -13.815. Std of Reward: 2.924. Training.
[INFO] Rocket. Step: 6900000. Time Elapsed: 6118.865 s. Mean Reward: -13.857. Std of Reward: 5.258. Training.
[INFO] Rocket. Step: 6920000. Time Elapsed: 6139.610 s. Mean Reward: -14.067. Std of Reward: 5.961. Training.
[INFO] Rocket. Step: 6940000. Time Elapsed: 6154.053 s. Mean Reward: -14.055. Std of Reward: 1.935. Training.
[INFO] Rocket. Step: 6960000. Time Elapsed: 6174.771 s. Mean Reward: -14.047. Std of Reward: 3.918. Training.
[INFO] Rocket. Step: 6980000. Time Elapsed: 6189.152 s. Mean Reward: -13.827. Std of Reward: 3.920. Training.
[INFO] Rocket. Step: 7000000. Time Elapsed: 6210.475 s. Mean Reward: -13.929. Std of Reward: 4.948. Training.
[INFO] Exported results\L6\Rocket\Rocket-6999912.onnx
[INFO] Rocket. Step: 7020000. Time Elapsed: 6224.981 s. Mean Reward: -13.837. Std of Reward: 4.592. Training.
[INFO] Rocket. Step: 7040000. Time Elapsed: 6246.366 s. Mean Reward: -13.920. Std of Reward: 6.102. Training.
[INFO] Rocket. Step: 7060000. Time Elapsed: 6260.556 s. Mean Reward: -13.971. Std of Reward: 4.592. Training.
[INFO] Rocket. Step: 7080000. Time Elapsed: 6281.428 s. Mean Reward: -14.181. Std of Reward: 4.882. Training.
[INFO] Rocket. Step: 7100000. Time Elapsed: 6296.214 s. Mean Reward: -14.233. Std of Reward: 5.997. Training.
[INFO] Rocket. Step: 7120000. Time Elapsed: 6316.828 s. Mean Reward: -14.141. Std of Reward: 3.898. Training.
[INFO] Rocket. Step: 7140000. Time Elapsed: 6331.621 s. Mean Reward: -14.806. Std of Reward: 5.510. Training.
[INFO] Rocket. Step: 7160000. Time Elapsed: 6351.897 s. Mean Reward: -14.391. Std of Reward: 3.982. Training.
[INFO] Rocket. Step: 7180000. Time Elapsed: 6366.345 s. Mean Reward: -13.816. Std of Reward: 1.753. Training.
[INFO] Rocket. Step: 7200000. Time Elapsed: 6388.062 s. Mean Reward: -13.780. Std of Reward: 6.781. Training.
[INFO] Rocket. Step: 7220000. Time Elapsed: 6402.444 s. Mean Reward: -13.358. Std of Reward: 3.075. Training.
[INFO] Rocket. Step: 7240000. Time Elapsed: 6423.297 s. Mean Reward: -13.948. Std of Reward: 3.883. Training.
[INFO] Rocket. Step: 7260000. Time Elapsed: 6437.926 s. Mean Reward: -14.531. Std of Reward: 3.960. Training.
[INFO] Rocket. Step: 7280000. Time Elapsed: 6458.356 s. Mean Reward: -13.910. Std of Reward: 1.838. Training.
[INFO] Rocket. Step: 7300000. Time Elapsed: 6473.308 s. Mean Reward: -13.625. Std of Reward: 2.750. Training.
[INFO] Rocket. Step: 7320000. Time Elapsed: 6494.153 s. Mean Reward: -13.046. Std of Reward: 5.884. Training.
[INFO] Rocket. Step: 7340000. Time Elapsed: 6508.403 s. Mean Reward: -13.622. Std of Reward: 2.755. Training.
[INFO] Rocket. Step: 7360000. Time Elapsed: 6530.343 s. Mean Reward: -13.092. Std of Reward: 3.850. Training.
[INFO] Rocket. Step: 7380000. Time Elapsed: 6544.360 s. Mean Reward: -14.353. Std of Reward: 5.932. Training.
[INFO] Rocket. Step: 7400000. Time Elapsed: 6566.769 s. Mean Reward: -13.971. Std of Reward: 4.597. Training.
[INFO] Rocket. Step: 7420000. Time Elapsed: 6580.138 s. Mean Reward: -15.654. Std of Reward: 7.435. Training.
[INFO] Rocket. Step: 7440000. Time Elapsed: 6594.621 s. Mean Reward: -14.084. Std of Reward: 5.910. Training.
[INFO] Rocket. Step: 7460000. Time Elapsed: 6615.353 s. Mean Reward: -14.489. Std of Reward: 5.743. Training.
[INFO] Rocket. Step: 7480000. Time Elapsed: 6630.477 s. Mean Reward: -14.330. Std of Reward: 5.251. Training.
[INFO] Rocket. Step: 7500000. Time Elapsed: 6650.708 s. Mean Reward: -13.714. Std of Reward: 3.955. Training.
[INFO] Exported results\L6\Rocket\Rocket-7499865.onnx
[INFO] Rocket. Step: 7520000. Time Elapsed: 6665.508 s. Mean Reward: -13.647. Std of Reward: 5.456. Training.
[INFO] Rocket. Step: 7540000. Time Elapsed: 6686.957 s. Mean Reward: -13.616. Std of Reward: 4.735. Training.
[INFO] Rocket. Step: 7560000. Time Elapsed: 6702.095 s. Mean Reward: -13.811. Std of Reward: 4.862. Training.
[INFO] Rocket. Step: 7580000. Time Elapsed: 6722.618 s. Mean Reward: -13.864. Std of Reward: 5.476. Training.
[INFO] Rocket. Step: 7600000. Time Elapsed: 6736.912 s. Mean Reward: -15.284. Std of Reward: 6.590. Training.
[INFO] Rocket. Step: 7620000. Time Elapsed: 6757.873 s. Mean Reward: -13.995. Std of Reward: 3.878. Training.
[INFO] Rocket. Step: 7640000. Time Elapsed: 6772.037 s. Mean Reward: -13.935. Std of Reward: 1.859. Training.
[INFO] Rocket. Step: 7660000. Time Elapsed: 6793.104 s. Mean Reward: -13.835. Std of Reward: 3.952. Training.
[INFO] Rocket. Step: 7680000. Time Elapsed: 6807.816 s. Mean Reward: -14.455. Std of Reward: 4.060. Training.
[INFO] Rocket. Step: 7700000. Time Elapsed: 6828.863 s. Mean Reward: -13.802. Std of Reward: 2.961. Training.
[INFO] Rocket. Step: 7720000. Time Elapsed: 6843.137 s. Mean Reward: -13.741. Std of Reward: 4.948. Training.
[INFO] Rocket. Step: 7740000. Time Elapsed: 6864.421 s. Mean Reward: -13.211. Std of Reward: 2.758. Training.
[INFO] Rocket. Step: 7760000. Time Elapsed: 6878.719 s. Mean Reward: -14.162. Std of Reward: 3.977. Training.
[INFO] Rocket. Step: 7780000. Time Elapsed: 6899.354 s. Mean Reward: -14.049. Std of Reward: 3.938. Training.
[INFO] Rocket. Step: 7800000. Time Elapsed: 6913.908 s. Mean Reward: -13.910. Std of Reward: 3.916. Training.
[INFO] Rocket. Step: 7820000. Time Elapsed: 6934.629 s. Mean Reward: -13.909. Std of Reward: 3.936. Training.
[INFO] Rocket. Step: 7840000. Time Elapsed: 6949.271 s. Mean Reward: -14.265. Std of Reward: 6.850. Training.
[INFO] Rocket. Step: 7860000. Time Elapsed: 6970.219 s. Mean Reward: -13.544. Std of Reward: 1.858. Training.
[INFO] Rocket. Step: 7880000. Time Elapsed: 6985.246 s. Mean Reward: -13.876. Std of Reward: 4.783. Training.
[INFO] Rocket. Step: 7900000. Time Elapsed: 7005.683 s. Mean Reward: -14.474. Std of Reward: 6.122. Training.
[INFO] Rocket. Step: 7920000. Time Elapsed: 7020.514 s. Mean Reward: -12.962. Std of Reward: 3.863. Training.
[INFO] Rocket. Step: 7940000. Time Elapsed: 7040.861 s. Mean Reward: -13.537. Std of Reward: 2.764. Training.
[INFO] Rocket. Step: 7960000. Time Elapsed: 7056.032 s. Mean Reward: -14.082. Std of Reward: 4.861. Training.
[INFO] Rocket. Step: 7980000. Time Elapsed: 7076.863 s. Mean Reward: -15.314. Std of Reward: 7.476. Training.
[INFO] Rocket. Step: 8000000. Time Elapsed: 7091.373 s. Mean Reward: -13.972. Std of Reward: 5.144. Training.
[INFO] Exported results\L6\Rocket\Rocket-7999886.onnx
[INFO] Rocket. Step: 8020000. Time Elapsed: 7112.630 s. Mean Reward: -13.187. Std of Reward: 3.582. Training.
[INFO] Rocket. Step: 8040000. Time Elapsed: 7127.320 s. Mean Reward: -13.698. Std of Reward: 2.769. Training.
[INFO] Rocket. Step: 8060000. Time Elapsed: 7148.256 s. Mean Reward: -13.681. Std of Reward: 1.410. Training.
[INFO] Rocket. Step: 8080000. Time Elapsed: 7162.768 s. Mean Reward: -14.060. Std of Reward: 4.715. Training.
[INFO] Rocket. Step: 8100000. Time Elapsed: 7183.445 s. Mean Reward: -13.878. Std of Reward: 4.094. Training.
[INFO] Rocket. Step: 8120000. Time Elapsed: 7197.519 s. Mean Reward: -13.102. Std of Reward: 2.640. Training.
[INFO] Rocket. Step: 8140000. Time Elapsed: 7218.667 s. Mean Reward: -13.673. Std of Reward: 1.827. Training.
[INFO] Rocket. Step: 8160000. Time Elapsed: 7232.655 s. Mean Reward: -13.226. Std of Reward: 1.644. Training.
[INFO] Rocket. Step: 8180000. Time Elapsed: 7247.013 s. Mean Reward: -14.465. Std of Reward: 4.116. Training.
[INFO] Rocket. Step: 8200000. Time Elapsed: 7267.869 s. Mean Reward: -14.252. Std of Reward: 7.356. Training.
[INFO] Rocket. Step: 8220000. Time Elapsed: 7282.522 s. Mean Reward: -13.102. Std of Reward: 2.892. Training.
[INFO] Rocket. Step: 8240000. Time Elapsed: 7303.406 s. Mean Reward: -14.254. Std of Reward: 5.293. Training.
[INFO] Rocket. Step: 8260000. Time Elapsed: 7317.596 s. Mean Reward: -14.295. Std of Reward: 5.391. Training.
[INFO] Rocket. Step: 8280000. Time Elapsed: 7339.219 s. Mean Reward: -13.064. Std of Reward: 5.751. Training.
[INFO] Rocket. Step: 8300000. Time Elapsed: 7353.627 s. Mean Reward: -14.349. Std of Reward: 8.103. Training.
[INFO] Rocket. Step: 8320000. Time Elapsed: 7374.782 s. Mean Reward: -13.439. Std of Reward: 5.401. Training.
[INFO] Rocket. Step: 8340000. Time Elapsed: 7389.452 s. Mean Reward: -13.627. Std of Reward: 6.304. Training.
[INFO] Rocket. Step: 8360000. Time Elapsed: 7409.821 s. Mean Reward: -13.163. Std of Reward: 1.951. Training.
[INFO] Rocket. Step: 8380000. Time Elapsed: 7425.392 s. Mean Reward: -13.924. Std of Reward: 5.888. Training.
[INFO] Rocket. Step: 8400000. Time Elapsed: 7446.549 s. Mean Reward: -13.408. Std of Reward: 8.114. Training.
[INFO] Rocket. Step: 8420000. Time Elapsed: 7461.493 s. Mean Reward: -13.496. Std of Reward: 5.162. Training.
[INFO] Rocket. Step: 8440000. Time Elapsed: 7483.205 s. Mean Reward: -13.097. Std of Reward: 5.734. Training.
[INFO] Rocket. Step: 8460000. Time Elapsed: 7497.655 s. Mean Reward: -14.607. Std of Reward: 6.935. Training.
[INFO] Rocket. Step: 8480000. Time Elapsed: 7518.678 s. Mean Reward: -13.622. Std of Reward: 6.586. Training.
[INFO] Rocket. Step: 8500000. Time Elapsed: 7533.778 s. Mean Reward: -13.077. Std of Reward: 2.715. Training.
[INFO] Exported results\L6\Rocket\Rocket-8499927.onnx
[INFO] Rocket. Step: 8520000. Time Elapsed: 7555.953 s. Mean Reward: -13.887. Std of Reward: 5.932. Training.
[INFO] Rocket. Step: 8540000. Time Elapsed: 7570.569 s. Mean Reward: -13.946. Std of Reward: 7.726. Training.
[INFO] Rocket. Step: 8560000. Time Elapsed: 7591.297 s. Mean Reward: -13.494. Std of Reward: 4.652. Training.
[INFO] Rocket. Step: 8580000. Time Elapsed: 7606.214 s. Mean Reward: -13.242. Std of Reward: 4.238. Training.
[INFO] Rocket. Step: 8600000. Time Elapsed: 7627.609 s. Mean Reward: -13.500. Std of Reward: 4.779. Training.
[INFO] Rocket. Step: 8620000. Time Elapsed: 7642.570 s. Mean Reward: -15.245. Std of Reward: 8.944. Training.
[INFO] Rocket. Step: 8640000. Time Elapsed: 7663.929 s. Mean Reward: -13.689. Std of Reward: 6.544. Training.
[INFO] Rocket. Step: 8660000. Time Elapsed: 7678.949 s. Mean Reward: -13.922. Std of Reward: 4.087. Training.
[INFO] Rocket. Step: 8680000. Time Elapsed: 7700.527 s. Mean Reward: -14.831. Std of Reward: 9.139. Training.
[INFO] Rocket. Step: 8700000. Time Elapsed: 7715.714 s. Mean Reward: -13.794. Std of Reward: 5.878. Training.
[INFO] Rocket. Step: 8720000. Time Elapsed: 7736.928 s. Mean Reward: -13.301. Std of Reward: 5.281. Training.
[INFO] Rocket. Step: 8740000. Time Elapsed: 7751.767 s. Mean Reward: -14.414. Std of Reward: 6.510. Training.
[INFO] Rocket. Step: 8760000. Time Elapsed: 7773.639 s. Mean Reward: -13.957. Std of Reward: 6.026. Training.
[INFO] Rocket. Step: 8780000. Time Elapsed: 7788.735 s. Mean Reward: -12.924. Std of Reward: 5.880. Training.
[INFO] Rocket. Step: 8800000. Time Elapsed: 7810.235 s. Mean Reward: -13.738. Std of Reward: 9.500. Training.
[INFO] Rocket. Step: 8820000. Time Elapsed: 7825.246 s. Mean Reward: -13.489. Std of Reward: 5.479. Training.
[INFO] Rocket. Step: 8840000. Time Elapsed: 7846.525 s. Mean Reward: -13.444. Std of Reward: 7.044. Training.
[INFO] Rocket. Step: 8860000. Time Elapsed: 7861.079 s. Mean Reward: -13.655. Std of Reward: 4.697. Training.
[INFO] Rocket. Step: 8880000. Time Elapsed: 7882.519 s. Mean Reward: -12.294. Std of Reward: 4.713. Training.
[INFO] Rocket. Step: 8900000. Time Elapsed: 7896.780 s. Mean Reward: -14.375. Std of Reward: 6.946. Training.
[INFO] Rocket. Step: 8920000. Time Elapsed: 7919.839 s. Mean Reward: -14.595. Std of Reward: 7.419. Training.
[INFO] Rocket. Step: 8940000. Time Elapsed: 7933.635 s. Mean Reward: -13.763. Std of Reward: 7.245. Training.
[INFO] Rocket. Step: 8960000. Time Elapsed: 7948.245 s. Mean Reward: -13.184. Std of Reward: 5.597. Training.
[INFO] Rocket. Step: 8980000. Time Elapsed: 7969.936 s. Mean Reward: -14.235. Std of Reward: 6.504. Training.
[INFO] Rocket. Step: 9000000. Time Elapsed: 7984.006 s. Mean Reward: -14.351. Std of Reward: 6.309. Training.
[INFO] Exported results\L6\Rocket\Rocket-8999836.onnx
[INFO] Rocket. Step: 9020000. Time Elapsed: 8005.453 s. Mean Reward: -13.151. Std of Reward: 5.273. Training.
[INFO] Rocket. Step: 9040000. Time Elapsed: 8020.656 s. Mean Reward: -13.607. Std of Reward: 5.102. Training.
[INFO] Rocket. Step: 9060000. Time Elapsed: 8041.709 s. Mean Reward: -14.368. Std of Reward: 8.232. Training.
[INFO] Rocket. Step: 9080000. Time Elapsed: 8056.690 s. Mean Reward: -13.779. Std of Reward: 7.979. Training.
[INFO] Rocket. Step: 9100000. Time Elapsed: 8078.612 s. Mean Reward: -14.557. Std of Reward: 8.021. Training.
[INFO] Rocket. Step: 9120000. Time Elapsed: 8093.838 s. Mean Reward: -13.589. Std of Reward: 6.409. Training.
[INFO] Rocket. Step: 9140000. Time Elapsed: 8115.456 s. Mean Reward: -15.041. Std of Reward: 9.293. Training.
[INFO] Rocket. Step: 9160000. Time Elapsed: 8129.919 s. Mean Reward: -13.367. Std of Reward: 1.758. Training.
[INFO] Rocket. Step: 9180000. Time Elapsed: 8151.037 s. Mean Reward: -13.329. Std of Reward: 5.942. Training.
[INFO] Rocket. Step: 9200000. Time Elapsed: 8166.090 s. Mean Reward: -13.907. Std of Reward: 7.971. Training.
[INFO] Rocket. Step: 9220000. Time Elapsed: 8187.125 s. Mean Reward: -13.190. Std of Reward: 2.546. Training.
[INFO] Rocket. Step: 9240000. Time Elapsed: 8202.478 s. Mean Reward: -14.837. Std of Reward: 8.015. Training.
[INFO] Rocket. Step: 9260000. Time Elapsed: 8223.117 s. Mean Reward: -13.140. Std of Reward: 2.877. Training.
[INFO] Rocket. Step: 9280000. Time Elapsed: 8237.648 s. Mean Reward: -13.720. Std of Reward: 5.825. Training.
[INFO] Rocket. Step: 9300000. Time Elapsed: 8259.876 s. Mean Reward: -13.551. Std of Reward: 6.606. Training.
[INFO] Rocket. Step: 9320000. Time Elapsed: 8274.857 s. Mean Reward: -14.412. Std of Reward: 8.527. Training.
[INFO] Rocket. Step: 9340000. Time Elapsed: 8296.204 s. Mean Reward: -13.305. Std of Reward: 5.249. Training.
[INFO] Rocket. Step: 9360000. Time Elapsed: 8311.308 s. Mean Reward: -15.025. Std of Reward: 7.439. Training.
[INFO] Rocket. Step: 9380000. Time Elapsed: 8333.019 s. Mean Reward: -13.604. Std of Reward: 6.373. Training.
[INFO] Rocket. Step: 9400000. Time Elapsed: 8347.732 s. Mean Reward: -13.195. Std of Reward: 5.238. Training.
[INFO] Rocket. Step: 9420000. Time Elapsed: 8369.264 s. Mean Reward: -14.977. Std of Reward: 8.734. Training.
[INFO] Rocket. Step: 9440000. Time Elapsed: 8384.202 s. Mean Reward: -13.419. Std of Reward: 7.249. Training.
[INFO] Rocket. Step: 9460000. Time Elapsed: 8406.409 s. Mean Reward: -13.216. Std of Reward: 6.383. Training.
[INFO] Rocket. Step: 9480000. Time Elapsed: 8420.838 s. Mean Reward: -14.862. Std of Reward: 9.350. Training.
[INFO] Rocket. Step: 9500000. Time Elapsed: 8442.513 s. Mean Reward: -12.958. Std of Reward: 5.369. Training.
[INFO] Exported results\L6\Rocket\Rocket-9499852.onnx
[INFO] Rocket. Step: 9520000. Time Elapsed: 8457.103 s. Mean Reward: -14.158. Std of Reward: 8.425. Training.
[INFO] Rocket. Step: 9540000. Time Elapsed: 8478.563 s. Mean Reward: -13.422. Std of Reward: 4.623. Training.
[INFO] Rocket. Step: 9560000. Time Elapsed: 8493.436 s. Mean Reward: -13.510. Std of Reward: 6.503. Training.
[INFO] Rocket. Step: 9580000. Time Elapsed: 8515.063 s. Mean Reward: -14.455. Std of Reward: 7.434. Training.
[INFO] Rocket. Step: 9600000. Time Elapsed: 8530.435 s. Mean Reward: -13.629. Std of Reward: 7.677. Training.
[INFO] Rocket. Step: 9620000. Time Elapsed: 8552.699 s. Mean Reward: -15.284. Std of Reward: 8.608. Training.
[INFO] Rocket. Step: 9640000. Time Elapsed: 8567.295 s. Mean Reward: -13.969. Std of Reward: 8.792. Training.
[INFO] Rocket. Step: 9660000. Time Elapsed: 8589.561 s. Mean Reward: -14.055. Std of Reward: 7.264. Training.
[INFO] Rocket. Step: 9680000. Time Elapsed: 8603.587 s. Mean Reward: -14.193. Std of Reward: 8.789. Training.
[INFO] Rocket. Step: 9700000. Time Elapsed: 8626.819 s. Mean Reward: -12.719. Std of Reward: 4.305. Training.
[INFO] Rocket. Step: 9720000. Time Elapsed: 8639.868 s. Mean Reward: -13.350. Std of Reward: 4.588. Training.
[INFO] Rocket. Step: 9740000. Time Elapsed: 8654.645 s. Mean Reward: -13.328. Std of Reward: 5.127. Training.
[INFO] Rocket. Step: 9760000. Time Elapsed: 8676.364 s. Mean Reward: -13.812. Std of Reward: 5.850. Training.
[INFO] Rocket. Step: 9780000. Time Elapsed: 8691.510 s. Mean Reward: -13.380. Std of Reward: 4.760. Training.
[INFO] Rocket. Step: 9800000. Time Elapsed: 8711.931 s. Mean Reward: -12.986. Std of Reward: 2.842. Training.
[INFO] Rocket. Step: 9820000. Time Elapsed: 8727.784 s. Mean Reward: -12.243. Std of Reward: 5.222. Training.
[INFO] Rocket. Step: 9840000. Time Elapsed: 8748.622 s. Mean Reward: -14.625. Std of Reward: 7.409. Training.
[INFO] Rocket. Step: 9860000. Time Elapsed: 8763.314 s. Mean Reward: -13.706. Std of Reward: 4.558. Training.
[INFO] Rocket. Step: 9880000. Time Elapsed: 8784.688 s. Mean Reward: -13.967. Std of Reward: 7.102. Training.
[INFO] Rocket. Step: 9900000. Time Elapsed: 8800.279 s. Mean Reward: -14.645. Std of Reward: 7.560. Training.
[INFO] Rocket. Step: 9920000. Time Elapsed: 8821.423 s. Mean Reward: -14.590. Std of Reward: 9.279. Training.
[INFO] Rocket. Step: 9940000. Time Elapsed: 8836.671 s. Mean Reward: -13.909. Std of Reward: 7.560. Training.
[INFO] Rocket. Step: 9960000. Time Elapsed: 8858.181 s. Mean Reward: -13.368. Std of Reward: 3.891. Training.
[INFO] Rocket. Step: 9980000. Time Elapsed: 8872.458 s. Mean Reward: -14.171. Std of Reward: 5.504. Training.
[INFO] Rocket. Step: 10000000. Time Elapsed: 8894.582 s. Mean Reward: -14.149. Std of Reward: 6.488. Training.
[INFO] Exported results\L6\Rocket\Rocket-9999958.onnx
[INFO] Rocket. Step: 10020000. Time Elapsed: 8909.846 s. Mean Reward: -14.327. Std of Reward: 9.832. Training.
[INFO] Rocket. Step: 10040000. Time Elapsed: 8931.493 s. Mean Reward: -13.973. Std of Reward: 5.970. Training.
[INFO] Rocket. Step: 10060000. Time Elapsed: 8946.501 s. Mean Reward: -14.404. Std of Reward: 7.814. Training.
[INFO] Rocket. Step: 10080000. Time Elapsed: 8967.630 s. Mean Reward: -13.435. Std of Reward: 5.295. Training.
[INFO] Rocket. Step: 10100000. Time Elapsed: 8982.346 s. Mean Reward: -13.587. Std of Reward: 4.037. Training.
[INFO] Rocket. Step: 10120000. Time Elapsed: 9003.066 s. Mean Reward: -13.509. Std of Reward: 4.029. Training.
[INFO] Rocket. Step: 10140000. Time Elapsed: 9017.529 s. Mean Reward: -13.844. Std of Reward: 4.115. Training.
[INFO] Rocket. Step: 10160000. Time Elapsed: 9039.134 s. Mean Reward: -13.740. Std of Reward: 4.732. Training.
[INFO] Rocket. Step: 10180000. Time Elapsed: 9054.286 s. Mean Reward: -14.405. Std of Reward: 6.974. Training.
[INFO] Rocket. Step: 10200000. Time Elapsed: 9076.069 s. Mean Reward: -14.871. Std of Reward: 7.626. Training.
[INFO] Rocket. Step: 10220000. Time Elapsed: 9091.359 s. Mean Reward: -13.457. Std of Reward: 4.719. Training.
[INFO] Rocket. Step: 10240000. Time Elapsed: 9112.476 s. Mean Reward: -14.629. Std of Reward: 8.081. Training.
[INFO] Rocket. Step: 10260000. Time Elapsed: 9127.311 s. Mean Reward: -14.089. Std of Reward: 7.430. Training.
[INFO] Rocket. Step: 10280000. Time Elapsed: 9148.186 s. Mean Reward: -13.729. Std of Reward: 4.781. Training.
[INFO] Rocket. Step: 10300000. Time Elapsed: 9163.253 s. Mean Reward: -13.803. Std of Reward: 7.814. Training.
[INFO] Rocket. Step: 10320000. Time Elapsed: 9184.686 s. Mean Reward: -14.329. Std of Reward: 5.343. Training.
[INFO] Rocket. Step: 10340000. Time Elapsed: 9199.417 s. Mean Reward: -13.243. Std of Reward: 5.815. Training.
[INFO] Rocket. Step: 10360000. Time Elapsed: 9220.849 s. Mean Reward: -13.234. Std of Reward: 5.780. Training.
[INFO] Rocket. Step: 10380000. Time Elapsed: 9235.771 s. Mean Reward: -13.909. Std of Reward: 4.132. Training.
[INFO] Rocket. Step: 10400000. Time Elapsed: 9256.377 s. Mean Reward: -14.149. Std of Reward: 5.778. Training.
[INFO] Rocket. Step: 10420000. Time Elapsed: 9271.233 s. Mean Reward: -13.481. Std of Reward: 4.736. Training.
[INFO] Rocket. Step: 10440000. Time Elapsed: 9293.837 s. Mean Reward: -13.700. Std of Reward: 8.855. Training.
[INFO] Rocket. Step: 10460000. Time Elapsed: 9307.975 s. Mean Reward: -14.009. Std of Reward: 7.572. Training.
[INFO] Rocket. Step: 10480000. Time Elapsed: 9330.961 s. Mean Reward: -14.229. Std of Reward: 6.817. Training.
[INFO] Rocket. Step: 10500000. Time Elapsed: 9344.641 s. Mean Reward: -13.791. Std of Reward: 4.904. Training.
[INFO] Exported results\L6\Rocket\Rocket-10499879.onnx
[INFO] Rocket. Step: 10520000. Time Elapsed: 9359.074 s. Mean Reward: -13.187. Std of Reward: 5.204. Training.
[INFO] Rocket. Step: 10540000. Time Elapsed: 9380.754 s. Mean Reward: -13.616. Std of Reward: 6.684. Training.
[INFO] Rocket. Step: 10560000. Time Elapsed: 9395.590 s. Mean Reward: -14.179. Std of Reward: 7.047. Training.
[INFO] Rocket. Step: 10580000. Time Elapsed: 9417.315 s. Mean Reward: -13.326. Std of Reward: 1.725. Training.
[INFO] Rocket. Step: 10600000. Time Elapsed: 9431.155 s. Mean Reward: -14.003. Std of Reward: 5.408. Training.
[INFO] Rocket. Step: 10620000. Time Elapsed: 9452.852 s. Mean Reward: -14.164. Std of Reward: 6.936. Training.
[INFO] Rocket. Step: 10640000. Time Elapsed: 9467.292 s. Mean Reward: -13.094. Std of Reward: 5.350. Training.
[INFO] Rocket. Step: 10660000. Time Elapsed: 9489.029 s. Mean Reward: -13.074. Std of Reward: 5.941. Training.
[INFO] Rocket. Step: 10680000. Time Elapsed: 9504.107 s. Mean Reward: -13.856. Std of Reward: 5.941. Training.
[INFO] Rocket. Step: 10700000. Time Elapsed: 9526.403 s. Mean Reward: -13.221. Std of Reward: 4.504. Training.
[INFO] Rocket. Step: 10720000. Time Elapsed: 9540.349 s. Mean Reward: -13.961. Std of Reward: 5.615. Training.
[INFO] Rocket. Step: 10740000. Time Elapsed: 9561.696 s. Mean Reward: -15.016. Std of Reward: 8.757. Training.
[INFO] Rocket. Step: 10760000. Time Elapsed: 9576.481 s. Mean Reward: -13.466. Std of Reward: 4.827. Training.
[INFO] Rocket. Step: 10780000. Time Elapsed: 9597.453 s. Mean Reward: -13.685. Std of Reward: 4.883. Training.
[INFO] Rocket. Step: 10800000. Time Elapsed: 9611.826 s. Mean Reward: -13.281. Std of Reward: 1.764. Training.
[INFO] Rocket. Step: 10820000. Time Elapsed: 9633.324 s. Mean Reward: -13.974. Std of Reward: 7.673. Training.
[INFO] Rocket. Step: 10840000. Time Elapsed: 9647.952 s. Mean Reward: -13.391. Std of Reward: 1.562. Training.
[INFO] Rocket. Step: 10860000. Time Elapsed: 9669.368 s. Mean Reward: -13.408. Std of Reward: 4.546. Training.
[INFO] Rocket. Step: 10880000. Time Elapsed: 9684.057 s. Mean Reward: -14.738. Std of Reward: 7.384. Training.
[INFO] Rocket. Step: 10900000. Time Elapsed: 9705.366 s. Mean Reward: -13.320. Std of Reward: 1.284. Training.
[INFO] Rocket. Step: 10920000. Time Elapsed: 9719.969 s. Mean Reward: -12.743. Std of Reward: 5.592. Training.
[INFO] Rocket. Step: 10940000. Time Elapsed: 9741.353 s. Mean Reward: -12.953. Std of Reward: 3.459. Training.
[INFO] Rocket. Step: 10960000. Time Elapsed: 9756.913 s. Mean Reward: -12.348. Std of Reward: 8.182. Training.
[INFO] Rocket. Step: 10980000. Time Elapsed: 9777.643 s. Mean Reward: -13.062. Std of Reward: 5.268. Training.
[INFO] Rocket. Step: 11000000. Time Elapsed: 9792.306 s. Mean Reward: -13.708. Std of Reward: 3.920. Training.
[INFO] Exported results\L6\Rocket\Rocket-10999911.onnx
[INFO] Rocket. Step: 11020000. Time Elapsed: 9813.882 s. Mean Reward: -13.138. Std of Reward: 5.236. Training.
[INFO] Rocket. Step: 11040000. Time Elapsed: 9828.940 s. Mean Reward: -14.024. Std of Reward: 5.480. Training.
[INFO] Rocket. Step: 11060000. Time Elapsed: 9849.991 s. Mean Reward: -13.042. Std of Reward: 1.502. Training.
[INFO] Rocket. Step: 11080000. Time Elapsed: 9864.379 s. Mean Reward: -13.767. Std of Reward: 5.449. Training.
[INFO] Rocket. Step: 11100000. Time Elapsed: 9885.961 s. Mean Reward: -13.569. Std of Reward: 3.894. Training.
[INFO] Rocket. Step: 11120000. Time Elapsed: 9901.283 s. Mean Reward: -14.203. Std of Reward: 6.575. Training.
[INFO] Rocket. Step: 11140000. Time Elapsed: 9922.464 s. Mean Reward: -14.388. Std of Reward: 8.428. Training.
[INFO] Rocket. Step: 11160000. Time Elapsed: 9936.776 s. Mean Reward: -13.846. Std of Reward: 5.245. Training.
[INFO] Rocket. Step: 11180000. Time Elapsed: 9958.419 s. Mean Reward: -13.950. Std of Reward: 5.307. Training.
[INFO] Rocket. Step: 11200000. Time Elapsed: 9972.347 s. Mean Reward: -13.426. Std of Reward: 2.924. Training.
[INFO] Rocket. Step: 11220000. Time Elapsed: 9994.909 s. Mean Reward: -13.526. Std of Reward: 5.373. Training.
[INFO] Rocket. Step: 11240000. Time Elapsed: 10008.548 s. Mean Reward: -13.562. Std of Reward: 1.522. Training.
[INFO] Rocket. Step: 11260000. Time Elapsed: 10023.482 s. Mean Reward: -13.626. Std of Reward: 6.535. Training.
[INFO] Rocket. Step: 11280000. Time Elapsed: 10044.466 s. Mean Reward: -12.923. Std of Reward: 2.854. Training.
[INFO] Rocket. Step: 11300000. Time Elapsed: 10059.560 s. Mean Reward: -12.709. Std of Reward: 3.945. Training.
[INFO] Rocket. Step: 11320000. Time Elapsed: 10080.465 s. Mean Reward: -13.955. Std of Reward: 7.090. Training.
[INFO] Rocket. Step: 11340000. Time Elapsed: 10094.966 s. Mean Reward: -13.174. Std of Reward: 3.065. Training.
[INFO] Rocket. Step: 11360000. Time Elapsed: 10116.392 s. Mean Reward: -13.694. Std of Reward: 5.390. Training.
[INFO] Rocket. Step: 11380000. Time Elapsed: 10131.367 s. Mean Reward: -12.445. Std of Reward: 3.871. Training.
[INFO] Rocket. Step: 11400000. Time Elapsed: 10153.338 s. Mean Reward: -13.231. Std of Reward: 4.648. Training.
[INFO] Rocket. Step: 11420000. Time Elapsed: 10167.657 s. Mean Reward: -13.683. Std of Reward: 6.145. Training.
[INFO] Rocket. Step: 11440000. Time Elapsed: 10189.232 s. Mean Reward: -12.821. Std of Reward: 4.001. Training.
[INFO] Rocket. Step: 11460000. Time Elapsed: 10203.998 s. Mean Reward: -14.183. Std of Reward: 8.187. Training.
[INFO] Rocket. Step: 11480000. Time Elapsed: 10225.620 s. Mean Reward: -14.458. Std of Reward: 9.315. Training.
[INFO] Rocket. Step: 11500000. Time Elapsed: 10240.834 s. Mean Reward: -14.108. Std of Reward: 6.998. Training.
[INFO] Exported results\L6\Rocket\Rocket-11499897.onnx
[INFO] Rocket. Step: 11520000. Time Elapsed: 10262.156 s. Mean Reward: -14.040. Std of Reward: 7.423. Training.
[INFO] Rocket. Step: 11540000. Time Elapsed: 10277.342 s. Mean Reward: -12.756. Std of Reward: 3.935. Training.
[INFO] Rocket. Step: 11560000. Time Elapsed: 10298.633 s. Mean Reward: -13.347. Std of Reward: 7.385. Training.
[INFO] Rocket. Step: 11580000. Time Elapsed: 10313.448 s. Mean Reward: -14.620. Std of Reward: 8.370. Training.
[INFO] Rocket. Step: 11600000. Time Elapsed: 10335.361 s. Mean Reward: -12.591. Std of Reward: 4.675. Training.
[INFO] Rocket. Step: 11620000. Time Elapsed: 10350.064 s. Mean Reward: -12.833. Std of Reward: 7.754. Training.
[INFO] Rocket. Step: 11640000. Time Elapsed: 10371.120 s. Mean Reward: -13.372. Std of Reward: 7.436. Training.
[INFO] Rocket. Step: 11660000. Time Elapsed: 10386.922 s. Mean Reward: -12.091. Std of Reward: 6.513. Training.
[INFO] Rocket. Step: 11680000. Time Elapsed: 10407.345 s. Mean Reward: -13.699. Std of Reward: 5.436. Training.
[INFO] Rocket. Step: 11700000. Time Elapsed: 10423.213 s. Mean Reward: -13.791. Std of Reward: 7.053. Training.
[INFO] Rocket. Step: 11720000. Time Elapsed: 10444.542 s. Mean Reward: -13.718. Std of Reward: 6.920. Training.
[INFO] Rocket. Step: 11740000. Time Elapsed: 10458.907 s. Mean Reward: -13.013. Std of Reward: 4.700. Training.
[INFO] Rocket. Step: 11760000. Time Elapsed: 10480.878 s. Mean Reward: -14.103. Std of Reward: 7.999. Training.
[INFO] Rocket. Step: 11780000. Time Elapsed: 10495.438 s. Mean Reward: -13.697. Std of Reward: 6.946. Training.
[INFO] Rocket. Step: 11800000. Time Elapsed: 10517.321 s. Mean Reward: -12.965. Std of Reward: 4.513. Training.
[INFO] Rocket. Step: 11820000. Time Elapsed: 10532.085 s. Mean Reward: -14.196. Std of Reward: 6.522. Training.
[INFO] Rocket. Step: 11840000. Time Elapsed: 10553.048 s. Mean Reward: -14.082. Std of Reward: 6.896. Training.
[INFO] Rocket. Step: 11860000. Time Elapsed: 10568.910 s. Mean Reward: -14.249. Std of Reward: 9.751. Training.
[INFO] Rocket. Step: 11880000. Time Elapsed: 10590.769 s. Mean Reward: -12.232. Std of Reward: 4.074. Training.
[INFO] Rocket. Step: 11900000. Time Elapsed: 10604.778 s. Mean Reward: -13.510. Std of Reward: 6.614. Training.
[INFO] Rocket. Step: 11920000. Time Elapsed: 10626.202 s. Mean Reward: -13.514. Std of Reward: 6.034. Training.
[INFO] Rocket. Step: 11940000. Time Elapsed: 10640.466 s. Mean Reward: -12.979. Std of Reward: 1.477. Training.
[INFO] Rocket. Step: 11960000. Time Elapsed: 10662.875 s. Mean Reward: -13.884. Std of Reward: 7.299. Training.
[INFO] Rocket. Step: 11980000. Time Elapsed: 10676.980 s. Mean Reward: -13.604. Std of Reward: 3.952. Training.
[INFO] Rocket. Step: 12000000. Time Elapsed: 10699.720 s. Mean Reward: -12.915. Std of Reward: 5.172. Training.
[INFO] Exported results\L6\Rocket\Rocket-11999921.onnx
[INFO] Rocket. Step: 12020000. Time Elapsed: 10712.908 s. Mean Reward: -13.628. Std of Reward: 6.961. Training.
[INFO] Rocket. Step: 12040000. Time Elapsed: 10728.455 s. Mean Reward: -13.408. Std of Reward: 5.860. Training.
[INFO] Rocket. Step: 12060000. Time Elapsed: 10749.391 s. Mean Reward: -14.398. Std of Reward: 7.484. Training.
[INFO] Rocket. Step: 12080000. Time Elapsed: 10764.310 s. Mean Reward: -13.030. Std of Reward: 4.461. Training.
[INFO] Rocket. Step: 12100000. Time Elapsed: 10784.993 s. Mean Reward: -13.648. Std of Reward: 5.385. Training.
[INFO] Rocket. Step: 12120000. Time Elapsed: 10799.630 s. Mean Reward: -13.149. Std of Reward: 1.921. Training.
[INFO] Rocket. Step: 12140000. Time Elapsed: 10821.112 s. Mean Reward: -12.971. Std of Reward: 4.464. Training.
[INFO] Rocket. Step: 12160000. Time Elapsed: 10835.727 s. Mean Reward: -13.130. Std of Reward: 7.047. Training.
[INFO] Rocket. Step: 12180000. Time Elapsed: 10857.209 s. Mean Reward: -13.421. Std of Reward: 3.828. Training.
[INFO] Rocket. Step: 12200000. Time Elapsed: 10872.153 s. Mean Reward: -13.008. Std of Reward: 5.139. Training.
[INFO] Rocket. Step: 12220000. Time Elapsed: 10892.916 s. Mean Reward: -13.367. Std of Reward: 6.592. Training.
[INFO] Rocket. Step: 12240000. Time Elapsed: 10907.933 s. Mean Reward: -12.933. Std of Reward: 8.639. Training.
[INFO] Rocket. Step: 12260000. Time Elapsed: 10929.846 s. Mean Reward: -12.991. Std of Reward: 6.753. Training.
[INFO] Rocket. Step: 12280000. Time Elapsed: 10945.001 s. Mean Reward: -12.833. Std of Reward: 5.060. Training.
[INFO] Rocket. Step: 12300000. Time Elapsed: 10966.154 s. Mean Reward: -13.680. Std of Reward: 7.501. Training.
[INFO] Rocket. Step: 12320000. Time Elapsed: 10981.582 s. Mean Reward: -13.999. Std of Reward: 8.505. Training.
[INFO] Rocket. Step: 12340000. Time Elapsed: 11002.326 s. Mean Reward: -12.983. Std of Reward: 1.310. Training.
[INFO] Rocket. Step: 12360000. Time Elapsed: 11017.367 s. Mean Reward: -12.904. Std of Reward: 6.923. Training.
[INFO] Rocket. Step: 12380000. Time Elapsed: 11039.886 s. Mean Reward: -12.975. Std of Reward: 2.895. Training.
[INFO] Rocket. Step: 12400000. Time Elapsed: 11054.129 s. Mean Reward: -13.326. Std of Reward: 8.390. Training.
[INFO] Rocket. Step: 12420000. Time Elapsed: 11075.692 s. Mean Reward: -12.188. Std of Reward: 4.092. Training.
[INFO] Rocket. Step: 12440000. Time Elapsed: 11090.190 s. Mean Reward: -12.931. Std of Reward: 1.626. Training.
[INFO] Rocket. Step: 12460000. Time Elapsed: 11112.731 s. Mean Reward: -13.588. Std of Reward: 7.451. Training.
[INFO] Rocket. Step: 12480000. Time Elapsed: 11126.882 s. Mean Reward: -11.564. Std of Reward: 5.528. Training.
[INFO] Rocket. Step: 12500000. Time Elapsed: 11148.199 s. Mean Reward: -13.656. Std of Reward: 3.989. Training.
[INFO] Exported results\L6\Rocket\Rocket-12499855.onnx
[INFO] Rocket. Step: 12520000. Time Elapsed: 11163.200 s. Mean Reward: -13.293. Std of Reward: 6.949. Training.
[INFO] Rocket. Step: 12540000. Time Elapsed: 11184.417 s. Mean Reward: -13.922. Std of Reward: 6.487. Training.
[INFO] Rocket. Step: 12560000. Time Elapsed: 11199.800 s. Mean Reward: -13.589. Std of Reward: 5.400. Training.
[INFO] Rocket. Step: 12580000. Time Elapsed: 11221.076 s. Mean Reward: -13.930. Std of Reward: 7.126. Training.
[INFO] Rocket. Step: 12600000. Time Elapsed: 11236.318 s. Mean Reward: -13.095. Std of Reward: 4.584. Training.
[INFO] Rocket. Step: 12620000. Time Elapsed: 11257.930 s. Mean Reward: -13.830. Std of Reward: 7.424. Training.
[INFO] Rocket. Step: 12640000. Time Elapsed: 11272.101 s. Mean Reward: -13.636. Std of Reward: 7.435. Training.
[INFO] Rocket. Step: 12660000. Time Elapsed: 11293.940 s. Mean Reward: -13.222. Std of Reward: 4.581. Training.
[INFO] Rocket. Step: 12680000. Time Elapsed: 11307.724 s. Mean Reward: -13.464. Std of Reward: 4.004. Training.
[INFO] Rocket. Step: 12700000. Time Elapsed: 11330.184 s. Mean Reward: -13.039. Std of Reward: 6.576. Training.
[INFO] Rocket. Step: 12720000. Time Elapsed: 11344.888 s. Mean Reward: -12.707. Std of Reward: 5.178. Training.
[INFO] Rocket. Step: 12740000. Time Elapsed: 11366.774 s. Mean Reward: -13.981. Std of Reward: 6.721. Training.
[INFO] Rocket. Step: 12760000. Time Elapsed: 11381.343 s. Mean Reward: -13.752. Std of Reward: 5.518. Training.
[INFO] Rocket. Step: 12780000. Time Elapsed: 11405.365 s. Mean Reward: -12.514. Std of Reward: 3.597. Training.
[INFO] Rocket. Step: 12800000. Time Elapsed: 11418.993 s. Mean Reward: -13.202. Std of Reward: 3.903. Training.
[INFO] Rocket. Step: 12820000. Time Elapsed: 11433.554 s. Mean Reward: -12.990. Std of Reward: 2.600. Training.
[INFO] Rocket. Step: 12840000. Time Elapsed: 11454.289 s. Mean Reward: -13.381. Std of Reward: 4.756. Training.
[INFO] Rocket. Step: 12860000. Time Elapsed: 11469.638 s. Mean Reward: -13.921. Std of Reward: 5.523. Training.
[INFO] Rocket. Step: 12880000. Time Elapsed: 11491.642 s. Mean Reward: -13.342. Std of Reward: 3.977. Training.
[INFO] Rocket. Step: 12900000. Time Elapsed: 11505.220 s. Mean Reward: -13.056. Std of Reward: 7.123. Training.
[INFO] Rocket. Step: 12920000. Time Elapsed: 11526.058 s. Mean Reward: -13.362. Std of Reward: 3.945. Training.
[INFO] Rocket. Step: 12940000. Time Elapsed: 11541.272 s. Mean Reward: -13.558. Std of Reward: 4.042. Training.
[INFO] Rocket. Step: 12960000. Time Elapsed: 11562.110 s. Mean Reward: -13.566. Std of Reward: 5.985. Training.
[INFO] Rocket. Step: 12980000. Time Elapsed: 11577.238 s. Mean Reward: -13.764. Std of Reward: 5.460. Training.
[INFO] Rocket. Step: 13000000. Time Elapsed: 11598.165 s. Mean Reward: -13.435. Std of Reward: 3.883. Training.
[INFO] Exported results\L6\Rocket\Rocket-12999848.onnx
[INFO] Rocket. Step: 13020000. Time Elapsed: 11613.530 s. Mean Reward: -14.222. Std of Reward: 8.542. Training.
[INFO] Rocket. Step: 13040000. Time Elapsed: 11635.185 s. Mean Reward: -14.013. Std of Reward: 7.057. Training.
[INFO] Rocket. Step: 13060000. Time Elapsed: 11649.848 s. Mean Reward: -12.749. Std of Reward: 5.617. Training.
[INFO] Rocket. Step: 13080000. Time Elapsed: 11671.104 s. Mean Reward: -14.066. Std of Reward: 7.108. Training.
[INFO] Rocket. Step: 13100000. Time Elapsed: 11686.510 s. Mean Reward: -13.118. Std of Reward: 6.453. Training.
[INFO] Rocket. Step: 13120000. Time Elapsed: 11707.461 s. Mean Reward: -13.545. Std of Reward: 5.984. Training.
[INFO] Rocket. Step: 13140000. Time Elapsed: 11721.873 s. Mean Reward: -13.178. Std of Reward: 3.958. Training.
[INFO] Rocket. Step: 13160000. Time Elapsed: 11743.140 s. Mean Reward: -13.394. Std of Reward: 6.480. Training.
[INFO] Rocket. Step: 13180000. Time Elapsed: 11758.660 s. Mean Reward: -13.687. Std of Reward: 5.482. Training.
[INFO] Rocket. Step: 13200000. Time Elapsed: 11778.989 s. Mean Reward: -13.301. Std of Reward: 3.889. Training.
[INFO] Rocket. Step: 13220000. Time Elapsed: 11793.836 s. Mean Reward: -12.865. Std of Reward: 5.055. Training.
[INFO] Rocket. Step: 13240000. Time Elapsed: 11814.952 s. Mean Reward: -12.785. Std of Reward: 1.390. Training.
[INFO] Rocket. Step: 13260000. Time Elapsed: 11829.774 s. Mean Reward: -13.070. Std of Reward: 5.697. Training.
[INFO] Rocket. Step: 13280000. Time Elapsed: 11850.935 s. Mean Reward: -13.103. Std of Reward: 3.921. Training.
[INFO] Rocket. Step: 13300000. Time Elapsed: 11865.842 s. Mean Reward: -12.986. Std of Reward: 4.636. Training.
[INFO] Rocket. Step: 13320000. Time Elapsed: 11886.972 s. Mean Reward: -12.876. Std of Reward: 4.714. Training.
[INFO] Rocket. Step: 13340000. Time Elapsed: 11902.353 s. Mean Reward: -12.905. Std of Reward: 5.189. Training.
[INFO] Rocket. Step: 13360000. Time Elapsed: 11923.762 s. Mean Reward: -13.066. Std of Reward: 8.428. Training.
[INFO] Rocket. Step: 13380000. Time Elapsed: 11939.186 s. Mean Reward: -13.421. Std of Reward: 4.015. Training.
[INFO] Rocket. Step: 13400000. Time Elapsed: 11960.476 s. Mean Reward: -13.169. Std of Reward: 7.012. Training.
[INFO] Rocket. Step: 13420000. Time Elapsed: 11975.068 s. Mean Reward: -13.033. Std of Reward: 5.344. Training.
[INFO] Rocket. Step: 13440000. Time Elapsed: 11996.104 s. Mean Reward: -13.014. Std of Reward: 1.393. Training.
[INFO] Rocket. Step: 13460000. Time Elapsed: 12010.875 s. Mean Reward: -12.845. Std of Reward: 4.606. Training.
[INFO] Rocket. Step: 13480000. Time Elapsed: 12032.263 s. Mean Reward: -12.616. Std of Reward: 2.628. Training.
[INFO] Rocket. Step: 13500000. Time Elapsed: 12046.905 s. Mean Reward: -13.070. Std of Reward: 6.092. Training.
[INFO] Exported results\L6\Rocket\Rocket-13499812.onnx
[INFO] Rocket. Step: 13520000. Time Elapsed: 12069.613 s. Mean Reward: -12.172. Std of Reward: 3.660. Training.
[INFO] Rocket. Step: 13540000. Time Elapsed: 12083.413 s. Mean Reward: -13.579. Std of Reward: 7.106. Training.
[INFO] Rocket. Step: 13560000. Time Elapsed: 12098.773 s. Mean Reward: -13.756. Std of Reward: 7.313. Training.
[INFO] Rocket. Step: 13580000. Time Elapsed: 12121.167 s. Mean Reward: -14.343. Std of Reward: 9.093. Training.
[INFO] Rocket. Step: 13600000. Time Elapsed: 12136.319 s. Mean Reward: -13.118. Std of Reward: 6.493. Training.
[INFO] Rocket. Step: 13620000. Time Elapsed: 12157.418 s. Mean Reward: -12.774. Std of Reward: 6.970. Training.
[INFO] Rocket. Step: 13640000. Time Elapsed: 12173.409 s. Mean Reward: -13.380. Std of Reward: 5.971. Training.
[INFO] Rocket. Step: 13660000. Time Elapsed: 12194.000 s. Mean Reward: -13.236. Std of Reward: 6.475. Training.
[INFO] Rocket. Step: 13680000. Time Elapsed: 12208.844 s. Mean Reward: -12.425. Std of Reward: 5.914. Training.
[INFO] Rocket. Step: 13700000. Time Elapsed: 12230.218 s. Mean Reward: -12.857. Std of Reward: 4.574. Training.
[INFO] Rocket. Step: 13720000. Time Elapsed: 12245.467 s. Mean Reward: -12.421. Std of Reward: 5.787. Training.
[INFO] Rocket. Step: 13740000. Time Elapsed: 12266.349 s. Mean Reward: -12.654. Std of Reward: 1.581. Training.
[INFO] Rocket. Step: 13760000. Time Elapsed: 12281.547 s. Mean Reward: -12.924. Std of Reward: 6.489. Training.
[INFO] Rocket. Step: 13780000. Time Elapsed: 12303.147 s. Mean Reward: -13.196. Std of Reward: 9.384. Training.
[INFO] Rocket. Step: 13800000. Time Elapsed: 12318.531 s. Mean Reward: -13.905. Std of Reward: 8.238. Training.
[INFO] Rocket. Step: 13820000. Time Elapsed: 12340.649 s. Mean Reward: -11.860. Std of Reward: 9.569. Training.
[INFO] Rocket. Step: 13840000. Time Elapsed: 12356.062 s. Mean Reward: -16.050. Std of Reward: 12.031. Training.
[INFO] Rocket. Step: 13860000. Time Elapsed: 12378.353 s. Mean Reward: -14.427. Std of Reward: 7.606. Training.
[INFO] Rocket. Step: 13880000. Time Elapsed: 12393.084 s. Mean Reward: -14.504. Std of Reward: 10.545. Training.
[INFO] Rocket. Step: 13900000. Time Elapsed: 12414.710 s. Mean Reward: -13.348. Std of Reward: 7.150. Training.
[INFO] Rocket. Step: 13920000. Time Elapsed: 12430.120 s. Mean Reward: -13.115. Std of Reward: 6.427. Training.
[INFO] Rocket. Step: 13940000. Time Elapsed: 12452.192 s. Mean Reward: -12.335. Std of Reward: 7.138. Training.
[INFO] Rocket. Step: 13960000. Time Elapsed: 12467.485 s. Mean Reward: -14.417. Std of Reward: 10.805. Training.
[INFO] Rocket. Step: 13980000. Time Elapsed: 12488.800 s. Mean Reward: -13.048. Std of Reward: 4.496. Training.
[INFO] Rocket. Step: 14000000. Time Elapsed: 12503.781 s. Mean Reward: -13.889. Std of Reward: 7.193. Training.
[INFO] Exported results\L6\Rocket\Rocket-13999852.onnx
[INFO] Rocket. Step: 14020000. Time Elapsed: 12525.499 s. Mean Reward: -14.072. Std of Reward: 8.111. Training.
[INFO] Rocket. Step: 14040000. Time Elapsed: 12541.205 s. Mean Reward: -13.599. Std of Reward: 7.180. Training.
[INFO] Rocket. Step: 14060000. Time Elapsed: 12563.018 s. Mean Reward: -12.875. Std of Reward: 8.570. Training.
[INFO] Rocket. Step: 14080000. Time Elapsed: 12577.683 s. Mean Reward: -13.590. Std of Reward: 9.105. Training.
[INFO] Rocket. Step: 14100000. Time Elapsed: 12599.239 s. Mean Reward: -12.425. Std of Reward: 2.621. Training.
[INFO] Rocket. Step: 14120000. Time Elapsed: 12615.118 s. Mean Reward: -14.204. Std of Reward: 9.809. Training.
[INFO] Rocket. Step: 14140000. Time Elapsed: 12636.538 s. Mean Reward: -14.544. Std of Reward: 9.814. Training.
[INFO] Rocket. Step: 14160000. Time Elapsed: 12651.669 s. Mean Reward: -12.108. Std of Reward: 4.419. Training.
[INFO] Rocket. Step: 14180000. Time Elapsed: 12672.862 s. Mean Reward: -13.147. Std of Reward: 6.020. Training.
[INFO] Rocket. Step: 14200000. Time Elapsed: 12687.884 s. Mean Reward: -12.494. Std of Reward: 5.119. Training.
[INFO] Rocket. Step: 14220000. Time Elapsed: 12709.269 s. Mean Reward: -13.322. Std of Reward: 6.016. Training.
[INFO] Rocket. Step: 14240000. Time Elapsed: 12724.080 s. Mean Reward: -12.613. Std of Reward: 6.812. Training.
[INFO] Rocket. Step: 14260000. Time Elapsed: 12746.359 s. Mean Reward: -13.304. Std of Reward: 8.005. Training.
[INFO] Rocket. Step: 14280000. Time Elapsed: 12761.353 s. Mean Reward: -14.464. Std of Reward: 9.073. Training.
[INFO] Rocket. Step: 14300000. Time Elapsed: 12783.743 s. Mean Reward: -13.254. Std of Reward: 6.290. Training.
[INFO] Rocket. Step: 14320000. Time Elapsed: 12797.677 s. Mean Reward: -12.057. Std of Reward: 6.129. Training.
[INFO] Rocket. Step: 14340000. Time Elapsed: 12812.964 s. Mean Reward: -14.198. Std of Reward: 9.699. Training.
[INFO] Rocket. Step: 14360000. Time Elapsed: 12834.908 s. Mean Reward: -13.376. Std of Reward: 7.483. Training.
[INFO] Rocket. Step: 14380000. Time Elapsed: 12849.485 s. Mean Reward: -14.554. Std of Reward: 8.405. Training.
[INFO] Rocket. Step: 14400000. Time Elapsed: 12871.112 s. Mean Reward: -12.595. Std of Reward: 5.377. Training.
[INFO] Rocket. Step: 14420000. Time Elapsed: 12886.330 s. Mean Reward: -12.669. Std of Reward: 5.148. Training.
[INFO] Rocket. Step: 14440000. Time Elapsed: 12907.216 s. Mean Reward: -12.158. Std of Reward: 4.073. Training.
[INFO] Rocket. Step: 14460000. Time Elapsed: 12922.282 s. Mean Reward: -12.352. Std of Reward: 3.638. Training.
[INFO] Rocket. Step: 14480000. Time Elapsed: 12944.285 s. Mean Reward: -13.696. Std of Reward: 7.138. Training.
[INFO] Rocket. Step: 14500000. Time Elapsed: 12959.113 s. Mean Reward: -12.919. Std of Reward: 8.406. Training.
[INFO] Exported results\L6\Rocket\Rocket-14499902.onnx
[INFO] Rocket. Step: 14520000. Time Elapsed: 12981.142 s. Mean Reward: -12.594. Std of Reward: 5.039. Training.
[INFO] Rocket. Step: 14540000. Time Elapsed: 12995.822 s. Mean Reward: -12.688. Std of Reward: 5.189. Training.
[INFO] Rocket. Step: 14560000. Time Elapsed: 13016.758 s. Mean Reward: -13.145. Std of Reward: 5.868. Training.
[INFO] Rocket. Step: 14580000. Time Elapsed: 13032.086 s. Mean Reward: -13.465. Std of Reward: 6.994. Training.
[INFO] Rocket. Step: 14600000. Time Elapsed: 13052.787 s. Mean Reward: -13.351. Std of Reward: 5.461. Training.
[INFO] Rocket. Step: 14620000. Time Elapsed: 13067.729 s. Mean Reward: -13.100. Std of Reward: 5.998. Training.
[INFO] Rocket. Step: 14640000. Time Elapsed: 13090.181 s. Mean Reward: -14.127. Std of Reward: 7.963. Training.
[INFO] Rocket. Step: 14660000. Time Elapsed: 13104.755 s. Mean Reward: -12.484. Std of Reward: 7.687. Training.
[INFO] Rocket. Step: 14680000. Time Elapsed: 13126.957 s. Mean Reward: -13.008. Std of Reward: 6.550. Training.
[INFO] Rocket. Step: 14700000. Time Elapsed: 13141.375 s. Mean Reward: -13.869. Std of Reward: 7.037. Training.
[INFO] Rocket. Step: 14720000. Time Elapsed: 13163.297 s. Mean Reward: -12.864. Std of Reward: 4.507. Training.
[INFO] Rocket. Step: 14740000. Time Elapsed: 13178.056 s. Mean Reward: -13.109. Std of Reward: 8.410. Training.
[INFO] Rocket. Step: 14760000. Time Elapsed: 13199.694 s. Mean Reward: -14.025. Std of Reward: 6.513. Training.
[INFO] Rocket. Step: 14780000. Time Elapsed: 13214.321 s. Mean Reward: -13.667. Std of Reward: 7.258. Training.
[INFO] Rocket. Step: 14800000. Time Elapsed: 13235.674 s. Mean Reward: -13.417. Std of Reward: 5.865. Training.
[INFO] Rocket. Step: 14820000. Time Elapsed: 13251.212 s. Mean Reward: -12.941. Std of Reward: 5.251. Training.
[INFO] Rocket. Step: 14840000. Time Elapsed: 13272.173 s. Mean Reward: -14.138. Std of Reward: 8.030. Training.
[INFO] Rocket. Step: 14860000. Time Elapsed: 13287.270 s. Mean Reward: -12.838. Std of Reward: 7.245. Training.
[INFO] Rocket. Step: 14880000. Time Elapsed: 13309.163 s. Mean Reward: -14.071. Std of Reward: 6.966. Training.
[INFO] Rocket. Step: 14900000. Time Elapsed: 13323.514 s. Mean Reward: -13.167. Std of Reward: 6.113. Training.
[INFO] Rocket. Step: 14920000. Time Elapsed: 13345.067 s. Mean Reward: -12.865. Std of Reward: 3.006. Training.
[INFO] Rocket. Step: 14940000. Time Elapsed: 13360.021 s. Mean Reward: -14.582. Std of Reward: 10.163. Training.
[INFO] Rocket. Step: 14960000. Time Elapsed: 13382.420 s. Mean Reward: -13.129. Std of Reward: 5.899. Training.
[INFO] Rocket. Step: 14980000. Time Elapsed: 13397.177 s. Mean Reward: -14.468. Std of Reward: 10.592. Training.
[INFO] Rocket. Step: 15000000. Time Elapsed: 13420.242 s. Mean Reward: -13.208. Std of Reward: 3.966. Training.
[INFO] Exported results\L6\Rocket\Rocket-14999981.onnx
[INFO] Rocket. Step: 15020000. Time Elapsed: 13434.520 s. Mean Reward: -13.609. Std of Reward: 7.106. Training.
[INFO] Rocket. Step: 15040000. Time Elapsed: 13448.928 s. Mean Reward: -13.599. Std of Reward: 7.053. Training.
[INFO] Rocket. Step: 15060000. Time Elapsed: 13471.023 s. Mean Reward: -12.530. Std of Reward: 5.614. Training.
[INFO] Rocket. Step: 15080000. Time Elapsed: 13486.021 s. Mean Reward: -12.712. Std of Reward: 6.493. Training.
[INFO] Rocket. Step: 15100000. Time Elapsed: 13507.842 s. Mean Reward: -12.606. Std of Reward: 2.476. Training.
[INFO] Rocket. Step: 15120000. Time Elapsed: 13523.099 s. Mean Reward: -13.070. Std of Reward: 8.407. Training.
[INFO] Rocket. Step: 15140000. Time Elapsed: 13544.597 s. Mean Reward: -13.174. Std of Reward: 7.450. Training.
[INFO] Rocket. Step: 15160000. Time Elapsed: 13558.877 s. Mean Reward: -13.274. Std of Reward: 5.901. Training.
[INFO] Rocket. Step: 15180000. Time Elapsed: 13580.865 s. Mean Reward: -13.980. Std of Reward: 6.427. Training.
[INFO] Rocket. Step: 15200000. Time Elapsed: 13595.671 s. Mean Reward: -13.268. Std of Reward: 7.327. Training.
[INFO] Rocket. Step: 15220000. Time Elapsed: 13617.111 s. Mean Reward: -13.662. Std of Reward: 6.940. Training.
[INFO] Rocket. Step: 15240000. Time Elapsed: 13631.908 s. Mean Reward: -12.846. Std of Reward: 1.317. Training.
[INFO] Rocket. Step: 15260000. Time Elapsed: 13653.361 s. Mean Reward: -13.344. Std of Reward: 5.326. Training.
[INFO] Rocket. Step: 15280000. Time Elapsed: 13667.345 s. Mean Reward: -13.121. Std of Reward: 5.834. Training.
[INFO] Rocket. Step: 15300000. Time Elapsed: 13689.124 s. Mean Reward: -12.307. Std of Reward: 3.269. Training.
[INFO] Rocket. Step: 15320000. Time Elapsed: 13703.689 s. Mean Reward: -13.530. Std of Reward: 5.821. Training.
[INFO] Rocket. Step: 15340000. Time Elapsed: 13726.487 s. Mean Reward: -12.961. Std of Reward: 6.307. Training.
[INFO] Rocket. Step: 15360000. Time Elapsed: 13740.890 s. Mean Reward: -14.176. Std of Reward: 8.059. Training.
[INFO] Rocket. Step: 15380000. Time Elapsed: 13762.150 s. Mean Reward: -12.609. Std of Reward: 2.527. Training.
[INFO] Rocket. Step: 15400000. Time Elapsed: 13777.800 s. Mean Reward: -12.143. Std of Reward: 6.185. Training.
[INFO] Rocket. Step: 15420000. Time Elapsed: 13799.243 s. Mean Reward: -13.943. Std of Reward: 6.503. Training.
[INFO] Rocket. Step: 15440000. Time Elapsed: 13813.972 s. Mean Reward: -11.641. Std of Reward: 4.859. Training.
[INFO] Rocket. Step: 15460000. Time Elapsed: 13835.826 s. Mean Reward: -12.997. Std of Reward: 6.324. Training.
[INFO] Rocket. Step: 15480000. Time Elapsed: 13850.375 s. Mean Reward: -14.736. Std of Reward: 8.413. Training.
[INFO] Rocket. Step: 15500000. Time Elapsed: 13871.348 s. Mean Reward: -12.486. Std of Reward: 2.650. Training.
[INFO] Exported results\L6\Rocket\Rocket-15499894.onnx
[INFO] Rocket. Step: 15520000. Time Elapsed: 13886.628 s. Mean Reward: -12.953. Std of Reward: 4.487. Training.
[INFO] Rocket. Step: 15540000. Time Elapsed: 13908.005 s. Mean Reward: -14.145. Std of Reward: 7.909. Training.
[INFO] Rocket. Step: 15560000. Time Elapsed: 13922.643 s. Mean Reward: -12.367. Std of Reward: 2.722. Training.
[INFO] Rocket. Step: 15580000. Time Elapsed: 13944.336 s. Mean Reward: -13.067. Std of Reward: 3.841. Training.
[INFO] Rocket. Step: 15600000. Time Elapsed: 13959.658 s. Mean Reward: -12.769. Std of Reward: 5.035. Training.
[INFO] Rocket. Step: 15620000. Time Elapsed: 13980.773 s. Mean Reward: -12.776. Std of Reward: 4.535. Training.
[INFO] Rocket. Step: 15640000. Time Elapsed: 13995.419 s. Mean Reward: -13.074. Std of Reward: 6.319. Training.
[INFO] Rocket. Step: 15660000. Time Elapsed: 14016.955 s. Mean Reward: -13.316. Std of Reward: 6.088. Training.
[INFO] Rocket. Step: 15680000. Time Elapsed: 14032.399 s. Mean Reward: -13.541. Std of Reward: 6.966. Training.
[INFO] Rocket. Step: 15700000. Time Elapsed: 14053.775 s. Mean Reward: -12.462. Std of Reward: 5.000. Training.
[INFO] Rocket. Step: 15720000. Time Elapsed: 14068.464 s. Mean Reward: -13.551. Std of Reward: 7.097. Training.
[INFO] Rocket. Step: 15740000. Time Elapsed: 14090.788 s. Mean Reward: -11.640. Std of Reward: 5.424. Training.
[INFO] Rocket. Step: 15760000. Time Elapsed: 14106.042 s. Mean Reward: -12.313. Std of Reward: 5.520. Training.
[INFO] Rocket. Step: 15780000. Time Elapsed: 14127.760 s. Mean Reward: -13.408. Std of Reward: 7.456. Training.
[INFO] Rocket. Step: 15800000. Time Elapsed: 14141.340 s. Mean Reward: -13.283. Std of Reward: 5.375. Training.
[INFO] Rocket. Step: 15820000. Time Elapsed: 14156.684 s. Mean Reward: -12.188. Std of Reward: 6.084. Training.
[INFO] Rocket. Step: 15840000. Time Elapsed: 14179.033 s. Mean Reward: -13.230. Std of Reward: 7.826. Training.
[INFO] Rocket. Step: 15860000. Time Elapsed: 14194.059 s. Mean Reward: -13.169. Std of Reward: 7.669. Training.
[INFO] Rocket. Step: 15880000. Time Elapsed: 14215.100 s. Mean Reward: -11.678. Std of Reward: 4.760. Training.
[INFO] Rocket. Step: 15900000. Time Elapsed: 14230.372 s. Mean Reward: -12.869. Std of Reward: 3.909. Training.
[INFO] Rocket. Step: 15920000. Time Elapsed: 14251.556 s. Mean Reward: -12.911. Std of Reward: 6.821. Training.
[INFO] Rocket. Step: 15940000. Time Elapsed: 14266.818 s. Mean Reward: -13.648. Std of Reward: 6.581. Training.
[INFO] Rocket. Step: 15960000. Time Elapsed: 14288.453 s. Mean Reward: -12.051. Std of Reward: 5.977. Training.
[INFO] Rocket. Step: 15980000. Time Elapsed: 14303.371 s. Mean Reward: -12.483. Std of Reward: 5.585. Training.
[INFO] Rocket. Step: 16000000. Time Elapsed: 14324.833 s. Mean Reward: -12.488. Std of Reward: 5.025. Training.
[INFO] Exported results\L6\Rocket\Rocket-15999869.onnx
[INFO] Rocket. Step: 16020000. Time Elapsed: 14339.924 s. Mean Reward: -12.863. Std of Reward: 6.720. Training.
[INFO] Rocket. Step: 16040000. Time Elapsed: 14361.288 s. Mean Reward: -13.133. Std of Reward: 5.407. Training.
[INFO] Rocket. Step: 16060000. Time Elapsed: 14377.219 s. Mean Reward: -14.499. Std of Reward: 8.978. Training.
[INFO] Rocket. Step: 16080000. Time Elapsed: 14398.529 s. Mean Reward: -13.295. Std of Reward: 7.332. Training.
[INFO] Rocket. Step: 16100000. Time Elapsed: 14413.288 s. Mean Reward: -11.958. Std of Reward: 6.493. Training.
[INFO] Rocket. Step: 16120000. Time Elapsed: 14434.908 s. Mean Reward: -12.297. Std of Reward: 5.399. Training.
[INFO] Rocket. Step: 16140000. Time Elapsed: 14450.589 s. Mean Reward: -13.581. Std of Reward: 10.243. Training.
[INFO] Rocket. Step: 16160000. Time Elapsed: 14470.920 s. Mean Reward: -13.123. Std of Reward: 6.093. Training.
[INFO] Rocket. Step: 16180000. Time Elapsed: 14486.816 s. Mean Reward: -12.512. Std of Reward: 6.912. Training.
[INFO] Rocket. Step: 16200000. Time Elapsed: 14508.858 s. Mean Reward: -14.054. Std of Reward: 9.280. Training.
[INFO] Rocket. Step: 16220000. Time Elapsed: 14523.170 s. Mean Reward: -12.538. Std of Reward: 4.972. Training.
[INFO] Rocket. Step: 16240000. Time Elapsed: 14545.944 s. Mean Reward: -13.433. Std of Reward: 10.526. Training.
[INFO] Rocket. Step: 16260000. Time Elapsed: 14560.938 s. Mean Reward: -12.946. Std of Reward: 6.374. Training.
[INFO] Rocket. Step: 16280000. Time Elapsed: 14582.132 s. Mean Reward: -11.560. Std of Reward: 6.507. Training.
[INFO] Rocket. Step: 16300000. Time Elapsed: 14597.294 s. Mean Reward: -14.699. Std of Reward: 9.307. Training.
[INFO] Rocket. Step: 16320000. Time Elapsed: 14619.211 s. Mean Reward: -12.885. Std of Reward: 3.963. Training.
[INFO] Rocket. Step: 16340000. Time Elapsed: 14635.011 s. Mean Reward: -12.445. Std of Reward: 9.995. Training.
[INFO] Rocket. Step: 16360000. Time Elapsed: 14656.000 s. Mean Reward: -15.596. Std of Reward: 11.200. Training.
[INFO] Rocket. Step: 16380000. Time Elapsed: 14670.760 s. Mean Reward: -12.650. Std of Reward: 5.011. Training.
[INFO] Rocket. Step: 16400000. Time Elapsed: 14692.251 s. Mean Reward: -13.042. Std of Reward: 5.899. Training.
[INFO] Rocket. Step: 16420000. Time Elapsed: 14707.632 s. Mean Reward: -12.524. Std of Reward: 7.103. Training.
[INFO] Rocket. Step: 16440000. Time Elapsed: 14729.106 s. Mean Reward: -12.619. Std of Reward: 8.552. Training.
[INFO] Rocket. Step: 16460000. Time Elapsed: 14744.036 s. Mean Reward: -12.790. Std of Reward: 8.282. Training.
[INFO] Rocket. Step: 16480000. Time Elapsed: 14765.649 s. Mean Reward: -12.374. Std of Reward: 1.319. Training.
[INFO] Rocket. Step: 16500000. Time Elapsed: 14780.412 s. Mean Reward: -13.579. Std of Reward: 7.234. Training.
[INFO] Exported results\L6\Rocket\Rocket-16499896.onnx
[INFO] Rocket. Step: 16520000. Time Elapsed: 14802.762 s. Mean Reward: -13.062. Std of Reward: 5.469. Training.
[INFO] Rocket. Step: 16540000. Time Elapsed: 14818.060 s. Mean Reward: -14.976. Std of Reward: 12.039. Training.
[INFO] Rocket. Step: 16560000. Time Elapsed: 14841.073 s. Mean Reward: -14.012. Std of Reward: 8.153. Training.
[INFO] Rocket. Step: 16580000. Time Elapsed: 14854.234 s. Mean Reward: -13.041. Std of Reward: 7.770. Training.
[INFO] Rocket. Step: 16600000. Time Elapsed: 14869.737 s. Mean Reward: -12.799. Std of Reward: 7.928. Training.
[INFO] Rocket. Step: 16620000. Time Elapsed: 14890.613 s. Mean Reward: -12.893. Std of Reward: 6.428. Training.
[INFO] Rocket. Step: 16640000. Time Elapsed: 14906.418 s. Mean Reward: -12.618. Std of Reward: 5.511. Training.
[INFO] Rocket. Step: 16660000. Time Elapsed: 14927.737 s. Mean Reward: -12.505. Std of Reward: 7.377. Training.
[INFO] Rocket. Step: 16680000. Time Elapsed: 14943.343 s. Mean Reward: -12.276. Std of Reward: 5.692. Training.
[INFO] Rocket. Step: 16700000. Time Elapsed: 14964.305 s. Mean Reward: -13.409. Std of Reward: 7.241. Training.
[INFO] Rocket. Step: 16720000. Time Elapsed: 14979.232 s. Mean Reward: -12.442. Std of Reward: 5.245. Training.
[INFO] Rocket. Step: 16740000. Time Elapsed: 15001.506 s. Mean Reward: -13.589. Std of Reward: 8.597. Training.
[INFO] Rocket. Step: 16760000. Time Elapsed: 15017.129 s. Mean Reward: -12.811. Std of Reward: 8.102. Training.
[INFO] Rocket. Step: 16780000. Time Elapsed: 15038.057 s. Mean Reward: -11.987. Std of Reward: 6.094. Training.
[INFO] Rocket. Step: 16800000. Time Elapsed: 15053.092 s. Mean Reward: -13.319. Std of Reward: 5.892. Training.
[INFO] Rocket. Step: 16820000. Time Elapsed: 15074.528 s. Mean Reward: -12.060. Std of Reward: 3.312. Training.
[INFO] Rocket. Step: 16840000. Time Elapsed: 15089.740 s. Mean Reward: -12.546. Std of Reward: 5.059. Training.
[INFO] Rocket. Step: 16860000. Time Elapsed: 15111.269 s. Mean Reward: -12.830. Std of Reward: 7.851. Training.
[INFO] Rocket. Step: 16880000. Time Elapsed: 15126.437 s. Mean Reward: -13.828. Std of Reward: 7.866. Training.
[INFO] Rocket. Step: 16900000. Time Elapsed: 15147.491 s. Mean Reward: -13.507. Std of Reward: 6.934. Training.
[INFO] Rocket. Step: 16920000. Time Elapsed: 15162.450 s. Mean Reward: -13.607. Std of Reward: 7.111. Training.
[INFO] Rocket. Step: 16940000. Time Elapsed: 15184.473 s. Mean Reward: -13.254. Std of Reward: 5.948. Training.
[INFO] Rocket. Step: 16960000. Time Elapsed: 15199.710 s. Mean Reward: -13.027. Std of Reward: 5.918. Training.
[INFO] Rocket. Step: 16980000. Time Elapsed: 15220.668 s. Mean Reward: -14.442. Std of Reward: 9.015. Training.
[INFO] Rocket. Step: 17000000. Time Elapsed: 15235.827 s. Mean Reward: -13.676. Std of Reward: 6.687. Training.
[INFO] Exported results\L6\Rocket\Rocket-16999869.onnx
[INFO] Rocket. Step: 17020000. Time Elapsed: 15257.808 s. Mean Reward: -13.303. Std of Reward: 7.606. Training.
[INFO] Rocket. Step: 17040000. Time Elapsed: 15272.749 s. Mean Reward: -14.875. Std of Reward: 9.205. Training.
[INFO] Rocket. Step: 17060000. Time Elapsed: 15293.200 s. Mean Reward: -12.944. Std of Reward: 6.410. Training.
[INFO] Rocket. Step: 17080000. Time Elapsed: 15308.485 s. Mean Reward: -13.363. Std of Reward: 6.931. Training.
[INFO] Rocket. Step: 17100000. Time Elapsed: 15329.949 s. Mean Reward: -12.759. Std of Reward: 6.702. Training.
[INFO] Rocket. Step: 17120000. Time Elapsed: 15345.224 s. Mean Reward: -13.649. Std of Reward: 5.541. Training.
[INFO] Rocket. Step: 17140000. Time Elapsed: 15367.065 s. Mean Reward: -11.597. Std of Reward: 6.695. Training.
[INFO] Rocket. Step: 17160000. Time Elapsed: 15382.130 s. Mean Reward: -13.334. Std of Reward: 5.833. Training.
[INFO] Rocket. Step: 17180000. Time Elapsed: 15402.931 s. Mean Reward: -13.273. Std of Reward: 3.926. Training.
[INFO] Rocket. Step: 17200000. Time Elapsed: 15417.772 s. Mean Reward: -12.743. Std of Reward: 4.784. Training.
[INFO] Rocket. Step: 17220000. Time Elapsed: 15439.620 s. Mean Reward: -12.894. Std of Reward: 4.441. Training.
[INFO] Rocket. Step: 17240000. Time Elapsed: 15454.619 s. Mean Reward: -13.209. Std of Reward: 7.903. Training.
[INFO] Rocket. Step: 17260000. Time Elapsed: 15477.120 s. Mean Reward: -13.311. Std of Reward: 5.952. Training.
[INFO] Rocket. Step: 17280000. Time Elapsed: 15491.225 s. Mean Reward: -12.208. Std of Reward: 3.233. Training.
[INFO] Rocket. Step: 17300000. Time Elapsed: 15514.156 s. Mean Reward: -12.262. Std of Reward: 6.038. Training.
[INFO] Rocket. Step: 17320000. Time Elapsed: 15527.413 s. Mean Reward: -12.852. Std of Reward: 4.503. Training.
[INFO] Rocket. Step: 17340000. Time Elapsed: 15542.202 s. Mean Reward: -12.599. Std of Reward: 5.257. Training.
[INFO] Rocket. Step: 17360000. Time Elapsed: 15563.219 s. Mean Reward: -12.083. Std of Reward: 3.276. Training.
[INFO] Rocket. Step: 17380000. Time Elapsed: 15577.813 s. Mean Reward: -12.949. Std of Reward: 3.952. Training.
[INFO] Rocket. Step: 17400000. Time Elapsed: 15599.330 s. Mean Reward: -11.999. Std of Reward: 4.196. Training.
[INFO] Rocket. Step: 17420000. Time Elapsed: 15614.192 s. Mean Reward: -13.136. Std of Reward: 6.605. Training.
[INFO] Rocket. Step: 17440000. Time Elapsed: 15635.168 s. Mean Reward: -12.858. Std of Reward: 3.870. Training.
[INFO] Rocket. Step: 17460000. Time Elapsed: 15650.049 s. Mean Reward: -12.750. Std of Reward: 6.345. Training.
[INFO] Rocket. Step: 17480000. Time Elapsed: 15670.784 s. Mean Reward: -12.494. Std of Reward: 1.410. Training.
[INFO] Rocket. Step: 17500000. Time Elapsed: 15686.319 s. Mean Reward: -12.513. Std of Reward: 4.754. Training.
[INFO] Exported results\L6\Rocket\Rocket-17499999.onnx
[INFO] Rocket. Step: 17520000. Time Elapsed: 15708.459 s. Mean Reward: -14.758. Std of Reward: 9.974. Training.
[INFO] Rocket. Step: 17540000. Time Elapsed: 15723.459 s. Mean Reward: -13.451. Std of Reward: 10.817. Training.
[INFO] Rocket. Step: 17560000. Time Elapsed: 15744.915 s. Mean Reward: -12.730. Std of Reward: 4.581. Training.
[INFO] Rocket. Step: 17580000. Time Elapsed: 15760.893 s. Mean Reward: -12.948. Std of Reward: 7.968. Training.
[INFO] Rocket. Step: 17600000. Time Elapsed: 15781.946 s. Mean Reward: -13.245. Std of Reward: 9.458. Training.
[INFO] Rocket. Step: 17620000. Time Elapsed: 15797.461 s. Mean Reward: -13.152. Std of Reward: 9.352. Training.
[INFO] Rocket. Step: 17640000. Time Elapsed: 15819.380 s. Mean Reward: -11.953. Std of Reward: 5.597. Training.
[INFO] Rocket. Step: 17660000. Time Elapsed: 15833.882 s. Mean Reward: -13.503. Std of Reward: 7.148. Training.
[INFO] Rocket. Step: 17680000. Time Elapsed: 15855.136 s. Mean Reward: -14.138. Std of Reward: 7.654. Training.
[INFO] Rocket. Step: 17700000. Time Elapsed: 15870.807 s. Mean Reward: -12.764. Std of Reward: 4.647. Training.
[INFO] Rocket. Step: 17720000. Time Elapsed: 15891.698 s. Mean Reward: -12.982. Std of Reward: 8.095. Training.
[INFO] Rocket. Step: 17740000. Time Elapsed: 15907.080 s. Mean Reward: -12.574. Std of Reward: 6.826. Training.
[INFO] Rocket. Step: 17760000. Time Elapsed: 15928.338 s. Mean Reward: -12.783. Std of Reward: 6.074. Training.
[INFO] Rocket. Step: 17780000. Time Elapsed: 15944.206 s. Mean Reward: -13.791. Std of Reward: 8.529. Training.
[INFO] Rocket. Step: 17800000. Time Elapsed: 15965.945 s. Mean Reward: -12.695. Std of Reward: 8.503. Training.
[INFO] Rocket. Step: 17820000. Time Elapsed: 15981.125 s. Mean Reward: -14.604. Std of Reward: 11.676. Training.
[INFO] Rocket. Step: 17840000. Time Elapsed: 16003.386 s. Mean Reward: -13.864. Std of Reward: 9.853. Training.
[INFO] Rocket. Step: 17860000. Time Elapsed: 16018.463 s. Mean Reward: -12.515. Std of Reward: 5.302. Training.
[INFO] Rocket. Step: 17880000. Time Elapsed: 16040.722 s. Mean Reward: -13.303. Std of Reward: 9.134. Training.
[INFO] Rocket. Step: 17900000. Time Elapsed: 16055.810 s. Mean Reward: -12.940. Std of Reward: 8.181. Training.
[INFO] Rocket. Step: 17920000. Time Elapsed: 16077.369 s. Mean Reward: -14.283. Std of Reward: 8.843. Training.
[INFO] Rocket. Step: 17940000. Time Elapsed: 16092.998 s. Mean Reward: -12.709. Std of Reward: 7.445. Training.
[INFO] Rocket. Step: 17960000. Time Elapsed: 16114.148 s. Mean Reward: -13.001. Std of Reward: 3.943. Training.
[INFO] Rocket. Step: 17980000. Time Elapsed: 16129.313 s. Mean Reward: -12.382. Std of Reward: 6.111. Training.
[INFO] Rocket. Step: 18000000. Time Elapsed: 16151.315 s. Mean Reward: -12.917. Std of Reward: 8.479. Training.
[INFO] Exported results\L6\Rocket\Rocket-17999961.onnx
[INFO] Rocket. Step: 18020000. Time Elapsed: 16165.600 s. Mean Reward: -12.693. Std of Reward: 4.493. Training.
[INFO] Rocket. Step: 18040000. Time Elapsed: 16188.027 s. Mean Reward: -12.846. Std of Reward: 6.380. Training.
[INFO] Rocket. Step: 18060000. Time Elapsed: 16202.594 s. Mean Reward: -12.290. Std of Reward: 5.651. Training.
[INFO] Rocket. Step: 18080000. Time Elapsed: 16217.370 s. Mean Reward: -12.856. Std of Reward: 7.916. Training.
[INFO] Rocket. Step: 18100000. Time Elapsed: 16238.445 s. Mean Reward: -13.642. Std of Reward: 6.655. Training.
[INFO] Rocket. Step: 18120000. Time Elapsed: 16253.183 s. Mean Reward: -13.858. Std of Reward: 6.580. Training.
[INFO] Rocket. Step: 18140000. Time Elapsed: 16275.290 s. Mean Reward: -13.118. Std of Reward: 5.453. Training.
[INFO] Rocket. Step: 18160000. Time Elapsed: 16290.298 s. Mean Reward: -12.533. Std of Reward: 9.095. Training.
[INFO] Rocket. Step: 18180000. Time Elapsed: 16311.859 s. Mean Reward: -13.219. Std of Reward: 9.394. Training.
[INFO] Rocket. Step: 18200000. Time Elapsed: 16326.636 s. Mean Reward: -13.309. Std of Reward: 6.958. Training.
[INFO] Rocket. Step: 18220000. Time Elapsed: 16348.196 s. Mean Reward: -12.734. Std of Reward: 6.522. Training.
[INFO] Rocket. Step: 18240000. Time Elapsed: 16363.373 s. Mean Reward: -13.217. Std of Reward: 5.521. Training.
[INFO] Rocket. Step: 18260000. Time Elapsed: 16384.901 s. Mean Reward: -13.542. Std of Reward: 7.140. Training.
[INFO] Rocket. Step: 18280000. Time Elapsed: 16400.490 s. Mean Reward: -15.071. Std of Reward: 11.158. Training.
[INFO] Rocket. Step: 18300000. Time Elapsed: 16422.329 s. Mean Reward: -11.843. Std of Reward: 4.069. Training.
[INFO] Rocket. Step: 18320000. Time Elapsed: 16437.480 s. Mean Reward: -12.924. Std of Reward: 8.538. Training.
[INFO] Rocket. Step: 18340000. Time Elapsed: 16458.727 s. Mean Reward: -13.780. Std of Reward: 8.635. Training.
[INFO] Rocket. Step: 18360000. Time Elapsed: 16474.697 s. Mean Reward: -12.167. Std of Reward: 9.251. Training.
[INFO] Rocket. Step: 18380000. Time Elapsed: 16496.576 s. Mean Reward: -14.569. Std of Reward: 10.308. Training.
[INFO] Rocket. Step: 18400000. Time Elapsed: 16512.424 s. Mean Reward: -13.403. Std of Reward: 8.622. Training.
[INFO] Rocket. Step: 18420000. Time Elapsed: 16534.548 s. Mean Reward: -12.172. Std of Reward: 7.625. Training.
[INFO] Rocket. Step: 18440000. Time Elapsed: 16549.190 s. Mean Reward: -13.074. Std of Reward: 9.956. Training.
[INFO] Rocket. Step: 18460000. Time Elapsed: 16570.245 s. Mean Reward: -13.644. Std of Reward: 6.814. Training.
[INFO] Rocket. Step: 18480000. Time Elapsed: 16585.602 s. Mean Reward: -12.811. Std of Reward: 6.400. Training.
[INFO] Rocket. Step: 18500000. Time Elapsed: 16607.493 s. Mean Reward: -12.659. Std of Reward: 8.716. Training.
[INFO] Exported results\L6\Rocket\Rocket-18499902.onnx
[INFO] Rocket. Step: 18520000. Time Elapsed: 16622.687 s. Mean Reward: -12.672. Std of Reward: 6.613. Training.
[INFO] Rocket. Step: 18540000. Time Elapsed: 16645.208 s. Mean Reward: -11.668. Std of Reward: 8.184. Training.
[INFO] Rocket. Step: 18560000. Time Elapsed: 16661.610 s. Mean Reward: -12.617. Std of Reward: 6.593. Training.
[INFO] Rocket. Step: 18580000. Time Elapsed: 16683.031 s. Mean Reward: -13.394. Std of Reward: 9.064. Training.
[INFO] Rocket. Step: 18600000. Time Elapsed: 16697.810 s. Mean Reward: -12.658. Std of Reward: 8.306. Training.
[INFO] Rocket. Step: 18620000. Time Elapsed: 16719.459 s. Mean Reward: -12.623. Std of Reward: 6.764. Training.
[INFO] Rocket. Step: 18640000. Time Elapsed: 16734.628 s. Mean Reward: -12.665. Std of Reward: 7.063. Training.
[INFO] Rocket. Step: 18660000. Time Elapsed: 16756.623 s. Mean Reward: -12.802. Std of Reward: 6.784. Training.
[INFO] Rocket. Step: 18680000. Time Elapsed: 16771.731 s. Mean Reward: -12.408. Std of Reward: 6.826. Training.
[INFO] Rocket. Step: 18700000. Time Elapsed: 16792.981 s. Mean Reward: -12.866. Std of Reward: 6.105. Training.
[INFO] Rocket. Step: 18720000. Time Elapsed: 16808.334 s. Mean Reward: -13.242. Std of Reward: 7.494. Training.
[INFO] Rocket. Step: 18740000. Time Elapsed: 16830.947 s. Mean Reward: -13.848. Std of Reward: 10.082. Training.
[INFO] Rocket. Step: 18760000. Time Elapsed: 16845.759 s. Mean Reward: -12.626. Std of Reward: 10.302. Training.
[INFO] Rocket. Step: 18780000. Time Elapsed: 16868.590 s. Mean Reward: -14.243. Std of Reward: 9.151. Training.
[INFO] Rocket. Step: 18800000. Time Elapsed: 16882.965 s. Mean Reward: -12.384. Std of Reward: 8.988. Training.
[INFO] Rocket. Step: 18820000. Time Elapsed: 16905.638 s. Mean Reward: -12.930. Std of Reward: 8.024. Training.
[INFO] Rocket. Step: 18840000. Time Elapsed: 16919.718 s. Mean Reward: -13.628. Std of Reward: 8.676. Training.
[INFO] Rocket. Step: 18860000. Time Elapsed: 16935.442 s. Mean Reward: -13.298. Std of Reward: 9.649. Training.
[INFO] Rocket. Step: 18880000. Time Elapsed: 16957.262 s. Mean Reward: -12.525. Std of Reward: 8.669. Training.
[INFO] Rocket. Step: 18900000. Time Elapsed: 16972.562 s. Mean Reward: -13.748. Std of Reward: 6.646. Training.
[INFO] Rocket. Step: 18920000. Time Elapsed: 16994.407 s. Mean Reward: -12.173. Std of Reward: 7.729. Training.
[INFO] Rocket. Step: 18940000. Time Elapsed: 17009.939 s. Mean Reward: -12.404. Std of Reward: 5.503. Training.
[INFO] Rocket. Step: 18960000. Time Elapsed: 17031.008 s. Mean Reward: -13.401. Std of Reward: 9.009. Training.
[INFO] Rocket. Step: 18980000. Time Elapsed: 17047.171 s. Mean Reward: -13.531. Std of Reward: 10.073. Training.
[INFO] Rocket. Step: 19000000. Time Elapsed: 17068.050 s. Mean Reward: -13.374. Std of Reward: 9.365. Training.
[INFO] Exported results\L6\Rocket\Rocket-18999936.onnx
[INFO] Rocket. Step: 19020000. Time Elapsed: 17083.507 s. Mean Reward: -13.784. Std of Reward: 8.676. Training.
[INFO] Rocket. Step: 19040000. Time Elapsed: 17105.563 s. Mean Reward: -13.728. Std of Reward: 6.756. Training.
[INFO] Rocket. Step: 19060000. Time Elapsed: 17121.337 s. Mean Reward: -12.333. Std of Reward: 7.599. Training.
[INFO] Rocket. Step: 19080000. Time Elapsed: 17141.895 s. Mean Reward: -13.558. Std of Reward: 10.307. Training.
[INFO] Rocket. Step: 19100000. Time Elapsed: 17157.796 s. Mean Reward: -14.091. Std of Reward: 8.262. Training.
[INFO] Rocket. Step: 19120000. Time Elapsed: 17178.871 s. Mean Reward: -13.184. Std of Reward: 8.008. Training.
[INFO] Rocket. Step: 19140000. Time Elapsed: 17194.042 s. Mean Reward: -12.134. Std of Reward: 3.588. Training.
[INFO] Rocket. Step: 19160000. Time Elapsed: 17215.302 s. Mean Reward: -13.289. Std of Reward: 5.579. Training.
[INFO] Rocket. Step: 19180000. Time Elapsed: 17230.356 s. Mean Reward: -12.403. Std of Reward: 5.186. Training.
[INFO] Rocket. Step: 19200000. Time Elapsed: 17251.956 s. Mean Reward: -13.566. Std of Reward: 8.441. Training.
[INFO] Rocket. Step: 19220000. Time Elapsed: 17266.647 s. Mean Reward: -12.544. Std of Reward: 6.927. Training.
[INFO] Rocket. Step: 19240000. Time Elapsed: 17288.346 s. Mean Reward: -14.213. Std of Reward: 7.646. Training.
[INFO] Rocket. Step: 19260000. Time Elapsed: 17304.231 s. Mean Reward: -15.694. Std of Reward: 11.227. Training.
[INFO] Rocket. Step: 19280000. Time Elapsed: 17326.367 s. Mean Reward: -13.421. Std of Reward: 10.820. Training.
[INFO] Rocket. Step: 19300000. Time Elapsed: 17341.810 s. Mean Reward: -14.034. Std of Reward: 8.236. Training.
[INFO] Rocket. Step: 19320000. Time Elapsed: 17362.832 s. Mean Reward: -12.544. Std of Reward: 6.930. Training.
[INFO] Rocket. Step: 19340000. Time Elapsed: 17378.509 s. Mean Reward: -13.209. Std of Reward: 7.588. Training.
[INFO] Rocket. Step: 19360000. Time Elapsed: 17399.437 s. Mean Reward: -12.812. Std of Reward: 7.859. Training.
[INFO] Rocket. Step: 19380000. Time Elapsed: 17415.178 s. Mean Reward: -12.265. Std of Reward: 5.689. Training.
[INFO] Rocket. Step: 19400000. Time Elapsed: 17436.817 s. Mean Reward: -13.661. Std of Reward: 8.618. Training.
[INFO] Rocket. Step: 19420000. Time Elapsed: 17452.134 s. Mean Reward: -12.474. Std of Reward: 7.032. Training.
[INFO] Rocket. Step: 19440000. Time Elapsed: 17473.357 s. Mean Reward: -12.832. Std of Reward: 8.248. Training.
[INFO] Rocket. Step: 19460000. Time Elapsed: 17489.164 s. Mean Reward: -13.307. Std of Reward: 7.265. Training.
[INFO] Rocket. Step: 19480000. Time Elapsed: 17509.903 s. Mean Reward: -12.251. Std of Reward: 5.523. Training.
[INFO] Rocket. Step: 19500000. Time Elapsed: 17525.304 s. Mean Reward: -13.364. Std of Reward: 7.017. Training.
[INFO] Exported results\L6\Rocket\Rocket-19499996.onnx
[INFO] Rocket. Step: 19520000. Time Elapsed: 17546.917 s. Mean Reward: -12.634. Std of Reward: 4.525. Training.
[INFO] Rocket. Step: 19540000. Time Elapsed: 17562.157 s. Mean Reward: -13.358. Std of Reward: 8.825. Training.
[INFO] Rocket. Step: 19560000. Time Elapsed: 17584.322 s. Mean Reward: -11.684. Std of Reward: 6.416. Training.
[INFO] Rocket. Step: 19580000. Time Elapsed: 17600.327 s. Mean Reward: -12.907. Std of Reward: 9.398. Training.
[INFO] Rocket. Step: 19600000. Time Elapsed: 17622.516 s. Mean Reward: -12.809. Std of Reward: 7.978. Training.
[INFO] Rocket. Step: 19620000. Time Elapsed: 17637.076 s. Mean Reward: -12.351. Std of Reward: 7.581. Training.
[INFO] Rocket. Step: 19640000. Time Elapsed: 17653.484 s. Mean Reward: -13.104. Std of Reward: 7.647. Training.
[INFO] Rocket. Step: 19660000. Time Elapsed: 17674.200 s. Mean Reward: -11.867. Std of Reward: 9.778. Training.
[INFO] Rocket. Step: 19680000. Time Elapsed: 17688.513 s. Mean Reward: -12.610. Std of Reward: 4.537. Training.
[INFO] Rocket. Step: 19700000. Time Elapsed: 17710.870 s. Mean Reward: -12.579. Std of Reward: 6.500. Training.
[INFO] Rocket. Step: 19720000. Time Elapsed: 17725.487 s. Mean Reward: -12.953. Std of Reward: 7.918. Training.
[INFO] Rocket. Step: 19740000. Time Elapsed: 17747.603 s. Mean Reward: -13.642. Std of Reward: 6.630. Training.
[INFO] Rocket. Step: 19760000. Time Elapsed: 17762.327 s. Mean Reward: -13.119. Std of Reward: 7.803. Training.
[INFO] Rocket. Step: 19780000. Time Elapsed: 17784.287 s. Mean Reward: -13.184. Std of Reward: 9.365. Training.
[INFO] Rocket. Step: 19800000. Time Elapsed: 17799.278 s. Mean Reward: -12.428. Std of Reward: 5.090. Training.
[INFO] Rocket. Step: 19820000. Time Elapsed: 17821.234 s. Mean Reward: -13.748. Std of Reward: 8.034. Training.
[INFO] Rocket. Step: 19840000. Time Elapsed: 17835.614 s. Mean Reward: -12.641. Std of Reward: 6.462. Training.
[INFO] Rocket. Step: 19860000. Time Elapsed: 17857.884 s. Mean Reward: -13.313. Std of Reward: 7.119. Training.
[INFO] Rocket. Step: 19880000. Time Elapsed: 17872.945 s. Mean Reward: -13.595. Std of Reward: 9.744. Training.
[INFO] Rocket. Step: 19900000. Time Elapsed: 17894.759 s. Mean Reward: -12.852. Std of Reward: 8.151. Training.
[INFO] Rocket. Step: 19920000. Time Elapsed: 17910.010 s. Mean Reward: -13.666. Std of Reward: 8.303. Training.
[INFO] Rocket. Step: 19940000. Time Elapsed: 17931.872 s. Mean Reward: -14.243. Std of Reward: 10.700. Training.
[INFO] Rocket. Step: 19960000. Time Elapsed: 17947.137 s. Mean Reward: -12.081. Std of Reward: 7.586. Training.
[INFO] Rocket. Step: 19980000. Time Elapsed: 17968.500 s. Mean Reward: -12.863. Std of Reward: 6.521. Training.
[INFO] Rocket. Step: 20000000. Time Elapsed: 17984.351 s. Mean Reward: -14.162. Std of Reward: 8.655. Training.
[INFO] Exported results\L6\Rocket\Rocket-19999938.onnx
[INFO] Rocket. Step: 20020000. Time Elapsed: 18005.827 s. Mean Reward: -13.193. Std of Reward: 7.675. Training.
[INFO] Rocket. Step: 20040000. Time Elapsed: 18021.109 s. Mean Reward: -15.065. Std of Reward: 11.092. Training.
[INFO] Rocket. Step: 20060000. Time Elapsed: 18042.324 s. Mean Reward: -12.866. Std of Reward: 6.425. Training.
[INFO] Rocket. Step: 20080000. Time Elapsed: 18057.962 s. Mean Reward: -11.684. Std of Reward: 3.820. Training.
[INFO] Rocket. Step: 20100000. Time Elapsed: 18078.463 s. Mean Reward: -12.420. Std of Reward: 5.173. Training.
[INFO] Rocket. Step: 20120000. Time Elapsed: 18094.328 s. Mean Reward: -13.510. Std of Reward: 8.881. Training.
[INFO] Rocket. Step: 20140000. Time Elapsed: 18115.373 s. Mean Reward: -12.439. Std of Reward: 4.467. Training.
[INFO] Rocket. Step: 20160000. Time Elapsed: 18130.685 s. Mean Reward: -13.139. Std of Reward: 7.506. Training.
[INFO] Rocket. Step: 20180000. Time Elapsed: 18152.352 s. Mean Reward: -12.102. Std of Reward: 5.755. Training.
[INFO] Rocket. Step: 20200000. Time Elapsed: 18167.323 s. Mean Reward: -13.673. Std of Reward: 6.487. Training.
[INFO] Rocket. Step: 20220000. Time Elapsed: 18188.347 s. Mean Reward: -13.249. Std of Reward: 5.461. Training.
[INFO] Rocket. Step: 20240000. Time Elapsed: 18203.291 s. Mean Reward: -11.950. Std of Reward: 6.092. Training.
[INFO] Rocket. Step: 20260000. Time Elapsed: 18224.500 s. Mean Reward: -12.537. Std of Reward: 4.440. Training.
[INFO] Rocket. Step: 20280000. Time Elapsed: 18238.704 s. Mean Reward: -12.584. Std of Reward: 3.437. Training.
[INFO] Rocket. Step: 20300000. Time Elapsed: 18260.844 s. Mean Reward: -13.603. Std of Reward: 7.138. Training.
[INFO] Rocket. Step: 20320000. Time Elapsed: 18275.523 s. Mean Reward: -13.373. Std of Reward: 7.012. Training.
[INFO] Rocket. Step: 20340000. Time Elapsed: 18297.641 s. Mean Reward: -12.803. Std of Reward: 6.867. Training.
[INFO] Rocket. Step: 20360000. Time Elapsed: 18312.912 s. Mean Reward: -13.211. Std of Reward: 7.444. Training.
[INFO] Rocket. Step: 20380000. Time Elapsed: 18335.831 s. Mean Reward: -14.039. Std of Reward: 9.558. Training.
[INFO] Rocket. Step: 20400000. Time Elapsed: 18349.973 s. Mean Reward: -12.427. Std of Reward: 5.047. Training.
[INFO] Rocket. Step: 20420000. Time Elapsed: 18364.838 s. Mean Reward: -14.055. Std of Reward: 8.067. Training.
[INFO] Rocket. Step: 20440000. Time Elapsed: 18386.224 s. Mean Reward: -14.102. Std of Reward: 10.517. Training.
[INFO] Rocket. Step: 20460000. Time Elapsed: 18401.584 s. Mean Reward: -12.990. Std of Reward: 5.956. Training.
[INFO] Rocket. Step: 20480000. Time Elapsed: 18423.141 s. Mean Reward: -12.713. Std of Reward: 8.499. Training.
[INFO] Rocket. Step: 20500000. Time Elapsed: 18438.667 s. Mean Reward: -12.734. Std of Reward: 6.407. Training.
[INFO] Exported results\L6\Rocket\Rocket-20499902.onnx
[INFO] Rocket. Step: 20520000. Time Elapsed: 18460.167 s. Mean Reward: -11.432. Std of Reward: 5.087. Training.
[INFO] Rocket. Step: 20540000. Time Elapsed: 18474.893 s. Mean Reward: -12.313. Std of Reward: 2.371. Training.
[INFO] Rocket. Step: 20560000. Time Elapsed: 18495.716 s. Mean Reward: -12.828. Std of Reward: 3.888. Training.
[INFO] Rocket. Step: 20580000. Time Elapsed: 18511.039 s. Mean Reward: -13.478. Std of Reward: 5.387. Training.
[INFO] Rocket. Step: 20600000. Time Elapsed: 18532.080 s. Mean Reward: -13.137. Std of Reward: 7.430. Training.
[INFO] Rocket. Step: 20620000. Time Elapsed: 18546.953 s. Mean Reward: -12.652. Std of Reward: 5.160. Training.
[INFO] Rocket. Step: 20640000. Time Elapsed: 18568.011 s. Mean Reward: -12.729. Std of Reward: 6.595. Training.
[INFO] Rocket. Step: 20660000. Time Elapsed: 18583.639 s. Mean Reward: -12.253. Std of Reward: 5.630. Training.
[INFO] Rocket. Step: 20680000. Time Elapsed: 18605.284 s. Mean Reward: -13.381. Std of Reward: 7.144. Training.
[INFO] Rocket. Step: 20700000. Time Elapsed: 18620.382 s. Mean Reward: -12.376. Std of Reward: 4.915. Training.
[INFO] Rocket. Step: 20720000. Time Elapsed: 18641.765 s. Mean Reward: -13.376. Std of Reward: 7.103. Training.
[INFO] Rocket. Step: 20740000. Time Elapsed: 18656.796 s. Mean Reward: -13.006. Std of Reward: 8.003. Training.
[INFO] Rocket. Step: 20760000. Time Elapsed: 18678.310 s. Mean Reward: -12.926. Std of Reward: 5.885. Training.
[INFO] Rocket. Step: 20780000. Time Elapsed: 18693.531 s. Mean Reward: -12.901. Std of Reward: 6.307. Training.
[INFO] Rocket. Step: 20800000. Time Elapsed: 18714.993 s. Mean Reward: -12.332. Std of Reward: 4.965. Training.
[INFO] Rocket. Step: 20820000. Time Elapsed: 18729.655 s. Mean Reward: -12.549. Std of Reward: 4.995. Training.
[INFO] Rocket. Step: 20840000. Time Elapsed: 18751.179 s. Mean Reward: -12.427. Std of Reward: 4.972. Training.
[INFO] Rocket. Step: 20860000. Time Elapsed: 18766.137 s. Mean Reward: -13.585. Std of Reward: 6.669. Training.
[INFO] Rocket. Step: 20880000. Time Elapsed: 18787.154 s. Mean Reward: -12.590. Std of Reward: 5.094. Training.
[INFO] Rocket. Step: 20900000. Time Elapsed: 18802.873 s. Mean Reward: -13.157. Std of Reward: 5.948. Training.
[INFO] Rocket. Step: 20920000. Time Elapsed: 18824.543 s. Mean Reward: -14.030. Std of Reward: 9.540. Training.
[INFO] Rocket. Step: 20940000. Time Elapsed: 18838.987 s. Mean Reward: -12.544. Std of Reward: 1.247. Training.
[INFO] Rocket. Step: 20960000. Time Elapsed: 18860.430 s. Mean Reward: -12.505. Std of Reward: 5.029. Training.
[INFO] Rocket. Step: 20980000. Time Elapsed: 18875.314 s. Mean Reward: -12.671. Std of Reward: 4.594. Training.
[INFO] Rocket. Step: 21000000. Time Elapsed: 18897.291 s. Mean Reward: -13.155. Std of Reward: 5.926. Training.
[INFO] Exported results\L6\Rocket\Rocket-20999882.onnx
[INFO] Rocket. Step: 21020000. Time Elapsed: 18912.025 s. Mean Reward: -12.276. Std of Reward: 7.245. Training.
[INFO] Rocket. Step: 21040000. Time Elapsed: 18933.126 s. Mean Reward: -12.311. Std of Reward: 5.477. Training.
[INFO] Rocket. Step: 21060000. Time Elapsed: 18948.322 s. Mean Reward: -12.323. Std of Reward: 2.859. Training.
[INFO] Rocket. Step: 21080000. Time Elapsed: 18970.285 s. Mean Reward: -13.179. Std of Reward: 8.060. Training.
[INFO] Rocket. Step: 21100000. Time Elapsed: 18985.063 s. Mean Reward: -11.659. Std of Reward: 3.739. Training.
[INFO] Rocket. Step: 21120000. Time Elapsed: 19007.644 s. Mean Reward: -13.582. Std of Reward: 8.552. Training.
[INFO] Rocket. Step: 21140000. Time Elapsed: 19022.438 s. Mean Reward: -12.762. Std of Reward: 5.993. Training.
[INFO] Rocket. Step: 21160000. Time Elapsed: 19045.375 s. Mean Reward: -14.395. Std of Reward: 8.475. Training.
[INFO] Rocket. Step: 21180000. Time Elapsed: 19058.713 s. Mean Reward: -13.385. Std of Reward: 7.163. Training.
[INFO] Rocket. Step: 21200000. Time Elapsed: 19073.439 s. Mean Reward: -13.025. Std of Reward: 6.029. Training.
[INFO] Rocket. Step: 21220000. Time Elapsed: 19095.321 s. Mean Reward: -12.808. Std of Reward: 6.331. Training.
[INFO] Rocket. Step: 21240000. Time Elapsed: 19110.545 s. Mean Reward: -14.677. Std of Reward: 10.020. Training.
[INFO] Rocket. Step: 21260000. Time Elapsed: 19132.179 s. Mean Reward: -12.732. Std of Reward: 6.244. Training.
[INFO] Rocket. Step: 21280000. Time Elapsed: 19147.507 s. Mean Reward: -13.841. Std of Reward: 9.929. Training.
[INFO] Rocket. Step: 21300000. Time Elapsed: 19168.354 s. Mean Reward: -12.564. Std of Reward: 4.526. Training.
[INFO] Rocket. Step: 21320000. Time Elapsed: 19183.033 s. Mean Reward: -13.179. Std of Reward: 5.364. Training.
[INFO] Rocket. Step: 21340000. Time Elapsed: 19203.929 s. Mean Reward: -12.730. Std of Reward: 3.891. Training.
[INFO] Rocket. Step: 21360000. Time Elapsed: 19219.788 s. Mean Reward: -12.117. Std of Reward: 2.331. Training.
[INFO] Rocket. Step: 21380000. Time Elapsed: 19240.752 s. Mean Reward: -12.608. Std of Reward: 6.913. Training.
[INFO] Rocket. Step: 21400000. Time Elapsed: 19255.840 s. Mean Reward: -12.803. Std of Reward: 6.629. Training.
[INFO] Rocket. Step: 21420000. Time Elapsed: 19277.187 s. Mean Reward: -12.240. Std of Reward: 5.794. Training.
[INFO] Rocket. Step: 21440000. Time Elapsed: 19292.298 s. Mean Reward: -12.613. Std of Reward: 6.809. Training.
[INFO] Rocket. Step: 21460000. Time Elapsed: 19313.277 s. Mean Reward: -11.815. Std of Reward: 4.000. Training.
[INFO] Rocket. Step: 21480000. Time Elapsed: 19328.373 s. Mean Reward: -13.104. Std of Reward: 5.369. Training.
[INFO] Rocket. Step: 21500000. Time Elapsed: 19349.470 s. Mean Reward: -12.472. Std of Reward: 4.484. Training.
[INFO] Exported results\L6\Rocket\Rocket-21499897.onnx
[INFO] Rocket. Step: 21520000. Time Elapsed: 19365.469 s. Mean Reward: -12.465. Std of Reward: 7.002. Training.
[INFO] Rocket. Step: 21540000. Time Elapsed: 19386.040 s. Mean Reward: -11.470. Std of Reward: 6.553. Training.
[INFO] Rocket. Step: 21560000. Time Elapsed: 19402.845 s. Mean Reward: -11.785. Std of Reward: 6.284. Training.
[INFO] Rocket. Step: 21580000. Time Elapsed: 19423.971 s. Mean Reward: -15.542. Std of Reward: 13.688. Training.
[INFO] Rocket. Step: 21600000. Time Elapsed: 19438.941 s. Mean Reward: -12.818. Std of Reward: 3.992. Training.
[INFO] Rocket. Step: 21620000. Time Elapsed: 19460.782 s. Mean Reward: -12.215. Std of Reward: 7.281. Training.
[INFO] Rocket. Step: 21640000. Time Elapsed: 19475.568 s. Mean Reward: -12.550. Std of Reward: 4.707. Training.
[INFO] Rocket. Step: 21660000. Time Elapsed: 19497.133 s. Mean Reward: -11.508. Std of Reward: 6.364. Training.
[INFO] Rocket. Step: 21680000. Time Elapsed: 19511.588 s. Mean Reward: -13.142. Std of Reward: 5.394. Training.
[INFO] Rocket. Step: 21700000. Time Elapsed: 19534.317 s. Mean Reward: -13.318. Std of Reward: 8.477. Training.
[INFO] Rocket. Step: 21720000. Time Elapsed: 19548.469 s. Mean Reward: -13.308. Std of Reward: 8.469. Training.
[INFO] Rocket. Step: 21740000. Time Elapsed: 19570.451 s. Mean Reward: -12.108. Std of Reward: 3.421. Training.
[INFO] Rocket. Step: 21760000. Time Elapsed: 19585.745 s. Mean Reward: -12.528. Std of Reward: 6.739. Training.
[INFO] Rocket. Step: 21780000. Time Elapsed: 19606.621 s. Mean Reward: -13.879. Std of Reward: 9.488. Training.
[INFO] Rocket. Step: 21800000. Time Elapsed: 19622.067 s. Mean Reward: -12.389. Std of Reward: 0.901. Training.
[INFO] Rocket. Step: 21820000. Time Elapsed: 19643.690 s. Mean Reward: -12.724. Std of Reward: 6.509. Training.
[INFO] Rocket. Step: 21840000. Time Elapsed: 19658.805 s. Mean Reward: -13.025. Std of Reward: 7.970. Training.
[INFO] Rocket. Step: 21860000. Time Elapsed: 19680.746 s. Mean Reward: -13.071. Std of Reward: 5.528. Training.
[INFO] Rocket. Step: 21880000. Time Elapsed: 19695.269 s. Mean Reward: -13.161. Std of Reward: 7.736. Training.
[INFO] Rocket. Step: 21900000. Time Elapsed: 19717.595 s. Mean Reward: -12.734. Std of Reward: 3.915. Training.
[INFO] Rocket. Step: 21920000. Time Elapsed: 19731.355 s. Mean Reward: -12.632. Std of Reward: 8.313. Training.
[INFO] Rocket. Step: 21940000. Time Elapsed: 19746.559 s. Mean Reward: -12.339. Std of Reward: 7.048. Training.
[INFO] Rocket. Step: 21960000. Time Elapsed: 19768.322 s. Mean Reward: -13.601. Std of Reward: 6.626. Training.
[INFO] Rocket. Step: 21980000. Time Elapsed: 19783.238 s. Mean Reward: -12.254. Std of Reward: 6.875. Training.
[INFO] Rocket. Step: 22000000. Time Elapsed: 19805.796 s. Mean Reward: -12.073. Std of Reward: 7.764. Training.
[INFO] Exported results\L6\Rocket\Rocket-21999890.onnx
[INFO] Rocket. Step: 22020000. Time Elapsed: 19820.742 s. Mean Reward: -12.907. Std of Reward: 7.884. Training.
[INFO] Rocket. Step: 22040000. Time Elapsed: 19842.359 s. Mean Reward: -12.455. Std of Reward: 8.908. Training.
[INFO] Rocket. Step: 22060000. Time Elapsed: 19857.555 s. Mean Reward: -11.684. Std of Reward: 6.235. Training.
[INFO] Rocket. Step: 22080000. Time Elapsed: 19879.196 s. Mean Reward: -12.921. Std of Reward: 6.627. Training.
[INFO] Rocket. Step: 22100000. Time Elapsed: 19894.311 s. Mean Reward: -12.843. Std of Reward: 5.894. Training.
[INFO] Rocket. Step: 22120000. Time Elapsed: 19915.152 s. Mean Reward: -11.912. Std of Reward: 5.737. Training.
[INFO] Rocket. Step: 22140000. Time Elapsed: 19930.422 s. Mean Reward: -12.247. Std of Reward: 5.026. Training.
[INFO] Rocket. Step: 22160000. Time Elapsed: 19951.670 s. Mean Reward: -12.581. Std of Reward: 6.614. Training.
[INFO] Rocket. Step: 22180000. Time Elapsed: 19966.921 s. Mean Reward: -11.901. Std of Reward: 7.459. Training.
[INFO] Rocket. Step: 22200000. Time Elapsed: 19989.260 s. Mean Reward: -13.727. Std of Reward: 9.467. Training.
[INFO] Rocket. Step: 22220000. Time Elapsed: 20004.445 s. Mean Reward: -12.632. Std of Reward: 8.295. Training.
[INFO] Rocket. Step: 22240000. Time Elapsed: 20026.163 s. Mean Reward: -13.011. Std of Reward: 7.649. Training.
[INFO] Rocket. Step: 22260000. Time Elapsed: 20040.548 s. Mean Reward: -12.511. Std of Reward: 6.983. Training.
[INFO] Rocket. Step: 22280000. Time Elapsed: 20062.555 s. Mean Reward: -13.010. Std of Reward: 7.651. Training.
[INFO] Rocket. Step: 22300000. Time Elapsed: 20077.080 s. Mean Reward: -13.075. Std of Reward: 7.419. Training.
[INFO] Rocket. Step: 22320000. Time Elapsed: 20099.688 s. Mean Reward: -11.934. Std of Reward: 7.602. Training.
[INFO] Rocket. Step: 22340000. Time Elapsed: 20114.942 s. Mean Reward: -12.095. Std of Reward: 8.919. Training.
[INFO] Rocket. Step: 22360000. Time Elapsed: 20136.253 s. Mean Reward: -12.694. Std of Reward: 6.398. Training.
[INFO] Rocket. Step: 22380000. Time Elapsed: 20151.946 s. Mean Reward: -12.336. Std of Reward: 4.965. Training.
[INFO] Rocket. Step: 22400000. Time Elapsed: 20172.569 s. Mean Reward: -12.156. Std of Reward: 6.721. Training.
[INFO] Rocket. Step: 22420000. Time Elapsed: 20187.440 s. Mean Reward: -12.733. Std of Reward: 5.985. Training.
[INFO] Rocket. Step: 22440000. Time Elapsed: 20209.065 s. Mean Reward: -12.631. Std of Reward: 6.414. Training.
[INFO] Rocket. Step: 22460000. Time Elapsed: 20224.527 s. Mean Reward: -12.837. Std of Reward: 9.611. Training.
[INFO] Rocket. Step: 22480000. Time Elapsed: 20245.889 s. Mean Reward: -11.303. Std of Reward: 6.609. Training.
[INFO] Rocket. Step: 22500000. Time Elapsed: 20261.098 s. Mean Reward: -15.278. Std of Reward: 11.533. Training.
[INFO] Exported results\L6\Rocket\Rocket-22499904.onnx
[INFO] Rocket. Step: 22520000. Time Elapsed: 20283.493 s. Mean Reward: -13.314. Std of Reward: 8.877. Training.
[INFO] Rocket. Step: 22540000. Time Elapsed: 20298.834 s. Mean Reward: -13.921. Std of Reward: 8.961. Training.
[INFO] Rocket. Step: 22560000. Time Elapsed: 20321.216 s. Mean Reward: -11.861. Std of Reward: 7.545. Training.
[INFO] Rocket. Step: 22580000. Time Elapsed: 20335.505 s. Mean Reward: -13.743. Std of Reward: 8.014. Training.
[INFO] Rocket. Step: 22600000. Time Elapsed: 20357.042 s. Mean Reward: -11.832. Std of Reward: 5.723. Training.
[INFO] Rocket. Step: 22620000. Time Elapsed: 20372.762 s. Mean Reward: -12.962. Std of Reward: 8.934. Training.
[INFO] Rocket. Step: 22640000. Time Elapsed: 20395.028 s. Mean Reward: -12.853. Std of Reward: 7.896. Training.
[INFO] Rocket. Step: 22660000. Time Elapsed: 20410.525 s. Mean Reward: -11.611. Std of Reward: 8.035. Training.
[INFO] Rocket. Step: 22680000. Time Elapsed: 20425.203 s. Mean Reward: -14.397. Std of Reward: 8.743. Training.
[INFO] Rocket. Step: 22700000. Time Elapsed: 20447.312 s. Mean Reward: -12.983. Std of Reward: 7.679. Training.
[INFO] Rocket. Step: 22720000. Time Elapsed: 20462.986 s. Mean Reward: -12.608. Std of Reward: 8.173. Training.
[INFO] Rocket. Step: 22740000. Time Elapsed: 20484.873 s. Mean Reward: -13.473. Std of Reward: 10.099. Training.
[INFO] Rocket. Step: 22760000. Time Elapsed: 20500.423 s. Mean Reward: -12.299. Std of Reward: 7.292. Training.
[INFO] Rocket. Step: 22780000. Time Elapsed: 20520.195 s. Mean Reward: -12.821. Std of Reward: 5.971. Training.
[INFO] Rocket. Step: 22800000. Time Elapsed: 20535.048 s. Mean Reward: -12.221. Std of Reward: 1.000. Training.
[INFO] Rocket. Step: 22820000. Time Elapsed: 20556.842 s. Mean Reward: -12.700. Std of Reward: 8.467. Training.
[INFO] Rocket. Step: 22840000. Time Elapsed: 20572.414 s. Mean Reward: -12.216. Std of Reward: 5.090. Training.
[INFO] Rocket. Step: 22860000. Time Elapsed: 20593.783 s. Mean Reward: -13.238. Std of Reward: 7.478. Training.
[INFO] Rocket. Step: 22880000. Time Elapsed: 20608.949 s. Mean Reward: -12.746. Std of Reward: 5.996. Training.
[INFO] Rocket. Step: 22900000. Time Elapsed: 20629.994 s. Mean Reward: -11.993. Std of Reward: 5.652. Training.
[INFO] Rocket. Step: 22920000. Time Elapsed: 20645.013 s. Mean Reward: -11.971. Std of Reward: 5.123. Training.
[INFO] Rocket. Step: 22940000. Time Elapsed: 20665.803 s. Mean Reward: -11.993. Std of Reward: 5.542. Training.
[INFO] Rocket. Step: 22960000. Time Elapsed: 20681.410 s. Mean Reward: -12.412. Std of Reward: 7.443. Training.
[INFO] Rocket. Step: 22980000. Time Elapsed: 20702.563 s. Mean Reward: -12.733. Std of Reward: 5.937. Training.
[INFO] Rocket. Step: 23000000. Time Elapsed: 20717.150 s. Mean Reward: -12.748. Std of Reward: 6.564. Training.
[INFO] Exported results\L6\Rocket\Rocket-22999807.onnx
[INFO] Rocket. Step: 23020000. Time Elapsed: 20740.086 s. Mean Reward: -12.729. Std of Reward: 4.530. Training.
[INFO] Rocket. Step: 23040000. Time Elapsed: 20754.490 s. Mean Reward: -12.905. Std of Reward: 8.097. Training.
[INFO] Rocket. Step: 23060000. Time Elapsed: 20776.678 s. Mean Reward: -12.464. Std of Reward: 6.752. Training.
[INFO] Rocket. Step: 23080000. Time Elapsed: 20791.519 s. Mean Reward: -14.503. Std of Reward: 10.452. Training.
[INFO] Rocket. Step: 23100000. Time Elapsed: 20813.138 s. Mean Reward: -14.503. Std of Reward: 9.923. Training.
[INFO] Rocket. Step: 23120000. Time Elapsed: 20828.545 s. Mean Reward: -12.200. Std of Reward: 2.268. Training.
[INFO] Rocket. Step: 23140000. Time Elapsed: 20849.523 s. Mean Reward: -12.661. Std of Reward: 6.474. Training.
[INFO] Rocket. Step: 23160000. Time Elapsed: 20864.458 s. Mean Reward: -11.670. Std of Reward: 6.564. Training.
[INFO] Rocket. Step: 23180000. Time Elapsed: 20885.962 s. Mean Reward: -13.338. Std of Reward: 6.993. Training.
[INFO] Rocket. Step: 23200000. Time Elapsed: 20900.861 s. Mean Reward: -12.993. Std of Reward: 5.976. Training.
[INFO] Rocket. Step: 23220000. Time Elapsed: 20921.255 s. Mean Reward: -12.221. Std of Reward: 3.062. Training.
[INFO] Rocket. Step: 23240000. Time Elapsed: 20936.327 s. Mean Reward: -11.960. Std of Reward: 5.562. Training.
[INFO] Rocket. Step: 23260000. Time Elapsed: 20957.963 s. Mean Reward: -12.384. Std of Reward: 0.924. Training.
[INFO] Rocket. Step: 23280000. Time Elapsed: 20973.480 s. Mean Reward: -14.056. Std of Reward: 9.014. Training.
[INFO] Rocket. Step: 23300000. Time Elapsed: 20995.636 s. Mean Reward: -12.975. Std of Reward: 7.689. Training.
[INFO] Rocket. Step: 23320000. Time Elapsed: 21010.049 s. Mean Reward: -13.296. Std of Reward: 7.162. Training.
[INFO] Rocket. Step: 23340000. Time Elapsed: 21032.356 s. Mean Reward: -13.173. Std of Reward: 7.612. Training.
[INFO] Rocket. Step: 23360000. Time Elapsed: 21047.164 s. Mean Reward: -12.769. Std of Reward: 9.567. Training.
[INFO] Rocket. Step: 23380000. Time Elapsed: 21069.355 s. Mean Reward: -12.988. Std of Reward: 5.910. Training.
[INFO] Rocket. Step: 23400000. Time Elapsed: 21083.809 s. Mean Reward: -13.084. Std of Reward: 7.607. Training.
[INFO] Rocket. Step: 23420000. Time Elapsed: 21098.866 s. Mean Reward: -11.812. Std of Reward: 6.276. Training.
[INFO] Rocket. Step: 23440000. Time Elapsed: 21120.639 s. Mean Reward: -12.942. Std of Reward: 7.564. Training.
[INFO] Rocket. Step: 23460000. Time Elapsed: 21135.250 s. Mean Reward: -13.626. Std of Reward: 8.169. Training.
[INFO] Rocket. Step: 23480000. Time Elapsed: 21156.900 s. Mean Reward: -14.032. Std of Reward: 7.733. Training.
[INFO] Rocket. Step: 23500000. Time Elapsed: 21171.753 s. Mean Reward: -12.648. Std of Reward: 6.376. Training.
[INFO] Exported results\L6\Rocket\Rocket-23499984.onnx
[INFO] Rocket. Step: 23520000. Time Elapsed: 21193.254 s. Mean Reward: -14.321. Std of Reward: 8.637. Training.
[INFO] Rocket. Step: 23540000. Time Elapsed: 21208.059 s. Mean Reward: -13.131. Std of Reward: 6.180. Training.
[INFO] Rocket. Step: 23560000. Time Elapsed: 21229.996 s. Mean Reward: -13.343. Std of Reward: 7.071. Training.
[INFO] Rocket. Step: 23580000. Time Elapsed: 21244.802 s. Mean Reward: -13.166. Std of Reward: 7.519. Training.
[INFO] Rocket. Step: 23600000. Time Elapsed: 21267.727 s. Mean Reward: -12.870. Std of Reward: 6.110. Training.
[INFO] Rocket. Step: 23620000. Time Elapsed: 21281.486 s. Mean Reward: -12.811. Std of Reward: 7.863. Training.
[INFO] Rocket. Step: 23640000. Time Elapsed: 21302.863 s. Mean Reward: -12.374. Std of Reward: 5.148. Training.
[INFO] Rocket. Step: 23660000. Time Elapsed: 21317.959 s. Mean Reward: -11.838. Std of Reward: 3.368. Training.
[INFO] Rocket. Step: 23680000. Time Elapsed: 21339.384 s. Mean Reward: -12.852. Std of Reward: 5.892. Training.
[INFO] Rocket. Step: 23700000. Time Elapsed: 21355.094 s. Mean Reward: -12.825. Std of Reward: 5.814. Training.
[INFO] Rocket. Step: 23720000. Time Elapsed: 21375.762 s. Mean Reward: -13.371. Std of Reward: 7.098. Training.
[INFO] Rocket. Step: 23740000. Time Elapsed: 21390.986 s. Mean Reward: -13.009. Std of Reward: 7.157. Training.
[INFO] Rocket. Step: 23760000. Time Elapsed: 21412.071 s. Mean Reward: -13.427. Std of Reward: 6.574. Training.
[INFO] Rocket. Step: 23780000. Time Elapsed: 21427.275 s. Mean Reward: -11.470. Std of Reward: 4.608. Training.
[INFO] Rocket. Step: 23800000. Time Elapsed: 21448.973 s. Mean Reward: -12.363. Std of Reward: 5.107. Training.
[INFO] Rocket. Step: 23820000. Time Elapsed: 21463.814 s. Mean Reward: -15.015. Std of Reward: 10.565. Training.
[INFO] Rocket. Step: 23840000. Time Elapsed: 21485.629 s. Mean Reward: -12.462. Std of Reward: 7.034. Training.
[INFO] Rocket. Step: 23860000. Time Elapsed: 21500.344 s. Mean Reward: -12.306. Std of Reward: 4.962. Training.
[INFO] Rocket. Step: 23880000. Time Elapsed: 21522.142 s. Mean Reward: -11.990. Std of Reward: 5.642. Training.
[INFO] Rocket. Step: 23900000. Time Elapsed: 21537.021 s. Mean Reward: -13.894. Std of Reward: 7.719. Training.
[INFO] Rocket. Step: 23920000. Time Elapsed: 21558.274 s. Mean Reward: -12.711. Std of Reward: 7.872. Training.
[INFO] Rocket. Step: 23940000. Time Elapsed: 21573.122 s. Mean Reward: -12.546. Std of Reward: 4.385. Training.
[INFO] Rocket. Step: 23960000. Time Elapsed: 21594.811 s. Mean Reward: -12.458. Std of Reward: 8.497. Training.
[INFO] Rocket. Step: 23980000. Time Elapsed: 21609.431 s. Mean Reward: -13.345. Std of Reward: 7.635. Training.
[INFO] Rocket. Step: 24000000. Time Elapsed: 21630.959 s. Mean Reward: -12.005. Std of Reward: 2.261. Training.
[INFO] Exported results\L6\Rocket\Rocket-23999899.onnx
[INFO] Rocket. Step: 24020000. Time Elapsed: 21646.280 s. Mean Reward: -13.186. Std of Reward: 6.913. Training.
[INFO] Rocket. Step: 24040000. Time Elapsed: 21667.797 s. Mean Reward: -12.757. Std of Reward: 7.758. Training.
[INFO] Rocket. Step: 24060000. Time Elapsed: 21683.145 s. Mean Reward: -12.908. Std of Reward: 8.091. Training.
[INFO] Rocket. Step: 24080000. Time Elapsed: 21704.606 s. Mean Reward: -13.719. Std of Reward: 8.127. Training.
[INFO] Rocket. Step: 24100000. Time Elapsed: 21718.664 s. Mean Reward: -12.105. Std of Reward: 2.321. Training.
[INFO] Rocket. Step: 24120000. Time Elapsed: 21741.395 s. Mean Reward: -12.972. Std of Reward: 7.562. Training.
[INFO] Rocket. Step: 24140000. Time Elapsed: 21756.413 s. Mean Reward: -13.081. Std of Reward: 7.482. Training.
[INFO] Rocket. Step: 24160000. Time Elapsed: 21778.343 s. Mean Reward: -14.055. Std of Reward: 9.062. Training.
[INFO] Rocket. Step: 24180000. Time Elapsed: 21791.872 s. Mean Reward: -12.583. Std of Reward: 4.423. Training.
[INFO] Rocket. Step: 24200000. Time Elapsed: 21806.721 s. Mean Reward: -13.197. Std of Reward: 7.171. Training.
[INFO] Rocket. Step: 24220000. Time Elapsed: 21827.568 s. Mean Reward: -12.800. Std of Reward: 3.880. Training.
[INFO] Rocket. Step: 24240000. Time Elapsed: 21843.448 s. Mean Reward: -13.200. Std of Reward: 7.607. Training.
[INFO] Rocket. Step: 24260000. Time Elapsed: 21864.195 s. Mean Reward: -12.327. Std of Reward: 5.092. Training.
[INFO] Rocket. Step: 24280000. Time Elapsed: 21879.340 s. Mean Reward: -12.532. Std of Reward: 4.547. Training.
[INFO] Rocket. Step: 24300000. Time Elapsed: 21900.534 s. Mean Reward: -12.243. Std of Reward: 5.148. Training.
[INFO] Rocket. Step: 24320000. Time Elapsed: 21915.419 s. Mean Reward: -12.929. Std of Reward: 5.959. Training.
[INFO] Rocket. Step: 24340000. Time Elapsed: 21936.643 s. Mean Reward: -12.227. Std of Reward: 5.062. Training.
[INFO] Rocket. Step: 24360000. Time Elapsed: 21952.717 s. Mean Reward: -13.094. Std of Reward: 5.883. Training.
[INFO] Rocket. Step: 24380000. Time Elapsed: 21973.003 s. Mean Reward: -12.618. Std of Reward: 6.862. Training.
[INFO] Rocket. Step: 24400000. Time Elapsed: 21988.304 s. Mean Reward: -12.688. Std of Reward: 4.449. Training.
[INFO] Rocket. Step: 24420000. Time Elapsed: 22008.811 s. Mean Reward: -12.246. Std of Reward: 5.108. Training.
[INFO] Rocket. Step: 24440000. Time Elapsed: 22023.720 s. Mean Reward: -12.079. Std of Reward: 5.237. Training.
[INFO] Rocket. Step: 24460000. Time Elapsed: 22045.824 s. Mean Reward: -12.451. Std of Reward: 6.918. Training.
[INFO] Rocket. Step: 24480000. Time Elapsed: 22060.048 s. Mean Reward: -12.388. Std of Reward: 4.458. Training.
[INFO] Rocket. Step: 24500000. Time Elapsed: 22081.886 s. Mean Reward: -11.405. Std of Reward: 6.734. Training.
[INFO] Exported results\L6\Rocket\Rocket-24499980.onnx
[INFO] Rocket. Step: 24520000. Time Elapsed: 22097.554 s. Mean Reward: -12.182. Std of Reward: 7.532. Training.
[INFO] Rocket. Step: 24540000. Time Elapsed: 22120.085 s. Mean Reward: -12.877. Std of Reward: 8.004. Training.
[INFO] Rocket. Step: 24560000. Time Elapsed: 22134.576 s. Mean Reward: -12.127. Std of Reward: 7.521. Training.
[INFO] Rocket. Step: 24580000. Time Elapsed: 22157.291 s. Mean Reward: -14.117. Std of Reward: 9.570. Training.
[INFO] Rocket. Step: 24600000. Time Elapsed: 22172.095 s. Mean Reward: -12.052. Std of Reward: 7.456. Training.
[INFO] Rocket. Step: 24620000. Time Elapsed: 22193.656 s. Mean Reward: -11.648. Std of Reward: 3.925. Training.
[INFO] Rocket. Step: 24640000. Time Elapsed: 22209.197 s. Mean Reward: -12.817. Std of Reward: 6.107. Training.
[INFO] Rocket. Step: 24660000. Time Elapsed: 22230.530 s. Mean Reward: -12.699. Std of Reward: 6.493. Training.
[INFO] Rocket. Step: 24680000. Time Elapsed: 22245.781 s. Mean Reward: -12.864. Std of Reward: 6.201. Training.
[INFO] Rocket. Step: 24700000. Time Elapsed: 22267.764 s. Mean Reward: -12.729. Std of Reward: 6.592. Training.
[INFO] Rocket. Step: 24720000. Time Elapsed: 22282.549 s. Mean Reward: -11.605. Std of Reward: 8.707. Training.
[INFO] Rocket. Step: 24740000. Time Elapsed: 22304.801 s. Mean Reward: -13.020. Std of Reward: 9.054. Training.
[INFO] Rocket. Step: 24760000. Time Elapsed: 22320.658 s. Mean Reward: -11.744. Std of Reward: 8.019. Training.
[INFO] Rocket. Step: 24780000. Time Elapsed: 22342.124 s. Mean Reward: -11.955. Std of Reward: 7.876. Training.
[INFO] Rocket. Step: 24800000. Time Elapsed: 22358.158 s. Mean Reward: -11.811. Std of Reward: 9.763. Training.
[INFO] Rocket. Step: 24820000. Time Elapsed: 22380.506 s. Mean Reward: -14.809. Std of Reward: 10.990. Training.
[INFO] Rocket. Step: 24840000. Time Elapsed: 22396.198 s. Mean Reward: -12.939. Std of Reward: 9.102. Training.
[INFO] Rocket. Step: 24860000. Time Elapsed: 22417.763 s. Mean Reward: -12.083. Std of Reward: 7.309. Training.
[INFO] Rocket. Step: 24880000. Time Elapsed: 22432.276 s. Mean Reward: -13.710. Std of Reward: 9.207. Training.
[INFO] Rocket. Step: 24900000. Time Elapsed: 22454.805 s. Mean Reward: -13.108. Std of Reward: 7.687. Training.
[INFO] Rocket. Step: 24920000. Time Elapsed: 22469.722 s. Mean Reward: -13.903. Std of Reward: 9.443. Training.
[INFO] Rocket. Step: 24940000. Time Elapsed: 22484.967 s. Mean Reward: -14.985. Std of Reward: 10.834. Training.
[INFO] Rocket. Step: 24960000. Time Elapsed: 22506.978 s. Mean Reward: -14.454. Std of Reward: 8.843. Training.
[INFO] Rocket. Step: 24980000. Time Elapsed: 22521.915 s. Mean Reward: -10.818. Std of Reward: 5.553. Training.
[INFO] Rocket. Step: 25000000. Time Elapsed: 22543.128 s. Mean Reward: -13.064. Std of Reward: 7.206. Training.
[INFO] Exported results\L6\Rocket\Rocket-24999919.onnx
[INFO] Rocket. Step: 25020000. Time Elapsed: 22559.033 s. Mean Reward: -13.625. Std of Reward: 8.650. Training.
[INFO] Rocket. Step: 25040000. Time Elapsed: 22581.206 s. Mean Reward: -13.087. Std of Reward: 9.562. Training.
[INFO] Rocket. Step: 25060000. Time Elapsed: 22596.143 s. Mean Reward: -11.454. Std of Reward: 4.026. Training.
[INFO] Rocket. Step: 25080000. Time Elapsed: 22617.324 s. Mean Reward: -12.821. Std of Reward: 7.547. Training.
[INFO] Rocket. Step: 25100000. Time Elapsed: 22632.497 s. Mean Reward: -12.055. Std of Reward: 5.653. Training.
[INFO] Rocket. Step: 25120000. Time Elapsed: 22655.683 s. Mean Reward: -14.486. Std of Reward: 11.563. Training.
[INFO] Rocket. Step: 25140000. Time Elapsed: 22670.514 s. Mean Reward: -12.873. Std of Reward: 9.639. Training.
[INFO] Rocket. Step: 25160000. Time Elapsed: 22692.281 s. Mean Reward: -13.123. Std of Reward: 9.060. Training.
[INFO] Rocket. Step: 25180000. Time Elapsed: 22708.131 s. Mean Reward: -11.362. Std of Reward: 8.589. Training.
[INFO] Rocket. Step: 25200000. Time Elapsed: 22730.222 s. Mean Reward: -15.520. Std of Reward: 11.302. Training.
[INFO] Rocket. Step: 25220000. Time Elapsed: 22745.700 s. Mean Reward: -11.847. Std of Reward: 7.742. Training.
[INFO] Rocket. Step: 25240000. Time Elapsed: 22767.056 s. Mean Reward: -11.528. Std of Reward: 5.912. Training.
[INFO] Rocket. Step: 25260000. Time Elapsed: 22782.071 s. Mean Reward: -11.869. Std of Reward: 5.768. Training.
[INFO] Rocket. Step: 25280000. Time Elapsed: 22803.554 s. Mean Reward: -12.846. Std of Reward: 6.068. Training.
[INFO] Rocket. Step: 25300000. Time Elapsed: 22818.749 s. Mean Reward: -13.025. Std of Reward: 7.559. Training.
[INFO] Rocket. Step: 25320000. Time Elapsed: 22841.572 s. Mean Reward: -13.624. Std of Reward: 9.998. Training.
[INFO] Rocket. Step: 25340000. Time Elapsed: 22856.546 s. Mean Reward: -13.525. Std of Reward: 8.614. Training.
[INFO] Rocket. Step: 25360000. Time Elapsed: 22878.613 s. Mean Reward: -11.435. Std of Reward: 3.742. Training.
[INFO] Rocket. Step: 25380000. Time Elapsed: 22893.368 s. Mean Reward: -11.869. Std of Reward: 9.632. Training.
[INFO] Rocket. Step: 25400000. Time Elapsed: 22915.092 s. Mean Reward: -13.333. Std of Reward: 9.539. Training.
[INFO] Rocket. Step: 25420000. Time Elapsed: 22930.262 s. Mean Reward: -12.573. Std of Reward: 6.646. Training.
[INFO] Rocket. Step: 25440000. Time Elapsed: 22952.880 s. Mean Reward: -12.947. Std of Reward: 8.186. Training.
[INFO] Rocket. Step: 25460000. Time Elapsed: 22968.425 s. Mean Reward: -13.393. Std of Reward: 10.398. Training.
[INFO] Rocket. Step: 25480000. Time Elapsed: 22990.064 s. Mean Reward: -12.086. Std of Reward: 5.423. Training.
[INFO] Rocket. Step: 25500000. Time Elapsed: 23005.092 s. Mean Reward: -12.104. Std of Reward: 7.318. Training.
[INFO] Exported results\L6\Rocket\Rocket-25499915.onnx
[INFO] Rocket. Step: 25520000. Time Elapsed: 23027.644 s. Mean Reward: -11.302. Std of Reward: 4.653. Training.
[INFO] Rocket. Step: 25540000. Time Elapsed: 23041.804 s. Mean Reward: -12.808. Std of Reward: 9.796. Training.
[INFO] Rocket. Step: 25560000. Time Elapsed: 23063.063 s. Mean Reward: -12.326. Std of Reward: 1.284. Training.
[INFO] Rocket. Step: 25580000. Time Elapsed: 23078.394 s. Mean Reward: -13.646. Std of Reward: 8.066. Training.
[INFO] Rocket. Step: 25600000. Time Elapsed: 23100.566 s. Mean Reward: -13.397. Std of Reward: 8.556. Training.
[INFO] Rocket. Step: 25620000. Time Elapsed: 23115.675 s. Mean Reward: -12.010. Std of Reward: 7.645. Training.
[INFO] Rocket. Step: 25640000. Time Elapsed: 23138.188 s. Mean Reward: -14.932. Std of Reward: 10.457. Training.
[INFO] Rocket. Step: 25660000. Time Elapsed: 23153.402 s. Mean Reward: -13.206. Std of Reward: 8.864. Training.
[INFO] Rocket. Step: 25680000. Time Elapsed: 23176.100 s. Mean Reward: -12.613. Std of Reward: 6.768. Training.
[INFO] Rocket. Step: 25700000. Time Elapsed: 23189.632 s. Mean Reward: -13.422. Std of Reward: 7.068. Training.
[INFO] Rocket. Step: 25720000. Time Elapsed: 23205.158 s. Mean Reward: -12.365. Std of Reward: 5.036. Training.
[INFO] Rocket. Step: 25740000. Time Elapsed: 23226.691 s. Mean Reward: -13.776. Std of Reward: 8.120. Training.
[INFO] Rocket. Step: 25760000. Time Elapsed: 23241.465 s. Mean Reward: -12.733. Std of Reward: 4.501. Training.
[INFO] Rocket. Step: 25780000. Time Elapsed: 23262.347 s. Mean Reward: -13.153. Std of Reward: 7.159. Training.
[INFO] Rocket. Step: 25800000. Time Elapsed: 23278.011 s. Mean Reward: -12.932. Std of Reward: 6.060. Training.
[INFO] Rocket. Step: 25820000. Time Elapsed: 23298.955 s. Mean Reward: -12.779. Std of Reward: 6.351. Training.
[INFO] Rocket. Step: 25840000. Time Elapsed: 23314.057 s. Mean Reward: -12.678. Std of Reward: 6.243. Training.
[INFO] Rocket. Step: 25860000. Time Elapsed: 23334.527 s. Mean Reward: -12.358. Std of Reward: 4.983. Training.
[INFO] Rocket. Step: 25880000. Time Elapsed: 23348.908 s. Mean Reward: -12.420. Std of Reward: 4.483. Training.
[INFO] Rocket. Step: 25900000. Time Elapsed: 23370.731 s. Mean Reward: -12.234. Std of Reward: 4.916. Training.
[INFO] Rocket. Step: 25920000. Time Elapsed: 23386.096 s. Mean Reward: -12.942. Std of Reward: 7.832. Training.
[INFO] Rocket. Step: 25940000. Time Elapsed: 23407.925 s. Mean Reward: -12.702. Std of Reward: 7.719. Training.
[INFO] Rocket. Step: 25960000. Time Elapsed: 23422.910 s. Mean Reward: -12.175. Std of Reward: 4.916. Training.
[INFO] Rocket. Step: 25980000. Time Elapsed: 23444.287 s. Mean Reward: -12.702. Std of Reward: 6.504. Training.
[INFO] Rocket. Step: 26000000. Time Elapsed: 23459.388 s. Mean Reward: -12.509. Std of Reward: 5.102. Training.
[INFO] Exported results\L6\Rocket\Rocket-25999966.onnx
[INFO] Rocket. Step: 26020000. Time Elapsed: 23481.026 s. Mean Reward: -13.044. Std of Reward: 5.381. Training.
[INFO] Rocket. Step: 26040000. Time Elapsed: 23495.784 s. Mean Reward: -12.446. Std of Reward: 6.283. Training.
[INFO] Rocket. Step: 26060000. Time Elapsed: 23516.344 s. Mean Reward: -13.536. Std of Reward: 8.534. Training.
[INFO] Rocket. Step: 26080000. Time Elapsed: 23531.367 s. Mean Reward: -12.488. Std of Reward: 4.543. Training.
[INFO] Rocket. Step: 26100000. Time Elapsed: 23552.787 s. Mean Reward: -12.451. Std of Reward: 4.530. Training.
[INFO] Rocket. Step: 26120000. Time Elapsed: 23567.889 s. Mean Reward: -13.432. Std of Reward: 8.631. Training.
[INFO] Rocket. Step: 26140000. Time Elapsed: 23589.382 s. Mean Reward: -12.247. Std of Reward: 5.057. Training.
[INFO] Rocket. Step: 26160000. Time Elapsed: 23604.692 s. Mean Reward: -13.001. Std of Reward: 7.498. Training.
[INFO] Rocket. Step: 26180000. Time Elapsed: 23625.563 s. Mean Reward: -11.960. Std of Reward: 6.004. Training.
[INFO] Rocket. Step: 26200000. Time Elapsed: 23641.156 s. Mean Reward: -12.256. Std of Reward: 2.283. Training.
[INFO] Rocket. Step: 26220000. Time Elapsed: 23661.893 s. Mean Reward: -13.374. Std of Reward: 8.884. Training.
[INFO] Rocket. Step: 26240000. Time Elapsed: 23677.215 s. Mean Reward: -12.902. Std of Reward: 5.903. Training.
[INFO] Rocket. Step: 26260000. Time Elapsed: 23699.088 s. Mean Reward: -12.935. Std of Reward: 5.970. Training.
[INFO] Rocket. Step: 26280000. Time Elapsed: 23713.927 s. Mean Reward: -12.504. Std of Reward: 6.858. Training.
[INFO] Rocket. Step: 26300000. Time Elapsed: 23736.773 s. Mean Reward: -12.442. Std of Reward: 7.066. Training.
[INFO] Rocket. Step: 26320000. Time Elapsed: 23750.678 s. Mean Reward: -11.812. Std of Reward: 5.941. Training.
[INFO] Rocket. Step: 26340000. Time Elapsed: 23772.415 s. Mean Reward: -14.027. Std of Reward: 7.632. Training.
[INFO] Rocket. Step: 26360000. Time Elapsed: 23787.593 s. Mean Reward: -12.262. Std of Reward: 7.285. Training.
[INFO] Rocket. Step: 26380000. Time Elapsed: 23810.150 s. Mean Reward: -12.603. Std of Reward: 8.314. Training.
[INFO] Rocket. Step: 26400000. Time Elapsed: 23825.251 s. Mean Reward: -13.352. Std of Reward: 7.104. Training.
[INFO] Rocket. Step: 26420000. Time Elapsed: 23839.157 s. Mean Reward: -13.261. Std of Reward: 7.088. Training.
[INFO] Rocket. Step: 26440000. Time Elapsed: 23860.764 s. Mean Reward: -11.819. Std of Reward: 3.235. Training.
[INFO] Rocket. Step: 26460000. Time Elapsed: 23875.222 s. Mean Reward: -12.452. Std of Reward: 4.454. Training.
[INFO] Rocket. Step: 26480000. Time Elapsed: 23896.029 s. Mean Reward: -11.846. Std of Reward: 3.124. Training.
[INFO] Rocket. Step: 26500000. Time Elapsed: 23911.407 s. Mean Reward: -12.133. Std of Reward: 5.438. Training.
[INFO] Exported results\L6\Rocket\Rocket-26499934.onnx
[INFO] Rocket. Step: 26520000. Time Elapsed: 23932.677 s. Mean Reward: -13.228. Std of Reward: 8.865. Training.
[INFO] Rocket. Step: 26540000. Time Elapsed: 23948.451 s. Mean Reward: -13.726. Std of Reward: 9.976. Training.
[INFO] Rocket. Step: 26560000. Time Elapsed: 23969.207 s. Mean Reward: -12.588. Std of Reward: 5.824. Training.
[INFO] Rocket. Step: 26580000. Time Elapsed: 23984.866 s. Mean Reward: -12.397. Std of Reward: 5.124. Training.
[INFO] Rocket. Step: 26600000. Time Elapsed: 24005.896 s. Mean Reward: -13.680. Std of Reward: 8.159. Training.
[INFO] Rocket. Step: 26620000. Time Elapsed: 24020.830 s. Mean Reward: -11.965. Std of Reward: 2.371. Training.
[INFO] Rocket. Step: 26640000. Time Elapsed: 24042.230 s. Mean Reward: -12.288. Std of Reward: 7.207. Training.
[INFO] Rocket. Step: 26660000. Time Elapsed: 24056.630 s. Mean Reward: -12.052. Std of Reward: 2.642. Training.
[INFO] Rocket. Step: 26680000. Time Elapsed: 24078.340 s. Mean Reward: -11.323. Std of Reward: 6.753. Training.
[INFO] Rocket. Step: 26700000. Time Elapsed: 24093.992 s. Mean Reward: -12.716. Std of Reward: 8.314. Training.
[INFO] Rocket. Step: 26720000. Time Elapsed: 24115.917 s. Mean Reward: -12.686. Std of Reward: 7.914. Training.
[INFO] Rocket. Step: 26740000. Time Elapsed: 24131.313 s. Mean Reward: -12.973. Std of Reward: 7.567. Training.
[INFO] Rocket. Step: 26760000. Time Elapsed: 24151.836 s. Mean Reward: -13.593. Std of Reward: 8.127. Training.
[INFO] Rocket. Step: 26780000. Time Elapsed: 24167.339 s. Mean Reward: -11.401. Std of Reward: 6.506. Training.
[INFO] Rocket. Step: 26800000. Time Elapsed: 24190.248 s. Mean Reward: -14.517. Std of Reward: 10.064. Training.
[INFO] Rocket. Step: 26820000. Time Elapsed: 24205.303 s. Mean Reward: -13.535. Std of Reward: 10.014. Training.
[INFO] Rocket. Step: 26840000. Time Elapsed: 24227.261 s. Mean Reward: -12.516. Std of Reward: 6.374. Training.
[INFO] Rocket. Step: 26860000. Time Elapsed: 24241.799 s. Mean Reward: -11.274. Std of Reward: 8.705. Training.
[INFO] Rocket. Step: 26880000. Time Elapsed: 24263.759 s. Mean Reward: -13.037. Std of Reward: 7.052. Training.
[INFO] Rocket. Step: 26900000. Time Elapsed: 24279.030 s. Mean Reward: -12.876. Std of Reward: 7.930. Training.
[INFO] Rocket. Step: 26920000. Time Elapsed: 24301.247 s. Mean Reward: -12.384. Std of Reward: 10.029. Training.
[INFO] Rocket. Step: 26940000. Time Elapsed: 24316.144 s. Mean Reward: -12.963. Std of Reward: 7.556. Training.
[INFO] Rocket. Step: 26960000. Time Elapsed: 24337.192 s. Mean Reward: -12.196. Std of Reward: 5.001. Training.
[INFO] Rocket. Step: 26980000. Time Elapsed: 24352.162 s. Mean Reward: -11.657. Std of Reward: 4.145. Training.
[INFO] Rocket. Step: 27000000. Time Elapsed: 24373.971 s. Mean Reward: -11.952. Std of Reward: 2.272. Training.
[INFO] Exported results\L6\Rocket\Rocket-26999981.onnx
[INFO] Rocket. Step: 27020000. Time Elapsed: 24389.025 s. Mean Reward: -13.014. Std of Reward: 7.674. Training.
[INFO] Rocket. Step: 27040000. Time Elapsed: 24410.884 s. Mean Reward: -12.629. Std of Reward: 7.939. Training.
[INFO] Rocket. Step: 27060000. Time Elapsed: 24425.701 s. Mean Reward: -12.169. Std of Reward: 8.887. Training.
[INFO] Rocket. Step: 27080000. Time Elapsed: 24447.409 s. Mean Reward: -12.324. Std of Reward: 5.092. Training.
[INFO] Rocket. Step: 27100000. Time Elapsed: 24461.346 s. Mean Reward: -12.370. Std of Reward: 4.618. Training.
[INFO] Rocket. Step: 27120000. Time Elapsed: 24483.725 s. Mean Reward: -12.635. Std of Reward: 6.426. Training.
[INFO] Rocket. Step: 27140000. Time Elapsed: 24498.206 s. Mean Reward: -11.743. Std of Reward: 5.503. Training.
[INFO] Rocket. Step: 27160000. Time Elapsed: 24522.171 s. Mean Reward: -13.392. Std of Reward: 7.198. Training.
[INFO] Rocket. Step: 27180000. Time Elapsed: 24536.039 s. Mean Reward: -12.920. Std of Reward: 11.166. Training.
[INFO] Rocket. Step: 27200000. Time Elapsed: 24551.173 s. Mean Reward: -12.111. Std of Reward: 4.956. Training.
[INFO] Rocket. Step: 27220000. Time Elapsed: 24571.707 s. Mean Reward: -11.474. Std of Reward: 3.783. Training.
[INFO] Rocket. Step: 27240000. Time Elapsed: 24587.144 s. Mean Reward: -13.050. Std of Reward: 5.424. Training.
[INFO] Rocket. Step: 27260000. Time Elapsed: 24609.084 s. Mean Reward: -13.392. Std of Reward: 8.879. Training.
[INFO] Rocket. Step: 27280000. Time Elapsed: 24624.180 s. Mean Reward: -12.052. Std of Reward: 7.403. Training.
[INFO] Rocket. Step: 27300000. Time Elapsed: 24645.179 s. Mean Reward: -13.213. Std of Reward: 6.983. Training.
[INFO] Rocket. Step: 27320000. Time Elapsed: 24660.369 s. Mean Reward: -13.357. Std of Reward: 8.398. Training.
[INFO] Rocket. Step: 27340000. Time Elapsed: 24682.822 s. Mean Reward: -12.534. Std of Reward: 8.105. Training.
[INFO] Rocket. Step: 27360000. Time Elapsed: 24697.185 s. Mean Reward: -12.374. Std of Reward: 6.529. Training.
[INFO] Rocket. Step: 27380000. Time Elapsed: 24717.983 s. Mean Reward: -12.427. Std of Reward: 4.406. Training.
[INFO] Rocket. Step: 27400000. Time Elapsed: 24733.745 s. Mean Reward: -12.904. Std of Reward: 5.417. Training.
[INFO] Rocket. Step: 27420000. Time Elapsed: 24754.270 s. Mean Reward: -12.539. Std of Reward: 6.438. Training.
[INFO] Rocket. Step: 27440000. Time Elapsed: 24769.864 s. Mean Reward: -11.454. Std of Reward: 6.466. Training.
[INFO] Rocket. Step: 27460000. Time Elapsed: 24791.164 s. Mean Reward: -13.041. Std of Reward: 7.528. Training.
[INFO] Rocket. Step: 27480000. Time Elapsed: 24806.047 s. Mean Reward: -13.316. Std of Reward: 6.632. Training.
[INFO] Rocket. Step: 27500000. Time Elapsed: 24827.698 s. Mean Reward: -12.894. Std of Reward: 7.560. Training.
[INFO] Exported results\L6\Rocket\Rocket-27499853.onnx
[INFO] Rocket. Step: 27520000. Time Elapsed: 24842.685 s. Mean Reward: -13.147. Std of Reward: 7.099. Training.
[INFO] Rocket. Step: 27540000. Time Elapsed: 24863.655 s. Mean Reward: -12.602. Std of Reward: 6.314. Training.
[INFO] Rocket. Step: 27560000. Time Elapsed: 24879.675 s. Mean Reward: -14.703. Std of Reward: 9.388. Training.
[INFO] Rocket. Step: 27580000. Time Elapsed: 24901.425 s. Mean Reward: -12.830. Std of Reward: 9.546. Training.
[INFO] Rocket. Step: 27600000. Time Elapsed: 24916.329 s. Mean Reward: -13.879. Std of Reward: 7.583. Training.
[INFO] Rocket. Step: 27620000. Time Elapsed: 24937.406 s. Mean Reward: -13.175. Std of Reward: 7.088. Training.
[INFO] Rocket. Step: 27640000. Time Elapsed: 24952.329 s. Mean Reward: -12.079. Std of Reward: 5.504. Training.
[INFO] Rocket. Step: 27660000. Time Elapsed: 24973.879 s. Mean Reward: -12.349. Std of Reward: 6.723. Training.
[INFO] Rocket. Step: 27680000. Time Elapsed: 24989.328 s. Mean Reward: -12.506. Std of Reward: 4.492. Training.
[INFO] Rocket. Step: 27700000. Time Elapsed: 25010.306 s. Mean Reward: -12.825. Std of Reward: 5.969. Training.
[INFO] Rocket. Step: 27720000. Time Elapsed: 25024.830 s. Mean Reward: -12.817. Std of Reward: 5.958. Training.
[INFO] Rocket. Step: 27740000. Time Elapsed: 25047.067 s. Mean Reward: -12.235. Std of Reward: 5.101. Training.
[INFO] Rocket. Step: 27760000. Time Elapsed: 25061.180 s. Mean Reward: -12.558. Std of Reward: 4.482. Training.
[INFO] Rocket. Step: 27780000. Time Elapsed: 25082.994 s. Mean Reward: -12.875. Std of Reward: 5.879. Training.
[INFO] Rocket. Step: 27800000. Time Elapsed: 25098.400 s. Mean Reward: -12.633. Std of Reward: 6.460. Training.
[INFO] Rocket. Step: 27820000. Time Elapsed: 25119.997 s. Mean Reward: -12.340. Std of Reward: 5.064. Training.
[INFO] Rocket. Step: 27840000. Time Elapsed: 25133.636 s. Mean Reward: -12.224. Std of Reward: 4.534. Training.
[INFO] Rocket. Step: 27860000. Time Elapsed: 25155.474 s. Mean Reward: -12.017. Std of Reward: 5.418. Training.
[INFO] Rocket. Step: 27880000. Time Elapsed: 25170.435 s. Mean Reward: -12.309. Std of Reward: 5.184. Training.
[INFO] Rocket. Step: 27900000. Time Elapsed: 25192.591 s. Mean Reward: -11.970. Std of Reward: 5.019. Training.
[INFO] Rocket. Step: 27920000. Time Elapsed: 25207.096 s. Mean Reward: -12.862. Std of Reward: 5.874. Training.
[INFO] Rocket. Step: 27940000. Time Elapsed: 25229.035 s. Mean Reward: -13.114. Std of Reward: 5.392. Training.
[INFO] Rocket. Step: 27960000. Time Elapsed: 25242.307 s. Mean Reward: -12.874. Std of Reward: 5.862. Training.
[INFO] Rocket. Step: 27980000. Time Elapsed: 25256.312 s. Mean Reward: -12.311. Std of Reward: 4.987. Training.
[INFO] Rocket. Step: 28000000. Time Elapsed: 25277.721 s. Mean Reward: -12.509. Std of Reward: 4.438. Training.
[INFO] Exported results\L6\Rocket\Rocket-27999998.onnx
[INFO] Rocket. Step: 28020000. Time Elapsed: 25292.729 s. Mean Reward: -12.718. Std of Reward: 6.517. Training.
[INFO] Rocket. Step: 28040000. Time Elapsed: 25312.893 s. Mean Reward: -13.453. Std of Reward: 6.563. Training.
[INFO] Rocket. Step: 28060000. Time Elapsed: 25327.555 s. Mean Reward: -12.754. Std of Reward: 3.893. Training.
[INFO] Rocket. Step: 28080000. Time Elapsed: 25349.259 s. Mean Reward: -12.911. Std of Reward: 6.001. Training.
[INFO] Rocket. Step: 28100000. Time Elapsed: 25363.475 s. Mean Reward: -13.356. Std of Reward: 6.686. Training.
[INFO] Rocket. Step: 28120000. Time Elapsed: 25384.097 s. Mean Reward: -12.773. Std of Reward: 4.481. Training.
[INFO] Rocket. Step: 28140000. Time Elapsed: 25398.180 s. Mean Reward: -12.367. Std of Reward: 0.905. Training.
[INFO] Rocket. Step: 28160000. Time Elapsed: 25419.063 s. Mean Reward: -12.156. Std of Reward: 2.477. Training.
[INFO] Rocket. Step: 28180000. Time Elapsed: 25435.155 s. Mean Reward: -13.010. Std of Reward: 5.829. Training.
[INFO] Rocket. Step: 28200000. Time Elapsed: 25454.980 s. Mean Reward: -12.762. Std of Reward: 6.370. Training.
[INFO] Rocket. Step: 28220000. Time Elapsed: 25470.632 s. Mean Reward: -13.152. Std of Reward: 5.374. Training.
[INFO] Rocket. Step: 28240000. Time Elapsed: 25491.360 s. Mean Reward: -13.598. Std of Reward: 7.127. Training.
[INFO] Rocket. Step: 28260000. Time Elapsed: 25506.067 s. Mean Reward: -12.393. Std of Reward: 2.349. Training.
[INFO] Rocket. Step: 28280000. Time Elapsed: 25527.299 s. Mean Reward: -12.150. Std of Reward: 2.257. Training.
[INFO] Rocket. Step: 28300000. Time Elapsed: 25541.673 s. Mean Reward: -11.677. Std of Reward: 3.952. Training.
[INFO] Rocket. Step: 28320000. Time Elapsed: 25562.422 s. Mean Reward: -12.460. Std of Reward: 4.984. Training.
[INFO] Rocket. Step: 28340000. Time Elapsed: 25577.430 s. Mean Reward: -11.856. Std of Reward: 3.692. Training.
[INFO] Rocket. Step: 28360000. Time Elapsed: 25598.732 s. Mean Reward: -12.708. Std of Reward: 4.501. Training.
[INFO] Rocket. Step: 28380000. Time Elapsed: 25613.005 s. Mean Reward: -11.989. Std of Reward: 3.148. Training.
[INFO] Rocket. Step: 28400000. Time Elapsed: 25633.761 s. Mean Reward: -12.645. Std of Reward: 4.529. Training.
[INFO] Rocket. Step: 28420000. Time Elapsed: 25648.200 s. Mean Reward: -12.580. Std of Reward: 6.284. Training.
[INFO] Rocket. Step: 28440000. Time Elapsed: 25669.748 s. Mean Reward: -13.507. Std of Reward: 6.624. Training.
[INFO] Rocket. Step: 28460000. Time Elapsed: 25684.780 s. Mean Reward: -12.286. Std of Reward: 0.887. Training.
[INFO] Rocket. Step: 28480000. Time Elapsed: 25705.326 s. Mean Reward: -11.708. Std of Reward: 6.027. Training.
[INFO] Rocket. Step: 28500000. Time Elapsed: 25720.303 s. Mean Reward: -14.073. Std of Reward: 7.635. Training.
[INFO] Exported results\L6\Rocket\Rocket-28499900.onnx
[INFO] Rocket. Step: 28520000. Time Elapsed: 25741.676 s. Mean Reward: -11.595. Std of Reward: 4.015. Training.
[INFO] Rocket. Step: 28540000. Time Elapsed: 25756.483 s. Mean Reward: -12.926. Std of Reward: 5.978. Training.
[INFO] Rocket. Step: 28560000. Time Elapsed: 25777.414 s. Mean Reward: -12.807. Std of Reward: 5.781. Training.
[INFO] Rocket. Step: 28580000. Time Elapsed: 25792.294 s. Mean Reward: -12.735. Std of Reward: 5.904. Training.
[INFO] Rocket. Step: 28600000. Time Elapsed: 25813.263 s. Mean Reward: -12.278. Std of Reward: 1.033. Training.
[INFO] Rocket. Step: 28620000. Time Elapsed: 25827.599 s. Mean Reward: -12.787. Std of Reward: 3.855. Training.
[INFO] Rocket. Step: 28640000. Time Elapsed: 25849.015 s. Mean Reward: -13.044. Std of Reward: 5.445. Training.
[INFO] Rocket. Step: 28660000. Time Elapsed: 25863.307 s. Mean Reward: -12.421. Std of Reward: 5.371. Training.
[INFO] Rocket. Step: 28680000. Time Elapsed: 25885.793 s. Mean Reward: -12.447. Std of Reward: 4.494. Training.
[INFO] Rocket. Step: 28700000. Time Elapsed: 25898.914 s. Mean Reward: -12.399. Std of Reward: 4.818. Training.
[INFO] Rocket. Step: 28720000. Time Elapsed: 25914.466 s. Mean Reward: -13.036. Std of Reward: 5.383. Training.
[INFO] Rocket. Step: 28740000. Time Elapsed: 25935.001 s. Mean Reward: -13.034. Std of Reward: 8.821. Training.
[INFO] Rocket. Step: 28760000. Time Elapsed: 25950.579 s. Mean Reward: -13.404. Std of Reward: 8.654. Training.
[INFO] Rocket. Step: 28780000. Time Elapsed: 25972.517 s. Mean Reward: -13.838. Std of Reward: 7.781. Training.
[INFO] Rocket. Step: 28800000. Time Elapsed: 25986.869 s. Mean Reward: -12.977. Std of Reward: 7.459. Training.
[INFO] Rocket. Step: 28820000. Time Elapsed: 26008.307 s. Mean Reward: -13.402. Std of Reward: 7.155. Training.
[INFO] Rocket. Step: 28840000. Time Elapsed: 26023.460 s. Mean Reward: -11.901. Std of Reward: 3.215. Training.
[INFO] Rocket. Step: 28860000. Time Elapsed: 26044.243 s. Mean Reward: -12.810. Std of Reward: 5.984. Training.
[INFO] Rocket. Step: 28880000. Time Elapsed: 26059.400 s. Mean Reward: -12.487. Std of Reward: 4.485. Training.
[INFO] Rocket. Step: 28900000. Time Elapsed: 26080.822 s. Mean Reward: -13.376. Std of Reward: 7.045. Training.
[INFO] Rocket. Step: 28920000. Time Elapsed: 26094.961 s. Mean Reward: -12.372. Std of Reward: 5.096. Training.
[INFO] Rocket. Step: 28940000. Time Elapsed: 26116.435 s. Mean Reward: -12.568. Std of Reward: 3.820. Training.
[INFO] Rocket. Step: 28960000. Time Elapsed: 26131.070 s. Mean Reward: -11.970. Std of Reward: 3.077. Training.
[INFO] Rocket. Step: 28980000. Time Elapsed: 26152.076 s. Mean Reward: -12.515. Std of Reward: 4.472. Training.
[INFO] Rocket. Step: 29000000. Time Elapsed: 26166.553 s. Mean Reward: -12.319. Std of Reward: 1.015. Training.
[INFO] Exported results\L6\Rocket\Rocket-28999970.onnx
[INFO] Rocket. Step: 29020000. Time Elapsed: 26187.621 s. Mean Reward: -12.023. Std of Reward: 5.496. Training.
[INFO] Rocket. Step: 29040000. Time Elapsed: 26202.498 s. Mean Reward: -12.763. Std of Reward: 3.782. Training.
[INFO] Rocket. Step: 29060000. Time Elapsed: 26223.383 s. Mean Reward: -13.509. Std of Reward: 7.959. Training.
[INFO] Rocket. Step: 29080000. Time Elapsed: 26238.684 s. Mean Reward: -12.905. Std of Reward: 4.083. Training.
[INFO] Rocket. Step: 29100000. Time Elapsed: 26259.475 s. Mean Reward: -12.716. Std of Reward: 5.802. Training.
[INFO] Rocket. Step: 29120000. Time Elapsed: 26274.556 s. Mean Reward: -12.853. Std of Reward: 6.013. Training.
[INFO] Rocket. Step: 29140000. Time Elapsed: 26295.800 s. Mean Reward: -12.404. Std of Reward: 5.054. Training.
[INFO] Rocket. Step: 29160000. Time Elapsed: 26310.130 s. Mean Reward: -12.195. Std of Reward: 5.214. Training.
[INFO] Rocket. Step: 29180000. Time Elapsed: 26330.689 s. Mean Reward: -12.093. Std of Reward: 3.275. Training.
[INFO] Rocket. Step: 29200000. Time Elapsed: 26346.093 s. Mean Reward: -12.357. Std of Reward: 4.374. Training.
[INFO] Rocket. Step: 29220000. Time Elapsed: 26367.148 s. Mean Reward: -12.474. Std of Reward: 6.356. Training.
[INFO] Rocket. Step: 29240000. Time Elapsed: 26382.057 s. Mean Reward: -12.387. Std of Reward: 4.478. Training.
[INFO] Rocket. Step: 29260000. Time Elapsed: 26403.498 s. Mean Reward: -12.544. Std of Reward: 8.168. Training.
[INFO] Rocket. Step: 29280000. Time Elapsed: 26418.498 s. Mean Reward: -12.475. Std of Reward: 4.731. Training.
[INFO] Rocket. Step: 29300000. Time Elapsed: 26440.226 s. Mean Reward: -12.397. Std of Reward: 4.575. Training.
[INFO] Rocket. Step: 29320000. Time Elapsed: 26455.186 s. Mean Reward: -12.011. Std of Reward: 7.452. Training.
[INFO] Rocket. Step: 29340000. Time Elapsed: 26476.586 s. Mean Reward: -13.106. Std of Reward: 7.462. Training.
[INFO] Rocket. Step: 29360000. Time Elapsed: 26491.409 s. Mean Reward: -12.609. Std of Reward: 6.441. Training.
[INFO] Rocket. Step: 29380000. Time Elapsed: 26513.070 s. Mean Reward: -12.553. Std of Reward: 4.391. Training.
[INFO] Rocket. Step: 29400000. Time Elapsed: 26527.438 s. Mean Reward: -12.773. Std of Reward: 5.991. Training.
[INFO] Rocket. Step: 29420000. Time Elapsed: 26548.797 s. Mean Reward: -11.811. Std of Reward: 3.328. Training.
[INFO] Rocket. Step: 29440000. Time Elapsed: 26563.006 s. Mean Reward: -12.598. Std of Reward: 6.343. Training.
[INFO] Rocket. Step: 29460000. Time Elapsed: 26586.340 s. Mean Reward: -12.271. Std of Reward: 4.454. Training.
[INFO] Rocket. Step: 29480000. Time Elapsed: 26599.842 s. Mean Reward: -13.590. Std of Reward: 8.114. Training.
[INFO] Rocket. Step: 29500000. Time Elapsed: 26615.016 s. Mean Reward: -13.857. Std of Reward: 8.017. Training.
[INFO] Exported results\L6\Rocket\Rocket-29499994.onnx
[INFO] Rocket. Step: 29520000. Time Elapsed: 26636.407 s. Mean Reward: -12.481. Std of Reward: 6.371. Training.
[INFO] Rocket. Step: 29540000. Time Elapsed: 26650.453 s. Mean Reward: -11.955. Std of Reward: 5.538. Training.
[INFO] Rocket. Step: 29560000. Time Elapsed: 26671.962 s. Mean Reward: -12.079. Std of Reward: 2.361. Training.
[INFO] Rocket. Step: 29580000. Time Elapsed: 26686.994 s. Mean Reward: -11.842. Std of Reward: 3.298. Training.
[INFO] Rocket. Step: 29600000. Time Elapsed: 26707.880 s. Mean Reward: -12.425. Std of Reward: 4.470. Training.
[INFO] Rocket. Step: 29620000. Time Elapsed: 26722.457 s. Mean Reward: -11.739. Std of Reward: 3.058. Training.
[INFO] Rocket. Step: 29640000. Time Elapsed: 26744.196 s. Mean Reward: -13.056. Std of Reward: 7.132. Training.
[INFO] Rocket. Step: 29660000. Time Elapsed: 26758.500 s. Mean Reward: -11.996. Std of Reward: 2.298. Training.
[INFO] Rocket. Step: 29680000. Time Elapsed: 26779.423 s. Mean Reward: -12.547. Std of Reward: 3.954. Training.
[INFO] Rocket. Step: 29700000. Time Elapsed: 26794.120 s. Mean Reward: -11.689. Std of Reward: 5.994. Training.
[INFO] Rocket. Step: 29720000. Time Elapsed: 26815.901 s. Mean Reward: -12.140. Std of Reward: 4.938. Training.
[INFO] Rocket. Step: 29740000. Time Elapsed: 26830.994 s. Mean Reward: -12.191. Std of Reward: 4.964. Training.
[INFO] Rocket. Step: 29760000. Time Elapsed: 26852.573 s. Mean Reward: -12.458. Std of Reward: 6.807. Training.
[INFO] Rocket. Step: 29780000. Time Elapsed: 26867.480 s. Mean Reward: -12.562. Std of Reward: 4.486. Training.
[INFO] Rocket. Step: 29800000. Time Elapsed: 26888.341 s. Mean Reward: -12.696. Std of Reward: 5.948. Training.
[INFO] Rocket. Step: 29820000. Time Elapsed: 26903.586 s. Mean Reward: -12.436. Std of Reward: 6.456. Training.
[INFO] Rocket. Step: 29840000. Time Elapsed: 26924.708 s. Mean Reward: -12.463. Std of Reward: 4.554. Training.
[INFO] Rocket. Step: 29860000. Time Elapsed: 26939.493 s. Mean Reward: -12.072. Std of Reward: 5.495. Training.
[INFO] Rocket. Step: 29880000. Time Elapsed: 26961.084 s. Mean Reward: -12.676. Std of Reward: 3.851. Training.
[INFO] Rocket. Step: 29900000. Time Elapsed: 26976.611 s. Mean Reward: -11.995. Std of Reward: 3.197. Training.
[INFO] Rocket. Step: 29920000. Time Elapsed: 26997.394 s. Mean Reward: -13.040. Std of Reward: 7.427. Training.
[INFO] Rocket. Step: 29940000. Time Elapsed: 27011.804 s. Mean Reward: -11.887. Std of Reward: 2.188. Training.
[INFO] Rocket. Step: 29960000. Time Elapsed: 27033.661 s. Mean Reward: -12.917. Std of Reward: 7.403. Training.
[INFO] Rocket. Step: 29980000. Time Elapsed: 27048.072 s. Mean Reward: -12.267. Std of Reward: 4.928. Training.
[INFO] Rocket. Step: 30000000. Time Elapsed: 27069.889 s. Mean Reward: -12.101. Std of Reward: 2.303. Training.
[INFO] Exported results\L6\Rocket\Rocket-29999937.onnx
[INFO] Exported results\L6\Rocket\Rocket-30000142.onnx
[INFO] Copied results\L6\Rocket\Rocket-30000142.onnx to results\L6\Rocket.onnx.
