[RocketSim] Trainer started at 2026-08-21T09:22:13.8401263Z
[RocketSim] Working directory: C:\Users\dadii\Falcon9
[RocketSim] Command: C:\Users\dadii\Anaconda3\envs\mlagents_gpu\python.exe -u -m mlagents.trainers.learn "C:\Users\dadii\Falcon9\results\HoverSimple2\TrainingConfig.yaml" --run-id="HoverSimple2" --force --torch-device "cuda" --seed 1


	Unity Technologies

 Version information:
  ml-agents: 1.1.0,
  ml-agents-envs: 1.1.0,
  Communicator API: 1.5.0,
  PyTorch: 2.1.0+cu121
[INFO] Listening on port 5004. Start training by pressing the Play button in the Unity Editor.
[INFO] Connected to Unity environment with package version 4.0.2 and communication version 1.5.0
[INFO] Connected new brain: Rocket?team=0
[INFO] Hyperparameters for behavior name Rocket: 
	trainer_type:	ppo
	hyperparameters:	
	  batch_size:	4096
	  buffer_size:	40960
	  learning_rate:	0.0002
	  beta:	0.01
	  epsilon:	0.2
	  lambd:	0.98
	  num_epoch:	6
	  shared_critic:	False
	  learning_rate_schedule:	linear
	  beta_schedule:	linear
	  epsilon_schedule:	linear
	checkpoint_interval:	500000
	network_settings:	
	  normalize:	True
	  hidden_units:	512
	  num_layers:	3
	  vis_encode_type:	simple
	  memory:	None
	  goal_conditioning_type:	hyper
	  deterministic:	False
	reward_signals:	
	  extrinsic:	
	    gamma:	0.9995
	    strength:	1.0
	    network_settings:	
	      normalize:	False
	      hidden_units:	128
	      num_layers:	2
	      vis_encode_type:	simple
	      memory:	None
	      goal_conditioning_type:	hyper
	      deterministic:	False
	init_path:	None
	keep_checkpoints:	60
	even_checkpoints:	False
	max_steps:	30000000
	time_horizon:	1024
	summary_freq:	20000
	threaded:	True
	self_play:	None
	behavioral_cloning:	None
[INFO] Rocket. Step: 20000. Time Elapsed: 16.006 s. Mean Reward: -9.914. Std of Reward: 0.277. Training.
[INFO] Rocket. Step: 40000. Time Elapsed: 28.121 s. Mean Reward: -9.881. Std of Reward: 0.271. Training.
[INFO] Rocket. Step: 60000. Time Elapsed: 46.465 s. Mean Reward: -9.869. Std of Reward: 0.268. Training.
[INFO] Rocket. Step: 80000. Time Elapsed: 58.356 s. Mean Reward: -9.839. Std of Reward: 0.309. Training.
[INFO] Rocket. Step: 100000. Time Elapsed: 76.823 s. Mean Reward: -9.868. Std of Reward: 0.292. Training.
[INFO] Rocket. Step: 120000. Time Elapsed: 88.760 s. Mean Reward: -9.830. Std of Reward: 0.271. Training.
[INFO] Rocket. Step: 140000. Time Elapsed: 107.180 s. Mean Reward: -9.763. Std of Reward: 0.302. Training.
[INFO] Rocket. Step: 160000. Time Elapsed: 119.533 s. Mean Reward: -9.711. Std of Reward: 0.299. Training.
[INFO] Rocket. Step: 180000. Time Elapsed: 138.287 s. Mean Reward: -9.672. Std of Reward: 0.279. Training.
[INFO] Rocket. Step: 200000. Time Elapsed: 150.145 s. Mean Reward: -9.680. Std of Reward: 0.283. Training.
[INFO] Rocket. Step: 220000. Time Elapsed: 168.659 s. Mean Reward: -9.650. Std of Reward: 0.291. Training.
[INFO] Rocket. Step: 240000. Time Elapsed: 180.812 s. Mean Reward: -9.556. Std of Reward: 0.262. Training.
[INFO] Rocket. Step: 260000. Time Elapsed: 199.417 s. Mean Reward: -9.511. Std of Reward: 0.269. Training.
[INFO] Rocket. Step: 280000. Time Elapsed: 211.469 s. Mean Reward: -9.490. Std of Reward: 0.263. Training.
[INFO] Rocket. Step: 300000. Time Elapsed: 229.464 s. Mean Reward: -9.469. Std of Reward: 0.252. Training.
[INFO] Rocket. Step: 320000. Time Elapsed: 242.029 s. Mean Reward: -9.354. Std of Reward: 0.236. Training.
[INFO] Rocket. Step: 340000. Time Elapsed: 260.553 s. Mean Reward: -9.350. Std of Reward: 0.257. Training.
[INFO] Rocket. Step: 360000. Time Elapsed: 272.913 s. Mean Reward: -9.315. Std of Reward: 0.232. Training.
[INFO] Rocket. Step: 380000. Time Elapsed: 291.148 s. Mean Reward: -9.268. Std of Reward: 0.185. Training.
[INFO] Rocket. Step: 400000. Time Elapsed: 303.187 s. Mean Reward: -9.255. Std of Reward: 0.217. Training.
[INFO] Rocket. Step: 420000. Time Elapsed: 322.123 s. Mean Reward: -9.192. Std of Reward: 0.192. Training.
[INFO] Rocket. Step: 440000. Time Elapsed: 335.094 s. Mean Reward: -9.144. Std of Reward: 0.186. Training.
[INFO] Rocket. Step: 460000. Time Elapsed: 354.703 s. Mean Reward: -9.146. Std of Reward: 0.177. Training.
[INFO] Rocket. Step: 480000. Time Elapsed: 367.068 s. Mean Reward: -9.116. Std of Reward: 0.206. Training.
[INFO] Rocket. Step: 500000. Time Elapsed: 385.700 s. Mean Reward: -9.102. Std of Reward: 0.185. Training.
[INFO] Exported results\HoverSimple2\Rocket\Rocket-499873.onnx
[INFO] Rocket. Step: 520000. Time Elapsed: 398.037 s. Mean Reward: -9.055. Std of Reward: 0.165. Training.
[INFO] Rocket. Step: 540000. Time Elapsed: 416.264 s. Mean Reward: -9.062. Std of Reward: 0.166. Training.
[INFO] Rocket. Step: 560000. Time Elapsed: 428.466 s. Mean Reward: -8.993. Std of Reward: 0.163. Training.
[INFO] Rocket. Step: 580000. Time Elapsed: 447.971 s. Mean Reward: -9.002. Std of Reward: 0.177. Training.
[INFO] Rocket. Step: 600000. Time Elapsed: 460.018 s. Mean Reward: -8.940. Std of Reward: 0.183. Training.
[INFO] Rocket. Step: 620000. Time Elapsed: 479.284 s. Mean Reward: -8.931. Std of Reward: 0.166. Training.
[INFO] Rocket. Step: 640000. Time Elapsed: 491.414 s. Mean Reward: -8.860. Std of Reward: 0.189. Training.
[INFO] Rocket. Step: 660000. Time Elapsed: 510.465 s. Mean Reward: -8.898. Std of Reward: 0.183. Training.
[INFO] Rocket. Step: 680000. Time Elapsed: 522.500 s. Mean Reward: -8.829. Std of Reward: 0.175. Training.
[INFO] Rocket. Step: 700000. Time Elapsed: 541.405 s. Mean Reward: -8.820. Std of Reward: 0.193. Training.
[INFO] Rocket. Step: 720000. Time Elapsed: 553.552 s. Mean Reward: -8.783. Std of Reward: 0.205. Training.
[INFO] Rocket. Step: 740000. Time Elapsed: 572.663 s. Mean Reward: -8.761. Std of Reward: 0.220. Training.
[INFO] Rocket. Step: 760000. Time Elapsed: 584.244 s. Mean Reward: -8.659. Std of Reward: 0.210. Training.
[INFO] Rocket. Step: 780000. Time Elapsed: 595.947 s. Mean Reward: -8.621. Std of Reward: 0.233. Training.
[INFO] Rocket. Step: 800000. Time Elapsed: 614.001 s. Mean Reward: -8.595. Std of Reward: 0.243. Training.
[INFO] Rocket. Step: 820000. Time Elapsed: 626.228 s. Mean Reward: -8.651. Std of Reward: 0.246. Training.
[INFO] Rocket. Step: 840000. Time Elapsed: 645.340 s. Mean Reward: -8.523. Std of Reward: 0.233. Training.
[INFO] Rocket. Step: 860000. Time Elapsed: 656.681 s. Mean Reward: -8.571. Std of Reward: 0.275. Training.
[INFO] Rocket. Step: 880000. Time Elapsed: 675.801 s. Mean Reward: -8.442. Std of Reward: 0.274. Training.
[INFO] Rocket. Step: 900000. Time Elapsed: 687.748 s. Mean Reward: -8.442. Std of Reward: 0.353. Training.
[INFO] Rocket. Step: 920000. Time Elapsed: 705.751 s. Mean Reward: -8.419. Std of Reward: 0.300. Training.
[INFO] Rocket. Step: 940000. Time Elapsed: 717.467 s. Mean Reward: -8.379. Std of Reward: 0.274. Training.
[INFO] Rocket. Step: 960000. Time Elapsed: 736.229 s. Mean Reward: -8.458. Std of Reward: 0.305. Training.
[INFO] Rocket. Step: 980000. Time Elapsed: 748.803 s. Mean Reward: -8.402. Std of Reward: 0.414. Training.
[INFO] Rocket. Step: 1000000. Time Elapsed: 766.712 s. Mean Reward: -8.356. Std of Reward: 0.325. Training.
[INFO] Exported results\HoverSimple2\Rocket\Rocket-999650.onnx
[INFO] Rocket. Step: 1020000. Time Elapsed: 778.683 s. Mean Reward: -8.268. Std of Reward: 0.405. Training.
[INFO] Rocket. Step: 1040000. Time Elapsed: 797.193 s. Mean Reward: -8.236. Std of Reward: 0.389. Training.
[INFO] Rocket. Step: 1060000. Time Elapsed: 809.469 s. Mean Reward: -8.086. Std of Reward: 0.529. Training.
[INFO] Rocket. Step: 1080000. Time Elapsed: 828.065 s. Mean Reward: -8.241. Std of Reward: 0.346. Training.
[INFO] Rocket. Step: 1100000. Time Elapsed: 840.271 s. Mean Reward: -8.017. Std of Reward: 0.466. Training.
[INFO] Rocket. Step: 1120000. Time Elapsed: 858.709 s. Mean Reward: -7.877. Std of Reward: 0.488. Training.
[INFO] Rocket. Step: 1140000. Time Elapsed: 870.497 s. Mean Reward: -7.935. Std of Reward: 0.411. Training.
[INFO] Rocket. Step: 1160000. Time Elapsed: 889.066 s. Mean Reward: -7.811. Std of Reward: 0.487. Training.
[INFO] Rocket. Step: 1180000. Time Elapsed: 901.968 s. Mean Reward: -7.561. Std of Reward: 0.574. Training.
[INFO] Rocket. Step: 1200000. Time Elapsed: 920.636 s. Mean Reward: -7.430. Std of Reward: 0.607. Training.
[INFO] Rocket. Step: 1220000. Time Elapsed: 932.261 s. Mean Reward: -7.327. Std of Reward: 0.567. Training.
[INFO] Rocket. Step: 1240000. Time Elapsed: 951.281 s. Mean Reward: -7.234. Std of Reward: 0.718. Training.
[INFO] Rocket. Step: 1260000. Time Elapsed: 963.870 s. Mean Reward: -7.144. Std of Reward: 0.783. Training.
[INFO] Rocket. Step: 1280000. Time Elapsed: 982.260 s. Mean Reward: -6.893. Std of Reward: 0.817. Training.
[INFO] Rocket. Step: 1300000. Time Elapsed: 994.573 s. Mean Reward: -6.986. Std of Reward: 0.671. Training.
[INFO] Rocket. Step: 1320000. Time Elapsed: 1013.087 s. Mean Reward: -6.886. Std of Reward: 0.712. Training.
[INFO] Rocket. Step: 1340000. Time Elapsed: 1024.720 s. Mean Reward: -6.873. Std of Reward: 0.757. Training.
[INFO] Rocket. Step: 1360000. Time Elapsed: 1043.506 s. Mean Reward: -6.896. Std of Reward: 0.575. Training.
[INFO] Rocket. Step: 1380000. Time Elapsed: 1054.958 s. Mean Reward: -6.861. Std of Reward: 0.772. Training.
[INFO] Rocket. Step: 1400000. Time Elapsed: 1075.529 s. Mean Reward: -6.685. Std of Reward: 0.817. Training.
[INFO] Rocket. Step: 1420000. Time Elapsed: 1085.003 s. Mean Reward: -6.933. Std of Reward: 0.695. Training.
[INFO] Rocket. Step: 1440000. Time Elapsed: 1098.889 s. Mean Reward: -6.465. Std of Reward: 0.654. Training.
[INFO] Rocket. Step: 1460000. Time Elapsed: 1116.762 s. Mean Reward: -6.474. Std of Reward: 0.609. Training.
[INFO] Rocket. Step: 1480000. Time Elapsed: 1128.902 s. Mean Reward: -6.077. Std of Reward: 0.831. Training.
[INFO] Rocket. Step: 1500000. Time Elapsed: 1146.980 s. Mean Reward: -5.905. Std of Reward: 0.920. Training.
[INFO] Exported results\HoverSimple2\Rocket\Rocket-1499068.onnx
[INFO] Rocket. Step: 1520000. Time Elapsed: 1161.087 s. Mean Reward: -5.655. Std of Reward: 0.941. Training.
[INFO] Rocket. Step: 1540000. Time Elapsed: 1180.461 s. Mean Reward: -5.355. Std of Reward: 0.607. Training.
[INFO] Rocket. Step: 1560000. Time Elapsed: 1192.043 s. Mean Reward: -5.652. Std of Reward: 0.843. Training.
[INFO] Rocket. Step: 1580000. Time Elapsed: 1209.991 s. Mean Reward: -5.094. Std of Reward: 0.848. Training.
[INFO] Rocket. Step: 1600000. Time Elapsed: 1221.320 s. Mean Reward: -4.716. Std of Reward: 0.912. Training.
[INFO] Rocket. Step: 1620000. Time Elapsed: 1240.985 s. Mean Reward: -4.450. Std of Reward: 0.812. Training.
[INFO] Rocket. Step: 1640000. Time Elapsed: 1252.315 s. Mean Reward: -4.814. Std of Reward: 1.268. Training.
[INFO] Rocket. Step: 1660000. Time Elapsed: 1272.113 s. Mean Reward: -5.000. Std of Reward: 1.162. Training.
[INFO] Rocket. Step: 1680000. Time Elapsed: 1284.013 s. Mean Reward: -4.068. Std of Reward: 0.892. Training.
[INFO] Rocket. Step: 1700000. Time Elapsed: 1302.180 s. Mean Reward: -3.866. Std of Reward: 1.062. Training.
[INFO] Rocket. Step: 1720000. Time Elapsed: 1314.364 s. Mean Reward: -3.323. Std of Reward: 1.169. Training.
[INFO] Rocket. Step: 1740000. Time Elapsed: 1332.392 s. Mean Reward: -2.414. Std of Reward: 1.439. Training.
[INFO] Rocket. Step: 1760000. Time Elapsed: 1343.611 s. Mean Reward: -2.626. Std of Reward: 1.297. Training.
[INFO] Rocket. Step: 1780000. Time Elapsed: 1362.668 s. Mean Reward: -2.102. Std of Reward: 0.779. Training.
[INFO] Rocket. Step: 1800000. Time Elapsed: 1374.555 s. Mean Reward: -1.595. Std of Reward: 1.117. Training.
[INFO] Rocket. Step: 1820000. Time Elapsed: 1394.115 s. Mean Reward: -1.764. Std of Reward: 1.132. Training.
[INFO] Rocket. Step: 1840000. Time Elapsed: 1405.649 s. Mean Reward: -1.200. Std of Reward: 1.609. Training.
[INFO] Rocket. Step: 1860000. Time Elapsed: 1423.916 s. Mean Reward: -0.517. Std of Reward: 0.916. Training.
[INFO] Rocket. Step: 1880000. Time Elapsed: 1434.947 s. Mean Reward: 0.234. Std of Reward: 1.221. Training.
[INFO] Rocket. Step: 1900000. Time Elapsed: 1453.869 s. Mean Reward: -0.770. Std of Reward: 2.025. Training.
[INFO] Rocket. Step: 1920000. Time Elapsed: 1465.473 s. Mean Reward: 0.778. Std of Reward: 2.003. Training.
[INFO] Rocket. Step: 1940000. Time Elapsed: 1485.187 s. Mean Reward: 1.738. Std of Reward: 1.857. Training.
[INFO] Rocket. Step: 1960000. Time Elapsed: 1496.002 s. Mean Reward: 2.159. Std of Reward: 2.236. Training.
[INFO] Rocket. Step: 1980000. Time Elapsed: 1515.711 s. Mean Reward: 0.972. Std of Reward: 2.039. Training.
[INFO] Rocket. Step: 2000000. Time Elapsed: 1525.854 s. Mean Reward: 2.261. Std of Reward: 1.577. Training.
[INFO] Exported results\HoverSimple2\Rocket\Rocket-1999397.onnx
[INFO] Rocket. Step: 2020000. Time Elapsed: 1537.647 s. Mean Reward: 3.196. Std of Reward: 0.926. Training.
[INFO] Rocket. Step: 2040000. Time Elapsed: 1557.709 s. Mean Reward: 3.013. Std of Reward: 2.224. Training.
[INFO] Rocket. Step: 2060000. Time Elapsed: 1569.459 s. Mean Reward: 2.930. Std of Reward: 1.877. Training.
[INFO] Rocket. Step: 2080000. Time Elapsed: 1588.359 s. Mean Reward: 2.970. Std of Reward: 0.951. Training.
[INFO] Rocket. Step: 2100000. Time Elapsed: 1599.747 s. Mean Reward: 3.936. Std of Reward: 2.204. Training.
[INFO] Rocket. Step: 2120000. Time Elapsed: 1617.727 s. Mean Reward: 6.434. Std of Reward: 2.201. Training.
[INFO] Rocket. Step: 2140000. Time Elapsed: 1629.724 s. Mean Reward: 7.073. Std of Reward: 1.950. Training.
[INFO] Rocket. Step: 2160000. Time Elapsed: 1647.368 s. Mean Reward: 6.710. Std of Reward: 1.588. Training.
[INFO] Rocket. Step: 2180000. Time Elapsed: 1660.028 s. Mean Reward: 7.727. Std of Reward: 2.813. Training.
[INFO] Rocket. Step: 2200000. Time Elapsed: 1678.647 s. Mean Reward: 10.627. Std of Reward: 1.956. Training.
[INFO] Rocket. Step: 2220000. Time Elapsed: 1689.975 s. Mean Reward: 10.331. Std of Reward: 2.795. Training.
[INFO] Rocket. Step: 2240000. Time Elapsed: 1708.801 s. Mean Reward: 10.370. Std of Reward: 2.062. Training.
[INFO] Rocket. Step: 2260000. Time Elapsed: 1721.120 s. Mean Reward: 6.258. Std of Reward: 4.251. Training.
[INFO] Rocket. Step: 2280000. Time Elapsed: 1740.258 s. Mean Reward: 12.716. Std of Reward: 3.874. Training.
[INFO] Rocket. Step: 2300000. Time Elapsed: 1752.099 s. Mean Reward: 11.311. Std of Reward: 7.734. Training.
[INFO] Rocket. Step: 2320000. Time Elapsed: 1769.161 s. Mean Reward: 12.814. Std of Reward: 4.559. Training.
[INFO] Rocket. Step: 2340000. Time Elapsed: 1780.773 s. Mean Reward: 10.859. Std of Reward: 7.157. Training.
[INFO] Rocket. Step: 2360000. Time Elapsed: 1801.230 s. Mean Reward: 17.171. Std of Reward: 3.705. Training.
[INFO] Rocket. Step: 2380000. Time Elapsed: 1812.432 s. Mean Reward: 16.670. Std of Reward: 8.274. Training.
[INFO] Rocket. Step: 2400000. Time Elapsed: 1831.866 s. No episode was completed since last summary. Training.
[INFO] Rocket. Step: 2420000. Time Elapsed: 1843.836 s. Mean Reward: 19.541. Std of Reward: 5.130. Training.
[INFO] Rocket. Step: 2440000. Time Elapsed: 1861.498 s. Mean Reward: 21.071. Std of Reward: 2.348. Training.
[INFO] Rocket. Step: 2460000. Time Elapsed: 1873.657 s. Mean Reward: 23.607. Std of Reward: 4.031. Training.
[INFO] Rocket. Step: 2480000. Time Elapsed: 1892.457 s. Mean Reward: 24.930. Std of Reward: 1.816. Training.
[INFO] Rocket. Step: 2500000. Time Elapsed: 1904.110 s. Mean Reward: 18.780. Std of Reward: 0.301. Training.
[INFO] Exported results\HoverSimple2\Rocket\Rocket-2499186.onnx
[INFO] Rocket. Step: 2520000. Time Elapsed: 1922.865 s. Mean Reward: 18.429. Std of Reward: 4.340. Training.
[INFO] Rocket. Step: 2540000. Time Elapsed: 1935.929 s. Mean Reward: 27.345. Std of Reward: 1.246. Training.
[INFO] Rocket. Step: 2560000. Time Elapsed: 1954.774 s. Mean Reward: 26.012. Std of Reward: 2.988. Training.
[INFO] Rocket. Step: 2580000. Time Elapsed: 1965.036 s. Mean Reward: 18.577. Std of Reward: 7.409. Training.
[INFO] Rocket. Step: 2600000. Time Elapsed: 1976.979 s. Mean Reward: 29.740. Std of Reward: 3.891. Training.
[INFO] Rocket. Step: 2620000. Time Elapsed: 1995.270 s. No episode was completed since last summary. Training.
[INFO] Rocket. Step: 2640000. Time Elapsed: 2008.331 s. Mean Reward: 27.678. Std of Reward: 10.386. Training.
[INFO] Rocket. Step: 2660000. Time Elapsed: 2026.005 s. Mean Reward: 35.152. Std of Reward: 0.559. Training.
[INFO] Rocket. Step: 2680000. Time Elapsed: 2037.906 s. Mean Reward: 29.017. Std of Reward: 10.003. Training.
[INFO] Rocket. Step: 2700000. Time Elapsed: 2055.574 s. Mean Reward: 38.123. Std of Reward: 0.000. Training.
[INFO] Rocket. Step: 2720000. Time Elapsed: 2067.477 s. Mean Reward: 41.938. Std of Reward: 1.106. Training.
[INFO] Rocket. Step: 2740000. Time Elapsed: 2086.627 s. Mean Reward: 30.143. Std of Reward: 16.174. Training.
[INFO] Rocket. Step: 2760000. Time Elapsed: 2098.915 s. Mean Reward: 38.862. Std of Reward: 0.000. Training.
[INFO] Rocket. Step: 2780000. Time Elapsed: 2116.567 s. Mean Reward: 43.181. Std of Reward: 0.000. Training.
[INFO] Rocket. Step: 2800000. Time Elapsed: 2127.992 s. Mean Reward: 24.874. Std of Reward: 14.885. Training.
[INFO] Rocket. Step: 2820000. Time Elapsed: 2147.771 s. Mean Reward: 46.018. Std of Reward: 0.000. Training.
[INFO] Rocket. Step: 2840000. Time Elapsed: 2158.986 s. Mean Reward: 51.631. Std of Reward: 2.121. Training.
[INFO] Rocket. Step: 2860000. Time Elapsed: 2177.310 s. Mean Reward: 57.889. Std of Reward: 0.000. Training.
[INFO] Rocket. Step: 2880000. Time Elapsed: 2190.233 s. No episode was completed since last summary. Training.
[INFO] Rocket. Step: 2900000. Time Elapsed: 2208.252 s. Mean Reward: 47.825. Std of Reward: 14.472. Training.
[INFO] Rocket. Step: 2920000. Time Elapsed: 2221.155 s. Mean Reward: 55.297. Std of Reward: 2.572. Training.
[INFO] Rocket. Step: 2940000. Time Elapsed: 2240.366 s. No episode was completed since last summary. Training.
[INFO] Rocket. Step: 2960000. Time Elapsed: 2252.519 s. Mean Reward: 56.112. Std of Reward: 0.000. Training.
[INFO] Rocket. Step: 2980000. Time Elapsed: 2270.532 s. Mean Reward: 59.137. Std of Reward: 0.208. Training.
[INFO] Rocket. Step: 3000000. Time Elapsed: 2281.882 s. Mean Reward: 44.867. Std of Reward: 10.356. Training.
[INFO] Exported results\HoverSimple2\Rocket\Rocket-2999739.onnx
[INFO] Rocket. Step: 3020000. Time Elapsed: 2301.276 s. Mean Reward: 55.975. Std of Reward: 1.494. Training.
[INFO] Rocket. Step: 3040000. Time Elapsed: 2312.975 s. No episode was completed since last summary. Training.
[INFO] Rocket. Step: 3060000. Time Elapsed: 2333.472 s. No episode was completed since last summary. Training.
[INFO] Rocket. Step: 3080000. Time Elapsed: 2342.741 s. Mean Reward: 58.804. Std of Reward: 1.950. Training.
[INFO] Rocket. Step: 3100000. Time Elapsed: 2356.357 s. Mean Reward: 59.959. Std of Reward: 0.564. Training.
[INFO] Rocket. Step: 3120000. Time Elapsed: 2375.015 s. No episode was completed since last summary. Training.
[INFO] Rocket. Step: 3140000. Time Elapsed: 2387.337 s. Mean Reward: 62.931. Std of Reward: 0.000. Training.
[INFO] Rocket. Step: 3160000. Time Elapsed: 2405.080 s. Mean Reward: 60.456. Std of Reward: 2.559. Training.
[INFO] Rocket. Step: 3180000. Time Elapsed: 2416.502 s. Mean Reward: 62.230. Std of Reward: 0.115. Training.
[INFO] Rocket. Step: 3200000. Time Elapsed: 2436.732 s. Mean Reward: 60.414. Std of Reward: 0.218. Training.
[INFO] Rocket. Step: 3220000. Time Elapsed: 2447.135 s. No episode was completed since last summary. Training.
[INFO] Rocket. Step: 3240000. Time Elapsed: 2467.283 s. No episode was completed since last summary. Training.
[INFO] Rocket. Step: 3260000. Time Elapsed: 2477.340 s. Mean Reward: 61.090. Std of Reward: 2.408. Training.
[INFO] Rocket. Step: 3280000. Time Elapsed: 2497.235 s. Mean Reward: 60.399. Std of Reward: 1.080. Training.
[INFO] Rocket. Step: 3300000. Time Elapsed: 2509.608 s. No episode was completed since last summary. Training.
[INFO] Rocket. Step: 3320000. Time Elapsed: 2528.141 s. Mean Reward: 58.861. Std of Reward: 0.000. Training.
[INFO] Rocket. Step: 3340000. Time Elapsed: 2539.442 s. Mean Reward: 58.491. Std of Reward: 0.035. Training.
[INFO] Rocket. Step: 3360000. Time Elapsed: 2557.630 s. Mean Reward: 58.109. Std of Reward: 1.377. Training.
[INFO] Rocket. Step: 3380000. Time Elapsed: 2571.286 s. Mean Reward: 56.935. Std of Reward: 1.131. Training.
[INFO] Rocket. Step: 3400000. Time Elapsed: 2589.894 s. No episode was completed since last summary. Training.
[INFO] Rocket. Step: 3420000. Time Elapsed: 2601.464 s. No episode was completed since last summary. Training.
[INFO] Rocket. Step: 3440000. Time Elapsed: 2619.385 s. Mean Reward: 55.098. Std of Reward: 1.155. Training.
[INFO] Rocket. Step: 3460000. Time Elapsed: 2632.353 s. Mean Reward: 54.082. Std of Reward: 0.344. Training.
[INFO] Rocket. Step: 3480000. Time Elapsed: 2650.789 s. No episode was completed since last summary. Training.
[INFO] Rocket. Step: 3500000. Time Elapsed: 2662.296 s. Mean Reward: 55.805. Std of Reward: 0.000. Training.
[INFO] Exported results\HoverSimple2\Rocket\Rocket-3499611.onnx
[INFO] Rocket. Step: 3520000. Time Elapsed: 2681.002 s. Mean Reward: 54.739. Std of Reward: 3.174. Training.
[INFO] Rocket. Step: 3540000. Time Elapsed: 2693.444 s. Mean Reward: 54.283. Std of Reward: 0.000. Training.
[INFO] Rocket. Step: 3560000. Time Elapsed: 2713.932 s. Mean Reward: 54.250. Std of Reward: 0.666. Training.
[INFO] Rocket. Step: 3580000. Time Elapsed: 2722.706 s. No episode was completed since last summary. Training.
[INFO] Rocket. Step: 3600000. Time Elapsed: 2735.673 s. No episode was completed since last summary. Training.
[INFO] Rocket. Step: 3620000. Time Elapsed: 2753.439 s. Mean Reward: 54.973. Std of Reward: 1.377. Training.
[INFO] Rocket. Step: 3640000. Time Elapsed: 2767.939 s. Mean Reward: 56.384. Std of Reward: 0.333. Training.
[INFO] Rocket. Step: 3660000. Time Elapsed: 2785.271 s. No episode was completed since last summary. Training.
[INFO] Rocket. Step: 3680000. Time Elapsed: 2796.845 s. Mean Reward: 54.559. Std of Reward: 0.000. Training.
[INFO] Rocket. Step: 3700000. Time Elapsed: 2815.150 s. Mean Reward: 56.625. Std of Reward: 0.591. Training.
[INFO] Rocket. Step: 3720000. Time Elapsed: 2828.030 s. Mean Reward: 55.485. Std of Reward: 0.000. Training.
[INFO] Rocket. Step: 3740000. Time Elapsed: 2846.981 s. Mean Reward: 56.999. Std of Reward: 1.637. Training.
[INFO] Rocket. Step: 3760000. Time Elapsed: 2857.512 s. No episode was completed since last summary. Training.
[INFO] Rocket. Step: 3780000. Time Elapsed: 2876.984 s. No episode was completed since last summary. Training.
[INFO] Rocket. Step: 3800000. Time Elapsed: 2888.934 s. Mean Reward: 53.269. Std of Reward: 1.049. Training.
[INFO] Rocket. Step: 3820000. Time Elapsed: 2908.956 s. Mean Reward: 54.144. Std of Reward: 0.006. Training.
[INFO] Rocket. Step: 3840000. Time Elapsed: 2919.429 s. No episode was completed since last summary. Training.
[INFO] Rocket. Step: 3860000. Time Elapsed: 2937.939 s. Mean Reward: 55.750. Std of Reward: 0.000. Training.
[INFO] Rocket. Step: 3880000. Time Elapsed: 2949.298 s. Mean Reward: 54.798. Std of Reward: 1.151. Training.
[INFO] Rocket. Step: 3900000. Time Elapsed: 2969.085 s. Mean Reward: 57.973. Std of Reward: 0.000. Training.
[INFO] Rocket. Step: 3920000. Time Elapsed: 2981.023 s. Mean Reward: 56.301. Std of Reward: 0.659. Training.
[INFO] Rocket. Step: 3940000. Time Elapsed: 2999.720 s. No episode was completed since last summary. Training.
[INFO] Rocket. Step: 3960000. Time Elapsed: 3011.168 s. No episode was completed since last summary. Training.
[INFO] Rocket. Step: 3980000. Time Elapsed: 3030.766 s. Mean Reward: 56.501. Std of Reward: 0.642. Training.
[INFO] Rocket. Step: 4000000. Time Elapsed: 3043.791 s. Mean Reward: 54.627. Std of Reward: 1.352. Training.
[INFO] Exported results\HoverSimple2\Rocket\Rocket-3999822.onnx
[INFO] Rocket. Step: 4020000. Time Elapsed: 3054.079 s. No episode was completed since last summary. Training.
[INFO] Rocket. Step: 4040000. Time Elapsed: 3072.936 s. Mean Reward: 54.007. Std of Reward: 0.000. Training.
[INFO] Rocket. Step: 4060000. Time Elapsed: 3084.223 s. Mean Reward: 53.668. Std of Reward: 0.224. Training.
[INFO] Rocket. Step: 4080000. Time Elapsed: 3104.357 s. Mean Reward: 54.569. Std of Reward: 0.000. Training.
[INFO] Rocket. Step: 4100000. Time Elapsed: 3116.640 s. Mean Reward: 53.243. Std of Reward: 1.011. Training.
[INFO] Rocket. Step: 4120000. Time Elapsed: 3134.426 s. No episode was completed since last summary. Training.
[INFO] Rocket. Step: 4140000. Time Elapsed: 3146.313 s. No episode was completed since last summary. Training.
[INFO] Rocket. Step: 4160000. Time Elapsed: 3164.479 s. Mean Reward: 53.822. Std of Reward: 0.812. Training.
[INFO] Rocket. Step: 4180000. Time Elapsed: 3178.463 s. Mean Reward: 51.489. Std of Reward: 0.211. Training.
[INFO] Rocket. Step: 4200000. Time Elapsed: 3195.370 s. No episode was completed since last summary. Training.
[INFO] Rocket. Step: 4220000. Time Elapsed: 3207.386 s. Mean Reward: 49.135. Std of Reward: 3.061. Training.
[INFO] Rocket. Step: 4240000. Time Elapsed: 3226.059 s. Mean Reward: 53.125. Std of Reward: 0.096. Training.
[INFO] Rocket. Step: 4260000. Time Elapsed: 3238.289 s. Mean Reward: 52.925. Std of Reward: 0.000. Training.
[INFO] Rocket. Step: 4280000. Time Elapsed: 3257.254 s. Mean Reward: 54.050. Std of Reward: 0.871. Training.
[INFO] Rocket. Step: 4300000. Time Elapsed: 3269.375 s. No episode was completed since last summary. Training.
[INFO] Rocket. Step: 4320000. Time Elapsed: 3287.334 s. No episode was completed since last summary. Training.
[INFO] Rocket. Step: 4340000. Time Elapsed: 3300.079 s. Mean Reward: 55.110. Std of Reward: 0.638. Training.
[INFO] Rocket. Step: 4360000. Time Elapsed: 3319.235 s. Mean Reward: 54.441. Std of Reward: 0.073. Training.
[INFO] Rocket. Step: 4380000. Time Elapsed: 3329.677 s. No episode was completed since last summary. Training.
[INFO] Rocket. Step: 4400000. Time Elapsed: 3349.690 s. Mean Reward: 57.163. Std of Reward: 0.388. Training.
[INFO] Rocket. Step: 4420000. Time Elapsed: 3360.516 s. Mean Reward: 56.511. Std of Reward: 0.000. Training.
[INFO] Rocket. Step: 4440000. Time Elapsed: 3380.967 s. Mean Reward: 58.241. Std of Reward: 0.000. Training.
[INFO] Rocket. Step: 4460000. Time Elapsed: 3391.383 s. Mean Reward: 55.241. Std of Reward: 1.098. Training.
[INFO] Rocket. Step: 4480000. Time Elapsed: 3403.819 s. No episode was completed since last summary. Training.
[INFO] Rocket. Step: 4500000. Time Elapsed: 3421.689 s. No episode was completed since last summary. Training.
[INFO] Exported results\HoverSimple2\Rocket\Rocket-4499040.onnx
[INFO] Rocket. Step: 4520000. Time Elapsed: 3434.627 s. Mean Reward: 57.108. Std of Reward: 1.236. Training.
[INFO] Rocket. Step: 4540000. Time Elapsed: 3454.026 s. Mean Reward: 55.909. Std of Reward: 1.717. Training.
[INFO] Rocket. Step: 4560000. Time Elapsed: 3464.392 s. No episode was completed since last summary. Training.
[INFO] Rocket. Step: 4580000. Time Elapsed: 3484.034 s. Mean Reward: 57.741. Std of Reward: 1.019. Training.
[INFO] Rocket. Step: 4600000. Time Elapsed: 3495.401 s. Mean Reward: 57.367. Std of Reward: 0.000. Training.
[INFO] Rocket. Step: 4620000. Time Elapsed: 3515.822 s. Mean Reward: 60.150. Std of Reward: 0.000. Training.
[INFO] Rocket. Step: 4640000. Time Elapsed: 3526.223 s. Mean Reward: 57.183. Std of Reward: 0.439. Training.
[INFO] Rocket. Step: 4660000. Time Elapsed: 3544.904 s. No episode was completed since last summary. Training.
[INFO] Rocket. Step: 4680000. Time Elapsed: 3556.459 s. No episode was completed since last summary. Training.
[INFO] Rocket. Step: 4700000. Time Elapsed: 3576.324 s. Mean Reward: 57.904. Std of Reward: 0.616. Training.
[INFO] Rocket. Step: 4720000. Time Elapsed: 3589.402 s. Mean Reward: 57.037. Std of Reward: 0.800. Training.
[INFO] Rocket. Step: 4740000. Time Elapsed: 3607.781 s. No episode was completed since last summary. Training.
[INFO] Rocket. Step: 4760000. Time Elapsed: 3620.359 s. Mean Reward: 57.783. Std of Reward: 0.674. Training.
[INFO] Rocket. Step: 4780000. Time Elapsed: 3639.140 s. Mean Reward: 57.294. Std of Reward: 0.000. Training.
[INFO] Rocket. Step: 4800000. Time Elapsed: 3653.532 s. Mean Reward: 57.493. Std of Reward: 0.788. Training.
[INFO] Rocket. Step: 4820000. Time Elapsed: 3672.582 s. Mean Reward: 56.781. Std of Reward: 1.645. Training.
[INFO] Rocket. Step: 4840000. Time Elapsed: 3684.147 s. No episode was completed since last summary. Training.
[INFO] Rocket. Step: 4860000. Time Elapsed: 3703.894 s. No episode was completed since last summary. Training.
[INFO] Rocket. Step: 4880000. Time Elapsed: 3715.818 s. Mean Reward: 54.065. Std of Reward: 1.326. Training.
[INFO] Rocket. Step: 4900000. Time Elapsed: 3737.862 s. Mean Reward: 53.665. Std of Reward: 0.720. Training.
[INFO] Rocket. Step: 4920000. Time Elapsed: 3747.560 s. No episode was completed since last summary. Training.
[INFO] Rocket. Step: 4940000. Time Elapsed: 3760.320 s. Mean Reward: 55.115. Std of Reward: 0.675. Training.
[INFO] Rocket. Step: 4960000. Time Elapsed: 3778.964 s. Mean Reward: 55.222. Std of Reward: 0.000. Training.
[INFO] Rocket. Step: 4980000. Time Elapsed: 3793.400 s. Mean Reward: 54.607. Std of Reward: 0.744. Training.
[INFO] Rocket. Step: 5000000. Time Elapsed: 3811.281 s. Mean Reward: 57.010. Std of Reward: 0.297. Training.
[INFO] Exported results\HoverSimple2\Rocket\Rocket-4998990.onnx
[INFO] Rocket. Step: 5020000. Time Elapsed: 3824.261 s. No episode was completed since last summary. Training.
[INFO] Rocket. Step: 5040000. Time Elapsed: 3843.490 s. No episode was completed since last summary. Training.
[INFO] Rocket. Step: 5060000. Time Elapsed: 3855.891 s. Mean Reward: 56.451. Std of Reward: 1.107. Training.
[INFO] Rocket. Step: 5080000. Time Elapsed: 3875.665 s. Mean Reward: 52.931. Std of Reward: 0.707. Training.
[INFO] Rocket. Step: 5100000. Time Elapsed: 3887.186 s. No episode was completed since last summary. Training.
[INFO] Rocket. Step: 5120000. Time Elapsed: 3906.705 s. Mean Reward: 51.458. Std of Reward: 0.965. Training.
[INFO] Rocket. Step: 5140000. Time Elapsed: 3920.400 s. Mean Reward: 51.993. Std of Reward: 0.000. Training.
[INFO] Rocket. Step: 5160000. Time Elapsed: 3939.774 s. Mean Reward: 52.570. Std of Reward: 0.143. Training.
[INFO] Rocket. Step: 5180000. Time Elapsed: 3950.893 s. Mean Reward: 54.124. Std of Reward: 0.446. Training.
[INFO] Rocket. Step: 5200000. Time Elapsed: 3970.509 s. No episode was completed since last summary. Training.
[INFO] Rocket. Step: 5220000. Time Elapsed: 3983.251 s. No episode was completed since last summary. Training.
[INFO] Rocket. Step: 5240000. Time Elapsed: 4004.434 s. Mean Reward: 54.100. Std of Reward: 1.994. Training.
[INFO] Rocket. Step: 5260000. Time Elapsed: 4015.239 s. Mean Reward: 54.030. Std of Reward: 0.955. Training.
[INFO] Rocket. Step: 5280000. Time Elapsed: 4034.350 s. No episode was completed since last summary. Training.
[INFO] Rocket. Step: 5300000. Time Elapsed: 4046.356 s. Mean Reward: 52.834. Std of Reward: 1.438. Training.
[INFO] Rocket. Step: 5320000. Time Elapsed: 4067.184 s. Mean Reward: 53.319. Std of Reward: 0.000. Training.
[INFO] Rocket. Step: 5340000. Time Elapsed: 4079.573 s. Mean Reward: 53.414. Std of Reward: 0.000. Training.
[INFO] Rocket. Step: 5360000. Time Elapsed: 4090.655 s. Mean Reward: 53.036. Std of Reward: 0.360. Training.
[INFO] Rocket. Step: 5380000. Time Elapsed: 4110.913 s. No episode was completed since last summary. Training.
[INFO] Rocket. Step: 5400000. Time Elapsed: 4122.955 s. No episode was completed since last summary. Training.
[INFO] Rocket. Step: 5420000. Time Elapsed: 4144.473 s. Mean Reward: 52.757. Std of Reward: 0.761. Training.
[INFO] Rocket. Step: 5440000. Time Elapsed: 4155.157 s. Mean Reward: 53.253. Std of Reward: 0.774. Training.
[INFO] Rocket. Step: 5460000. Time Elapsed: 4174.327 s. No episode was completed since last summary. Training.
[INFO] Rocket. Step: 5480000. Time Elapsed: 4186.774 s. Mean Reward: 53.115. Std of Reward: 0.304. Training.
[INFO] Rocket. Step: 5500000. Time Elapsed: 4206.931 s. Mean Reward: 53.231. Std of Reward: 0.000. Training.
[INFO] Exported results\HoverSimple2\Rocket\Rocket-5499297.onnx
[INFO] Rocket. Step: 5520000. Time Elapsed: 4219.971 s. Mean Reward: 53.476. Std of Reward: 0.230. Training.
[INFO] Rocket. Step: 5540000. Time Elapsed: 4237.365 s. Mean Reward: 51.720. Std of Reward: 0.101. Training.
[INFO] Rocket. Step: 5560000. Time Elapsed: 4250.848 s. No episode was completed since last summary. Training.
[INFO] Rocket. Step: 5580000. Time Elapsed: 4269.678 s. No episode was completed since last summary. Training.
[INFO] Rocket. Step: 5600000. Time Elapsed: 4284.355 s. Mean Reward: 53.282. Std of Reward: 1.158. Training.
[INFO] Rocket. Step: 5620000. Time Elapsed: 4301.900 s. Mean Reward: 53.907. Std of Reward: 1.103. Training.
[INFO] Rocket. Step: 5640000. Time Elapsed: 4314.468 s. No episode was completed since last summary. Training.
[INFO] Rocket. Step: 5660000. Time Elapsed: 4333.406 s. Mean Reward: 53.198. Std of Reward: 0.639. Training.
[INFO] Rocket. Step: 5680000. Time Elapsed: 4346.906 s. Mean Reward: 53.904. Std of Reward: 0.000. Training.
[INFO] Rocket. Step: 5700000. Time Elapsed: 4366.517 s. Mean Reward: 53.793. Std of Reward: 1.121. Training.
[INFO] Rocket. Step: 5720000. Time Elapsed: 4378.448 s. Mean Reward: 54.626. Std of Reward: 0.223. Training.
[INFO] Rocket. Step: 5740000. Time Elapsed: 4398.037 s. No episode was completed since last summary. Training.
[INFO] Rocket. Step: 5760000. Time Elapsed: 4410.464 s. No episode was completed since last summary. Training.
[INFO] Rocket. Step: 5780000. Time Elapsed: 4431.535 s. Mean Reward: 54.801. Std of Reward: 0.717. Training.
[INFO] Rocket. Step: 5800000. Time Elapsed: 4442.282 s. Mean Reward: 56.162. Std of Reward: 0.284. Training.
[INFO] Rocket. Step: 5820000. Time Elapsed: 4455.371 s. No episode was completed since last summary. Training.
[INFO] Rocket. Step: 5840000. Time Elapsed: 4473.778 s. Mean Reward: 54.100. Std of Reward: 0.959. Training.
[INFO] Rocket. Step: 5860000. Time Elapsed: 4487.274 s. Mean Reward: 55.671. Std of Reward: 0.000. Training.
[INFO] Rocket. Step: 5880000. Time Elapsed: 4507.008 s. Mean Reward: 53.604. Std of Reward: 0.383. Training.
[INFO] Rocket. Step: 5900000. Time Elapsed: 4518.897 s. Mean Reward: 52.818. Std of Reward: 0.000. Training.
[INFO] Rocket. Step: 5920000. Time Elapsed: 4538.424 s. No episode was completed since last summary. Training.
[INFO] Rocket. Step: 5940000. Time Elapsed: 4550.827 s. No episode was completed since last summary. Training.
[INFO] Rocket. Step: 5960000. Time Elapsed: 4571.788 s. Mean Reward: 52.655. Std of Reward: 1.277. Training.
[INFO] Rocket. Step: 5980000. Time Elapsed: 4582.845 s. Mean Reward: 51.460. Std of Reward: 0.511. Training.
[INFO] Rocket. Step: 6000000. Time Elapsed: 4602.616 s. No episode was completed since last summary. Training.
[INFO] Exported results\HoverSimple2\Rocket\Rocket-5999486.onnx
[INFO] Rocket. Step: 6020000. Time Elapsed: 4615.267 s. Mean Reward: 54.938. Std of Reward: 0.957. Training.
[INFO] Rocket. Step: 6040000. Time Elapsed: 4634.621 s. Mean Reward: 54.861. Std of Reward: 0.000. Training.
[INFO] Rocket. Step: 6060000. Time Elapsed: 4647.690 s. Mean Reward: 54.916. Std of Reward: 1.022. Training.
[INFO] Rocket. Step: 6080000. Time Elapsed: 4666.396 s. Mean Reward: 55.620. Std of Reward: 0.000. Training.
[INFO] Rocket. Step: 6100000. Time Elapsed: 4679.130 s. No episode was completed since last summary. Training.
[INFO] Rocket. Step: 6120000. Time Elapsed: 4698.181 s. No episode was completed since last summary. Training.
[INFO] Rocket. Step: 6140000. Time Elapsed: 4712.556 s. Mean Reward: 55.175. Std of Reward: 1.470. Training.
[INFO] Rocket. Step: 6160000. Time Elapsed: 4731.822 s. Mean Reward: 55.930. Std of Reward: 0.385. Training.
[INFO] Rocket. Step: 6180000. Time Elapsed: 4743.379 s. No episode was completed since last summary. Training.
[INFO] Rocket. Step: 6200000. Time Elapsed: 4763.510 s. Mean Reward: 54.837. Std of Reward: 0.991. Training.
[INFO] Rocket. Step: 6220000. Time Elapsed: 4777.311 s. Mean Reward: 51.997. Std of Reward: 0.000. Training.
[INFO] Rocket. Step: 6240000. Time Elapsed: 4796.828 s. Mean Reward: 55.571. Std of Reward: 1.263. Training.
[INFO] Rocket. Step: 6260000. Time Elapsed: 4807.864 s. Mean Reward: 54.916. Std of Reward: 0.000. Training.
[INFO] Rocket. Step: 6280000. Time Elapsed: 4819.752 s. No episode was completed since last summary. Training.
[INFO] Rocket. Step: 6300000. Time Elapsed: 4839.714 s. No episode was completed since last summary. Training.
[INFO] Rocket. Step: 6320000. Time Elapsed: 4853.124 s. Mean Reward: 55.158. Std of Reward: 0.721. Training.
[INFO] Rocket. Step: 6340000. Time Elapsed: 4870.815 s. Mean Reward: 55.713. Std of Reward: 1.293. Training.
[INFO] Rocket. Step: 6360000. Time Elapsed: 4884.506 s. No episode was completed since last summary. Training.
[INFO] Rocket. Step: 6380000. Time Elapsed: 4902.595 s. Mean Reward: 52.766. Std of Reward: 1.499. Training.
[INFO] Rocket. Step: 6400000. Time Elapsed: 4917.109 s. Mean Reward: 55.568. Std of Reward: 0.000. Training.
[INFO] Rocket. Step: 6420000. Time Elapsed: 4935.300 s. Mean Reward: 55.032. Std of Reward: 1.960. Training.
[INFO] Rocket. Step: 6440000. Time Elapsed: 4948.050 s. Mean Reward: 56.094. Std of Reward: 0.000. Training.
[INFO] Rocket. Step: 6460000. Time Elapsed: 4966.631 s. No episode was completed since last summary. Training.
[INFO] Rocket. Step: 6480000. Time Elapsed: 4979.873 s. No episode was completed since last summary. Training.
[INFO] Rocket. Step: 6500000. Time Elapsed: 4999.968 s. Mean Reward: 55.173. Std of Reward: 1.756. Training.
[INFO] Exported results\HoverSimple2\Rocket\Rocket-6499586.onnx
[INFO] Rocket. Step: 6520000. Time Elapsed: 5011.726 s. Mean Reward: 54.424. Std of Reward: 0.759. Training.
[INFO] Rocket. Step: 6540000. Time Elapsed: 5031.462 s. No episode was completed since last summary. Training.
[INFO] Rocket. Step: 6560000. Time Elapsed: 5043.660 s. Mean Reward: 56.184. Std of Reward: 2.129. Training.
[INFO] Rocket. Step: 6580000. Time Elapsed: 5064.002 s. Mean Reward: 57.706. Std of Reward: 0.000. Training.
[INFO] Rocket. Step: 6600000. Time Elapsed: 5075.818 s. Mean Reward: 57.968. Std of Reward: 1.200. Training.
[INFO] Rocket. Step: 6620000. Time Elapsed: 5095.272 s. Mean Reward: 59.084. Std of Reward: 0.000. Training.
[INFO] Rocket. Step: 6640000. Time Elapsed: 5107.131 s. No episode was completed since last summary. Training.
[INFO] Rocket. Step: 6660000. Time Elapsed: 5127.516 s. Mean Reward: 58.267. Std of Reward: 0.000. Training.
[INFO] Rocket. Step: 6680000. Time Elapsed: 5140.282 s. Mean Reward: 58.537. Std of Reward: 1.483. Training.
[INFO] Rocket. Step: 6700000. Time Elapsed: 5159.687 s. Mean Reward: 60.225. Std of Reward: 0.049. Training.
[INFO] Rocket. Step: 6720000. Time Elapsed: 5171.353 s. No episode was completed since last summary. Training.
[INFO] Rocket. Step: 6740000. Time Elapsed: 5183.502 s. Mean Reward: 59.764. Std of Reward: 1.411. Training.
[INFO] Rocket. Step: 6760000. Time Elapsed: 5204.826 s. Mean Reward: 61.777. Std of Reward: 0.000. Training.
[INFO] Rocket. Step: 6780000. Time Elapsed: 5215.722 s. Mean Reward: 59.299. Std of Reward: 1.089. Training.
[INFO] Rocket. Step: 6800000. Time Elapsed: 5235.154 s. Mean Reward: 55.024. Std of Reward: 0.000. Training.
[INFO] Rocket. Step: 6820000. Time Elapsed: 5246.749 s. No episode was completed since last summary. Training.
[INFO] Rocket. Step: 6840000. Time Elapsed: 5267.044 s. Mean Reward: 59.091. Std of Reward: 0.000. Training.
[INFO] Rocket. Step: 6860000. Time Elapsed: 5280.144 s. Mean Reward: 58.831. Std of Reward: 1.000. Training.
[INFO] Rocket. Step: 6880000. Time Elapsed: 5298.354 s. Mean Reward: 60.624. Std of Reward: 0.198. Training.
[INFO] Rocket. Step: 6900000. Time Elapsed: 5311.618 s. No episode was completed since last summary. Training.
[INFO] Rocket. Step: 6920000. Time Elapsed: 5330.133 s. Mean Reward: 58.914. Std of Reward: 1.717. Training.
[INFO] Rocket. Step: 6940000. Time Elapsed: 5344.524 s. Mean Reward: 57.035. Std of Reward: 0.000. Training.
[INFO] Rocket. Step: 6960000. Time Elapsed: 5361.736 s. Mean Reward: 60.194. Std of Reward: 0.586. Training.
[INFO] Rocket. Step: 6980000. Time Elapsed: 5374.829 s. Mean Reward: 59.513. Std of Reward: 0.000. Training.
[INFO] Rocket. Step: 7000000. Time Elapsed: 5394.405 s. No episode was completed since last summary. Training.
[INFO] Exported results\HoverSimple2\Rocket\Rocket-6999867.onnx
[INFO] Rocket. Step: 7020000. Time Elapsed: 5406.853 s. Mean Reward: 59.625. Std of Reward: 0.000. Training.
[INFO] Rocket. Step: 7040000. Time Elapsed: 5426.674 s. Mean Reward: 60.797. Std of Reward: 2.246. Training.
[INFO] Rocket. Step: 7060000. Time Elapsed: 5439.335 s. Mean Reward: 62.857. Std of Reward: 1.016. Training.
[INFO] Rocket. Step: 7080000. Time Elapsed: 5458.231 s. No episode was completed since last summary. Training.
[INFO] Rocket. Step: 7100000. Time Elapsed: 5471.223 s. Mean Reward: 61.545. Std of Reward: 0.652. Training.
[INFO] Rocket. Step: 7120000. Time Elapsed: 5491.331 s. Mean Reward: 62.940. Std of Reward: 0.000. Training.
[INFO] Rocket. Step: 7140000. Time Elapsed: 5501.868 s. Mean Reward: 62.305. Std of Reward: 0.576. Training.
[INFO] Rocket. Step: 7160000. Time Elapsed: 5514.632 s. Mean Reward: 61.057. Std of Reward: 0.000. Training.
[INFO] Rocket. Step: 7180000. Time Elapsed: 5534.290 s. No episode was completed since last summary. Training.
[INFO] Rocket. Step: 7200000. Time Elapsed: 5548.354 s. Mean Reward: 61.455. Std of Reward: 0.477. Training.
[INFO] Rocket. Step: 7220000. Time Elapsed: 5566.339 s. Mean Reward: 59.968. Std of Reward: 0.948. Training.
[INFO] Rocket. Step: 7240000. Time Elapsed: 5579.014 s. Mean Reward: 60.726. Std of Reward: 0.134. Training.
[INFO] Rocket. Step: 7260000. Time Elapsed: 5597.782 s. No episode was completed since last summary. Training.
[INFO] Rocket. Step: 7280000. Time Elapsed: 5611.022 s. Mean Reward: 60.321. Std of Reward: 1.515. Training.
[INFO] Rocket. Step: 7300000. Time Elapsed: 5631.167 s. Mean Reward: 60.372. Std of Reward: 0.000. Training.
[INFO] Rocket. Step: 7320000. Time Elapsed: 5641.632 s. Mean Reward: 61.153. Std of Reward: 0.921. Training.
[INFO] Rocket. Step: 7340000. Time Elapsed: 5662.132 s. Mean Reward: 61.857. Std of Reward: 0.000. Training.
[INFO] Rocket. Step: 7360000. Time Elapsed: 5673.775 s. No episode was completed since last summary. Training.
[INFO] Rocket. Step: 7380000. Time Elapsed: 5694.934 s. Mean Reward: 62.903. Std of Reward: 0.725. Training.
[INFO] Rocket. Step: 7400000. Time Elapsed: 5706.845 s. Mean Reward: 63.456. Std of Reward: 1.236. Training.
[INFO] Rocket. Step: 7420000. Time Elapsed: 5725.795 s. Mean Reward: 64.696. Std of Reward: 0.313. Training.
[INFO] Rocket. Step: 7440000. Time Elapsed: 5737.891 s. No episode was completed since last summary. Training.
[INFO] Rocket. Step: 7460000. Time Elapsed: 5757.864 s. Mean Reward: 62.424. Std of Reward: 3.072. Training.
[INFO] Rocket. Step: 7480000. Time Elapsed: 5771.242 s. Mean Reward: 65.138. Std of Reward: 0.000. Training.
[INFO] Rocket. Step: 7500000. Time Elapsed: 5788.887 s. Mean Reward: 63.827. Std of Reward: 0.641. Training.
[INFO] Exported results\HoverSimple2\Rocket\Rocket-7499003.onnx
[INFO] Rocket. Step: 7520000. Time Elapsed: 5802.186 s. Mean Reward: 66.546. Std of Reward: 0.000. Training.
[INFO] Rocket. Step: 7540000. Time Elapsed: 5821.536 s. No episode was completed since last summary. Training.
[INFO] Rocket. Step: 7560000. Time Elapsed: 5834.758 s. Mean Reward: 65.260. Std of Reward: 0.853. Training.
[INFO] Rocket. Step: 7580000. Time Elapsed: 5854.675 s. Mean Reward: 66.503. Std of Reward: 1.289. Training.
[INFO] Rocket. Step: 7600000. Time Elapsed: 5865.535 s. Mean Reward: 66.328. Std of Reward: 0.245. Training.
[INFO] Rocket. Step: 7620000. Time Elapsed: 5877.480 s. No episode was completed since last summary. Training.
[INFO] Rocket. Step: 7640000. Time Elapsed: 5897.766 s. Mean Reward: 65.439. Std of Reward: 1.816. Training.
[INFO] Rocket. Step: 7660000. Time Elapsed: 5910.599 s. Mean Reward: 66.118. Std of Reward: 0.000. Training.
[INFO] Rocket. Step: 7680000. Time Elapsed: 5929.069 s. Mean Reward: 67.090. Std of Reward: 0.892. Training.
[INFO] Rocket. Step: 7700000. Time Elapsed: 5941.753 s. Mean Reward: 66.485. Std of Reward: 0.000. Training.
[INFO] Rocket. Step: 7720000. Time Elapsed: 5960.879 s. No episode was completed since last summary. Training.
[INFO] Rocket. Step: 7740000. Time Elapsed: 5974.279 s. Mean Reward: 67.175. Std of Reward: 0.774. Training.
[INFO] Rocket. Step: 7760000. Time Elapsed: 5992.845 s. Mean Reward: 68.361. Std of Reward: 1.716. Training.
[INFO] Rocket. Step: 7780000. Time Elapsed: 6005.738 s. Mean Reward: 67.526. Std of Reward: 1.631. Training.
[INFO] Rocket. Step: 7800000. Time Elapsed: 6024.186 s. No episode was completed since last summary. Training.
[INFO] Rocket. Step: 7820000. Time Elapsed: 6037.876 s. Mean Reward: 67.515. Std of Reward: 0.356. Training.
[INFO] Rocket. Step: 7840000. Time Elapsed: 6057.625 s. Mean Reward: 69.057. Std of Reward: 0.000. Training.
[INFO] Rocket. Step: 7860000. Time Elapsed: 6069.457 s. Mean Reward: 67.432. Std of Reward: 0.964. Training.
[INFO] Rocket. Step: 7880000. Time Elapsed: 6088.696 s. Mean Reward: 67.537. Std of Reward: 0.000. Training.
[INFO] Rocket. Step: 7900000. Time Elapsed: 6101.181 s. No episode was completed since last summary. Training.
[INFO] Rocket. Step: 7920000. Time Elapsed: 6121.747 s. Mean Reward: 66.319. Std of Reward: 1.482. Training.
[INFO] Rocket. Step: 7940000. Time Elapsed: 6133.114 s. Mean Reward: 66.889. Std of Reward: 1.959. Training.
[INFO] Rocket. Step: 7960000. Time Elapsed: 6152.583 s. Mean Reward: 68.743. Std of Reward: 0.615. Training.
[INFO] Rocket. Step: 7980000. Time Elapsed: 6164.896 s. No episode was completed since last summary. Training.
[INFO] Rocket. Step: 8000000. Time Elapsed: 6184.557 s. Mean Reward: 68.656. Std of Reward: 1.139. Training.
[INFO] Exported results\HoverSimple2\Rocket\Rocket-7999224.onnx
[INFO] Rocket. Step: 8020000. Time Elapsed: 6198.396 s. Mean Reward: 70.783. Std of Reward: 0.000. Training.
[INFO] Rocket. Step: 8040000. Time Elapsed: 6218.494 s. Mean Reward: 69.903. Std of Reward: 0.430. Training.
[INFO] Rocket. Step: 8060000. Time Elapsed: 6230.116 s. Mean Reward: 68.651. Std of Reward: 0.000. Training.
[INFO] Rocket. Step: 8080000. Time Elapsed: 6244.051 s. No episode was completed since last summary. Training.
[INFO] Rocket. Step: 8100000. Time Elapsed: 6263.094 s. Mean Reward: 68.404. Std of Reward: 1.863. Training.
[INFO] Rocket. Step: 8120000. Time Elapsed: 6274.590 s. Mean Reward: 70.625. Std of Reward: 1.082. Training.
[INFO] Rocket. Step: 8140000. Time Elapsed: 6294.162 s. Mean Reward: 70.113. Std of Reward: 0.928. Training.
[INFO] Rocket. Step: 8160000. Time Elapsed: 6306.741 s. No episode was completed since last summary. Training.
[INFO] Rocket. Step: 8180000. Time Elapsed: 6327.450 s. Mean Reward: 71.186. Std of Reward: 0.453. Training.
[INFO] Rocket. Step: 8200000. Time Elapsed: 6339.472 s. Mean Reward: 70.778. Std of Reward: 0.000. Training.
[INFO] Rocket. Step: 8220000. Time Elapsed: 6359.141 s. Mean Reward: 71.476. Std of Reward: 0.727. Training.
[INFO] Rocket. Step: 8240000. Time Elapsed: 6370.791 s. Mean Reward: 72.249. Std of Reward: 0.000. Training.
[INFO] Rocket. Step: 8260000. Time Elapsed: 6391.398 s. No episode was completed since last summary. Training.
[INFO] Rocket. Step: 8280000. Time Elapsed: 6403.714 s. Mean Reward: 72.143. Std of Reward: 0.364. Training.
[INFO] Rocket. Step: 8300000. Time Elapsed: 6421.912 s. Mean Reward: 72.802. Std of Reward: 0.631. Training.
[INFO] Rocket. Step: 8320000. Time Elapsed: 6435.379 s. Mean Reward: 72.460. Std of Reward: 0.115. Training.
[INFO] Rocket. Step: 8340000. Time Elapsed: 6453.934 s. No episode was completed since last summary. Training.
[INFO] Rocket. Step: 8360000. Time Elapsed: 6467.753 s. Mean Reward: 72.286. Std of Reward: 0.870. Training.
[INFO] Rocket. Step: 8380000. Time Elapsed: 6486.098 s. Mean Reward: 72.678. Std of Reward: 0.000. Training.
[INFO] Rocket. Step: 8400000. Time Elapsed: 6498.695 s. Mean Reward: 71.049. Std of Reward: 0.533. Training.
[INFO] Rocket. Step: 8420000. Time Elapsed: 6517.570 s. Mean Reward: 71.431. Std of Reward: 0.000. Training.
[INFO] Rocket. Step: 8440000. Time Elapsed: 6531.186 s. No episode was completed since last summary. Training.
[INFO] Rocket. Step: 8460000. Time Elapsed: 6550.584 s. Mean Reward: 69.649. Std of Reward: 0.592. Training.
[INFO] Rocket. Step: 8480000. Time Elapsed: 6561.526 s. Mean Reward: 69.680. Std of Reward: 0.887. Training.
[INFO] Rocket. Step: 8500000. Time Elapsed: 6583.000 s. Mean Reward: 69.575. Std of Reward: 0.663. Training.
[INFO] Exported results\HoverSimple2\Rocket\Rocket-8499488.onnx
[INFO] Rocket. Step: 8520000. Time Elapsed: 6594.172 s. No episode was completed since last summary. Training.
[INFO] Rocket. Step: 8540000. Time Elapsed: 6607.635 s. Mean Reward: 69.547. Std of Reward: 1.753. Training.
[INFO] Rocket. Step: 8560000. Time Elapsed: 6626.367 s. Mean Reward: 69.741. Std of Reward: 0.000. Training.
[INFO] Rocket. Step: 8580000. Time Elapsed: 6638.780 s. Mean Reward: 68.769. Std of Reward: 2.041. Training.
[INFO] Rocket. Step: 8600000. Time Elapsed: 6657.468 s. Mean Reward: 67.271. Std of Reward: 0.000. Training.
[INFO] Rocket. Step: 8620000. Time Elapsed: 6671.556 s. No episode was completed since last summary. Training.
[INFO] Rocket. Step: 8640000. Time Elapsed: 6690.841 s. Mean Reward: 68.668. Std of Reward: 0.880. Training.
[INFO] Rocket. Step: 8660000. Time Elapsed: 6702.922 s. Mean Reward: 69.357. Std of Reward: 1.513. Training.
[INFO] Rocket. Step: 8680000. Time Elapsed: 6722.142 s. Mean Reward: 70.962. Std of Reward: 1.039. Training.
[INFO] Rocket. Step: 8700000. Time Elapsed: 6734.554 s. No episode was completed since last summary. Training.
[INFO] Rocket. Step: 8720000. Time Elapsed: 6754.395 s. Mean Reward: 69.728. Std of Reward: 0.913. Training.
[INFO] Rocket. Step: 8740000. Time Elapsed: 6766.350 s. Mean Reward: 70.343. Std of Reward: 0.000. Training.
[INFO] Rocket. Step: 8760000. Time Elapsed: 6785.881 s. Mean Reward: 70.505. Std of Reward: 1.597. Training.
[INFO] Rocket. Step: 8780000. Time Elapsed: 6797.418 s. Mean Reward: 73.269. Std of Reward: 0.000. Training.
[INFO] Rocket. Step: 8800000. Time Elapsed: 6818.113 s. No episode was completed since last summary. Training.
[INFO] Rocket. Step: 8820000. Time Elapsed: 6830.531 s. Mean Reward: 73.360. Std of Reward: 0.696. Training.
[INFO] Rocket. Step: 8840000. Time Elapsed: 6849.527 s. Mean Reward: 73.063. Std of Reward: 0.729. Training.
[INFO] Rocket. Step: 8860000. Time Elapsed: 6862.177 s. Mean Reward: 72.496. Std of Reward: 1.096. Training.
[INFO] Rocket. Step: 8880000. Time Elapsed: 6881.064 s. No episode was completed since last summary. Training.
[INFO] Rocket. Step: 8900000. Time Elapsed: 6895.250 s. Mean Reward: 72.876. Std of Reward: 0.491. Training.
[INFO] Rocket. Step: 8920000. Time Elapsed: 6914.617 s. Mean Reward: 71.677. Std of Reward: 0.000. Training.
[INFO] Rocket. Step: 8940000. Time Elapsed: 6925.840 s. Mean Reward: 72.402. Std of Reward: 0.531. Training.
[INFO] Rocket. Step: 8960000. Time Elapsed: 6946.197 s. Mean Reward: 68.265. Std of Reward: 0.000. Training.
[INFO] Rocket. Step: 8980000. Time Elapsed: 6958.294 s. No episode was completed since last summary. Training.
[INFO] Rocket. Step: 9000000. Time Elapsed: 6970.807 s. Mean Reward: 70.828. Std of Reward: 0.732. Training.
[INFO] Exported results\HoverSimple2\Rocket\Rocket-8999778.onnx
[INFO] Rocket. Step: 9020000. Time Elapsed: 6989.528 s. Mean Reward: 70.708. Std of Reward: 0.250. Training.
[INFO] Rocket. Step: 9040000. Time Elapsed: 7002.763 s. Mean Reward: 71.111. Std of Reward: 0.424. Training.
[INFO] Rocket. Step: 9060000. Time Elapsed: 7021.450 s. No episode was completed since last summary. Training.
[INFO] Rocket. Step: 9080000. Time Elapsed: 7035.704 s. Mean Reward: 72.136. Std of Reward: 0.425. Training.
[INFO] Rocket. Step: 9100000. Time Elapsed: 7053.623 s. Mean Reward: 73.085. Std of Reward: 0.000. Training.
[INFO] Rocket. Step: 9120000. Time Elapsed: 7066.195 s. Mean Reward: 72.901. Std of Reward: 0.311. Training.
[INFO] Rocket. Step: 9140000. Time Elapsed: 7085.851 s. Mean Reward: 73.554. Std of Reward: 0.000. Training.
[INFO] Rocket. Step: 9160000. Time Elapsed: 7098.352 s. No episode was completed since last summary. Training.
[INFO] Rocket. Step: 9180000. Time Elapsed: 7117.575 s. Mean Reward: 71.373. Std of Reward: 2.913. Training.
[INFO] Rocket. Step: 9200000. Time Elapsed: 7130.085 s. Mean Reward: 71.670. Std of Reward: 1.814. Training.
[INFO] Rocket. Step: 9220000. Time Elapsed: 7149.077 s. Mean Reward: 73.942. Std of Reward: 0.000. Training.
[INFO] Rocket. Step: 9240000. Time Elapsed: 7162.645 s. No episode was completed since last summary. Training.
[INFO] Rocket. Step: 9260000. Time Elapsed: 7181.935 s. Mean Reward: 73.838. Std of Reward: 0.492. Training.
[INFO] Rocket. Step: 9280000. Time Elapsed: 7193.232 s. Mean Reward: 74.517. Std of Reward: 0.000. Training.
[INFO] Rocket. Step: 9300000. Time Elapsed: 7213.488 s. Mean Reward: 74.212. Std of Reward: 0.218. Training.
[INFO] Rocket. Step: 9320000. Time Elapsed: 7225.428 s. Mean Reward: 73.311. Std of Reward: 0.000. Training.
[INFO] Rocket. Step: 9340000. Time Elapsed: 7245.954 s. No episode was completed since last summary. Training.
[INFO] Rocket. Step: 9360000. Time Elapsed: 7257.585 s. Mean Reward: 70.848. Std of Reward: 2.333. Training.
[INFO] Rocket. Step: 9380000. Time Elapsed: 7277.444 s. Mean Reward: 71.844. Std of Reward: 3.353. Training.
[INFO] Rocket. Step: 9400000. Time Elapsed: 7289.119 s. Mean Reward: 72.870. Std of Reward: 0.000. Training.
[INFO] Rocket. Step: 9420000. Time Elapsed: 7302.733 s. No episode was completed since last summary. Training.
[INFO] Rocket. Step: 9440000. Time Elapsed: 7322.289 s. Mean Reward: 73.248. Std of Reward: 2.548. Training.
[INFO] Rocket. Step: 9460000. Time Elapsed: 7333.540 s. Mean Reward: 75.277. Std of Reward: 0.000. Training.
[INFO] Rocket. Step: 9480000. Time Elapsed: 7353.883 s. Mean Reward: 74.246. Std of Reward: 0.659. Training.
[INFO] Rocket. Step: 9500000. Time Elapsed: 7366.159 s. Mean Reward: 72.886. Std of Reward: 0.000. Training.
[INFO] Exported results\HoverSimple2\Rocket\Rocket-9499981.onnx
[INFO] Rocket. Step: 9520000. Time Elapsed: 7386.091 s. No episode was completed since last summary. Training.
[INFO] Rocket. Step: 9540000. Time Elapsed: 7398.241 s. Mean Reward: 72.927. Std of Reward: 1.763. Training.
[INFO] Rocket. Step: 9560000. Time Elapsed: 7416.533 s. Mean Reward: 74.153. Std of Reward: 0.869. Training.
[INFO] Rocket. Step: 9580000. Time Elapsed: 7428.997 s. Mean Reward: 73.965. Std of Reward: 0.000. Training.
[INFO] Rocket. Step: 9600000. Time Elapsed: 7449.209 s. No episode was completed since last summary. Training.
[INFO] Rocket. Step: 9620000. Time Elapsed: 7461.988 s. Mean Reward: 76.511. Std of Reward: 0.313. Training.
[INFO] Rocket. Step: 9640000. Time Elapsed: 7480.750 s. Mean Reward: 76.982. Std of Reward: 0.000. Training.
[INFO] Rocket. Step: 9660000. Time Elapsed: 7493.136 s. Mean Reward: 76.267. Std of Reward: 0.695. Training.
[INFO] Rocket. Step: 9680000. Time Elapsed: 7512.330 s. Mean Reward: 77.052. Std of Reward: 0.000. Training.
[INFO] Rocket. Step: 9700000. Time Elapsed: 7525.621 s. No episode was completed since last summary. Training.
[INFO] Rocket. Step: 9720000. Time Elapsed: 7544.753 s. Mean Reward: 77.285. Std of Reward: 0.337. Training.
[INFO] Rocket. Step: 9740000. Time Elapsed: 7557.370 s. Mean Reward: 77.108. Std of Reward: 0.316. Training.
[INFO] Rocket. Step: 9760000. Time Elapsed: 7575.759 s. Mean Reward: 75.089. Std of Reward: 0.000. Training.
[INFO] Rocket. Step: 9780000. Time Elapsed: 7589.395 s. No episode was completed since last summary. Training.
[INFO] Rocket. Step: 9800000. Time Elapsed: 7608.934 s. Mean Reward: 76.750. Std of Reward: 1.358. Training.
[INFO] Rocket. Step: 9820000. Time Elapsed: 7621.003 s. Mean Reward: 76.309. Std of Reward: 0.000. Training.
[INFO] Rocket. Step: 9840000. Time Elapsed: 7641.331 s. Mean Reward: 76.474. Std of Reward: 0.644. Training.
[INFO] Rocket. Step: 9860000. Time Elapsed: 7652.646 s. Mean Reward: 76.175. Std of Reward: 0.000. Training.
[INFO] Rocket. Step: 9880000. Time Elapsed: 7666.650 s. No episode was completed since last summary. Training.
[INFO] Rocket. Step: 9900000. Time Elapsed: 7685.080 s. Mean Reward: 77.333. Std of Reward: 0.300. Training.
[INFO] Rocket. Step: 9920000. Time Elapsed: 7697.724 s. Mean Reward: 75.610. Std of Reward: 1.507. Training.
[INFO] Rocket. Step: 9940000. Time Elapsed: 7717.208 s. Mean Reward: 73.807. Std of Reward: 0.000. Training.
[INFO] Rocket. Step: 9960000. Time Elapsed: 7729.686 s. No episode was completed since last summary. Training.
[INFO] Rocket. Step: 9980000. Time Elapsed: 7749.491 s. Mean Reward: 75.936. Std of Reward: 0.757. Training.
[INFO] Rocket. Step: 10000000. Time Elapsed: 7761.300 s. Mean Reward: 76.393. Std of Reward: 0.000. Training.
[INFO] Exported results\HoverSimple2\Rocket\Rocket-9999259.onnx
[INFO] Rocket. Step: 10020000. Time Elapsed: 7780.523 s. Mean Reward: 74.758. Std of Reward: 1.976. Training.
[INFO] Rocket. Step: 10040000. Time Elapsed: 7792.635 s. Mean Reward: 76.700. Std of Reward: 0.000. Training.
[INFO] Rocket. Step: 10060000. Time Elapsed: 7813.442 s. No episode was completed since last summary. Training.
[INFO] Rocket. Step: 10080000. Time Elapsed: 7825.207 s. Mean Reward: 72.724. Std of Reward: 4.930. Training.
[INFO] Rocket. Step: 10100000. Time Elapsed: 7844.405 s. Mean Reward: 76.188. Std of Reward: 0.213. Training.
[INFO] Rocket. Step: 10120000. Time Elapsed: 7857.111 s. Mean Reward: 74.018. Std of Reward: 0.000. Training.
[INFO] Rocket. Step: 10140000. Time Elapsed: 7876.323 s. No episode was completed since last summary. Training.
[INFO] Rocket. Step: 10160000. Time Elapsed: 7889.271 s. Mean Reward: 74.502. Std of Reward: 1.061. Training.
[INFO] Rocket. Step: 10180000. Time Elapsed: 7908.553 s. Mean Reward: 76.145. Std of Reward: 0.000. Training.
[INFO] Rocket. Step: 10200000. Time Elapsed: 7920.419 s. Mean Reward: 77.754. Std of Reward: 0.756. Training.
[INFO] Rocket. Step: 10220000. Time Elapsed: 7941.282 s. Mean Reward: 76.141. Std of Reward: 0.000. Training.
[INFO] Rocket. Step: 10240000. Time Elapsed: 7953.164 s. No episode was completed since last summary. Training.
[INFO] Rocket. Step: 10260000. Time Elapsed: 7972.563 s. Mean Reward: 76.530. Std of Reward: 1.836. Training.
[INFO] Rocket. Step: 10280000. Time Elapsed: 7985.209 s. Mean Reward: 76.584. Std of Reward: 1.853. Training.
[INFO] Rocket. Step: 10300000. Time Elapsed: 8004.591 s. Mean Reward: 76.296. Std of Reward: 0.000. Training.
[INFO] Rocket. Step: 10320000. Time Elapsed: 8017.429 s. No episode was completed since last summary. Training.
[INFO] Rocket. Step: 10340000. Time Elapsed: 8029.397 s. Mean Reward: 76.288. Std of Reward: 0.844. Training.
[INFO] Rocket. Step: 10360000. Time Elapsed: 8048.632 s. Mean Reward: 77.364. Std of Reward: 0.000. Training.
[INFO] Rocket. Step: 10380000. Time Elapsed: 8060.436 s. Mean Reward: 76.468. Std of Reward: 2.122. Training.
[INFO] Rocket. Step: 10400000. Time Elapsed: 8081.212 s. No episode was completed since last summary. Training.
[INFO] Rocket. Step: 10420000. Time Elapsed: 8093.734 s. No episode was completed since last summary. Training.
[INFO] Rocket. Step: 10440000. Time Elapsed: 8111.567 s. Mean Reward: 77.460. Std of Reward: 0.322. Training.
[INFO] Rocket. Step: 10460000. Time Elapsed: 8124.853 s. Mean Reward: 77.816. Std of Reward: 0.427. Training.
[INFO] Rocket. Step: 10480000. Time Elapsed: 8143.574 s. Mean Reward: 77.857. Std of Reward: 0.000. Training.
[INFO] Rocket. Step: 10500000. Time Elapsed: 8156.971 s. No episode was completed since last summary. Training.
[INFO] Exported results\HoverSimple2\Rocket\Rocket-10499422.onnx
[INFO] Rocket. Step: 10520000. Time Elapsed: 8175.997 s. Mean Reward: 77.715. Std of Reward: 0.850. Training.
[INFO] Rocket. Step: 10540000. Time Elapsed: 8188.171 s. Mean Reward: 76.540. Std of Reward: 0.000. Training.
[INFO] Rocket. Step: 10560000. Time Elapsed: 8206.887 s. Mean Reward: 78.329. Std of Reward: 0.391. Training.
[INFO] Rocket. Step: 10580000. Time Elapsed: 8220.881 s. No episode was completed since last summary. Training.
[INFO] Rocket. Step: 10600000. Time Elapsed: 8240.271 s. No episode was completed since last summary. Training.
[INFO] Rocket. Step: 10620000. Time Elapsed: 8252.676 s. Mean Reward: 78.107. Std of Reward: 0.568. Training.
[INFO] Rocket. Step: 10640000. Time Elapsed: 8271.489 s. Mean Reward: 78.108. Std of Reward: 0.698. Training.
[INFO] Rocket. Step: 10660000. Time Elapsed: 8283.710 s. Mean Reward: 78.503. Std of Reward: 0.000. Training.
[INFO] Rocket. Step: 10680000. Time Elapsed: 8303.773 s. No episode was completed since last summary. Training.
[INFO] Rocket. Step: 10700000. Time Elapsed: 8316.457 s. Mean Reward: 77.699. Std of Reward: 0.665. Training.
[INFO] Rocket. Step: 10720000. Time Elapsed: 8336.185 s. Mean Reward: 76.375. Std of Reward: 0.000. Training.
[INFO] Rocket. Step: 10740000. Time Elapsed: 8347.408 s. Mean Reward: 77.941. Std of Reward: 0.763. Training.
[INFO] Rocket. Step: 10760000. Time Elapsed: 8370.478 s. Mean Reward: 78.671. Std of Reward: 0.000. Training.
[INFO] Rocket. Step: 10780000. Time Elapsed: 8380.952 s. No episode was completed since last summary. Training.
[INFO] Rocket. Step: 10800000. Time Elapsed: 8393.479 s. Mean Reward: 76.122. Std of Reward: 0.814. Training.
[INFO] Rocket. Step: 10820000. Time Elapsed: 8412.485 s. Mean Reward: 77.431. Std of Reward: 0.536. Training.
[INFO] Rocket. Step: 10840000. Time Elapsed: 8424.361 s. Mean Reward: 76.765. Std of Reward: 0.000. Training.
[INFO] Rocket. Step: 10860000. Time Elapsed: 8445.604 s. Mean Reward: 77.434. Std of Reward: 0.000. Training.
[INFO] Rocket. Step: 10880000. Time Elapsed: 8457.043 s. Mean Reward: 77.435. Std of Reward: 0.149. Training.
[INFO] Rocket. Step: 10900000. Time Elapsed: 8476.513 s. Mean Reward: 77.489. Std of Reward: 0.000. Training.
[INFO] Rocket. Step: 10920000. Time Elapsed: 8489.473 s. Mean Reward: 78.032. Std of Reward: 0.166. Training.
[INFO] Rocket. Step: 10940000. Time Elapsed: 8508.659 s. No episode was completed since last summary. Training.
[INFO] Rocket. Step: 10960000. Time Elapsed: 8521.416 s. No episode was completed since last summary. Training.
[INFO] Rocket. Step: 10980000. Time Elapsed: 8540.473 s. Mean Reward: 77.730. Std of Reward: 0.261. Training.
[INFO] Rocket. Step: 11000000. Time Elapsed: 8552.840 s. Mean Reward: 77.378. Std of Reward: 0.332. Training.
[INFO] Exported results\HoverSimple2\Rocket\Rocket-10999578.onnx
[INFO] Rocket. Step: 11020000. Time Elapsed: 8571.533 s. Mean Reward: 77.671. Std of Reward: 0.000. Training.
[INFO] Rocket. Step: 11040000. Time Elapsed: 8585.990 s. Mean Reward: 77.085. Std of Reward: 0.000. Training.
[INFO] Rocket. Step: 11060000. Time Elapsed: 8604.336 s. Mean Reward: 78.056. Std of Reward: 0.146. Training.
[INFO] Rocket. Step: 11080000. Time Elapsed: 8616.577 s. Mean Reward: 77.130. Std of Reward: 0.000. Training.
[INFO] Rocket. Step: 11100000. Time Elapsed: 8636.277 s. Mean Reward: 77.202. Std of Reward: 0.460. Training.
[INFO] Rocket. Step: 11120000. Time Elapsed: 8648.921 s. No episode was completed since last summary. Training.
[INFO] Rocket. Step: 11140000. Time Elapsed: 8668.519 s. No episode was completed since last summary. Training.
[INFO] Rocket. Step: 11160000. Time Elapsed: 8680.772 s. Mean Reward: 77.557. Std of Reward: 0.144. Training.
[INFO] Rocket. Step: 11180000. Time Elapsed: 8700.901 s. Mean Reward: 77.591. Std of Reward: 0.187. Training.
[INFO] Rocket. Step: 11200000. Time Elapsed: 8713.431 s. Mean Reward: 77.229. Std of Reward: 0.000. Training.
[INFO] Rocket. Step: 11220000. Time Elapsed: 8725.962 s. Mean Reward: 77.966. Std of Reward: 0.000. Training.
[INFO] Rocket. Step: 11240000. Time Elapsed: 8744.175 s. Mean Reward: 78.066. Std of Reward: 0.163. Training.
[INFO] Rocket. Step: 11260000. Time Elapsed: 8756.851 s. Mean Reward: 77.976. Std of Reward: 0.000. Training.
[INFO] Rocket. Step: 11280000. Time Elapsed: 8776.489 s. Mean Reward: 77.743. Std of Reward: 0.637. Training.
[INFO] Rocket. Step: 11300000. Time Elapsed: 8790.088 s. No episode was completed since last summary. Training.
[INFO] Rocket. Step: 11320000. Time Elapsed: 8808.391 s. No episode was completed since last summary. Training.
[INFO] Rocket. Step: 11340000. Time Elapsed: 8820.833 s. Mean Reward: 78.541. Std of Reward: 0.216. Training.
[INFO] Rocket. Step: 11360000. Time Elapsed: 8839.778 s. Mean Reward: 78.485. Std of Reward: 0.349. Training.
[INFO] Rocket. Step: 11380000. Time Elapsed: 8853.263 s. Mean Reward: 78.163. Std of Reward: 0.000. Training.
[INFO] Rocket. Step: 11400000. Time Elapsed: 8872.864 s. Mean Reward: 78.309. Std of Reward: 0.000. Training.
[INFO] Rocket. Step: 11420000. Time Elapsed: 8884.232 s. Mean Reward: 78.297. Std of Reward: 0.132. Training.
[INFO] Rocket. Step: 11440000. Time Elapsed: 8904.376 s. Mean Reward: 78.544. Std of Reward: 0.000. Training.
[INFO] Rocket. Step: 11460000. Time Elapsed: 8916.439 s. Mean Reward: 78.306. Std of Reward: 0.650. Training.
[INFO] Rocket. Step: 11480000. Time Elapsed: 8936.791 s. No episode was completed since last summary. Training.
[INFO] Rocket. Step: 11500000. Time Elapsed: 8949.034 s. No episode was completed since last summary. Training.
[INFO] Exported results\HoverSimple2\Rocket\Rocket-11499958.onnx
[INFO] Rocket. Step: 11520000. Time Elapsed: 8967.954 s. Mean Reward: 78.621. Std of Reward: 0.267. Training.
[INFO] Rocket. Step: 11540000. Time Elapsed: 8980.282 s. Mean Reward: 76.584. Std of Reward: 2.847. Training.
[INFO] Rocket. Step: 11560000. Time Elapsed: 9000.813 s. Mean Reward: 78.860. Std of Reward: 0.000. Training.
[INFO] Rocket. Step: 11580000. Time Elapsed: 9013.499 s. Mean Reward: 79.367. Std of Reward: 0.000. Training.
[INFO] Rocket. Step: 11600000. Time Elapsed: 9033.094 s. Mean Reward: 78.067. Std of Reward: 0.906. Training.
[INFO] Rocket. Step: 11620000. Time Elapsed: 9045.067 s. No episode was completed since last summary. Training.
[INFO] Rocket. Step: 11640000. Time Elapsed: 9065.953 s. Mean Reward: 78.169. Std of Reward: 1.272. Training.
[INFO] Rocket. Step: 11660000. Time Elapsed: 9077.394 s. No episode was completed since last summary. Training.
[INFO] Rocket. Step: 11680000. Time Elapsed: 9089.730 s. No episode was completed since last summary. Training.
[INFO] Rocket. Step: 11700000. Time Elapsed: 9109.313 s. Mean Reward: 79.924. Std of Reward: 0.262. Training.
[INFO] Rocket. Step: 11720000. Time Elapsed: 9120.659 s. Mean Reward: 79.720. Std of Reward: 0.275. Training.
[INFO] Rocket. Step: 11740000. Time Elapsed: 9141.254 s. Mean Reward: 78.397. Std of Reward: 0.000. Training.
[INFO] Rocket. Step: 11760000. Time Elapsed: 9153.657 s. Mean Reward: 79.839. Std of Reward: 0.000. Training.
[INFO] Rocket. Step: 11780000. Time Elapsed: 9172.625 s. Mean Reward: 78.884. Std of Reward: 0.560. Training.
[INFO] Rocket. Step: 11800000. Time Elapsed: 9185.290 s. No episode was completed since last summary. Training.
[INFO] Rocket. Step: 11820000. Time Elapsed: 9204.018 s. Mean Reward: 78.424. Std of Reward: 0.504. Training.
[INFO] Rocket. Step: 11840000. Time Elapsed: 9217.845 s. No episode was completed since last summary. Training.
[INFO] Rocket. Step: 11860000. Time Elapsed: 9236.412 s. No episode was completed since last summary. Training.
[INFO] Rocket. Step: 11880000. Time Elapsed: 9249.211 s. Mean Reward: 78.408. Std of Reward: 0.781. Training.
[INFO] Rocket. Step: 11900000. Time Elapsed: 9267.407 s. Mean Reward: 78.488. Std of Reward: 0.506. Training.
[INFO] Rocket. Step: 11920000. Time Elapsed: 9281.067 s. Mean Reward: 78.891. Std of Reward: 0.000. Training.
[INFO] Rocket. Step: 11940000. Time Elapsed: 9300.797 s. Mean Reward: 79.006. Std of Reward: 0.000. Training.
[INFO] Rocket. Step: 11960000. Time Elapsed: 9312.812 s. Mean Reward: 77.725. Std of Reward: 1.037. Training.
[INFO] Rocket. Step: 11980000. Time Elapsed: 9332.405 s. Mean Reward: 79.325. Std of Reward: 0.000. Training.
[INFO] Rocket. Step: 12000000. Time Elapsed: 9344.142 s. Mean Reward: 78.605. Std of Reward: 0.817. Training.
[INFO] Exported results\HoverSimple2\Rocket\Rocket-11999037.onnx
[INFO] Rocket. Step: 12020000. Time Elapsed: 9364.668 s. No episode was completed since last summary. Training.
[INFO] Rocket. Step: 12040000. Time Elapsed: 9376.563 s. No episode was completed since last summary. Training.
[INFO] Rocket. Step: 12060000. Time Elapsed: 9396.664 s. Mean Reward: 78.136. Std of Reward: 0.455. Training.
[INFO] Rocket. Step: 12080000. Time Elapsed: 9408.516 s. Mean Reward: 79.229. Std of Reward: 0.335. Training.
[INFO] Rocket. Step: 12100000. Time Elapsed: 9421.302 s. Mean Reward: 78.668. Std of Reward: 0.000. Training.
[INFO] Rocket. Step: 12120000. Time Elapsed: 9440.603 s. Mean Reward: 79.111. Std of Reward: 0.000. Training.
[INFO] Rocket. Step: 12140000. Time Elapsed: 9453.551 s. Mean Reward: 78.364. Std of Reward: 0.589. Training.
[INFO] Rocket. Step: 12160000. Time Elapsed: 9472.317 s. Mean Reward: 78.385. Std of Reward: 0.000. Training.
[INFO] Rocket. Step: 12180000. Time Elapsed: 9486.169 s. Mean Reward: 79.118. Std of Reward: 0.239. Training.
[INFO] Rocket. Step: 12200000. Time Elapsed: 9504.753 s. No episode was completed since last summary. Training.
[INFO] Rocket. Step: 12220000. Time Elapsed: 9516.911 s. No episode was completed since last summary. Training.
[INFO] Rocket. Step: 12240000. Time Elapsed: 9536.371 s. Mean Reward: 78.998. Std of Reward: 0.227. Training.
[INFO] Rocket. Step: 12260000. Time Elapsed: 9548.927 s. Mean Reward: 79.392. Std of Reward: 0.123. Training.
[INFO] Rocket. Step: 12280000. Time Elapsed: 9569.633 s. Mean Reward: 77.553. Std of Reward: 0.000. Training.
[INFO] Rocket. Step: 12300000. Time Elapsed: 9581.174 s. Mean Reward: 78.871. Std of Reward: 0.000. Training.
[INFO] Rocket. Step: 12320000. Time Elapsed: 9600.565 s. Mean Reward: 78.773. Std of Reward: 0.450. Training.
[INFO] Rocket. Step: 12340000. Time Elapsed: 9612.626 s. Mean Reward: 79.777. Std of Reward: 0.000. Training.
[INFO] Rocket. Step: 12360000. Time Elapsed: 9633.511 s. Mean Reward: 78.945. Std of Reward: 0.377. Training.
[INFO] Rocket. Step: 12380000. Time Elapsed: 9645.810 s. No episode was completed since last summary. Training.
[INFO] Rocket. Step: 12400000. Time Elapsed: 9664.276 s. No episode was completed since last summary. Training.
[INFO] Rocket. Step: 12420000. Time Elapsed: 9677.774 s. Mean Reward: 79.450. Std of Reward: 0.557. Training.
[INFO] Rocket. Step: 12440000. Time Elapsed: 9696.089 s. Mean Reward: 79.028. Std of Reward: 0.488. Training.
[INFO] Rocket. Step: 12460000. Time Elapsed: 9709.977 s. Mean Reward: 79.894. Std of Reward: 0.000. Training.
[INFO] Rocket. Step: 12480000. Time Elapsed: 9728.714 s. Mean Reward: 79.832. Std of Reward: 0.000. Training.
[INFO] Rocket. Step: 12500000. Time Elapsed: 9741.058 s. Mean Reward: 79.935. Std of Reward: 0.136. Training.
[INFO] Exported results\HoverSimple2\Rocket\Rocket-12499364.onnx
[INFO] Rocket. Step: 12520000. Time Elapsed: 9761.745 s. Mean Reward: 79.926. Std of Reward: 0.000. Training.
[INFO] Rocket. Step: 12540000. Time Elapsed: 9773.967 s. Mean Reward: 80.124. Std of Reward: 0.427. Training.
[INFO] Rocket. Step: 12560000. Time Elapsed: 9786.372 s. No episode was completed since last summary. Training.
[INFO] Rocket. Step: 12580000. Time Elapsed: 9804.570 s. No episode was completed since last summary. Training.
[INFO] Rocket. Step: 12600000. Time Elapsed: 9817.976 s. Mean Reward: 80.303. Std of Reward: 0.488. Training.
[INFO] Rocket. Step: 12620000. Time Elapsed: 9837.565 s. Mean Reward: 80.386. Std of Reward: 0.082. Training.
[INFO] Rocket. Step: 12640000. Time Elapsed: 9851.517 s. No episode was completed since last summary. Training.
[INFO] Rocket. Step: 12660000. Time Elapsed: 9872.184 s. Mean Reward: 79.343. Std of Reward: 0.000. Training.
[INFO] Rocket. Step: 12680000. Time Elapsed: 9885.770 s. Mean Reward: 80.230. Std of Reward: 0.012. Training.
[INFO] Rocket. Step: 12700000. Time Elapsed: 9907.945 s. Mean Reward: 80.192. Std of Reward: 0.000. Training.
[INFO] Rocket. Step: 12720000. Time Elapsed: 9923.178 s. Mean Reward: 78.849. Std of Reward: 0.492. Training.
[INFO] Rocket. Step: 12740000. Time Elapsed: 9943.399 s. No episode was completed since last summary. Training.
[INFO] Rocket. Step: 12760000. Time Elapsed: 9956.893 s. No episode was completed since last summary. Training.
[INFO] Rocket. Step: 12780000. Time Elapsed: 9977.954 s. Mean Reward: 79.720. Std of Reward: 0.211. Training.
[INFO] Rocket. Step: 12800000. Time Elapsed: 9990.594 s. Mean Reward: 79.250. Std of Reward: 0.191. Training.
[INFO] Rocket. Step: 12820000. Time Elapsed: 10014.583 s. No episode was completed since last summary. Training.
[INFO] Rocket. Step: 12840000. Time Elapsed: 10028.381 s. Mean Reward: 79.434. Std of Reward: 0.000. Training.
[INFO] Rocket. Step: 12860000. Time Elapsed: 10050.490 s. Mean Reward: 79.471. Std of Reward: 0.946. Training.
[INFO] Rocket. Step: 12880000. Time Elapsed: 10063.609 s. Mean Reward: 80.094. Std of Reward: 0.000. Training.
[INFO] Rocket. Step: 12900000. Time Elapsed: 10088.967 s. Mean Reward: 79.199. Std of Reward: 0.748. Training.
[INFO] Rocket. Step: 12920000. Time Elapsed: 10102.993 s. No episode was completed since last summary. Training.
[INFO] Rocket. Step: 12940000. Time Elapsed: 10126.470 s. No episode was completed since last summary. Training.
[INFO] Rocket. Step: 12960000. Time Elapsed: 10140.954 s. Mean Reward: 80.108. Std of Reward: 0.347. Training.
[INFO] Rocket. Step: 12980000. Time Elapsed: 10165.868 s. Mean Reward: 80.375. Std of Reward: 0.323. Training.
[INFO] Rocket. Step: 13000000. Time Elapsed: 10179.991 s. No episode was completed since last summary. Training.
[INFO] Exported results\HoverSimple2\Rocket\Rocket-12999706.onnx
[INFO] Rocket. Step: 13020000. Time Elapsed: 10193.256 s. Mean Reward: 80.022. Std of Reward: 0.000. Training.
[INFO] Rocket. Step: 13040000. Time Elapsed: 10216.694 s. Mean Reward: 79.977. Std of Reward: 0.367. Training.
[INFO] Rocket. Step: 13060000. Time Elapsed: 10231.558 s. Mean Reward: 80.164. Std of Reward: 0.000. Training.
[INFO] Rocket. Step: 13080000. Time Elapsed: 10254.806 s. Mean Reward: 80.271. Std of Reward: 0.367. Training.
[INFO] Rocket. Step: 13100000. Time Elapsed: 10269.156 s. No episode was completed since last summary. Training.
[INFO] Rocket. Step: 13120000. Time Elapsed: 10291.968 s. No episode was completed since last summary. Training.
[INFO] Rocket. Step: 13140000. Time Elapsed: 10306.533 s. Mean Reward: 80.183. Std of Reward: 0.292. Training.
[INFO] Rocket. Step: 13160000. Time Elapsed: 10330.467 s. Mean Reward: 80.241. Std of Reward: 0.323. Training.
[INFO] Rocket. Step: 13180000. Time Elapsed: 10344.490 s. No episode was completed since last summary. Training.
[INFO] Rocket. Step: 13200000. Time Elapsed: 10366.616 s. Mean Reward: 79.797. Std of Reward: 0.098. Training.
[INFO] Rocket. Step: 13220000. Time Elapsed: 10380.746 s. Mean Reward: 80.392. Std of Reward: 0.135. Training.
[INFO] Rocket. Step: 13240000. Time Elapsed: 10403.651 s. Mean Reward: 80.044. Std of Reward: 0.000. Training.
[INFO] Rocket. Step: 13260000. Time Elapsed: 10418.107 s. Mean Reward: 79.765. Std of Reward: 0.354. Training.
[INFO] Rocket. Step: 13280000. Time Elapsed: 10440.949 s. No episode was completed since last summary. Training.
[INFO] Rocket. Step: 13300000. Time Elapsed: 10455.416 s. No episode was completed since last summary. Training.
[INFO] Rocket. Step: 13320000. Time Elapsed: 10477.848 s. Mean Reward: 80.012. Std of Reward: 0.563. Training.
[INFO] Rocket. Step: 13340000. Time Elapsed: 10493.299 s. Mean Reward: 79.539. Std of Reward: 0.384. Training.
[INFO] Rocket. Step: 13360000. Time Elapsed: 10515.194 s. No episode was completed since last summary. Training.
[INFO] Rocket. Step: 13380000. Time Elapsed: 10528.946 s. Mean Reward: 78.881. Std of Reward: 0.230. Training.
[INFO] Rocket. Step: 13400000. Time Elapsed: 10552.850 s. Mean Reward: 79.928. Std of Reward: 0.953. Training.
[INFO] Rocket. Step: 13420000. Time Elapsed: 10565.717 s. Mean Reward: 80.355. Std of Reward: 0.000. Training.
[INFO] Rocket. Step: 13440000. Time Elapsed: 10591.053 s. Mean Reward: 79.693. Std of Reward: 0.413. Training.
[INFO] Rocket. Step: 13460000. Time Elapsed: 10602.882 s. No episode was completed since last summary. Training.
[INFO] Rocket. Step: 13480000. Time Elapsed: 10617.491 s. No episode was completed since last summary. Training.
[INFO] Rocket. Step: 13500000. Time Elapsed: 10639.475 s. Mean Reward: 79.907. Std of Reward: 0.159. Training.
[INFO] Exported results\HoverSimple2\Rocket\Rocket-13499948.onnx
[INFO] Rocket. Step: 13520000. Time Elapsed: 10655.071 s. Mean Reward: 80.478. Std of Reward: 0.072. Training.
[INFO] Rocket. Step: 13540000. Time Elapsed: 10678.132 s. No episode was completed since last summary. Training.
[INFO] Rocket. Step: 13560000. Time Elapsed: 10691.182 s. Mean Reward: 80.139. Std of Reward: 0.541. Training.
[INFO] Rocket. Step: 13580000. Time Elapsed: 10715.016 s. Mean Reward: 80.172. Std of Reward: 0.020. Training.
[INFO] Rocket. Step: 13600000. Time Elapsed: 10728.636 s. Mean Reward: 81.159. Std of Reward: 0.000. Training.
[INFO] Rocket. Step: 13620000. Time Elapsed: 10752.848 s. Mean Reward: 79.907. Std of Reward: 0.188. Training.
[INFO] Rocket. Step: 13640000. Time Elapsed: 10767.198 s. No episode was completed since last summary. Training.
[INFO] Rocket. Step: 13660000. Time Elapsed: 10790.320 s. No episode was completed since last summary. Training.
[INFO] Rocket. Step: 13680000. Time Elapsed: 10804.307 s. Mean Reward: 80.294. Std of Reward: 0.247. Training.
[INFO] Rocket. Step: 13700000. Time Elapsed: 10828.636 s. Mean Reward: 80.886. Std of Reward: 0.228. Training.
[INFO] Rocket. Step: 13720000. Time Elapsed: 10842.789 s. No episode was completed since last summary. Training.
[INFO] Rocket. Step: 13740000. Time Elapsed: 10865.217 s. Mean Reward: 80.756. Std of Reward: 0.045. Training.
[INFO] Rocket. Step: 13760000. Time Elapsed: 10879.934 s. Mean Reward: 79.994. Std of Reward: 0.561. Training.
[INFO] Rocket. Step: 13780000. Time Elapsed: 10902.250 s. Mean Reward: 81.060. Std of Reward: 0.000. Training.
[INFO] Rocket. Step: 13800000. Time Elapsed: 10917.287 s. Mean Reward: 80.809. Std of Reward: 0.042. Training.
[INFO] Rocket. Step: 13820000. Time Elapsed: 10940.121 s. No episode was completed since last summary. Training.
[INFO] Rocket. Step: 13840000. Time Elapsed: 10954.163 s. No episode was completed since last summary. Training.
[INFO] Rocket. Step: 13860000. Time Elapsed: 10978.626 s. Mean Reward: 80.535. Std of Reward: 0.434. Training.
[INFO] Rocket. Step: 13880000. Time Elapsed: 10992.584 s. Mean Reward: 80.583. Std of Reward: 0.194. Training.
[INFO] Rocket. Step: 13900000. Time Elapsed: 11006.873 s. No episode was completed since last summary. Training.
[INFO] Rocket. Step: 13920000. Time Elapsed: 11029.539 s. Mean Reward: 80.211. Std of Reward: 0.078. Training.
[INFO] Rocket. Step: 13940000. Time Elapsed: 11044.855 s. Mean Reward: 80.305. Std of Reward: 0.188. Training.
[INFO] Rocket. Step: 13960000. Time Elapsed: 11066.921 s. Mean Reward: 80.273. Std of Reward: 0.000. Training.
[INFO] Rocket. Step: 13980000. Time Elapsed: 11082.932 s. Mean Reward: 80.087. Std of Reward: 0.361. Training.
[INFO] Rocket. Step: 14000000. Time Elapsed: 11105.923 s. No episode was completed since last summary. Training.
[INFO] Exported results\HoverSimple2\Rocket\Rocket-13999243.onnx
[INFO] Rocket. Step: 14020000. Time Elapsed: 11120.441 s. No episode was completed since last summary. Training.
[INFO] Rocket. Step: 14040000. Time Elapsed: 11142.694 s. Mean Reward: 79.774. Std of Reward: 0.323. Training.
[INFO] Rocket. Step: 14060000. Time Elapsed: 11158.650 s. Mean Reward: 79.426. Std of Reward: 0.229. Training.
[INFO] Rocket. Step: 14080000. Time Elapsed: 11181.718 s. No episode was completed since last summary. Training.
[INFO] Rocket. Step: 14100000. Time Elapsed: 11195.616 s. Mean Reward: 80.437. Std of Reward: 0.140. Training.
[INFO] Rocket. Step: 14120000. Time Elapsed: 11219.645 s. Mean Reward: 80.286. Std of Reward: 0.198. Training.
[INFO] Rocket. Step: 14140000. Time Elapsed: 11232.783 s. Mean Reward: 79.805. Std of Reward: 0.000. Training.
[INFO] Rocket. Step: 14160000. Time Elapsed: 11257.517 s. Mean Reward: 79.974. Std of Reward: 0.181. Training.
[INFO] Rocket. Step: 14180000. Time Elapsed: 11271.683 s. No episode was completed since last summary. Training.
[INFO] Rocket. Step: 14200000. Time Elapsed: 11294.514 s. No episode was completed since last summary. Training.
[INFO] Rocket. Step: 14220000. Time Elapsed: 11309.360 s. Mean Reward: 80.448. Std of Reward: 0.449. Training.
[INFO] Rocket. Step: 14240000. Time Elapsed: 11332.486 s. Mean Reward: 80.240. Std of Reward: 0.432. Training.
[INFO] Rocket. Step: 14260000. Time Elapsed: 11346.173 s. No episode was completed since last summary. Training.
[INFO] Rocket. Step: 14280000. Time Elapsed: 11367.495 s. Mean Reward: 80.169. Std of Reward: 0.057. Training.
[INFO] Rocket. Step: 14300000. Time Elapsed: 11380.942 s. Mean Reward: 80.500. Std of Reward: 0.175. Training.
[INFO] Rocket. Step: 14320000. Time Elapsed: 11403.613 s. Mean Reward: 79.565. Std of Reward: 0.000. Training.
[INFO] Rocket. Step: 14340000. Time Elapsed: 11415.986 s. Mean Reward: 80.385. Std of Reward: 0.620. Training.
[INFO] Rocket. Step: 14360000. Time Elapsed: 11429.659 s. No episode was completed since last summary. Training.
[INFO] Rocket. Step: 14380000. Time Elapsed: 11451.069 s. No episode was completed since last summary. Training.
[INFO] Rocket. Step: 14400000. Time Elapsed: 11465.768 s. Mean Reward: 80.426. Std of Reward: 0.406. Training.
[INFO] Rocket. Step: 14420000. Time Elapsed: 11489.106 s. Mean Reward: 80.820. Std of Reward: 0.072. Training.
[INFO] Rocket. Step: 14440000. Time Elapsed: 11501.458 s. No episode was completed since last summary. Training.
[INFO] Rocket. Step: 14460000. Time Elapsed: 11523.669 s. Mean Reward: 81.063. Std of Reward: 0.004. Training.
[INFO] Rocket. Step: 14480000. Time Elapsed: 11536.802 s. Mean Reward: 80.181. Std of Reward: 1.043. Training.
[INFO] Rocket. Step: 14500000. Time Elapsed: 11560.255 s. Mean Reward: 79.948. Std of Reward: 0.000. Training.
[INFO] Exported results\HoverSimple2\Rocket\Rocket-14499499.onnx
[INFO] Rocket. Step: 14520000. Time Elapsed: 11573.989 s. Mean Reward: 80.468. Std of Reward: 0.151. Training.
[INFO] Rocket. Step: 14540000. Time Elapsed: 11596.165 s. No episode was completed since last summary. Training.
[INFO] Rocket. Step: 14560000. Time Elapsed: 11611.238 s. No episode was completed since last summary. Training.
[INFO] Rocket. Step: 14580000. Time Elapsed: 11632.277 s. Mean Reward: 80.476. Std of Reward: 0.412. Training.
[INFO] Rocket. Step: 14600000. Time Elapsed: 11646.904 s. Mean Reward: 80.808. Std of Reward: 0.387. Training.
[INFO] Rocket. Step: 14620000. Time Elapsed: 11669.438 s. No episode was completed since last summary. Training.
[INFO] Rocket. Step: 14640000. Time Elapsed: 11682.358 s. Mean Reward: 80.817. Std of Reward: 0.163. Training.
[INFO] Rocket. Step: 14660000. Time Elapsed: 11704.370 s. Mean Reward: 80.660. Std of Reward: 0.158. Training.
[INFO] Rocket. Step: 14680000. Time Elapsed: 11719.259 s. Mean Reward: 80.989. Std of Reward: 0.000. Training.
[INFO] Rocket. Step: 14700000. Time Elapsed: 11741.364 s. Mean Reward: 80.271. Std of Reward: 0.140. Training.
[INFO] Rocket. Step: 14720000. Time Elapsed: 11753.746 s. No episode was completed since last summary. Training.
[INFO] Rocket. Step: 14740000. Time Elapsed: 11776.815 s. No episode was completed since last summary. Training.
[INFO] Rocket. Step: 14760000. Time Elapsed: 11789.506 s. Mean Reward: 80.404. Std of Reward: 0.350. Training.
[INFO] Rocket. Step: 14780000. Time Elapsed: 11813.378 s. Mean Reward: 79.981. Std of Reward: 0.324. Training.
[INFO] Rocket. Step: 14800000. Time Elapsed: 11826.006 s. No episode was completed since last summary. Training.
[INFO] Rocket. Step: 14820000. Time Elapsed: 11838.750 s. Mean Reward: 80.438. Std of Reward: 0.081. Training.
[INFO] Rocket. Step: 14840000. Time Elapsed: 11861.154 s. Mean Reward: 80.224. Std of Reward: 0.109. Training.
[INFO] Rocket. Step: 14860000. Time Elapsed: 11875.890 s. Mean Reward: 80.623. Std of Reward: 0.000. Training.
[INFO] Rocket. Step: 14880000. Time Elapsed: 11897.991 s. Mean Reward: 80.361. Std of Reward: 0.277. Training.
[INFO] Rocket. Step: 14900000. Time Elapsed: 11911.436 s. No episode was completed since last summary. Training.
[INFO] Rocket. Step: 14920000. Time Elapsed: 11934.354 s. No episode was completed since last summary. Training.
[INFO] Rocket. Step: 14940000. Time Elapsed: 11947.175 s. Mean Reward: 80.135. Std of Reward: 0.218. Training.
[INFO] Rocket. Step: 14960000. Time Elapsed: 11970.570 s. Mean Reward: 79.816. Std of Reward: 0.106. Training.
[INFO] Rocket. Step: 14980000. Time Elapsed: 11983.527 s. No episode was completed since last summary. Training.
[INFO] Rocket. Step: 15000000. Time Elapsed: 12005.622 s. Mean Reward: 79.986. Std of Reward: 0.417. Training.
[INFO] Exported results\HoverSimple2\Rocket\Rocket-14999793.onnx
[INFO] Rocket. Step: 15020000. Time Elapsed: 12018.917 s. Mean Reward: 80.444. Std of Reward: 0.013. Training.
[INFO] Rocket. Step: 15040000. Time Elapsed: 12042.356 s. Mean Reward: 80.071. Std of Reward: 0.000. Training.
[INFO] Rocket. Step: 15060000. Time Elapsed: 12056.036 s. Mean Reward: 80.174. Std of Reward: 0.346. Training.
[INFO] Rocket. Step: 15080000. Time Elapsed: 12078.003 s. No episode was completed since last summary. Training.
[INFO] Rocket. Step: 15100000. Time Elapsed: 12092.232 s. No episode was completed since last summary. Training.
[INFO] Rocket. Step: 15120000. Time Elapsed: 12113.000 s. Mean Reward: 80.386. Std of Reward: 0.278. Training.
[INFO] Rocket. Step: 15140000. Time Elapsed: 12128.476 s. Mean Reward: 80.082. Std of Reward: 0.222. Training.
[INFO] Rocket. Step: 15160000. Time Elapsed: 12149.960 s. No episode was completed since last summary. Training.
[INFO] Rocket. Step: 15180000. Time Elapsed: 12163.564 s. Mean Reward: 80.367. Std of Reward: 0.143. Training.
[INFO] Rocket. Step: 15200000. Time Elapsed: 12187.031 s. Mean Reward: 80.983. Std of Reward: 0.127. Training.
[INFO] Rocket. Step: 15220000. Time Elapsed: 12200.294 s. Mean Reward: 80.287. Std of Reward: 0.000. Training.
[INFO] Rocket. Step: 15240000. Time Elapsed: 12224.004 s. Mean Reward: 80.030. Std of Reward: 0.260. Training.
[INFO] Rocket. Step: 15260000. Time Elapsed: 12235.981 s. No episode was completed since last summary. Training.
[INFO] Rocket. Step: 15280000. Time Elapsed: 12250.123 s. No episode was completed since last summary. Training.
[INFO] Rocket. Step: 15300000. Time Elapsed: 12273.088 s. Mean Reward: 80.588. Std of Reward: 0.309. Training.
[INFO] Rocket. Step: 15320000. Time Elapsed: 12286.564 s. Mean Reward: 80.411. Std of Reward: 0.272. Training.
[INFO] Rocket. Step: 15340000. Time Elapsed: 12308.708 s. No episode was completed since last summary. Training.
[INFO] Rocket. Step: 15360000. Time Elapsed: 12321.736 s. Mean Reward: 81.097. Std of Reward: 0.235. Training.
[INFO] Rocket. Step: 15380000. Time Elapsed: 12344.270 s. Mean Reward: 80.288. Std of Reward: 0.458. Training.
[INFO] Rocket. Step: 15400000. Time Elapsed: 12358.412 s. Mean Reward: 81.070. Std of Reward: 0.000. Training.
[INFO] Rocket. Step: 15420000. Time Elapsed: 12380.395 s. Mean Reward: 80.574. Std of Reward: 0.529. Training.
[INFO] Rocket. Step: 15440000. Time Elapsed: 12394.580 s. No episode was completed since last summary. Training.
[INFO] Rocket. Step: 15460000. Time Elapsed: 12416.312 s. No episode was completed since last summary. Training.
[INFO] Rocket. Step: 15480000. Time Elapsed: 12430.818 s. Mean Reward: 80.565. Std of Reward: 0.399. Training.
[INFO] Rocket. Step: 15500000. Time Elapsed: 12452.696 s. Mean Reward: 80.285. Std of Reward: 0.531. Training.
[INFO] Exported results\HoverSimple2\Rocket\Rocket-15498995.onnx
[INFO] Rocket. Step: 15520000. Time Elapsed: 12466.189 s. No episode was completed since last summary. Training.
[INFO] Rocket. Step: 15540000. Time Elapsed: 12489.299 s. Mean Reward: 80.216. Std of Reward: 0.079. Training.
[INFO] Rocket. Step: 15560000. Time Elapsed: 12501.586 s. Mean Reward: 81.159. Std of Reward: 0.000. Training.
[INFO] Rocket. Step: 15580000. Time Elapsed: 12524.626 s. Mean Reward: 80.259. Std of Reward: 0.000. Training.
[INFO] Rocket. Step: 15600000. Time Elapsed: 12537.819 s. Mean Reward: 80.864. Std of Reward: 0.442. Training.
[INFO] Rocket. Step: 15620000. Time Elapsed: 12560.490 s. No episode was completed since last summary. Training.
[INFO] Rocket. Step: 15640000. Time Elapsed: 12573.560 s. No episode was completed since last summary. Training.
[INFO] Rocket. Step: 15660000. Time Elapsed: 12596.246 s. Mean Reward: 80.650. Std of Reward: 0.419. Training.
[INFO] Rocket. Step: 15680000. Time Elapsed: 12610.272 s. Mean Reward: 81.361. Std of Reward: 0.164. Training.
[INFO] Rocket. Step: 15700000. Time Elapsed: 12623.448 s. No episode was completed since last summary. Training.
[INFO] Rocket. Step: 15720000. Time Elapsed: 12647.212 s. Mean Reward: 80.819. Std of Reward: 0.385. Training.
[INFO] Rocket. Step: 15740000. Time Elapsed: 12659.686 s. Mean Reward: 81.021. Std of Reward: 0.000. Training.
[INFO] Rocket. Step: 15760000. Time Elapsed: 12682.873 s. Mean Reward: 80.424. Std of Reward: 0.000. Training.
[INFO] Rocket. Step: 15780000. Time Elapsed: 12696.393 s. Mean Reward: 81.092. Std of Reward: 0.128. Training.
[INFO] Rocket. Step: 15800000. Time Elapsed: 12718.473 s. No episode was completed since last summary. Training.
[INFO] Rocket. Step: 15820000. Time Elapsed: 12731.992 s. No episode was completed since last summary. Training.
[INFO] Rocket. Step: 15840000. Time Elapsed: 12754.862 s. Mean Reward: 80.717. Std of Reward: 0.400. Training.
[INFO] Rocket. Step: 15860000. Time Elapsed: 12768.775 s. Mean Reward: 80.789. Std of Reward: 0.086. Training.
[INFO] Rocket. Step: 15880000. Time Elapsed: 12790.546 s. No episode was completed since last summary. Training.
[INFO] Rocket. Step: 15900000. Time Elapsed: 12804.619 s. Mean Reward: 80.603. Std of Reward: 0.173. Training.
[INFO] Rocket. Step: 15920000. Time Elapsed: 12826.161 s. Mean Reward: 80.898. Std of Reward: 0.000. Training.
[INFO] Rocket. Step: 15940000. Time Elapsed: 12840.795 s. Mean Reward: 80.493. Std of Reward: 0.000. Training.
[INFO] Rocket. Step: 15960000. Time Elapsed: 12861.719 s. Mean Reward: 80.643. Std of Reward: 0.115. Training.
[INFO] Rocket. Step: 15980000. Time Elapsed: 12874.831 s. No episode was completed since last summary. Training.
[INFO] Rocket. Step: 16000000. Time Elapsed: 12895.357 s. No episode was completed since last summary. Training.
[INFO] Exported results\HoverSimple2\Rocket\Rocket-15999488.onnx
[INFO] Rocket. Step: 16020000. Time Elapsed: 12909.971 s. Mean Reward: 80.984. Std of Reward: 0.332. Training.
[INFO] Rocket. Step: 16040000. Time Elapsed: 12930.839 s. Mean Reward: 80.865. Std of Reward: 0.029. Training.
[INFO] Rocket. Step: 16060000. Time Elapsed: 12943.781 s. No episode was completed since last summary. Training.
[INFO] Rocket. Step: 16080000. Time Elapsed: 12965.592 s. Mean Reward: 80.765. Std of Reward: 0.267. Training.
[INFO] Rocket. Step: 16100000. Time Elapsed: 12978.203 s. Mean Reward: 80.278. Std of Reward: 0.000. Training.
[INFO] Rocket. Step: 16120000. Time Elapsed: 13001.457 s. Mean Reward: 81.276. Std of Reward: 0.000. Training.
[INFO] Rocket. Step: 16140000. Time Elapsed: 13013.739 s. Mean Reward: 81.046. Std of Reward: 0.180. Training.
[INFO] Rocket. Step: 16160000. Time Elapsed: 13027.644 s. No episode was completed since last summary. Training.
[INFO] Rocket. Step: 16180000. Time Elapsed: 13047.857 s. No episode was completed since last summary. Training.
[INFO] Rocket. Step: 16200000. Time Elapsed: 13062.349 s. Mean Reward: 81.051. Std of Reward: 0.374. Training.
[INFO] Rocket. Step: 16220000. Time Elapsed: 13084.700 s. Mean Reward: 81.331. Std of Reward: 0.547. Training.
[INFO] Rocket. Step: 16240000. Time Elapsed: 13097.671 s. No episode was completed since last summary. Training.
[INFO] Rocket. Step: 16260000. Time Elapsed: 13121.100 s. Mean Reward: 81.167. Std of Reward: 0.067. Training.
[INFO] Rocket. Step: 16280000. Time Elapsed: 13134.139 s. Mean Reward: 80.975. Std of Reward: 0.000. Training.
[INFO] Rocket. Step: 16300000. Time Elapsed: 13158.015 s. Mean Reward: 81.033. Std of Reward: 0.000. Training.
[INFO] Rocket. Step: 16320000. Time Elapsed: 13172.268 s. Mean Reward: 81.013. Std of Reward: 0.260. Training.
[INFO] Rocket. Step: 16340000. Time Elapsed: 13194.389 s. No episode was completed since last summary. Training.
[INFO] Rocket. Step: 16360000. Time Elapsed: 13208.086 s. No episode was completed since last summary. Training.
[INFO] Rocket. Step: 16380000. Time Elapsed: 13230.200 s. Mean Reward: 80.505. Std of Reward: 0.342. Training.
[INFO] Rocket. Step: 16400000. Time Elapsed: 13244.739 s. Mean Reward: 80.763. Std of Reward: 0.204. Training.
[INFO] Rocket. Step: 16420000. Time Elapsed: 13266.158 s. No episode was completed since last summary. Training.
[INFO] Rocket. Step: 16440000. Time Elapsed: 13281.043 s. Mean Reward: 80.753. Std of Reward: 0.390. Training.
[INFO] Rocket. Step: 16460000. Time Elapsed: 13304.940 s. Mean Reward: 80.951. Std of Reward: 0.000. Training.
[INFO] Rocket. Step: 16480000. Time Elapsed: 13318.389 s. Mean Reward: 80.886. Std of Reward: 0.000. Training.
[INFO] Rocket. Step: 16500000. Time Elapsed: 13341.563 s. Mean Reward: 80.311. Std of Reward: 0.501. Training.
[INFO] Exported results\HoverSimple2\Rocket\Rocket-16499674.onnx
[INFO] Rocket. Step: 16520000. Time Elapsed: 13355.585 s. No episode was completed since last summary. Training.
[INFO] Rocket. Step: 16540000. Time Elapsed: 13379.259 s. No episode was completed since last summary. Training.
[INFO] Rocket. Step: 16560000. Time Elapsed: 13393.667 s. Mean Reward: 80.451. Std of Reward: 0.285. Training.
[INFO] Rocket. Step: 16580000. Time Elapsed: 13416.655 s. Mean Reward: 79.914. Std of Reward: 0.174. Training.
[INFO] Rocket. Step: 16600000. Time Elapsed: 13428.705 s. No episode was completed since last summary. Training.
[INFO] Rocket. Step: 16620000. Time Elapsed: 13442.859 s. Mean Reward: 80.405. Std of Reward: 0.240. Training.
[INFO] Rocket. Step: 16640000. Time Elapsed: 13466.220 s. Mean Reward: 80.330. Std of Reward: 0.000. Training.
[INFO] Rocket. Step: 16660000. Time Elapsed: 13479.390 s. Mean Reward: 81.079. Std of Reward: 0.000. Training.
[INFO] Rocket. Step: 16680000. Time Elapsed: 13502.112 s. Mean Reward: 80.545. Std of Reward: 0.039. Training.
[INFO] Rocket. Step: 16700000. Time Elapsed: 13517.605 s. No episode was completed since last summary. Training.
[INFO] Rocket. Step: 16720000. Time Elapsed: 13539.446 s. No episode was completed since last summary. Training.
[INFO] Rocket. Step: 16740000. Time Elapsed: 13554.544 s. Mean Reward: 80.503. Std of Reward: 0.410. Training.
[INFO] Rocket. Step: 16760000. Time Elapsed: 13576.127 s. Mean Reward: 81.031. Std of Reward: 0.089. Training.
[INFO] Rocket. Step: 16780000. Time Elapsed: 13590.522 s. No episode was completed since last summary. Training.
[INFO] Rocket. Step: 16800000. Time Elapsed: 13612.967 s. Mean Reward: 80.967. Std of Reward: 0.065. Training.
[INFO] Rocket. Step: 16820000. Time Elapsed: 13627.071 s. Mean Reward: 80.278. Std of Reward: 0.000. Training.
[INFO] Rocket. Step: 16840000. Time Elapsed: 13649.651 s. Mean Reward: 80.807. Std of Reward: 0.425. Training.
[INFO] Rocket. Step: 16860000. Time Elapsed: 13663.000 s. Mean Reward: 80.918. Std of Reward: 0.542. Training.
[INFO] Rocket. Step: 16880000. Time Elapsed: 13686.586 s. No episode was completed since last summary. Training.
[INFO] Rocket. Step: 16900000. Time Elapsed: 13699.050 s. No episode was completed since last summary. Training.
[INFO] Rocket. Step: 16920000. Time Elapsed: 13723.083 s. Mean Reward: 80.836. Std of Reward: 0.139. Training.
[INFO] Rocket. Step: 16940000. Time Elapsed: 13736.683 s. Mean Reward: 81.033. Std of Reward: 0.016. Training.
[INFO] Rocket. Step: 16960000. Time Elapsed: 13758.212 s. No episode was completed since last summary. Training.
[INFO] Rocket. Step: 16980000. Time Elapsed: 13772.046 s. Mean Reward: 80.171. Std of Reward: 0.270. Training.
[INFO] Rocket. Step: 17000000. Time Elapsed: 13794.890 s. Mean Reward: 80.243. Std of Reward: 0.000. Training.
[INFO] Exported results\HoverSimple2\Rocket\Rocket-16999974.onnx
[INFO] Rocket. Step: 17020000. Time Elapsed: 13808.784 s. Mean Reward: 80.687. Std of Reward: 0.346. Training.
[INFO] Rocket. Step: 17040000. Time Elapsed: 13831.798 s. Mean Reward: 80.336. Std of Reward: 0.276. Training.
[INFO] Rocket. Step: 17060000. Time Elapsed: 13844.239 s. No episode was completed since last summary. Training.
[INFO] Rocket. Step: 17080000. Time Elapsed: 13857.236 s. No episode was completed since last summary. Training.
[INFO] Rocket. Step: 17100000. Time Elapsed: 13880.188 s. Mean Reward: 80.775. Std of Reward: 0.319. Training.
[INFO] Rocket. Step: 17120000. Time Elapsed: 13893.723 s. Mean Reward: 80.786. Std of Reward: 0.225. Training.
[INFO] Rocket. Step: 17140000. Time Elapsed: 13916.308 s. No episode was completed since last summary. Training.
[INFO] Rocket. Step: 17160000. Time Elapsed: 13929.248 s. Mean Reward: 80.524. Std of Reward: 0.593. Training.
[INFO] Rocket. Step: 17180000. Time Elapsed: 13952.096 s. Mean Reward: 80.912. Std of Reward: 0.000. Training.
[INFO] Rocket. Step: 17200000. Time Elapsed: 13965.732 s. Mean Reward: 80.503. Std of Reward: 0.030. Training.
[INFO] Rocket. Step: 17220000. Time Elapsed: 13987.489 s. Mean Reward: 81.403. Std of Reward: 0.061. Training.
[INFO] Rocket. Step: 17240000. Time Elapsed: 14001.565 s. No episode was completed since last summary. Training.
[INFO] Rocket. Step: 17260000. Time Elapsed: 14023.228 s. No episode was completed since last summary. Training.
[INFO] Rocket. Step: 17280000. Time Elapsed: 14038.006 s. Mean Reward: 80.790. Std of Reward: 0.326. Training.
[INFO] Rocket. Step: 17300000. Time Elapsed: 14059.672 s. Mean Reward: 80.171. Std of Reward: 0.004. Training.
[INFO] Rocket. Step: 17320000. Time Elapsed: 14074.351 s. No episode was completed since last summary. Training.
[INFO] Rocket. Step: 17340000. Time Elapsed: 14095.843 s. Mean Reward: 81.231. Std of Reward: 0.172. Training.
[INFO] Rocket. Step: 17360000. Time Elapsed: 14110.354 s. Mean Reward: 80.825. Std of Reward: 0.000. Training.
[INFO] Rocket. Step: 17380000. Time Elapsed: 14132.574 s. Mean Reward: 80.783. Std of Reward: 0.482. Training.
[INFO] Rocket. Step: 17400000. Time Elapsed: 14145.724 s. Mean Reward: 80.650. Std of Reward: 0.000. Training.
[INFO] Rocket. Step: 17420000. Time Elapsed: 14169.225 s. No episode was completed since last summary. Training.
[INFO] Rocket. Step: 17440000. Time Elapsed: 14182.000 s. No episode was completed since last summary. Training.
[INFO] Rocket. Step: 17460000. Time Elapsed: 14205.956 s. Mean Reward: 80.914. Std of Reward: 0.275. Training.
[INFO] Rocket. Step: 17480000. Time Elapsed: 14219.269 s. Mean Reward: 80.593. Std of Reward: 0.377. Training.
[INFO] Rocket. Step: 17500000. Time Elapsed: 14232.552 s. No episode was completed since last summary. Training.
[INFO] Exported results\HoverSimple2\Rocket\Rocket-17499304.onnx
[INFO] Rocket. Step: 17520000. Time Elapsed: 14254.566 s. Mean Reward: 81.233. Std of Reward: 0.278. Training.
[INFO] Rocket. Step: 17540000. Time Elapsed: 14268.758 s. Mean Reward: 81.327. Std of Reward: 0.000. Training.
[INFO] Rocket. Step: 17560000. Time Elapsed: 14290.902 s. Mean Reward: 80.898. Std of Reward: 0.483. Training.
[INFO] Rocket. Step: 17580000. Time Elapsed: 14305.178 s. Mean Reward: 80.741. Std of Reward: 0.859. Training.
[INFO] Rocket. Step: 17600000. Time Elapsed: 14327.475 s. No episode was completed since last summary. Training.
[INFO] Rocket. Step: 17620000. Time Elapsed: 14341.644 s. No episode was completed since last summary. Training.
[INFO] Rocket. Step: 17640000. Time Elapsed: 14363.336 s. Mean Reward: 81.236. Std of Reward: 0.258. Training.
[INFO] Rocket. Step: 17660000. Time Elapsed: 14376.984 s. Mean Reward: 81.463. Std of Reward: 0.190. Training.
[INFO] Rocket. Step: 17680000. Time Elapsed: 14399.015 s. No episode was completed since last summary. Training.
[INFO] Rocket. Step: 17700000. Time Elapsed: 14412.468 s. Mean Reward: 80.555. Std of Reward: 0.487. Training.
[INFO] Rocket. Step: 17720000. Time Elapsed: 14436.438 s. Mean Reward: 81.329. Std of Reward: 0.000. Training.
[INFO] Rocket. Step: 17740000. Time Elapsed: 14449.303 s. Mean Reward: 80.750. Std of Reward: 0.305. Training.
[INFO] Rocket. Step: 17760000. Time Elapsed: 14472.088 s. Mean Reward: 80.664. Std of Reward: 0.000. Training.
[INFO] Rocket. Step: 17780000. Time Elapsed: 14485.576 s. No episode was completed since last summary. Training.
[INFO] Rocket. Step: 17800000. Time Elapsed: 14508.222 s. No episode was completed since last summary. Training.
[INFO] Rocket. Step: 17820000. Time Elapsed: 14522.381 s. Mean Reward: 81.234. Std of Reward: 0.329. Training.
[INFO] Rocket. Step: 17840000. Time Elapsed: 14543.812 s. Mean Reward: 80.777. Std of Reward: 0.132. Training.
[INFO] Rocket. Step: 17860000. Time Elapsed: 14558.281 s. No episode was completed since last summary. Training.
[INFO] Rocket. Step: 17880000. Time Elapsed: 14580.053 s. Mean Reward: 80.719. Std of Reward: 0.219. Training.
[INFO] Rocket. Step: 17900000. Time Elapsed: 14594.135 s. Mean Reward: 81.097. Std of Reward: 0.000. Training.
[INFO] Rocket. Step: 17920000. Time Elapsed: 14617.386 s. Mean Reward: 81.046. Std of Reward: 0.144. Training.
[INFO] Rocket. Step: 17940000. Time Elapsed: 14629.460 s. Mean Reward: 80.198. Std of Reward: 0.000. Training.
[INFO] Rocket. Step: 17960000. Time Elapsed: 14643.482 s. No episode was completed since last summary. Training.
[INFO] Rocket. Step: 17980000. Time Elapsed: 14664.521 s. No episode was completed since last summary. Training.
[INFO] Rocket. Step: 18000000. Time Elapsed: 14678.883 s. Mean Reward: 80.750. Std of Reward: 0.188. Training.
[INFO] Exported results\HoverSimple2\Rocket\Rocket-17999578.onnx
[INFO] Rocket. Step: 18020000. Time Elapsed: 14698.900 s. Mean Reward: 80.539. Std of Reward: 0.230. Training.
[INFO] Rocket. Step: 18040000. Time Elapsed: 14713.698 s. No episode was completed since last summary. Training.
[INFO] Rocket. Step: 18060000. Time Elapsed: 14733.506 s. Mean Reward: 81.113. Std of Reward: 0.049. Training.
[INFO] Rocket. Step: 18080000. Time Elapsed: 14748.467 s. Mean Reward: 80.418. Std of Reward: 0.000. Training.
[INFO] Rocket. Step: 18100000. Time Elapsed: 14768.499 s. Mean Reward: 80.823. Std of Reward: 0.323. Training.
[INFO] Rocket. Step: 18120000. Time Elapsed: 14782.440 s. Mean Reward: 80.976. Std of Reward: 0.000. Training.
[INFO] Rocket. Step: 18140000. Time Elapsed: 14803.422 s. No episode was completed since last summary. Training.
[INFO] Rocket. Step: 18160000. Time Elapsed: 14817.761 s. No episode was completed since last summary. Training.
[INFO] Rocket. Step: 18180000. Time Elapsed: 14838.660 s. Mean Reward: 80.709. Std of Reward: 0.155. Training.
[INFO] Rocket. Step: 18200000. Time Elapsed: 14851.976 s. Mean Reward: 80.033. Std of Reward: 0.047. Training.
[INFO] Rocket. Step: 18220000. Time Elapsed: 14873.249 s. No episode was completed since last summary. Training.
[INFO] Rocket. Step: 18240000. Time Elapsed: 14886.025 s. Mean Reward: 80.350. Std of Reward: 0.186. Training.
[INFO] Rocket. Step: 18260000. Time Elapsed: 14908.286 s. Mean Reward: 81.025. Std of Reward: 0.000. Training.
[INFO] Rocket. Step: 18280000. Time Elapsed: 14921.229 s. Mean Reward: 80.969. Std of Reward: 0.135. Training.
[INFO] Rocket. Step: 18300000. Time Elapsed: 14943.103 s. Mean Reward: 80.333. Std of Reward: 0.000. Training.
[INFO] Rocket. Step: 18320000. Time Elapsed: 14956.379 s. No episode was completed since last summary. Training.
[INFO] Rocket. Step: 18340000. Time Elapsed: 14977.807 s. Mean Reward: 80.172. Std of Reward: 0.000. Training.
[INFO] Rocket. Step: 18360000. Time Elapsed: 14991.656 s. Mean Reward: 80.529. Std of Reward: 0.286. Training.
[INFO] Rocket. Step: 18380000. Time Elapsed: 15014.024 s. Mean Reward: 80.476. Std of Reward: 0.029. Training.
[INFO] Rocket. Step: 18400000. Time Elapsed: 15026.734 s. No episode was completed since last summary. Training.
[INFO] Rocket. Step: 18420000. Time Elapsed: 15038.935 s. Mean Reward: 80.287. Std of Reward: 0.416. Training.
[INFO] Rocket. Step: 18440000. Time Elapsed: 15061.654 s. Mean Reward: 80.581. Std of Reward: 0.000. Training.
[INFO] Rocket. Step: 18460000. Time Elapsed: 15074.261 s. Mean Reward: 80.750. Std of Reward: 0.193. Training.
[INFO] Rocket. Step: 18480000. Time Elapsed: 15095.743 s. Mean Reward: 80.225. Std of Reward: 0.000. Training.
[INFO] Rocket. Step: 18500000. Time Elapsed: 15109.621 s. No episode was completed since last summary. Training.
[INFO] Exported results\HoverSimple2\Rocket\Rocket-18499992.onnx
[INFO] Rocket. Step: 18520000. Time Elapsed: 15130.238 s. Mean Reward: 80.162. Std of Reward: 0.000. Training.
[INFO] Rocket. Step: 18540000. Time Elapsed: 15144.417 s. Mean Reward: 80.465. Std of Reward: 0.330. Training.
[INFO] Rocket. Step: 18560000. Time Elapsed: 15164.490 s. Mean Reward: 80.809. Std of Reward: 0.365. Training.
[INFO] Rocket. Step: 18580000. Time Elapsed: 15179.684 s. No episode was completed since last summary. Training.
[INFO] Rocket. Step: 18600000. Time Elapsed: 15198.912 s. Mean Reward: 80.367. Std of Reward: 0.385. Training.
[INFO] Rocket. Step: 18620000. Time Elapsed: 15214.141 s. Mean Reward: 80.730. Std of Reward: 0.000. Training.
[INFO] Rocket. Step: 18640000. Time Elapsed: 15234.596 s. Mean Reward: 80.660. Std of Reward: 0.442. Training.
[INFO] Rocket. Step: 18660000. Time Elapsed: 15248.656 s. Mean Reward: 80.745. Std of Reward: 0.000. Training.
[INFO] Rocket. Step: 18680000. Time Elapsed: 15271.311 s. No episode was completed since last summary. Training.
[INFO] Rocket. Step: 18700000. Time Elapsed: 15284.280 s. Mean Reward: 80.865. Std of Reward: 0.000. Training.
[INFO] Rocket. Step: 18720000. Time Elapsed: 15307.154 s. Mean Reward: 80.468. Std of Reward: 0.265. Training.
[INFO] Rocket. Step: 18740000. Time Elapsed: 15321.493 s. Mean Reward: 80.637. Std of Reward: 0.004. Training.
[INFO] Rocket. Step: 18760000. Time Elapsed: 15343.862 s. No episode was completed since last summary. Training.
[INFO] Rocket. Step: 18780000. Time Elapsed: 15358.814 s. Mean Reward: 80.996. Std of Reward: 0.264. Training.
[INFO] Rocket. Step: 18800000. Time Elapsed: 15381.367 s. Mean Reward: 80.320. Std of Reward: 0.000. Training.
[INFO] Rocket. Step: 18820000. Time Elapsed: 15395.048 s. Mean Reward: 80.964. Std of Reward: 0.462. Training.
[INFO] Rocket. Step: 18840000. Time Elapsed: 15419.471 s. Mean Reward: 81.627. Std of Reward: 0.000. Training.
[INFO] Rocket. Step: 18860000. Time Elapsed: 15431.301 s. No episode was completed since last summary. Training.
[INFO] Rocket. Step: 18880000. Time Elapsed: 15446.633 s. Mean Reward: 81.191. Std of Reward: 0.067. Training.
[INFO] Rocket. Step: 18900000. Time Elapsed: 15467.568 s. Mean Reward: 81.178. Std of Reward: 0.148. Training.
[INFO] Rocket. Step: 18920000. Time Elapsed: 15482.065 s. Mean Reward: 81.075. Std of Reward: 0.168. Training.
[INFO] Rocket. Step: 18940000. Time Elapsed: 15504.448 s. No episode was completed since last summary. Training.
[INFO] Rocket. Step: 18960000. Time Elapsed: 15519.038 s. Mean Reward: 81.232. Std of Reward: 0.108. Training.
[INFO] Rocket. Step: 18980000. Time Elapsed: 15542.245 s. Mean Reward: 81.340. Std of Reward: 0.000. Training.
[INFO] Rocket. Step: 19000000. Time Elapsed: 15555.271 s. Mean Reward: 80.927. Std of Reward: 0.044. Training.
[INFO] Exported results\HoverSimple2\Rocket\Rocket-18999169.onnx
[INFO] Rocket. Step: 19020000. Time Elapsed: 15578.235 s. Mean Reward: 81.493. Std of Reward: 0.000. Training.
[INFO] Rocket. Step: 19040000. Time Elapsed: 15591.066 s. No episode was completed since last summary. Training.
[INFO] Rocket. Step: 19060000. Time Elapsed: 15614.535 s. Mean Reward: 81.516. Std of Reward: 0.424. Training.
[INFO] Rocket. Step: 19080000. Time Elapsed: 15627.310 s. Mean Reward: 81.326. Std of Reward: 0.229. Training.
[INFO] Rocket. Step: 19100000. Time Elapsed: 15648.898 s. Mean Reward: 81.092. Std of Reward: 0.093. Training.
[INFO] Rocket. Step: 19120000. Time Elapsed: 15663.438 s. No episode was completed since last summary. Training.
[INFO] Rocket. Step: 19140000. Time Elapsed: 15686.565 s. Mean Reward: 81.684. Std of Reward: 0.404. Training.
[INFO] Rocket. Step: 19160000. Time Elapsed: 15701.396 s. Mean Reward: 81.046. Std of Reward: 0.000. Training.
[INFO] Rocket. Step: 19180000. Time Elapsed: 15723.228 s. Mean Reward: 80.715. Std of Reward: 0.156. Training.
[INFO] Rocket. Step: 19200000. Time Elapsed: 15737.310 s. Mean Reward: 81.527. Std of Reward: 0.000. Training.
[INFO] Rocket. Step: 19220000. Time Elapsed: 15759.444 s. No episode was completed since last summary. Training.
[INFO] Rocket. Step: 19240000. Time Elapsed: 15774.164 s. Mean Reward: 81.576. Std of Reward: 0.290. Training.
[INFO] Rocket. Step: 19260000. Time Elapsed: 15797.291 s. Mean Reward: 80.955. Std of Reward: 0.282. Training.
[INFO] Rocket. Step: 19280000. Time Elapsed: 15810.555 s. Mean Reward: 81.376. Std of Reward: 0.275. Training.
[INFO] Rocket. Step: 19300000. Time Elapsed: 15823.684 s. No episode was completed since last summary. Training.
[INFO] Rocket. Step: 19320000. Time Elapsed: 15846.381 s. Mean Reward: 80.864. Std of Reward: 0.218. Training.
[INFO] Rocket. Step: 19340000. Time Elapsed: 15860.668 s. Mean Reward: 80.933. Std of Reward: 0.000. Training.
[INFO] Rocket. Step: 19360000. Time Elapsed: 15882.690 s. Mean Reward: 81.202. Std of Reward: 0.171. Training.
[INFO] Rocket. Step: 19380000. Time Elapsed: 15897.023 s. Mean Reward: 81.227. Std of Reward: 0.000. Training.
[INFO] Rocket. Step: 19400000. Time Elapsed: 15919.292 s. No episode was completed since last summary. Training.
[INFO] Rocket. Step: 19420000. Time Elapsed: 15934.827 s. Mean Reward: 81.043. Std of Reward: 0.037. Training.
[INFO] Rocket. Step: 19440000. Time Elapsed: 15956.126 s. Mean Reward: 80.537. Std of Reward: 0.246. Training.
[INFO] Rocket. Step: 19460000. Time Elapsed: 15970.497 s. Mean Reward: 80.686. Std of Reward: 0.250. Training.
[INFO] Rocket. Step: 19480000. Time Elapsed: 15992.138 s. No episode was completed since last summary. Training.
[INFO] Rocket. Step: 19500000. Time Elapsed: 16006.442 s. Mean Reward: 80.815. Std of Reward: 0.286. Training.
[INFO] Exported results\HoverSimple2\Rocket\Rocket-19499502.onnx
[INFO] Rocket. Step: 19520000. Time Elapsed: 16029.336 s. Mean Reward: 80.989. Std of Reward: 0.000. Training.
[INFO] Rocket. Step: 19540000. Time Elapsed: 16042.144 s. Mean Reward: 80.763. Std of Reward: 0.616. Training.
[INFO] Rocket. Step: 19560000. Time Elapsed: 16065.239 s. Mean Reward: 81.465. Std of Reward: 0.000. Training.
[INFO] Rocket. Step: 19580000. Time Elapsed: 16077.927 s. No episode was completed since last summary. Training.
[INFO] Rocket. Step: 19600000. Time Elapsed: 16101.444 s. Mean Reward: 80.723. Std of Reward: 0.010. Training.
[INFO] Rocket. Step: 19620000. Time Elapsed: 16115.400 s. Mean Reward: 80.919. Std of Reward: 0.173. Training.
[INFO] Rocket. Step: 19640000. Time Elapsed: 16137.130 s. Mean Reward: 80.322. Std of Reward: 0.301. Training.
[INFO] Rocket. Step: 19660000. Time Elapsed: 16151.083 s. No episode was completed since last summary. Training.
[INFO] Rocket. Step: 19680000. Time Elapsed: 16173.429 s. Mean Reward: 80.750. Std of Reward: 0.118. Training.
[INFO] Rocket. Step: 19700000. Time Elapsed: 16187.631 s. Mean Reward: 81.117. Std of Reward: 0.000. Training.
[INFO] Rocket. Step: 19720000. Time Elapsed: 16210.674 s. Mean Reward: 80.935. Std of Reward: 0.146. Training.
[INFO] Rocket. Step: 19740000. Time Elapsed: 16223.581 s. Mean Reward: 80.235. Std of Reward: 0.000. Training.
[INFO] Rocket. Step: 19760000. Time Elapsed: 16238.098 s. No episode was completed since last summary. Training.
[INFO] Rocket. Step: 19780000. Time Elapsed: 16259.457 s. Mean Reward: 80.877. Std of Reward: 0.350. Training.
[INFO] Rocket. Step: 19800000. Time Elapsed: 16273.273 s. Mean Reward: 80.711. Std of Reward: 0.405. Training.
[INFO] Rocket. Step: 19820000. Time Elapsed: 16295.611 s. Mean Reward: 80.641. Std of Reward: 0.092. Training.
[INFO] Rocket. Step: 19840000. Time Elapsed: 16309.234 s. No episode was completed since last summary. Training.
[INFO] Rocket. Step: 19860000. Time Elapsed: 16333.039 s. Mean Reward: 80.289. Std of Reward: 0.476. Training.
[INFO] Rocket. Step: 19880000. Time Elapsed: 16345.737 s. Mean Reward: 81.188. Std of Reward: 0.000. Training.
[INFO] Rocket. Step: 19900000. Time Elapsed: 16368.311 s. Mean Reward: 81.267. Std of Reward: 0.176. Training.
[INFO] Rocket. Step: 19920000. Time Elapsed: 16381.483 s. Mean Reward: 81.071. Std of Reward: 0.000. Training.
[INFO] Rocket. Step: 19940000. Time Elapsed: 16404.774 s. No episode was completed since last summary. Training.
[INFO] Rocket. Step: 19960000. Time Elapsed: 16417.933 s. Mean Reward: 80.357. Std of Reward: 0.287. Training.
[INFO] Rocket. Step: 19980000. Time Elapsed: 16440.545 s. Mean Reward: 80.576. Std of Reward: 0.388. Training.
[INFO] Rocket. Step: 20000000. Time Elapsed: 16455.040 s. Mean Reward: 80.583. Std of Reward: 0.051. Training.
[INFO] Exported results\HoverSimple2\Rocket\Rocket-19999807.onnx
[INFO] Rocket. Step: 20020000. Time Elapsed: 16476.233 s. No episode was completed since last summary. Training.
[INFO] Rocket. Step: 20040000. Time Elapsed: 16491.688 s. Mean Reward: 80.386. Std of Reward: 0.425. Training.
[INFO] Rocket. Step: 20060000. Time Elapsed: 16513.073 s. Mean Reward: 80.035. Std of Reward: 0.000. Training.
[INFO] Rocket. Step: 20080000. Time Elapsed: 16527.219 s. Mean Reward: 80.422. Std of Reward: 0.210. Training.
[INFO] Rocket. Step: 20100000. Time Elapsed: 16549.733 s. Mean Reward: 80.024. Std of Reward: 0.000. Training.
[INFO] Rocket. Step: 20120000. Time Elapsed: 16563.939 s. No episode was completed since last summary. Training.
[INFO] Rocket. Step: 20140000. Time Elapsed: 16586.903 s. Mean Reward: 80.716. Std of Reward: 0.185. Training.
[INFO] Rocket. Step: 20160000. Time Elapsed: 16601.024 s. Mean Reward: 80.747. Std of Reward: 0.096. Training.
[INFO] Rocket. Step: 20180000. Time Elapsed: 16625.034 s. Mean Reward: 80.181. Std of Reward: 0.320. Training.
[INFO] Rocket. Step: 20200000. Time Elapsed: 16636.717 s. No episode was completed since last summary. Training.
[INFO] Rocket. Step: 20220000. Time Elapsed: 16653.083 s. Mean Reward: 80.401. Std of Reward: 0.475. Training.
[INFO] Rocket. Step: 20240000. Time Elapsed: 16674.920 s. Mean Reward: 80.622. Std of Reward: 0.000. Training.
[INFO] Rocket. Step: 20260000. Time Elapsed: 16688.847 s. Mean Reward: 80.950. Std of Reward: 0.070. Training.
[INFO] Rocket. Step: 20280000. Time Elapsed: 16711.584 s. Mean Reward: 80.797. Std of Reward: 0.000. Training.
[INFO] Rocket. Step: 20300000. Time Elapsed: 16725.553 s. No episode was completed since last summary. Training.
[INFO] Rocket. Step: 20320000. Time Elapsed: 16748.080 s. Mean Reward: 80.984. Std of Reward: 0.396. Training.
[INFO] Rocket. Step: 20340000. Time Elapsed: 16761.122 s. Mean Reward: 80.923. Std of Reward: 0.300. Training.
[INFO] Rocket. Step: 20360000. Time Elapsed: 16784.047 s. Mean Reward: 80.700. Std of Reward: 0.373. Training.
[INFO] Rocket. Step: 20380000. Time Elapsed: 16796.746 s. No episode was completed since last summary. Training.
[INFO] Rocket. Step: 20400000. Time Elapsed: 16820.008 s. Mean Reward: 80.224. Std of Reward: 1.048. Training.
[INFO] Rocket. Step: 20420000. Time Elapsed: 16833.097 s. Mean Reward: 81.193. Std of Reward: 0.000. Training.
[INFO] Rocket. Step: 20440000. Time Elapsed: 16855.652 s. Mean Reward: 80.901. Std of Reward: 0.242. Training.
[INFO] Rocket. Step: 20460000. Time Elapsed: 16868.887 s. Mean Reward: 80.723. Std of Reward: 0.000. Training.
[INFO] Rocket. Step: 20480000. Time Elapsed: 16891.730 s. No episode was completed since last summary. Training.
[INFO] Rocket. Step: 20500000. Time Elapsed: 16905.547 s. Mean Reward: 81.011. Std of Reward: 0.389. Training.
[INFO] Exported results\HoverSimple2\Rocket\Rocket-20499189.onnx
[INFO] Rocket. Step: 20520000. Time Elapsed: 16927.181 s. Mean Reward: 81.055. Std of Reward: 0.225. Training.
[INFO] Rocket. Step: 20540000. Time Elapsed: 16942.000 s. Mean Reward: 80.952. Std of Reward: 0.828. Training.
[INFO] Rocket. Step: 20560000. Time Elapsed: 16963.668 s. No episode was completed since last summary. Training.
[INFO] Rocket. Step: 20580000. Time Elapsed: 16978.378 s. Mean Reward: 80.703. Std of Reward: 0.557. Training.
[INFO] Rocket. Step: 20600000. Time Elapsed: 17004.385 s. Mean Reward: 80.632. Std of Reward: 0.000. Training.
[INFO] Rocket. Step: 20620000. Time Elapsed: 17018.348 s. Mean Reward: 80.824. Std of Reward: 0.420. Training.
[INFO] Rocket. Step: 20640000. Time Elapsed: 17032.843 s. Mean Reward: 81.484. Std of Reward: 0.000. Training.
[INFO] Rocket. Step: 20660000. Time Elapsed: 17055.852 s. No episode was completed since last summary. Training.
[INFO] Rocket. Step: 20680000. Time Elapsed: 17069.834 s. Mean Reward: 81.129. Std of Reward: 0.588. Training.
[INFO] Rocket. Step: 20700000. Time Elapsed: 17090.930 s. Mean Reward: 81.154. Std of Reward: 0.743. Training.
[INFO] Rocket. Step: 20720000. Time Elapsed: 17105.615 s. Mean Reward: 81.345. Std of Reward: 0.119. Training.
[INFO] Rocket. Step: 20740000. Time Elapsed: 17126.821 s. No episode was completed since last summary. Training.
[INFO] Rocket. Step: 20760000. Time Elapsed: 17142.593 s. Mean Reward: 81.229. Std of Reward: 0.112. Training.
[INFO] Rocket. Step: 20780000. Time Elapsed: 17164.854 s. Mean Reward: 80.589. Std of Reward: 0.000. Training.
[INFO] Rocket. Step: 20800000. Time Elapsed: 17178.407 s. Mean Reward: 81.426. Std of Reward: 0.635. Training.
[INFO] Rocket. Step: 20820000. Time Elapsed: 17200.875 s. Mean Reward: 81.995. Std of Reward: 0.000. Training.
[INFO] Rocket. Step: 20840000. Time Elapsed: 17215.187 s. No episode was completed since last summary. Training.
[INFO] Rocket. Step: 20860000. Time Elapsed: 17238.552 s. Mean Reward: 81.158. Std of Reward: 0.472. Training.
[INFO] Rocket. Step: 20880000. Time Elapsed: 17252.740 s. Mean Reward: 81.166. Std of Reward: 0.385. Training.
[INFO] Rocket. Step: 20900000. Time Elapsed: 17274.684 s. Mean Reward: 81.451. Std of Reward: 0.000. Training.
[INFO] Rocket. Step: 20920000. Time Elapsed: 17289.068 s. No episode was completed since last summary. Training.
[INFO] Rocket. Step: 20940000. Time Elapsed: 17309.570 s. Mean Reward: 81.409. Std of Reward: 0.155. Training.
[INFO] Rocket. Step: 20960000. Time Elapsed: 17323.422 s. Mean Reward: 81.817. Std of Reward: 0.000. Training.
[INFO] Rocket. Step: 20980000. Time Elapsed: 17344.242 s. Mean Reward: 81.324. Std of Reward: 0.239. Training.
[INFO] Rocket. Step: 21000000. Time Elapsed: 17357.968 s. Mean Reward: 81.593. Std of Reward: 0.000. Training.
[INFO] Exported results\HoverSimple2\Rocket\Rocket-20999437.onnx
[INFO] Rocket. Step: 21020000. Time Elapsed: 17380.295 s. No episode was completed since last summary. Training.
[INFO] Rocket. Step: 21040000. Time Elapsed: 17392.845 s. Mean Reward: 81.439. Std of Reward: 0.189. Training.
[INFO] Rocket. Step: 21060000. Time Elapsed: 17415.371 s. Mean Reward: 81.500. Std of Reward: 0.454. Training.
[INFO] Rocket. Step: 21080000. Time Elapsed: 17427.915 s. Mean Reward: 80.836. Std of Reward: 0.000. Training.
[INFO] Rocket. Step: 21100000. Time Elapsed: 17442.260 s. No episode was completed since last summary. Training.
[INFO] Rocket. Step: 21120000. Time Elapsed: 17463.624 s. Mean Reward: 81.774. Std of Reward: 0.365. Training.
[INFO] Rocket. Step: 21140000. Time Elapsed: 17475.721 s. Mean Reward: 81.597. Std of Reward: 0.000. Training.
[INFO] Rocket. Step: 21160000. Time Elapsed: 17497.008 s. Mean Reward: 81.740. Std of Reward: 0.105. Training.
[INFO] Rocket. Step: 21180000. Time Elapsed: 17509.668 s. Mean Reward: 81.801. Std of Reward: 0.000. Training.
[INFO] Rocket. Step: 21200000. Time Elapsed: 17531.742 s. No episode was completed since last summary. Training.
[INFO] Rocket. Step: 21220000. Time Elapsed: 17544.393 s. Mean Reward: 81.423. Std of Reward: 0.221. Training.
[INFO] Rocket. Step: 21240000. Time Elapsed: 17565.313 s. Mean Reward: 81.626. Std of Reward: 0.200. Training.
[INFO] Rocket. Step: 21260000. Time Elapsed: 17579.141 s. Mean Reward: 81.227. Std of Reward: 0.000. Training.
[INFO] Rocket. Step: 21280000. Time Elapsed: 17602.197 s. No episode was completed since last summary. Training.
[INFO] Rocket. Step: 21300000. Time Elapsed: 17616.897 s. Mean Reward: 81.256. Std of Reward: 0.394. Training.
[INFO] Rocket. Step: 21320000. Time Elapsed: 17638.119 s. Mean Reward: 81.958. Std of Reward: 0.000. Training.
[INFO] Rocket. Step: 21340000. Time Elapsed: 17652.316 s. Mean Reward: 81.561. Std of Reward: 0.171. Training.
[INFO] Rocket. Step: 21360000. Time Elapsed: 17674.084 s. Mean Reward: 81.441. Std of Reward: 0.000. Training.
[INFO] Rocket. Step: 21380000. Time Elapsed: 17688.776 s. No episode was completed since last summary. Training.
[INFO] Rocket. Step: 21400000. Time Elapsed: 17710.276 s. Mean Reward: 81.555. Std of Reward: 0.160. Training.
[INFO] Rocket. Step: 21420000. Time Elapsed: 17724.416 s. Mean Reward: 81.558. Std of Reward: 0.434. Training.
[INFO] Rocket. Step: 21440000. Time Elapsed: 17746.768 s. Mean Reward: 81.535. Std of Reward: 0.000. Training.
[INFO] Rocket. Step: 21460000. Time Elapsed: 17761.473 s. No episode was completed since last summary. Training.
[INFO] Rocket. Step: 21480000. Time Elapsed: 17784.940 s. Mean Reward: 81.749. Std of Reward: 0.433. Training.
[INFO] Rocket. Step: 21500000. Time Elapsed: 17797.892 s. Mean Reward: 81.724. Std of Reward: 0.000. Training.
[INFO] Exported results\HoverSimple2\Rocket\Rocket-21499769.onnx
[INFO] Rocket. Step: 21520000. Time Elapsed: 17821.781 s. Mean Reward: 81.394. Std of Reward: 0.055. Training.
[INFO] Rocket. Step: 21540000. Time Elapsed: 17833.709 s. Mean Reward: 82.077. Std of Reward: 0.000. Training.
[INFO] Rocket. Step: 21560000. Time Elapsed: 17848.772 s. No episode was completed since last summary. Training.
[INFO] Rocket. Step: 21580000. Time Elapsed: 17870.142 s. Mean Reward: 81.276. Std of Reward: 0.189. Training.
[INFO] Rocket. Step: 21600000. Time Elapsed: 17884.684 s. Mean Reward: 81.294. Std of Reward: 0.491. Training.
[INFO] Rocket. Step: 21620000. Time Elapsed: 17906.462 s. Mean Reward: 81.617. Std of Reward: 0.000. Training.
[INFO] Rocket. Step: 21640000. Time Elapsed: 17921.336 s. No episode was completed since last summary. Training.
[INFO] Rocket. Step: 21660000. Time Elapsed: 17944.325 s. Mean Reward: 81.870. Std of Reward: 0.155. Training.
[INFO] Rocket. Step: 21680000. Time Elapsed: 17956.963 s. Mean Reward: 81.222. Std of Reward: 0.000. Training.
[INFO] Rocket. Step: 21700000. Time Elapsed: 17980.073 s. Mean Reward: 81.614. Std of Reward: 0.170. Training.
[INFO] Rocket. Step: 21720000. Time Elapsed: 17992.687 s. Mean Reward: 81.420. Std of Reward: 0.000. Training.
[INFO] Rocket. Step: 21740000. Time Elapsed: 18016.539 s. No episode was completed since last summary. Training.
[INFO] Rocket. Step: 21760000. Time Elapsed: 18029.394 s. Mean Reward: 81.439. Std of Reward: 0.424. Training.
[INFO] Rocket. Step: 21780000. Time Elapsed: 18052.775 s. Mean Reward: 81.555. Std of Reward: 0.382. Training.
[INFO] Rocket. Step: 21800000. Time Elapsed: 18066.654 s. Mean Reward: 81.228. Std of Reward: 0.000. Training.
[INFO] Rocket. Step: 21820000. Time Elapsed: 18090.300 s. No episode was completed since last summary. Training.
[INFO] Rocket. Step: 21840000. Time Elapsed: 18104.863 s. Mean Reward: 81.592. Std of Reward: 0.224. Training.
[INFO] Rocket. Step: 21860000. Time Elapsed: 18126.328 s. Mean Reward: 81.841. Std of Reward: 0.000. Training.
[INFO] Rocket. Step: 21880000. Time Elapsed: 18140.815 s. Mean Reward: 81.643. Std of Reward: 0.102. Training.
[INFO] Rocket. Step: 21900000. Time Elapsed: 18163.527 s. Mean Reward: 82.033. Std of Reward: 0.000. Training.
[INFO] Rocket. Step: 21920000. Time Elapsed: 18178.109 s. No episode was completed since last summary. Training.
[INFO] Rocket. Step: 21940000. Time Elapsed: 18201.604 s. Mean Reward: 81.694. Std of Reward: 0.231. Training.
[INFO] Rocket. Step: 21960000. Time Elapsed: 18214.464 s. Mean Reward: 81.662. Std of Reward: 0.171. Training.
[INFO] Rocket. Step: 21980000. Time Elapsed: 18238.514 s. Mean Reward: 81.194. Std of Reward: 0.000. Training.
[INFO] Rocket. Step: 22000000. Time Elapsed: 18251.056 s. No episode was completed since last summary. Training.
[INFO] Exported results\HoverSimple2\Rocket\Rocket-21999066.onnx
[INFO] Rocket. Step: 22020000. Time Elapsed: 18265.559 s. Mean Reward: 81.687. Std of Reward: 0.311. Training.
[INFO] Rocket. Step: 22040000. Time Elapsed: 18288.589 s. Mean Reward: 81.778. Std of Reward: 0.000. Training.
[INFO] Rocket. Step: 22060000. Time Elapsed: 18302.245 s. Mean Reward: 81.443. Std of Reward: 0.077. Training.
[INFO] Rocket. Step: 22080000. Time Elapsed: 18325.818 s. Mean Reward: 82.393. Std of Reward: 0.000. Training.
[INFO] Rocket. Step: 22100000. Time Elapsed: 18338.504 s. No episode was completed since last summary. Training.
[INFO] Rocket. Step: 22120000. Time Elapsed: 18361.084 s. Mean Reward: 81.520. Std of Reward: 0.305. Training.
[INFO] Rocket. Step: 22140000. Time Elapsed: 18375.156 s. Mean Reward: 81.867. Std of Reward: 0.235. Training.
[INFO] Rocket. Step: 22160000. Time Elapsed: 18396.242 s. Mean Reward: 81.403. Std of Reward: 0.000. Training.
[INFO] Rocket. Step: 22180000. Time Elapsed: 18411.468 s. No episode was completed since last summary. Training.
[INFO] Rocket. Step: 22200000. Time Elapsed: 18433.027 s. Mean Reward: 81.485. Std of Reward: 0.596. Training.
[INFO] Rocket. Step: 22220000. Time Elapsed: 18446.967 s. Mean Reward: 82.267. Std of Reward: 0.000. Training.
[INFO] Rocket. Step: 22240000. Time Elapsed: 18469.312 s. Mean Reward: 82.115. Std of Reward: 0.226. Training.
[INFO] Rocket. Step: 22260000. Time Elapsed: 18483.569 s. No episode was completed since last summary. Training.
[INFO] Rocket. Step: 22280000. Time Elapsed: 18506.362 s. No episode was completed since last summary. Training.
[INFO] Rocket. Step: 22300000. Time Elapsed: 18519.299 s. Mean Reward: 81.509. Std of Reward: 0.163. Training.
[INFO] Rocket. Step: 22320000. Time Elapsed: 18542.912 s. Mean Reward: 81.647. Std of Reward: 0.231. Training.
[INFO] Rocket. Step: 22340000. Time Elapsed: 18555.310 s. Mean Reward: 81.206. Std of Reward: 0.000. Training.
[INFO] Rocket. Step: 22360000. Time Elapsed: 18579.049 s. No episode was completed since last summary. Training.
[INFO] Rocket. Step: 22380000. Time Elapsed: 18592.451 s. Mean Reward: 81.564. Std of Reward: 0.475. Training.
[INFO] Rocket. Step: 22400000. Time Elapsed: 18616.345 s. No episode was completed since last summary. Training.
[INFO] Rocket. Step: 22420000. Time Elapsed: 18629.587 s. Mean Reward: 81.658. Std of Reward: 0.259. Training.
[INFO] Rocket. Step: 22440000. Time Elapsed: 18643.387 s. No episode was completed since last summary. Training.
[INFO] Rocket. Step: 22460000. Time Elapsed: 18666.957 s. No episode was completed since last summary. Training.
[INFO] Rocket. Step: 22480000. Time Elapsed: 18680.588 s. Mean Reward: 81.755. Std of Reward: 0.123. Training.
[INFO] Rocket. Step: 22500000. Time Elapsed: 18703.296 s. Mean Reward: 81.646. Std of Reward: 0.297. Training.
[INFO] Exported results\HoverSimple2\Rocket\Rocket-22499278.onnx
[INFO] Rocket. Step: 22520000. Time Elapsed: 18716.094 s. Mean Reward: 81.398. Std of Reward: 0.000. Training.
[INFO] Rocket. Step: 22540000. Time Elapsed: 18739.776 s. No episode was completed since last summary. Training.
[INFO] Rocket. Step: 22560000. Time Elapsed: 18753.095 s. Mean Reward: 81.379. Std of Reward: 0.181. Training.
[INFO] Rocket. Step: 22580000. Time Elapsed: 18776.437 s. No episode was completed since last summary. Training.
[INFO] Rocket. Step: 22600000. Time Elapsed: 18789.866 s. Mean Reward: 81.585. Std of Reward: 0.489. Training.
[INFO] Rocket. Step: 22620000. Time Elapsed: 18812.857 s. No episode was completed since last summary. Training.
[INFO] Rocket. Step: 22640000. Time Elapsed: 18826.589 s. No episode was completed since last summary. Training.
[INFO] Rocket. Step: 22660000. Time Elapsed: 18848.358 s. Mean Reward: 81.181. Std of Reward: 0.161. Training.
[INFO] Rocket. Step: 22680000. Time Elapsed: 18862.090 s. Mean Reward: 81.106. Std of Reward: 0.353. Training.
[INFO] Rocket. Step: 22700000. Time Elapsed: 18882.993 s. Mean Reward: 80.889. Std of Reward: 0.000. Training.
[INFO] Rocket. Step: 22720000. Time Elapsed: 18898.520 s. Mean Reward: 81.375. Std of Reward: 0.000. Training.
[INFO] Rocket. Step: 22740000. Time Elapsed: 18920.165 s. Mean Reward: 81.326. Std of Reward: 0.254. Training.
[INFO] Rocket. Step: 22760000. Time Elapsed: 18934.286 s. No episode was completed since last summary. Training.
[INFO] Rocket. Step: 22780000. Time Elapsed: 18956.222 s. Mean Reward: 81.409. Std of Reward: 0.267. Training.
[INFO] Rocket. Step: 22800000. Time Elapsed: 18970.699 s. No episode was completed since last summary. Training.
[INFO] Rocket. Step: 22820000. Time Elapsed: 18993.640 s. No episode was completed since last summary. Training.
[INFO] Rocket. Step: 22840000. Time Elapsed: 19006.161 s. Mean Reward: 81.292. Std of Reward: 0.524. Training.
[INFO] Rocket. Step: 22860000. Time Elapsed: 19020.536 s. Mean Reward: 81.367. Std of Reward: 0.383. Training.
[INFO] Rocket. Step: 22880000. Time Elapsed: 19041.486 s. Mean Reward: 81.526. Std of Reward: 0.000. Training.
[INFO] Rocket. Step: 22900000. Time Elapsed: 19056.700 s. Mean Reward: 81.097. Std of Reward: 0.000. Training.
[INFO] Rocket. Step: 22920000. Time Elapsed: 19079.035 s. Mean Reward: 81.333. Std of Reward: 0.129. Training.
[INFO] Rocket. Step: 22940000. Time Elapsed: 19092.250 s. No episode was completed since last summary. Training.
[INFO] Rocket. Step: 22960000. Time Elapsed: 19114.591 s. Mean Reward: 81.305. Std of Reward: 0.231. Training.
[INFO] Rocket. Step: 22980000. Time Elapsed: 19128.383 s. No episode was completed since last summary. Training.
[INFO] Rocket. Step: 23000000. Time Elapsed: 19151.574 s. No episode was completed since last summary. Training.
[INFO] Exported results\HoverSimple2\Rocket\Rocket-22999671.onnx
[INFO] Rocket. Step: 23020000. Time Elapsed: 19164.279 s. Mean Reward: 81.444. Std of Reward: 0.175. Training.
[INFO] Rocket. Step: 23040000. Time Elapsed: 19187.314 s. Mean Reward: 81.416. Std of Reward: 0.272. Training.
[INFO] Rocket. Step: 23060000. Time Elapsed: 19201.618 s. Mean Reward: 81.578. Std of Reward: 0.000. Training.
[INFO] Rocket. Step: 23080000. Time Elapsed: 19223.319 s. Mean Reward: 81.007. Std of Reward: 0.000. Training.
[INFO] Rocket. Step: 23100000. Time Elapsed: 19237.365 s. Mean Reward: 81.332. Std of Reward: 0.921. Training.
[INFO] Rocket. Step: 23120000. Time Elapsed: 19259.747 s. No episode was completed since last summary. Training.
[INFO] Rocket. Step: 23140000. Time Elapsed: 19274.771 s. Mean Reward: 81.740. Std of Reward: 0.326. Training.
[INFO] Rocket. Step: 23160000. Time Elapsed: 19298.200 s. No episode was completed since last summary. Training.
[INFO] Rocket. Step: 23180000. Time Elapsed: 19311.316 s. No episode was completed since last summary. Training.
[INFO] Rocket. Step: 23200000. Time Elapsed: 19333.593 s. Mean Reward: 81.854. Std of Reward: 0.199. Training.
[INFO] Rocket. Step: 23220000. Time Elapsed: 19346.982 s. Mean Reward: 81.288. Std of Reward: 0.236. Training.
[INFO] Rocket. Step: 23240000. Time Elapsed: 19370.032 s. Mean Reward: 81.943. Std of Reward: 0.000. Training.
[INFO] Rocket. Step: 23260000. Time Elapsed: 19384.620 s. Mean Reward: 81.182. Std of Reward: 0.000. Training.
[INFO] Rocket. Step: 23280000. Time Elapsed: 19406.402 s. Mean Reward: 81.495. Std of Reward: 0.356. Training.
[INFO] Rocket. Step: 23300000. Time Elapsed: 19419.261 s. No episode was completed since last summary. Training.
[INFO] Rocket. Step: 23320000. Time Elapsed: 19432.626 s. Mean Reward: 81.978. Std of Reward: 0.298. Training.
[INFO] Rocket. Step: 23340000. Time Elapsed: 19454.926 s. No episode was completed since last summary. Training.
[INFO] Rocket. Step: 23360000. Time Elapsed: 19468.374 s. No episode was completed since last summary. Training.
[INFO] Rocket. Step: 23380000. Time Elapsed: 19489.531 s. Mean Reward: 82.137. Std of Reward: 0.316. Training.
[INFO] Rocket. Step: 23400000. Time Elapsed: 19503.614 s. Mean Reward: 81.909. Std of Reward: 0.423. Training.
[INFO] Rocket. Step: 23420000. Time Elapsed: 19524.665 s. Mean Reward: 81.968. Std of Reward: 0.000. Training.
[INFO] Rocket. Step: 23440000. Time Elapsed: 19539.014 s. Mean Reward: 82.329. Std of Reward: 0.000. Training.
[INFO] Rocket. Step: 23460000. Time Elapsed: 19558.702 s. Mean Reward: 82.469. Std of Reward: 0.049. Training.
[INFO] Rocket. Step: 23480000. Time Elapsed: 19573.000 s. No episode was completed since last summary. Training.
[INFO] Rocket. Step: 23500000. Time Elapsed: 19593.270 s. Mean Reward: 81.428. Std of Reward: 0.498. Training.
[INFO] Exported results\HoverSimple2\Rocket\Rocket-23499857.onnx
[INFO] Rocket. Step: 23520000. Time Elapsed: 19608.174 s. No episode was completed since last summary. Training.
[INFO] Rocket. Step: 23540000. Time Elapsed: 19628.207 s. No episode was completed since last summary. Training.
[INFO] Rocket. Step: 23560000. Time Elapsed: 19642.333 s. Mean Reward: 81.798. Std of Reward: 0.010. Training.
[INFO] Rocket. Step: 23580000. Time Elapsed: 19663.372 s. Mean Reward: 82.044. Std of Reward: 0.232. Training.
[INFO] Rocket. Step: 23600000. Time Elapsed: 19677.994 s. Mean Reward: 80.813. Std of Reward: 0.000. Training.
[INFO] Rocket. Step: 23620000. Time Elapsed: 19698.662 s. Mean Reward: 82.419. Std of Reward: 0.000. Training.
[INFO] Rocket. Step: 23640000. Time Elapsed: 19712.210 s. Mean Reward: 81.635. Std of Reward: 0.365. Training.
[INFO] Rocket. Step: 23660000. Time Elapsed: 19734.857 s. No episode was completed since last summary. Training.
[INFO] Rocket. Step: 23680000. Time Elapsed: 19747.688 s. Mean Reward: 81.755. Std of Reward: 0.201. Training.
[INFO] Rocket. Step: 23700000. Time Elapsed: 19772.769 s. No episode was completed since last summary. Training.
[INFO] Rocket. Step: 23720000. Time Elapsed: 19785.235 s. No episode was completed since last summary. Training.
[INFO] Rocket. Step: 23740000. Time Elapsed: 19809.226 s. Mean Reward: 81.975. Std of Reward: 0.127. Training.
[INFO] Rocket. Step: 23760000. Time Elapsed: 19821.343 s. Mean Reward: 81.665. Std of Reward: 0.174. Training.
[INFO] Rocket. Step: 23780000. Time Elapsed: 19836.079 s. Mean Reward: 81.250. Std of Reward: 0.000. Training.
[INFO] Rocket. Step: 23800000. Time Elapsed: 19858.478 s. Mean Reward: 81.028. Std of Reward: 0.000. Training.
[INFO] Rocket. Step: 23820000. Time Elapsed: 19871.582 s. Mean Reward: 81.547. Std of Reward: 0.143. Training.
[INFO] Rocket. Step: 23840000. Time Elapsed: 19894.406 s. Mean Reward: 81.102. Std of Reward: 0.000. Training.
[INFO] Rocket. Step: 23860000. Time Elapsed: 19906.209 s. Mean Reward: 81.914. Std of Reward: 0.256. Training.
[INFO] Rocket. Step: 23880000. Time Elapsed: 19929.976 s. No episode was completed since last summary. Training.
[INFO] Rocket. Step: 23900000. Time Elapsed: 19943.239 s. No episode was completed since last summary. Training.
[INFO] Rocket. Step: 23920000. Time Elapsed: 19966.662 s. Mean Reward: 81.547. Std of Reward: 0.349. Training.
[INFO] Rocket. Step: 23940000. Time Elapsed: 19980.023 s. Mean Reward: 81.215. Std of Reward: 0.509. Training.
[INFO] Rocket. Step: 23960000. Time Elapsed: 20002.938 s. Mean Reward: 81.944. Std of Reward: 0.000. Training.
[INFO] Rocket. Step: 23980000. Time Elapsed: 20017.278 s. Mean Reward: 81.487. Std of Reward: 0.000. Training.
[INFO] Rocket. Step: 24000000. Time Elapsed: 20038.976 s. Mean Reward: 81.569. Std of Reward: 0.298. Training.
[INFO] Exported results\HoverSimple2\Rocket\Rocket-23999154.onnx
[INFO] Rocket. Step: 24020000. Time Elapsed: 20053.616 s. Mean Reward: 80.432. Std of Reward: 0.000. Training.
[INFO] Rocket. Step: 24040000. Time Elapsed: 20076.532 s. Mean Reward: 81.487. Std of Reward: 0.393. Training.
[INFO] Rocket. Step: 24060000. Time Elapsed: 20089.741 s. No episode was completed since last summary. Training.
[INFO] Rocket. Step: 24080000. Time Elapsed: 20112.952 s. No episode was completed since last summary. Training.
[INFO] Rocket. Step: 24100000. Time Elapsed: 20126.188 s. Mean Reward: 81.807. Std of Reward: 0.163. Training.
[INFO] Rocket. Step: 24120000. Time Elapsed: 20148.585 s. Mean Reward: 81.210. Std of Reward: 0.439. Training.
[INFO] Rocket. Step: 24140000. Time Elapsed: 20162.877 s. Mean Reward: 81.746. Std of Reward: 0.000. Training.
[INFO] Rocket. Step: 24160000. Time Elapsed: 20186.009 s. Mean Reward: 81.643. Std of Reward: 0.000. Training.
[INFO] Rocket. Step: 24180000. Time Elapsed: 20199.309 s. Mean Reward: 81.792. Std of Reward: 0.512. Training.
[INFO] Rocket. Step: 24200000. Time Elapsed: 20212.659 s. Mean Reward: 81.891. Std of Reward: 0.000. Training.
[INFO] Rocket. Step: 24220000. Time Elapsed: 20235.570 s. Mean Reward: 81.458. Std of Reward: 0.225. Training.
[INFO] Rocket. Step: 24240000. Time Elapsed: 20248.213 s. No episode was completed since last summary. Training.
[INFO] Rocket. Step: 24260000. Time Elapsed: 20271.337 s. No episode was completed since last summary. Training.
[INFO] Rocket. Step: 24280000. Time Elapsed: 20285.882 s. Mean Reward: 82.073. Std of Reward: 0.084. Training.
[INFO] Rocket. Step: 24300000. Time Elapsed: 20306.749 s. Mean Reward: 81.957. Std of Reward: 0.157. Training.
[INFO] Rocket. Step: 24320000. Time Elapsed: 20322.218 s. Mean Reward: 81.830. Std of Reward: 0.000. Training.
[INFO] Rocket. Step: 24340000. Time Elapsed: 20343.854 s. Mean Reward: 80.855. Std of Reward: 0.000. Training.
[INFO] Rocket. Step: 24360000. Time Elapsed: 20357.763 s. Mean Reward: 81.924. Std of Reward: 0.257. Training.
[INFO] Rocket. Step: 24380000. Time Elapsed: 20380.540 s. Mean Reward: 81.700. Std of Reward: 0.000. Training.
[INFO] Rocket. Step: 24400000. Time Elapsed: 20394.966 s. Mean Reward: 81.637. Std of Reward: 0.265. Training.
[INFO] Rocket. Step: 24420000. Time Elapsed: 20418.239 s. No episode was completed since last summary. Training.
[INFO] Rocket. Step: 24440000. Time Elapsed: 20431.194 s. No episode was completed since last summary. Training.
[INFO] Rocket. Step: 24460000. Time Elapsed: 20454.354 s. Mean Reward: 81.583. Std of Reward: 0.479. Training.
[INFO] Rocket. Step: 24480000. Time Elapsed: 20466.790 s. Mean Reward: 81.719. Std of Reward: 0.303. Training.
[INFO] Rocket. Step: 24500000. Time Elapsed: 20490.856 s. Mean Reward: 81.866. Std of Reward: 0.000. Training.
[INFO] Exported results\HoverSimple2\Rocket\Rocket-24499471.onnx
[INFO] Rocket. Step: 24520000. Time Elapsed: 20504.697 s. Mean Reward: 80.849. Std of Reward: 0.000. Training.
[INFO] Rocket. Step: 24540000. Time Elapsed: 20527.257 s. Mean Reward: 81.584. Std of Reward: 0.365. Training.
[INFO] Rocket. Step: 24560000. Time Elapsed: 20541.311 s. Mean Reward: 81.141. Std of Reward: 0.000. Training.
[INFO] Rocket. Step: 24580000. Time Elapsed: 20564.110 s. Mean Reward: 81.672. Std of Reward: 0.231. Training.
[INFO] Rocket. Step: 24600000. Time Elapsed: 20578.140 s. No episode was completed since last summary. Training.
[INFO] Rocket. Step: 24620000. Time Elapsed: 20590.834 s. No episode was completed since last summary. Training.
[INFO] Rocket. Step: 24640000. Time Elapsed: 20613.591 s. Mean Reward: 80.956. Std of Reward: 0.381. Training.
[INFO] Rocket. Step: 24660000. Time Elapsed: 20626.409 s. Mean Reward: 81.318. Std of Reward: 0.336. Training.
[INFO] Rocket. Step: 24680000. Time Elapsed: 20650.054 s. No episode was completed since last summary. Training.
[INFO] Rocket. Step: 24700000. Time Elapsed: 20663.193 s. Mean Reward: 81.381. Std of Reward: 0.000. Training.
[INFO] Rocket. Step: 24720000. Time Elapsed: 20685.600 s. Mean Reward: 81.479. Std of Reward: 0.240. Training.
[INFO] Rocket. Step: 24740000. Time Elapsed: 20699.537 s. Mean Reward: 81.755. Std of Reward: 0.000. Training.
[INFO] Rocket. Step: 24760000. Time Elapsed: 20722.474 s. Mean Reward: 81.287. Std of Reward: 0.266. Training.
[INFO] Rocket. Step: 24780000. Time Elapsed: 20735.854 s. No episode was completed since last summary. Training.
[INFO] Rocket. Step: 24800000. Time Elapsed: 20757.813 s. No episode was completed since last summary. Training.
[INFO] Rocket. Step: 24820000. Time Elapsed: 20771.093 s. Mean Reward: 81.160. Std of Reward: 0.365. Training.
[INFO] Rocket. Step: 24840000. Time Elapsed: 20792.289 s. Mean Reward: 81.078. Std of Reward: 0.334. Training.
[INFO] Rocket. Step: 24860000. Time Elapsed: 20807.386 s. No episode was completed since last summary. Training.
[INFO] Rocket. Step: 24880000. Time Elapsed: 20828.645 s. Mean Reward: 81.080. Std of Reward: 0.000. Training.
[INFO] Rocket. Step: 24900000. Time Elapsed: 20842.773 s. Mean Reward: 80.978. Std of Reward: 0.431. Training.
[INFO] Rocket. Step: 24920000. Time Elapsed: 20864.583 s. Mean Reward: 80.764. Std of Reward: 0.000. Training.
[INFO] Rocket. Step: 24940000. Time Elapsed: 20878.758 s. Mean Reward: 81.007. Std of Reward: 0.181. Training.
[INFO] Rocket. Step: 24960000. Time Elapsed: 20900.818 s. No episode was completed since last summary. Training.
[INFO] Rocket. Step: 24980000. Time Elapsed: 20914.358 s. No episode was completed since last summary. Training.
[INFO] Rocket. Step: 25000000. Time Elapsed: 20937.222 s. Mean Reward: 81.287. Std of Reward: 0.414. Training.
[INFO] Exported results\HoverSimple2\Rocket\Rocket-24999782.onnx
[INFO] Rocket. Step: 25020000. Time Elapsed: 20949.224 s. Mean Reward: 81.209. Std of Reward: 0.299. Training.
[INFO] Rocket. Step: 25040000. Time Elapsed: 20973.302 s. No episode was completed since last summary. Training.
[INFO] Rocket. Step: 25060000. Time Elapsed: 20985.188 s. Mean Reward: 80.504. Std of Reward: 0.000. Training.
[INFO] Rocket. Step: 25080000. Time Elapsed: 20999.504 s. Mean Reward: 81.302. Std of Reward: 0.417. Training.
[INFO] Rocket. Step: 25100000. Time Elapsed: 21021.463 s. Mean Reward: 81.189. Std of Reward: 0.000. Training.
[INFO] Rocket. Step: 25120000. Time Elapsed: 21035.972 s. Mean Reward: 81.223. Std of Reward: 0.368. Training.
[INFO] Rocket. Step: 25140000. Time Elapsed: 21058.049 s. No episode was completed since last summary. Training.
[INFO] Rocket. Step: 25160000. Time Elapsed: 21071.226 s. No episode was completed since last summary. Training.
[INFO] Rocket. Step: 25180000. Time Elapsed: 21094.015 s. Mean Reward: 81.260. Std of Reward: 0.159. Training.
[INFO] Rocket. Step: 25200000. Time Elapsed: 21108.002 s. Mean Reward: 81.656. Std of Reward: 0.271. Training.
[INFO] Rocket. Step: 25220000. Time Elapsed: 21129.666 s. No episode was completed since last summary. Training.
[INFO] Rocket. Step: 25240000. Time Elapsed: 21143.634 s. Mean Reward: 81.357. Std of Reward: 0.000. Training.
[INFO] Rocket. Step: 25260000. Time Elapsed: 21164.868 s. Mean Reward: 81.348. Std of Reward: 0.295. Training.
[INFO] Rocket. Step: 25280000. Time Elapsed: 21178.513 s. Mean Reward: 81.582. Std of Reward: 0.000. Training.
[INFO] Rocket. Step: 25300000. Time Elapsed: 21201.897 s. Mean Reward: 81.782. Std of Reward: 0.132. Training.
[INFO] Rocket. Step: 25320000. Time Elapsed: 21214.753 s. No episode was completed since last summary. Training.
[INFO] Rocket. Step: 25340000. Time Elapsed: 21237.477 s. No episode was completed since last summary. Training.
[INFO] Rocket. Step: 25360000. Time Elapsed: 21251.206 s. Mean Reward: 81.542. Std of Reward: 0.329. Training.
[INFO] Rocket. Step: 25380000. Time Elapsed: 21273.892 s. Mean Reward: 81.426. Std of Reward: 0.200. Training.
[INFO] Rocket. Step: 25400000. Time Elapsed: 21286.426 s. No episode was completed since last summary. Training.
[INFO] Rocket. Step: 25420000. Time Elapsed: 21308.703 s. Mean Reward: 81.331. Std of Reward: 0.000. Training.
[INFO] Rocket. Step: 25440000. Time Elapsed: 21322.942 s. Mean Reward: 81.692. Std of Reward: 0.175. Training.
[INFO] Rocket. Step: 25460000. Time Elapsed: 21344.586 s. Mean Reward: 81.742. Std of Reward: 0.000. Training.
[INFO] Rocket. Step: 25480000. Time Elapsed: 21358.751 s. Mean Reward: 81.214. Std of Reward: 0.062. Training.
[INFO] Rocket. Step: 25500000. Time Elapsed: 21382.230 s. No episode was completed since last summary. Training.
[INFO] Exported results\HoverSimple2\Rocket\Rocket-25499085.onnx
[INFO] Rocket. Step: 25520000. Time Elapsed: 21394.571 s. No episode was completed since last summary. Training.
[INFO] Rocket. Step: 25540000. Time Elapsed: 21408.519 s. Mean Reward: 81.308. Std of Reward: 0.360. Training.
[INFO] Rocket. Step: 25560000. Time Elapsed: 21430.599 s. Mean Reward: 81.694. Std of Reward: 0.326. Training.
[INFO] Rocket. Step: 25580000. Time Elapsed: 21444.219 s. No episode was completed since last summary. Training.
[INFO] Rocket. Step: 25600000. Time Elapsed: 21465.546 s. Mean Reward: 81.429. Std of Reward: 0.000. Training.
[INFO] Rocket. Step: 25620000. Time Elapsed: 21480.105 s. Mean Reward: 81.547. Std of Reward: 0.430. Training.
[INFO] Rocket. Step: 25640000. Time Elapsed: 21500.789 s. Mean Reward: 81.463. Std of Reward: 0.000. Training.
[INFO] Rocket. Step: 25660000. Time Elapsed: 21515.502 s. Mean Reward: 81.741. Std of Reward: 0.266. Training.
[INFO] Rocket. Step: 25680000. Time Elapsed: 21537.247 s. No episode was completed since last summary. Training.
[INFO] Rocket. Step: 25700000. Time Elapsed: 21551.457 s. No episode was completed since last summary. Training.
[INFO] Rocket. Step: 25720000. Time Elapsed: 21573.268 s. Mean Reward: 81.739. Std of Reward: 0.400. Training.
[INFO] Rocket. Step: 25740000. Time Elapsed: 21587.599 s. Mean Reward: 81.619. Std of Reward: 0.086. Training.
[INFO] Rocket. Step: 25760000. Time Elapsed: 21609.400 s. No episode was completed since last summary. Training.
[INFO] Rocket. Step: 25780000. Time Elapsed: 21622.663 s. Mean Reward: 81.572. Std of Reward: 0.135. Training.
[INFO] Rocket. Step: 25800000. Time Elapsed: 21644.906 s. Mean Reward: 82.051. Std of Reward: 0.104. Training.
[INFO] Rocket. Step: 25820000. Time Elapsed: 21657.204 s. Mean Reward: 81.447. Std of Reward: 0.000. Training.
[INFO] Rocket. Step: 25840000. Time Elapsed: 21680.299 s. Mean Reward: 81.233. Std of Reward: 0.545. Training.
[INFO] Rocket. Step: 25860000. Time Elapsed: 21693.527 s. No episode was completed since last summary. Training.
[INFO] Rocket. Step: 25880000. Time Elapsed: 21716.231 s. No episode was completed since last summary. Training.
[INFO] Rocket. Step: 25900000. Time Elapsed: 21729.557 s. Mean Reward: 81.965. Std of Reward: 0.036. Training.
[INFO] Rocket. Step: 25920000. Time Elapsed: 21752.028 s. Mean Reward: 81.572. Std of Reward: 0.590. Training.
[INFO] Rocket. Step: 25940000. Time Elapsed: 21765.530 s. No episode was completed since last summary. Training.
[INFO] Rocket. Step: 25960000. Time Elapsed: 21789.159 s. Mean Reward: 81.112. Std of Reward: 0.346. Training.
[INFO] Rocket. Step: 25980000. Time Elapsed: 21802.010 s. Mean Reward: 81.654. Std of Reward: 0.184. Training.
[INFO] Rocket. Step: 26000000. Time Elapsed: 21813.809 s. Mean Reward: 81.767. Std of Reward: 0.000. Training.
[INFO] Exported results\HoverSimple2\Rocket\Rocket-25999347.onnx
[INFO] Rocket. Step: 26020000. Time Elapsed: 21837.499 s. Mean Reward: 81.480. Std of Reward: 0.258. Training.
[INFO] Rocket. Step: 26040000. Time Elapsed: 21850.625 s. No episode was completed since last summary. Training.
[INFO] Rocket. Step: 26060000. Time Elapsed: 21873.574 s. No episode was completed since last summary. Training.
[INFO] Rocket. Step: 26080000. Time Elapsed: 21886.647 s. Mean Reward: 81.590. Std of Reward: 0.300. Training.
[INFO] Rocket. Step: 26100000. Time Elapsed: 21909.333 s. Mean Reward: 81.431. Std of Reward: 0.141. Training.
[INFO] Rocket. Step: 26120000. Time Elapsed: 21923.258 s. No episode was completed since last summary. Training.
[INFO] Rocket. Step: 26140000. Time Elapsed: 21945.440 s. Mean Reward: 81.264. Std of Reward: 0.136. Training.
[INFO] Rocket. Step: 26160000. Time Elapsed: 21959.807 s. Mean Reward: 81.443. Std of Reward: 0.348. Training.
[INFO] Rocket. Step: 26180000. Time Elapsed: 21980.320 s. Mean Reward: 81.717. Std of Reward: 0.000. Training.
[INFO] Rocket. Step: 26200000. Time Elapsed: 21995.326 s. Mean Reward: 81.157. Std of Reward: 0.303. Training.
[INFO] Rocket. Step: 26220000. Time Elapsed: 22018.002 s. No episode was completed since last summary. Training.
[INFO] Rocket. Step: 26240000. Time Elapsed: 22030.899 s. No episode was completed since last summary. Training.
[INFO] Rocket. Step: 26260000. Time Elapsed: 22052.697 s. Mean Reward: 81.407. Std of Reward: 0.364. Training.
[INFO] Rocket. Step: 26280000. Time Elapsed: 22067.088 s. Mean Reward: 81.635. Std of Reward: 0.233. Training.
[INFO] Rocket. Step: 26300000. Time Elapsed: 22089.433 s. No episode was completed since last summary. Training.
[INFO] Rocket. Step: 26320000. Time Elapsed: 22103.735 s. Mean Reward: 81.519. Std of Reward: 0.257. Training.
[INFO] Rocket. Step: 26340000. Time Elapsed: 22125.352 s. Mean Reward: 80.938. Std of Reward: 0.895. Training.
[INFO] Rocket. Step: 26360000. Time Elapsed: 22139.898 s. Mean Reward: 81.823. Std of Reward: 0.000. Training.
[INFO] Rocket. Step: 26380000. Time Elapsed: 22161.851 s. Mean Reward: 81.316. Std of Reward: 0.202. Training.
[INFO] Rocket. Step: 26400000. Time Elapsed: 22175.041 s. No episode was completed since last summary. Training.
[INFO] Rocket. Step: 26420000. Time Elapsed: 22188.205 s. No episode was completed since last summary. Training.
[INFO] Rocket. Step: 26440000. Time Elapsed: 22210.451 s. Mean Reward: 81.964. Std of Reward: 0.128. Training.
[INFO] Rocket. Step: 26460000. Time Elapsed: 22225.825 s. Mean Reward: 81.385. Std of Reward: 0.380. Training.
[INFO] Rocket. Step: 26480000. Time Elapsed: 22247.267 s. No episode was completed since last summary. Training.
[INFO] Rocket. Step: 26500000. Time Elapsed: 22261.574 s. Mean Reward: 81.568. Std of Reward: 0.432. Training.
[INFO] Exported results\HoverSimple2\Rocket\Rocket-26499615.onnx
[INFO] Rocket. Step: 26520000. Time Elapsed: 22283.419 s. Mean Reward: 82.033. Std of Reward: 0.295. Training.
[INFO] Rocket. Step: 26540000. Time Elapsed: 22298.406 s. Mean Reward: 82.015. Std of Reward: 0.000. Training.
[INFO] Rocket. Step: 26560000. Time Elapsed: 22320.776 s. Mean Reward: 81.712. Std of Reward: 0.070. Training.
[INFO] Rocket. Step: 26580000. Time Elapsed: 22333.866 s. No episode was completed since last summary. Training.
[INFO] Rocket. Step: 26600000. Time Elapsed: 22356.726 s. No episode was completed since last summary. Training.
[INFO] Rocket. Step: 26620000. Time Elapsed: 22369.355 s. Mean Reward: 81.697. Std of Reward: 0.243. Training.
[INFO] Rocket. Step: 26640000. Time Elapsed: 22393.254 s. Mean Reward: 81.675. Std of Reward: 0.416. Training.
[INFO] Rocket. Step: 26660000. Time Elapsed: 22406.594 s. No episode was completed since last summary. Training.
[INFO] Rocket. Step: 26680000. Time Elapsed: 22428.979 s. Mean Reward: 81.260. Std of Reward: 0.172. Training.
[INFO] Rocket. Step: 26700000. Time Elapsed: 22442.850 s. Mean Reward: 81.363. Std of Reward: 0.054. Training.
[INFO] Rocket. Step: 26720000. Time Elapsed: 22465.094 s. Mean Reward: 81.948. Std of Reward: 0.000. Training.
[INFO] Rocket. Step: 26740000. Time Elapsed: 22478.618 s. Mean Reward: 81.871. Std of Reward: 0.389. Training.
[INFO] Rocket. Step: 26760000. Time Elapsed: 22500.343 s. No episode was completed since last summary. Training.
[INFO] Rocket. Step: 26780000. Time Elapsed: 22514.864 s. No episode was completed since last summary. Training.
[INFO] Rocket. Step: 26800000. Time Elapsed: 22536.899 s. Mean Reward: 81.643. Std of Reward: 0.311. Training.
[INFO] Rocket. Step: 26820000. Time Elapsed: 22550.689 s. Mean Reward: 81.881. Std of Reward: 0.219. Training.
[INFO] Rocket. Step: 26840000. Time Elapsed: 22573.833 s. No episode was completed since last summary. Training.
[INFO] Rocket. Step: 26860000. Time Elapsed: 22586.129 s. Mean Reward: 81.230. Std of Reward: 0.581. Training.
[INFO] Rocket. Step: 26880000. Time Elapsed: 22600.433 s. Mean Reward: 81.777. Std of Reward: 0.263. Training.
[INFO] Rocket. Step: 26900000. Time Elapsed: 22622.116 s. Mean Reward: 81.767. Std of Reward: 0.000. Training.
[INFO] Rocket. Step: 26920000. Time Elapsed: 22635.537 s. Mean Reward: 81.474. Std of Reward: 0.503. Training.
[INFO] Rocket. Step: 26940000. Time Elapsed: 22655.998 s. No episode was completed since last summary. Training.
[INFO] Rocket. Step: 26960000. Time Elapsed: 22669.832 s. No episode was completed since last summary. Training.
[INFO] Rocket. Step: 26980000. Time Elapsed: 22689.521 s. Mean Reward: 81.532. Std of Reward: 0.203. Training.
[INFO] Rocket. Step: 27000000. Time Elapsed: 22704.504 s. Mean Reward: 81.758. Std of Reward: 0.152. Training.
[INFO] Exported results\HoverSimple2\Rocket\Rocket-26999889.onnx
[INFO] Rocket. Step: 27020000. Time Elapsed: 22724.546 s. No episode was completed since last summary. Training.
[INFO] Rocket. Step: 27040000. Time Elapsed: 22738.769 s. Mean Reward: 81.971. Std of Reward: 0.222. Training.
[INFO] Rocket. Step: 27060000. Time Elapsed: 22759.391 s. Mean Reward: 81.662. Std of Reward: 0.373. Training.
[INFO] Rocket. Step: 27080000. Time Elapsed: 22773.919 s. Mean Reward: 82.082. Std of Reward: 0.000. Training.
[INFO] Rocket. Step: 27100000. Time Elapsed: 22794.171 s. Mean Reward: 81.829. Std of Reward: 0.226. Training.
[INFO] Rocket. Step: 27120000. Time Elapsed: 22807.667 s. No episode was completed since last summary. Training.
[INFO] Rocket. Step: 27140000. Time Elapsed: 22828.856 s. No episode was completed since last summary. Training.
[INFO] Rocket. Step: 27160000. Time Elapsed: 22841.201 s. Mean Reward: 81.644. Std of Reward: 0.311. Training.
[INFO] Rocket. Step: 27180000. Time Elapsed: 22863.423 s. Mean Reward: 81.582. Std of Reward: 0.126. Training.
[INFO] Rocket. Step: 27200000. Time Elapsed: 22876.339 s. No episode was completed since last summary. Training.
[INFO] Rocket. Step: 27220000. Time Elapsed: 22897.938 s. Mean Reward: 81.177. Std of Reward: 0.439. Training.
[INFO] Rocket. Step: 27240000. Time Elapsed: 22911.747 s. Mean Reward: 81.453. Std of Reward: 0.713. Training.
[INFO] Rocket. Step: 27260000. Time Elapsed: 22933.549 s. Mean Reward: 81.905. Std of Reward: 0.000. Training.
[INFO] Rocket. Step: 27280000. Time Elapsed: 22947.182 s. Mean Reward: 81.820. Std of Reward: 0.323. Training.
[INFO] Rocket. Step: 27300000. Time Elapsed: 22960.478 s. No episode was completed since last summary. Training.
[INFO] Rocket. Step: 27320000. Time Elapsed: 22981.811 s. No episode was completed since last summary. Training.
[INFO] Rocket. Step: 27340000. Time Elapsed: 22996.693 s. Mean Reward: 81.552. Std of Reward: 0.480. Training.
[INFO] Rocket. Step: 27360000. Time Elapsed: 23016.556 s. Mean Reward: 81.512. Std of Reward: 0.133. Training.
[INFO] Rocket. Step: 27380000. Time Elapsed: 23031.319 s. No episode was completed since last summary. Training.
[INFO] Rocket. Step: 27400000. Time Elapsed: 23050.918 s. Mean Reward: 81.373. Std of Reward: 0.155. Training.
[INFO] Rocket. Step: 27420000. Time Elapsed: 23064.887 s. Mean Reward: 81.037. Std of Reward: 0.175. Training.
[INFO] Rocket. Step: 27440000. Time Elapsed: 23086.410 s. Mean Reward: 82.064. Std of Reward: 0.000. Training.
[INFO] Rocket. Step: 27460000. Time Elapsed: 23100.613 s. Mean Reward: 81.607. Std of Reward: 0.256. Training.
[INFO] Rocket. Step: 27480000. Time Elapsed: 23122.801 s. No episode was completed since last summary. Training.
[INFO] Rocket. Step: 27500000. Time Elapsed: 23136.027 s. No episode was completed since last summary. Training.
[INFO] Exported results\HoverSimple2\Rocket\Rocket-27499321.onnx
[INFO] Rocket. Step: 27520000. Time Elapsed: 23158.832 s. Mean Reward: 81.598. Std of Reward: 0.387. Training.
[INFO] Rocket. Step: 27540000. Time Elapsed: 23172.502 s. Mean Reward: 81.602. Std of Reward: 0.211. Training.
[INFO] Rocket. Step: 27560000. Time Elapsed: 23194.324 s. No episode was completed since last summary. Training.
[INFO] Rocket. Step: 27580000. Time Elapsed: 23208.511 s. Mean Reward: 81.748. Std of Reward: 0.098. Training.
[INFO] Rocket. Step: 27600000. Time Elapsed: 23229.409 s. Mean Reward: 81.959. Std of Reward: 0.000. Training.
[INFO] Rocket. Step: 27620000. Time Elapsed: 23244.354 s. Mean Reward: 81.621. Std of Reward: 0.000. Training.
[INFO] Rocket. Step: 27640000. Time Elapsed: 23265.906 s. Mean Reward: 81.066. Std of Reward: 0.354. Training.
[INFO] Rocket. Step: 27660000. Time Elapsed: 23280.710 s. No episode was completed since last summary. Training.
[INFO] Rocket. Step: 27680000. Time Elapsed: 23302.715 s. No episode was completed since last summary. Training.
[INFO] Rocket. Step: 27700000. Time Elapsed: 23317.087 s. Mean Reward: 81.180. Std of Reward: 0.287. Training.
[INFO] Rocket. Step: 27720000. Time Elapsed: 23340.483 s. Mean Reward: 81.696. Std of Reward: 0.217. Training.
[INFO] Rocket. Step: 27740000. Time Elapsed: 23352.732 s. No episode was completed since last summary. Training.
[INFO] Rocket. Step: 27760000. Time Elapsed: 23366.611 s. Mean Reward: 81.385. Std of Reward: 0.148. Training.
[INFO] Rocket. Step: 27780000. Time Elapsed: 23387.635 s. Mean Reward: 81.736. Std of Reward: 0.000. Training.
[INFO] Rocket. Step: 27800000. Time Elapsed: 23402.766 s. Mean Reward: 81.379. Std of Reward: 0.000. Training.
[INFO] Rocket. Step: 27820000. Time Elapsed: 23424.777 s. Mean Reward: 81.827. Std of Reward: 0.280. Training.
[INFO] Rocket. Step: 27840000. Time Elapsed: 23438.966 s. No episode was completed since last summary. Training.
[INFO] Rocket. Step: 27860000. Time Elapsed: 23461.183 s. No episode was completed since last summary. Training.
[INFO] Rocket. Step: 27880000. Time Elapsed: 23475.217 s. Mean Reward: 81.640. Std of Reward: 0.152. Training.
[INFO] Rocket. Step: 27900000. Time Elapsed: 23496.598 s. Mean Reward: 81.896. Std of Reward: 0.119. Training.
[INFO] Rocket. Step: 27920000. Time Elapsed: 23510.019 s. No episode was completed since last summary. Training.
[INFO] Rocket. Step: 27940000. Time Elapsed: 23532.519 s. Mean Reward: 81.897. Std of Reward: 0.137. Training.
[INFO] Rocket. Step: 27960000. Time Elapsed: 23544.354 s. Mean Reward: 81.359. Std of Reward: 0.000. Training.
[INFO] Rocket. Step: 27980000. Time Elapsed: 23567.592 s. Mean Reward: 81.869. Std of Reward: 0.000. Training.
[INFO] Rocket. Step: 28000000. Time Elapsed: 23581.197 s. Mean Reward: 81.174. Std of Reward: 0.348. Training.
[INFO] Exported results\HoverSimple2\Rocket\Rocket-27999422.onnx
[INFO] Rocket. Step: 28020000. Time Elapsed: 23604.323 s. No episode was completed since last summary. Training.
[INFO] Rocket. Step: 28040000. Time Elapsed: 23617.721 s. No episode was completed since last summary. Training.
[INFO] Rocket. Step: 28060000. Time Elapsed: 23640.420 s. Mean Reward: 81.610. Std of Reward: 0.275. Training.
[INFO] Rocket. Step: 28080000. Time Elapsed: 23653.818 s. Mean Reward: 81.458. Std of Reward: 0.407. Training.
[INFO] Rocket. Step: 28100000. Time Elapsed: 23675.862 s. No episode was completed since last summary. Training.
[INFO] Rocket. Step: 28120000. Time Elapsed: 23690.826 s. Mean Reward: 81.676. Std of Reward: 0.052. Training.
[INFO] Rocket. Step: 28140000. Time Elapsed: 23712.745 s. Mean Reward: 81.880. Std of Reward: 0.000. Training.
[INFO] Rocket. Step: 28160000. Time Elapsed: 23726.419 s. Mean Reward: 81.734. Std of Reward: 0.212. Training.
[INFO] Rocket. Step: 28180000. Time Elapsed: 23749.346 s. Mean Reward: 81.772. Std of Reward: 0.070. Training.
[INFO] Rocket. Step: 28200000. Time Elapsed: 23762.235 s. No episode was completed since last summary. Training.
[INFO] Rocket. Step: 28220000. Time Elapsed: 23775.496 s. No episode was completed since last summary. Training.
[INFO] Rocket. Step: 28240000. Time Elapsed: 23798.483 s. Mean Reward: 81.666. Std of Reward: 0.367. Training.
[INFO] Rocket. Step: 28260000. Time Elapsed: 23811.974 s. Mean Reward: 81.479. Std of Reward: 0.324. Training.
[INFO] Rocket. Step: 28280000. Time Elapsed: 23833.738 s. No episode was completed since last summary. Training.
[INFO] Rocket. Step: 28300000. Time Elapsed: 23847.883 s. Mean Reward: 81.210. Std of Reward: 0.398. Training.
[INFO] Rocket. Step: 28320000. Time Elapsed: 23868.592 s. Mean Reward: 80.765. Std of Reward: 0.000. Training.
[INFO] Rocket. Step: 28340000. Time Elapsed: 23883.475 s. Mean Reward: 81.613. Std of Reward: 0.097. Training.
[INFO] Rocket. Step: 28360000. Time Elapsed: 23906.206 s. Mean Reward: 81.775. Std of Reward: 0.222. Training.
[INFO] Rocket. Step: 28380000. Time Elapsed: 23918.937 s. No episode was completed since last summary. Training.
[INFO] Rocket. Step: 28400000. Time Elapsed: 23941.014 s. No episode was completed since last summary. Training.
[INFO] Rocket. Step: 28420000. Time Elapsed: 23955.078 s. Mean Reward: 81.144. Std of Reward: 0.106. Training.
[INFO] Rocket. Step: 28440000. Time Elapsed: 23976.641 s. Mean Reward: 81.311. Std of Reward: 0.150. Training.
[INFO] Rocket. Step: 28460000. Time Elapsed: 23991.054 s. No episode was completed since last summary. Training.
[INFO] Rocket. Step: 28480000. Time Elapsed: 24012.736 s. Mean Reward: 81.843. Std of Reward: 0.236. Training.
[INFO] Rocket. Step: 28500000. Time Elapsed: 24027.283 s. Mean Reward: 81.843. Std of Reward: 0.000. Training.
[INFO] Exported results\HoverSimple2\Rocket\Rocket-28499694.onnx
[INFO] Rocket. Step: 28520000. Time Elapsed: 24047.734 s. Mean Reward: 81.266. Std of Reward: 0.280. Training.
[INFO] Rocket. Step: 28540000. Time Elapsed: 24062.454 s. Mean Reward: 81.109. Std of Reward: 0.011. Training.
[INFO] Rocket. Step: 28560000. Time Elapsed: 24084.689 s. No episode was completed since last summary. Training.
[INFO] Rocket. Step: 28580000. Time Elapsed: 24097.151 s. No episode was completed since last summary. Training.
[INFO] Rocket. Step: 28600000. Time Elapsed: 24120.343 s. Mean Reward: 81.501. Std of Reward: 0.413. Training.
[INFO] Rocket. Step: 28620000. Time Elapsed: 24133.002 s. Mean Reward: 81.731. Std of Reward: 0.183. Training.
[INFO] Rocket. Step: 28640000. Time Elapsed: 24156.735 s. No episode was completed since last summary. Training.
[INFO] Rocket. Step: 28660000. Time Elapsed: 24169.291 s. Mean Reward: 81.553. Std of Reward: 0.256. Training.
[INFO] Rocket. Step: 28680000. Time Elapsed: 24183.324 s. Mean Reward: 81.690. Std of Reward: 0.000. Training.
[INFO] Rocket. Step: 28700000. Time Elapsed: 24204.924 s. Mean Reward: 81.706. Std of Reward: 0.145. Training.
[INFO] Rocket. Step: 28720000. Time Elapsed: 24218.302 s. Mean Reward: 81.243. Std of Reward: 0.010. Training.
[INFO] Rocket. Step: 28740000. Time Elapsed: 24240.898 s. No episode was completed since last summary. Training.
[INFO] Rocket. Step: 28760000. Time Elapsed: 24253.150 s. No episode was completed since last summary. Training.
[INFO] Rocket. Step: 28780000. Time Elapsed: 24276.303 s. Mean Reward: 81.540. Std of Reward: 0.332. Training.
[INFO] Rocket. Step: 28800000. Time Elapsed: 24289.390 s. Mean Reward: 81.457. Std of Reward: 0.350. Training.
[INFO] Rocket. Step: 28820000. Time Elapsed: 24311.276 s. No episode was completed since last summary. Training.
[INFO] Rocket. Step: 28840000. Time Elapsed: 24324.906 s. Mean Reward: 81.575. Std of Reward: 0.178. Training.
[INFO] Rocket. Step: 28860000. Time Elapsed: 24347.660 s. Mean Reward: 81.248. Std of Reward: 0.000. Training.
[INFO] Rocket. Step: 28880000. Time Elapsed: 24360.588 s. Mean Reward: 81.459. Std of Reward: 0.084. Training.
[INFO] Rocket. Step: 28900000. Time Elapsed: 24383.072 s. Mean Reward: 81.460. Std of Reward: 0.097. Training.
[INFO] Rocket. Step: 28920000. Time Elapsed: 24396.696 s. No episode was completed since last summary. Training.
[INFO] Rocket. Step: 28940000. Time Elapsed: 24417.652 s. No episode was completed since last summary. Training.
[INFO] Rocket. Step: 28960000. Time Elapsed: 24432.117 s. Mean Reward: 81.312. Std of Reward: 0.280. Training.
[INFO] Rocket. Step: 28980000. Time Elapsed: 24453.322 s. Mean Reward: 81.444. Std of Reward: 0.142. Training.
[INFO] Rocket. Step: 29000000. Time Elapsed: 24466.924 s. No episode was completed since last summary. Training.
[INFO] Exported results\HoverSimple2\Rocket\Rocket-28998978.onnx
[INFO] Rocket. Step: 29020000. Time Elapsed: 24489.465 s. Mean Reward: 81.667. Std of Reward: 0.129. Training.
[INFO] Rocket. Step: 29040000. Time Elapsed: 24504.042 s. Mean Reward: 81.515. Std of Reward: 0.000. Training.
[INFO] Rocket. Step: 29060000. Time Elapsed: 24525.852 s. Mean Reward: 81.725. Std of Reward: 0.254. Training.
[INFO] Rocket. Step: 29080000. Time Elapsed: 24538.901 s. Mean Reward: 81.417. Std of Reward: 0.420. Training.
[INFO] Rocket. Step: 29100000. Time Elapsed: 24552.336 s. No episode was completed since last summary. Training.
[INFO] Rocket. Step: 29120000. Time Elapsed: 24572.895 s. No episode was completed since last summary. Training.
[INFO] Rocket. Step: 29140000. Time Elapsed: 24588.426 s. Mean Reward: 81.752. Std of Reward: 0.368. Training.
[INFO] Rocket. Step: 29160000. Time Elapsed: 24608.385 s. Mean Reward: 81.427. Std of Reward: 0.176. Training.
[INFO] Rocket. Step: 29180000. Time Elapsed: 24622.868 s. No episode was completed since last summary. Training.
[INFO] Rocket. Step: 29200000. Time Elapsed: 24642.949 s. Mean Reward: 81.248. Std of Reward: 0.306. Training.
[INFO] Rocket. Step: 29220000. Time Elapsed: 24657.504 s. Mean Reward: 81.339. Std of Reward: 0.000. Training.
[INFO] Rocket. Step: 29240000. Time Elapsed: 24677.844 s. Mean Reward: 81.562. Std of Reward: 0.270. Training.
[INFO] Rocket. Step: 29260000. Time Elapsed: 24691.110 s. Mean Reward: 82.032. Std of Reward: 0.000. Training.
[INFO] Rocket. Step: 29280000. Time Elapsed: 24711.888 s. No episode was completed since last summary. Training.
[INFO] Rocket. Step: 29300000. Time Elapsed: 24724.003 s. No episode was completed since last summary. Training.
[INFO] Rocket. Step: 29320000. Time Elapsed: 24746.061 s. Mean Reward: 81.664. Std of Reward: 0.211. Training.
[INFO] Rocket. Step: 29340000. Time Elapsed: 24760.399 s. Mean Reward: 81.637. Std of Reward: 0.082. Training.
[INFO] Rocket. Step: 29360000. Time Elapsed: 24780.297 s. No episode was completed since last summary. Training.
[INFO] Rocket. Step: 29380000. Time Elapsed: 24793.341 s. Mean Reward: 81.421. Std of Reward: 0.264. Training.
[INFO] Rocket. Step: 29400000. Time Elapsed: 24814.841 s. Mean Reward: 81.896. Std of Reward: 0.000. Training.
[INFO] Rocket. Step: 29420000. Time Elapsed: 24827.889 s. Mean Reward: 81.605. Std of Reward: 0.184. Training.
[INFO] Rocket. Step: 29440000. Time Elapsed: 24848.280 s. Mean Reward: 81.041. Std of Reward: 0.000. Training.
[INFO] Rocket. Step: 29460000. Time Elapsed: 24862.283 s. No episode was completed since last summary. Training.
[INFO] Rocket. Step: 29480000. Time Elapsed: 24883.933 s. No episode was completed since last summary. Training.
[INFO] Rocket. Step: 29500000. Time Elapsed: 24896.742 s. Mean Reward: 81.700. Std of Reward: 0.211. Training.
[INFO] Exported results\HoverSimple2\Rocket\Rocket-29499232.onnx
[INFO] Rocket. Step: 29520000. Time Elapsed: 24919.772 s. Mean Reward: 81.313. Std of Reward: 0.205. Training.
[INFO] Rocket. Step: 29540000. Time Elapsed: 24932.245 s. No episode was completed since last summary. Training.
[INFO] Rocket. Step: 29560000. Time Elapsed: 24946.003 s. Mean Reward: 81.703. Std of Reward: 0.141. Training.
[INFO] Rocket. Step: 29580000. Time Elapsed: 24969.859 s. Mean Reward: 81.095. Std of Reward: 0.000. Training.
[INFO] Rocket. Step: 29600000. Time Elapsed: 24982.621 s. Mean Reward: 81.644. Std of Reward: 0.283. Training.
[INFO] Rocket. Step: 29620000. Time Elapsed: 25005.302 s. Mean Reward: 81.672. Std of Reward: 0.000. Training.
[INFO] Rocket. Step: 29640000. Time Elapsed: 25019.079 s. No episode was completed since last summary. Training.
[INFO] Rocket. Step: 29660000. Time Elapsed: 25042.945 s. No episode was completed since last summary. Training.
[INFO] Rocket. Step: 29680000. Time Elapsed: 25057.068 s. Mean Reward: 81.432. Std of Reward: 0.453. Training.
[INFO] Rocket. Step: 29700000. Time Elapsed: 25079.281 s. Mean Reward: 81.149. Std of Reward: 0.099. Training.
[INFO] Rocket. Step: 29720000. Time Elapsed: 25093.849 s. No episode was completed since last summary. Training.
[INFO] Rocket. Step: 29740000. Time Elapsed: 25114.734 s. Mean Reward: 81.797. Std of Reward: 0.306. Training.
[INFO] Rocket. Step: 29760000. Time Elapsed: 25129.771 s. Mean Reward: 81.063. Std of Reward: 0.000. Training.
[INFO] Rocket. Step: 29780000. Time Elapsed: 25151.717 s. Mean Reward: 81.321. Std of Reward: 0.360. Training.
[INFO] Rocket. Step: 29800000. Time Elapsed: 25166.524 s. Mean Reward: 82.066. Std of Reward: 0.000. Training.
[INFO] Rocket. Step: 29820000. Time Elapsed: 25189.916 s. No episode was completed since last summary. Training.
[INFO] Rocket. Step: 29840000. Time Elapsed: 25204.333 s. No episode was completed since last summary. Training.
[INFO] Rocket. Step: 29860000. Time Elapsed: 25226.203 s. Mean Reward: 81.615. Std of Reward: 0.217. Training.
[INFO] Rocket. Step: 29880000. Time Elapsed: 25240.326 s. Mean Reward: 81.522. Std of Reward: 0.347. Training.
[INFO] Rocket. Step: 29900000. Time Elapsed: 25263.249 s. No episode was completed since last summary. Training.
[INFO] Rocket. Step: 29920000. Time Elapsed: 25276.123 s. Mean Reward: 81.902. Std of Reward: 0.157. Training.
[INFO] Rocket. Step: 29940000. Time Elapsed: 25299.860 s. Mean Reward: 81.789. Std of Reward: 0.000. Training.
[INFO] Rocket. Step: 29960000. Time Elapsed: 25313.319 s. Mean Reward: 81.643. Std of Reward: 0.262. Training.
[INFO] Rocket. Step: 29980000. Time Elapsed: 25337.194 s. Mean Reward: 81.468. Std of Reward: 0.000. Training.
[INFO] Rocket. Step: 30000000. Time Elapsed: 25350.387 s. No episode was completed since last summary. Training.
[INFO] Exported results\HoverSimple2\Rocket\Rocket-29999617.onnx
[INFO] Exported results\HoverSimple2\Rocket\Rocket-30001665.onnx
[INFO] Copied results\HoverSimple2\Rocket\Rocket-30001665.onnx to results\HoverSimple2\Rocket.onnx.
