[RocketSim] Trainer started at 2026-08-30T10:08:06.6306188Z
[RocketSim] Working directory: C:\Users\dadii\Falcon9
[RocketSim] Command: C:\Users\dadii\Anaconda3\envs\mlagents_gpu\python.exe -u -m mlagents.trainers.learn "C:\Users\dadii\Falcon9\results\L9\TrainingConfig.yaml" --run-id="L9" --force --torch-device "cuda" --seed 1 --initialize-from=L8


	Unity Technologies

 Version information:
  ml-agents: 1.1.0,
  ml-agents-envs: 1.1.0,
  Communicator API: 1.5.0,
  PyTorch: 2.1.0+cu121
[INFO] Listening on port 5004. Start training by pressing the Play button in the Unity Editor.
[INFO] Connected to Unity environment with package version 4.0.2 and communication version 1.5.0
[INFO] Connected new brain: Rocket?team=0
[INFO] Hyperparameters for behavior name Rocket: 
	trainer_type:	ppo
	hyperparameters:	
	  batch_size:	4096
	  buffer_size:	40960
	  learning_rate:	0.0002
	  beta:	0.01
	  epsilon:	0.2
	  lambd:	0.98
	  num_epoch:	6
	  shared_critic:	False
	  learning_rate_schedule:	linear
	  beta_schedule:	linear
	  epsilon_schedule:	linear
	checkpoint_interval:	500000
	network_settings:	
	  normalize:	True
	  hidden_units:	512
	  num_layers:	3
	  vis_encode_type:	simple
	  memory:	None
	  goal_conditioning_type:	hyper
	  deterministic:	False
	reward_signals:	
	  extrinsic:	
	    gamma:	0.9995
	    strength:	1.0
	    network_settings:	
	      normalize:	False
	      hidden_units:	128
	      num_layers:	2
	      vis_encode_type:	simple
	      memory:	None
	      goal_conditioning_type:	hyper
	      deterministic:	False
	init_path:	results\L8\Rocket\checkpoint.pt
	keep_checkpoints:	60
	even_checkpoints:	False
	max_steps:	30000000
	time_horizon:	1024
	summary_freq:	20000
	threaded:	True
	self_play:	None
	behavioral_cloning:	None
[INFO] Initializing from results\L8\Rocket\checkpoint.pt.
[INFO] Starting training from step 0 and saving to results\L9\Rocket.
[INFO] Rocket. Step: 20000. Time Elapsed: 25.685 s. Mean Reward: -14.990. Std of Reward: 31.607. Training.
[INFO] Rocket. Step: 40000. Time Elapsed: 40.815 s. Mean Reward: 0.755. Std of Reward: 28.009. Training.
[INFO] Rocket. Step: 60000. Time Elapsed: 63.249 s. Mean Reward: -1.914. Std of Reward: 28.964. Training.
[INFO] Rocket. Step: 80000. Time Elapsed: 78.182 s. Mean Reward: 1.085. Std of Reward: 27.417. Training.
[INFO] Rocket. Step: 100000. Time Elapsed: 99.846 s. Mean Reward: 1.920. Std of Reward: 22.502. Training.
[INFO] Rocket. Step: 120000. Time Elapsed: 117.704 s. Mean Reward: 11.585. Std of Reward: 14.455. Training.
[INFO] Rocket. Step: 140000. Time Elapsed: 139.565 s. Mean Reward: 3.674. Std of Reward: 24.181. Training.
[INFO] Rocket. Step: 160000. Time Elapsed: 153.322 s. Mean Reward: 5.272. Std of Reward: 24.547. Training.
[INFO] Rocket. Step: 180000. Time Elapsed: 175.548 s. Mean Reward: -2.502. Std of Reward: 27.690. Training.
[INFO] Rocket. Step: 200000. Time Elapsed: 192.479 s. Mean Reward: 10.489. Std of Reward: 21.053. Training.
[INFO] Rocket. Step: 220000. Time Elapsed: 213.578 s. Mean Reward: 5.038. Std of Reward: 21.599. Training.
[INFO] Rocket. Step: 240000. Time Elapsed: 228.282 s. Mean Reward: 7.310. Std of Reward: 19.767. Training.
[INFO] Rocket. Step: 260000. Time Elapsed: 250.355 s. Mean Reward: 14.314. Std of Reward: 14.755. Training.
[INFO] Rocket. Step: 280000. Time Elapsed: 265.947 s. Mean Reward: 3.282. Std of Reward: 22.863. Training.
[INFO] Rocket. Step: 300000. Time Elapsed: 289.694 s. Mean Reward: 9.561. Std of Reward: 19.751. Training.
[INFO] Rocket. Step: 320000. Time Elapsed: 303.942 s. Mean Reward: 8.240. Std of Reward: 22.214. Training.
[INFO] Rocket. Step: 340000. Time Elapsed: 327.590 s. Mean Reward: 16.305. Std of Reward: 10.346. Training.
[INFO] Rocket. Step: 360000. Time Elapsed: 342.627 s. Mean Reward: 14.136. Std of Reward: 16.694. Training.
[INFO] Rocket. Step: 380000. Time Elapsed: 365.511 s. Mean Reward: 15.119. Std of Reward: 17.776. Training.
[INFO] Rocket. Step: 400000. Time Elapsed: 380.542 s. Mean Reward: 19.268. Std of Reward: 6.345. Training.
[INFO] Rocket. Step: 420000. Time Elapsed: 403.212 s. Mean Reward: 7.998. Std of Reward: 25.127. Training.
[INFO] Rocket. Step: 440000. Time Elapsed: 419.121 s. Mean Reward: 16.589. Std of Reward: 10.884. Training.
[INFO] Rocket. Step: 460000. Time Elapsed: 439.669 s. Mean Reward: 5.607. Std of Reward: 26.172. Training.
[INFO] Rocket. Step: 480000. Time Elapsed: 456.654 s. Mean Reward: 10.703. Std of Reward: 17.841. Training.
[INFO] Rocket. Step: 500000. Time Elapsed: 477.678 s. Mean Reward: 18.228. Std of Reward: 10.380. Training.
[INFO] Exported results\L9\Rocket\Rocket-499552.onnx
[INFO] Rocket. Step: 520000. Time Elapsed: 494.548 s. Mean Reward: 11.683. Std of Reward: 19.969. Training.
[INFO] Rocket. Step: 540000. Time Elapsed: 516.173 s. Mean Reward: 13.206. Std of Reward: 17.088. Training.
[INFO] Rocket. Step: 560000. Time Elapsed: 531.557 s. Mean Reward: 11.113. Std of Reward: 23.413. Training.
[INFO] Rocket. Step: 580000. Time Elapsed: 555.358 s. Mean Reward: 11.244. Std of Reward: 22.089. Training.
[INFO] Rocket. Step: 600000. Time Elapsed: 568.913 s. Mean Reward: 13.486. Std of Reward: 13.783. Training.
[INFO] Rocket. Step: 620000. Time Elapsed: 584.509 s. Mean Reward: 11.885. Std of Reward: 16.884. Training.
[INFO] Rocket. Step: 640000. Time Elapsed: 608.207 s. Mean Reward: 17.448. Std of Reward: 11.528. Training.
[INFO] Rocket. Step: 660000. Time Elapsed: 622.306 s. Mean Reward: 17.551. Std of Reward: 15.612. Training.
[INFO] Rocket. Step: 680000. Time Elapsed: 644.954 s. Mean Reward: 14.820. Std of Reward: 10.308. Training.
[INFO] Rocket. Step: 700000. Time Elapsed: 660.181 s. Mean Reward: 7.136. Std of Reward: 23.836. Training.
[INFO] Rocket. Step: 720000. Time Elapsed: 683.618 s. Mean Reward: 20.507. Std of Reward: 4.967. Training.
[INFO] Rocket. Step: 740000. Time Elapsed: 698.218 s. Mean Reward: 17.519. Std of Reward: 10.314. Training.
[INFO] Rocket. Step: 760000. Time Elapsed: 721.148 s. Mean Reward: 20.205. Std of Reward: 5.149. Training.
[INFO] Rocket. Step: 780000. Time Elapsed: 737.022 s. Mean Reward: 16.559. Std of Reward: 13.644. Training.
[INFO] Rocket. Step: 800000. Time Elapsed: 760.451 s. Mean Reward: 19.693. Std of Reward: 5.325. Training.
[INFO] Rocket. Step: 820000. Time Elapsed: 775.088 s. Mean Reward: 17.558. Std of Reward: 11.095. Training.
[INFO] Rocket. Step: 840000. Time Elapsed: 797.859 s. Mean Reward: 15.357. Std of Reward: 14.720. Training.
[INFO] Rocket. Step: 860000. Time Elapsed: 812.749 s. Mean Reward: 18.536. Std of Reward: 10.828. Training.
[INFO] Rocket. Step: 880000. Time Elapsed: 835.307 s. Mean Reward: 17.139. Std of Reward: 13.754. Training.
[INFO] Rocket. Step: 900000. Time Elapsed: 851.109 s. Mean Reward: 15.159. Std of Reward: 15.824. Training.
[INFO] Rocket. Step: 920000. Time Elapsed: 872.156 s. Mean Reward: 17.598. Std of Reward: 15.533. Training.
[INFO] Rocket. Step: 940000. Time Elapsed: 888.224 s. Mean Reward: 18.024. Std of Reward: 3.643. Training.
[INFO] Rocket. Step: 960000. Time Elapsed: 909.949 s. Mean Reward: 17.850. Std of Reward: 9.977. Training.
[INFO] Rocket. Step: 980000. Time Elapsed: 926.625 s. Mean Reward: 19.323. Std of Reward: 10.468. Training.
[INFO] Rocket. Step: 1000000. Time Elapsed: 950.192 s. Mean Reward: 17.731. Std of Reward: 15.047. Training.
[INFO] Exported results\L9\Rocket\Rocket-999921.onnx
[INFO] Rocket. Step: 1020000. Time Elapsed: 965.448 s. Mean Reward: 9.954. Std of Reward: 16.586. Training.
[INFO] Rocket. Step: 1040000. Time Elapsed: 986.618 s. Mean Reward: 16.379. Std of Reward: 5.534. Training.
[INFO] Rocket. Step: 1060000. Time Elapsed: 1002.162 s. Mean Reward: 16.044. Std of Reward: 10.114. Training.
[INFO] Rocket. Step: 1080000. Time Elapsed: 1025.385 s. Mean Reward: 16.327. Std of Reward: 10.971. Training.
[INFO] Rocket. Step: 1100000. Time Elapsed: 1040.173 s. Mean Reward: 18.271. Std of Reward: 5.315. Training.
[INFO] Rocket. Step: 1120000. Time Elapsed: 1062.746 s. Mean Reward: 12.263. Std of Reward: 14.894. Training.
[INFO] Rocket. Step: 1140000. Time Elapsed: 1079.099 s. Mean Reward: 9.789. Std of Reward: 20.709. Training.
[INFO] Rocket. Step: 1160000. Time Elapsed: 1101.870 s. Mean Reward: 16.348. Std of Reward: 14.246. Training.
[INFO] Rocket. Step: 1180000. Time Elapsed: 1116.512 s. Mean Reward: 13.182. Std of Reward: 15.203. Training.
[INFO] Rocket. Step: 1200000. Time Elapsed: 1140.471 s. Mean Reward: 13.348. Std of Reward: 15.054. Training.
[INFO] Rocket. Step: 1220000. Time Elapsed: 1154.667 s. Mean Reward: 13.834. Std of Reward: 13.314. Training.
[INFO] Rocket. Step: 1240000. Time Elapsed: 1171.082 s. Mean Reward: 13.722. Std of Reward: 13.478. Training.
[INFO] Rocket. Step: 1260000. Time Elapsed: 1192.989 s. Mean Reward: 18.962. Std of Reward: 5.443. Training.
[INFO] Rocket. Step: 1280000. Time Elapsed: 1208.367 s. Mean Reward: 17.954. Std of Reward: 5.510. Training.
[INFO] Rocket. Step: 1300000. Time Elapsed: 1232.286 s. Mean Reward: 17.023. Std of Reward: 10.638. Training.
[INFO] Rocket. Step: 1320000. Time Elapsed: 1246.540 s. Mean Reward: 15.972. Std of Reward: 13.856. Training.
[INFO] Rocket. Step: 1340000. Time Elapsed: 1267.989 s. Mean Reward: 16.904. Std of Reward: 9.873. Training.
[INFO] Rocket. Step: 1360000. Time Elapsed: 1284.125 s. Mean Reward: 17.296. Std of Reward: 9.978. Training.
[INFO] Rocket. Step: 1380000. Time Elapsed: 1307.409 s. Mean Reward: 14.156. Std of Reward: 12.482. Training.
[INFO] Rocket. Step: 1400000. Time Elapsed: 1323.189 s. Mean Reward: 15.065. Std of Reward: 12.929. Training.
[INFO] Rocket. Step: 1420000. Time Elapsed: 1344.348 s. Mean Reward: 18.039. Std of Reward: 5.211. Training.
[INFO] Rocket. Step: 1440000. Time Elapsed: 1361.616 s. Mean Reward: 4.993. Std of Reward: 24.288. Training.
[INFO] Rocket. Step: 1460000. Time Elapsed: 1384.131 s. Mean Reward: 16.471. Std of Reward: 9.649. Training.
[INFO] Rocket. Step: 1480000. Time Elapsed: 1399.684 s. Mean Reward: 7.210. Std of Reward: 24.758. Training.
[INFO] Rocket. Step: 1500000. Time Elapsed: 1422.062 s. Mean Reward: 16.632. Std of Reward: 15.294. Training.
[INFO] Exported results\L9\Rocket\Rocket-1499296.onnx
[INFO] Rocket. Step: 1520000. Time Elapsed: 1437.662 s. Mean Reward: 11.488. Std of Reward: 19.256. Training.
[INFO] Rocket. Step: 1540000. Time Elapsed: 1459.523 s. Mean Reward: 16.334. Std of Reward: 12.761. Training.
[INFO] Rocket. Step: 1560000. Time Elapsed: 1476.601 s. Mean Reward: 12.029. Std of Reward: 12.401. Training.
[INFO] Rocket. Step: 1580000. Time Elapsed: 1497.489 s. Mean Reward: 8.580. Std of Reward: 21.557. Training.
[INFO] Rocket. Step: 1600000. Time Elapsed: 1513.680 s. Mean Reward: 11.823. Std of Reward: 14.933. Training.
[INFO] Rocket. Step: 1620000. Time Elapsed: 1536.019 s. Mean Reward: 8.979. Std of Reward: 19.687. Training.
[INFO] Rocket. Step: 1640000. Time Elapsed: 1550.169 s. Mean Reward: 11.513. Std of Reward: 18.337. Training.
[INFO] Rocket. Step: 1660000. Time Elapsed: 1573.436 s. Mean Reward: 17.701. Std of Reward: 4.373. Training.
[INFO] Rocket. Step: 1680000. Time Elapsed: 1587.757 s. Mean Reward: 14.057. Std of Reward: 12.993. Training.
[INFO] Rocket. Step: 1700000. Time Elapsed: 1611.060 s. Mean Reward: 18.650. Std of Reward: 5.538. Training.
[INFO] Rocket. Step: 1720000. Time Elapsed: 1627.532 s. Mean Reward: 14.509. Std of Reward: 15.377. Training.
[INFO] Rocket. Step: 1740000. Time Elapsed: 1649.161 s. Mean Reward: 15.889. Std of Reward: 10.319. Training.
[INFO] Rocket. Step: 1760000. Time Elapsed: 1663.010 s. Mean Reward: 16.777. Std of Reward: 10.686. Training.
[INFO] Rocket. Step: 1780000. Time Elapsed: 1688.434 s. Mean Reward: 10.252. Std of Reward: 18.832. Training.
[INFO] Rocket. Step: 1800000. Time Elapsed: 1702.820 s. Mean Reward: 9.045. Std of Reward: 22.542. Training.
[INFO] Rocket. Step: 1820000. Time Elapsed: 1717.061 s. Mean Reward: 14.667. Std of Reward: 13.757. Training.
[INFO] Rocket. Step: 1840000. Time Elapsed: 1740.213 s. Mean Reward: 12.794. Std of Reward: 19.511. Training.
[INFO] Rocket. Step: 1860000. Time Elapsed: 1755.813 s. Mean Reward: 16.930. Std of Reward: 9.689. Training.
[INFO] Rocket. Step: 1880000. Time Elapsed: 1778.696 s. Mean Reward: 15.149. Std of Reward: 17.214. Training.
[INFO] Rocket. Step: 1900000. Time Elapsed: 1793.635 s. Mean Reward: 12.027. Std of Reward: 19.569. Training.
[INFO] Rocket. Step: 1920000. Time Elapsed: 1815.189 s. Mean Reward: 15.925. Std of Reward: 14.882. Training.
[INFO] Rocket. Step: 1940000. Time Elapsed: 1831.260 s. Mean Reward: 8.361. Std of Reward: 23.441. Training.
[INFO] Rocket. Step: 1960000. Time Elapsed: 1854.376 s. Mean Reward: 19.874. Std of Reward: 5.613. Training.
[INFO] Rocket. Step: 1980000. Time Elapsed: 1870.823 s. Mean Reward: 8.734. Std of Reward: 21.990. Training.
[INFO] Rocket. Step: 2000000. Time Elapsed: 1891.281 s. Mean Reward: 18.067. Std of Reward: 10.983. Training.
[INFO] Exported results\L9\Rocket\Rocket-1999172.onnx
[INFO] Rocket. Step: 2020000. Time Elapsed: 1907.748 s. Mean Reward: 10.753. Std of Reward: 24.992. Training.
[INFO] Rocket. Step: 2040000. Time Elapsed: 1930.441 s. Mean Reward: 18.099. Std of Reward: 10.900. Training.
[INFO] Rocket. Step: 2060000. Time Elapsed: 1944.526 s. Mean Reward: 20.064. Std of Reward: 4.742. Training.
[INFO] Rocket. Step: 2080000. Time Elapsed: 1967.104 s. Mean Reward: 12.587. Std of Reward: 18.759. Training.
[INFO] Rocket. Step: 2100000. Time Elapsed: 1984.166 s. Mean Reward: 15.739. Std of Reward: 13.478. Training.
[INFO] Rocket. Step: 2120000. Time Elapsed: 2005.161 s. Mean Reward: 14.883. Std of Reward: 16.504. Training.
[INFO] Rocket. Step: 2140000. Time Elapsed: 2022.157 s. Mean Reward: 11.998. Std of Reward: 15.161. Training.
[INFO] Rocket. Step: 2160000. Time Elapsed: 2043.615 s. Mean Reward: 12.145. Std of Reward: 17.744. Training.
[INFO] Rocket. Step: 2180000. Time Elapsed: 2061.203 s. Mean Reward: 6.250. Std of Reward: 23.273. Training.
[INFO] Rocket. Step: 2200000. Time Elapsed: 2080.501 s. Mean Reward: 11.993. Std of Reward: 18.670. Training.
[INFO] Rocket. Step: 2220000. Time Elapsed: 2098.334 s. Mean Reward: 15.154. Std of Reward: 9.580. Training.
[INFO] Rocket. Step: 2240000. Time Elapsed: 2120.617 s. Mean Reward: 9.893. Std of Reward: 18.049. Training.
[INFO] Rocket. Step: 2260000. Time Elapsed: 2135.949 s. Mean Reward: 19.534. Std of Reward: 11.091. Training.
[INFO] Rocket. Step: 2280000. Time Elapsed: 2155.567 s. Mean Reward: 19.645. Std of Reward: 4.265. Training.
[INFO] Rocket. Step: 2300000. Time Elapsed: 2172.760 s. Mean Reward: 11.962. Std of Reward: 19.980. Training.
[INFO] Rocket. Step: 2320000. Time Elapsed: 2195.280 s. Mean Reward: 20.053. Std of Reward: 4.671. Training.
[INFO] Rocket. Step: 2340000. Time Elapsed: 2210.604 s. Mean Reward: 13.524. Std of Reward: 15.915. Training.
[INFO] Rocket. Step: 2360000. Time Elapsed: 2233.108 s. Mean Reward: 16.765. Std of Reward: 5.979. Training.
[INFO] Rocket. Step: 2380000. Time Elapsed: 2248.686 s. Mean Reward: 17.875. Std of Reward: 5.989. Training.
[INFO] Rocket. Step: 2400000. Time Elapsed: 2262.191 s. Mean Reward: 9.760. Std of Reward: 24.085. Training.
[INFO] Rocket. Step: 2420000. Time Elapsed: 2285.246 s. Mean Reward: 15.989. Std of Reward: 13.658. Training.
[INFO] Rocket. Step: 2440000. Time Elapsed: 2302.418 s. Mean Reward: 13.804. Std of Reward: 18.111. Training.
[INFO] Rocket. Step: 2460000. Time Elapsed: 2321.234 s. Mean Reward: 12.989. Std of Reward: 15.937. Training.
[INFO] Rocket. Step: 2480000. Time Elapsed: 2338.584 s. Mean Reward: 16.665. Std of Reward: 10.325. Training.
[INFO] Rocket. Step: 2500000. Time Elapsed: 2360.349 s. Mean Reward: 6.734. Std of Reward: 26.813. Training.
[INFO] Exported results\L9\Rocket\Rocket-2499507.onnx
[INFO] Rocket. Step: 2520000. Time Elapsed: 2374.525 s. Mean Reward: 17.276. Std of Reward: 10.956. Training.
[INFO] Rocket. Step: 2540000. Time Elapsed: 2398.171 s. Mean Reward: 14.424. Std of Reward: 17.448. Training.
[INFO] Rocket. Step: 2560000. Time Elapsed: 2413.251 s. Mean Reward: 7.870. Std of Reward: 22.215. Training.
[INFO] Rocket. Step: 2580000. Time Elapsed: 2435.825 s. Mean Reward: 17.024. Std of Reward: 10.867. Training.
[INFO] Rocket. Step: 2600000. Time Elapsed: 2450.981 s. Mean Reward: 9.308. Std of Reward: 24.258. Training.
[INFO] Rocket. Step: 2620000. Time Elapsed: 2473.314 s. Mean Reward: 17.510. Std of Reward: 4.843. Training.
[INFO] Rocket. Step: 2640000. Time Elapsed: 2489.552 s. Mean Reward: 11.938. Std of Reward: 16.574. Training.
[INFO] Rocket. Step: 2660000. Time Elapsed: 2511.987 s. Mean Reward: 18.047. Std of Reward: 5.420. Training.
[INFO] Rocket. Step: 2680000. Time Elapsed: 2526.837 s. Mean Reward: 11.781. Std of Reward: 17.755. Training.
[INFO] Rocket. Step: 2700000. Time Elapsed: 2548.884 s. Mean Reward: 16.979. Std of Reward: 6.345. Training.
[INFO] Rocket. Step: 2720000. Time Elapsed: 2565.233 s. Mean Reward: 18.765. Std of Reward: 10.983. Training.
[INFO] Rocket. Step: 2740000. Time Elapsed: 2587.340 s. Mean Reward: 11.790. Std of Reward: 17.738. Training.
[INFO] Rocket. Step: 2760000. Time Elapsed: 2601.435 s. Mean Reward: 0.762. Std of Reward: 23.927. Training.
[INFO] Rocket. Step: 2780000. Time Elapsed: 2624.041 s. Mean Reward: 3.079. Std of Reward: 25.248. Training.
[INFO] Rocket. Step: 2800000. Time Elapsed: 2638.957 s. Mean Reward: 6.098. Std of Reward: 24.068. Training.
[INFO] Rocket. Step: 2820000. Time Elapsed: 2661.569 s. Mean Reward: 13.083. Std of Reward: 18.450. Training.
[INFO] Rocket. Step: 2840000. Time Elapsed: 2676.993 s. Mean Reward: 8.734. Std of Reward: 23.279. Training.
[INFO] Rocket. Step: 2860000. Time Elapsed: 2698.380 s. Mean Reward: 18.611. Std of Reward: 4.707. Training.
[INFO] Rocket. Step: 2880000. Time Elapsed: 2714.962 s. Mean Reward: 15.039. Std of Reward: 13.991. Training.
[INFO] Rocket. Step: 2900000. Time Elapsed: 2736.842 s. Mean Reward: 16.651. Std of Reward: 11.492. Training.
[INFO] Rocket. Step: 2920000. Time Elapsed: 2752.635 s. Mean Reward: 6.310. Std of Reward: 24.171. Training.
[INFO] Rocket. Step: 2940000. Time Elapsed: 2775.253 s. Mean Reward: 7.361. Std of Reward: 21.290. Training.
[INFO] Rocket. Step: 2960000. Time Elapsed: 2790.042 s. Mean Reward: 0.686. Std of Reward: 22.548. Training.
[INFO] Rocket. Step: 2980000. Time Elapsed: 2813.589 s. Mean Reward: 7.606. Std of Reward: 19.432. Training.
[INFO] Rocket. Step: 3000000. Time Elapsed: 2827.211 s. Mean Reward: 9.822. Std of Reward: 18.407. Training.
[INFO] Exported results\L9\Rocket\Rocket-2999807.onnx
[INFO] Rocket. Step: 3020000. Time Elapsed: 2851.228 s. Mean Reward: 5.311. Std of Reward: 23.349. Training.
[INFO] Rocket. Step: 3040000. Time Elapsed: 2867.409 s. Mean Reward: 13.305. Std of Reward: 16.051. Training.
[INFO] Rocket. Step: 3060000. Time Elapsed: 2881.710 s. Mean Reward: 4.759. Std of Reward: 29.436. Training.
[INFO] Rocket. Step: 3080000. Time Elapsed: 2902.153 s. Mean Reward: 10.512. Std of Reward: 22.180. Training.
[INFO] Rocket. Step: 3100000. Time Elapsed: 2917.489 s. Mean Reward: 0.575. Std of Reward: 30.470. Training.
[INFO] Rocket. Step: 3120000. Time Elapsed: 2941.644 s. Mean Reward: 8.662. Std of Reward: 19.574. Training.
[INFO] Rocket. Step: 3140000. Time Elapsed: 2954.831 s. Mean Reward: 7.057. Std of Reward: 23.109. Training.
[INFO] Rocket. Step: 3160000. Time Elapsed: 2977.819 s. Mean Reward: 7.735. Std of Reward: 24.336. Training.
[INFO] Rocket. Step: 3180000. Time Elapsed: 2993.253 s. Mean Reward: 14.713. Std of Reward: 15.506. Training.
[INFO] Rocket. Step: 3200000. Time Elapsed: 3014.549 s. Mean Reward: 9.650. Std of Reward: 18.581. Training.
[INFO] Rocket. Step: 3220000. Time Elapsed: 3031.496 s. Mean Reward: 8.452. Std of Reward: 24.509. Training.
[INFO] Rocket. Step: 3240000. Time Elapsed: 3051.848 s. Mean Reward: 14.035. Std of Reward: 14.516. Training.
[INFO] Rocket. Step: 3260000. Time Elapsed: 3068.064 s. Mean Reward: 12.199. Std of Reward: 19.889. Training.
[INFO] Rocket. Step: 3280000. Time Elapsed: 3088.550 s. Mean Reward: 0.993. Std of Reward: 25.883. Training.
[INFO] Rocket. Step: 3300000. Time Elapsed: 3104.960 s. Mean Reward: 2.615. Std of Reward: 24.756. Training.
[INFO] Rocket. Step: 3320000. Time Elapsed: 3127.081 s. Mean Reward: 3.718. Std of Reward: 26.026. Training.
[INFO] Rocket. Step: 3340000. Time Elapsed: 3142.577 s. Mean Reward: 14.747. Std of Reward: 15.650. Training.
[INFO] Rocket. Step: 3360000. Time Elapsed: 3163.601 s. Mean Reward: -1.466. Std of Reward: 28.111. Training.
[INFO] Rocket. Step: 3380000. Time Elapsed: 3179.564 s. Mean Reward: 10.713. Std of Reward: 20.225. Training.
[INFO] Rocket. Step: 3400000. Time Elapsed: 3201.683 s. Mean Reward: 5.558. Std of Reward: 24.988. Training.
[INFO] Rocket. Step: 3420000. Time Elapsed: 3217.830 s. Mean Reward: 7.711. Std of Reward: 21.923. Training.
[INFO] Rocket. Step: 3440000. Time Elapsed: 3237.379 s. Mean Reward: 15.524. Std of Reward: 14.580. Training.
[INFO] Rocket. Step: 3460000. Time Elapsed: 3255.594 s. Mean Reward: 10.058. Std of Reward: 21.332. Training.
[INFO] Rocket. Step: 3480000. Time Elapsed: 3275.895 s. Mean Reward: 7.586. Std of Reward: 25.529. Training.
[INFO] Rocket. Step: 3500000. Time Elapsed: 3290.044 s. Mean Reward: 5.667. Std of Reward: 27.365. Training.
[INFO] Exported results\L9\Rocket\Rocket-3499223.onnx
[INFO] Rocket. Step: 3520000. Time Elapsed: 3314.780 s. Mean Reward: 7.479. Std of Reward: 22.497. Training.
[INFO] Rocket. Step: 3540000. Time Elapsed: 3329.078 s. Mean Reward: 13.913. Std of Reward: 16.770. Training.
[INFO] Rocket. Step: 3560000. Time Elapsed: 3350.881 s. Mean Reward: 8.658. Std of Reward: 24.336. Training.
[INFO] Rocket. Step: 3580000. Time Elapsed: 3368.698 s. Mean Reward: 13.003. Std of Reward: 14.912. Training.
[INFO] Rocket. Step: 3600000. Time Elapsed: 3389.609 s. Mean Reward: 6.238. Std of Reward: 26.344. Training.
[INFO] Rocket. Step: 3620000. Time Elapsed: 3403.521 s. Mean Reward: -1.693. Std of Reward: 23.349. Training.
[INFO] Rocket. Step: 3640000. Time Elapsed: 3420.504 s. Mean Reward: 12.194. Std of Reward: 18.906. Training.
[INFO] Rocket. Step: 3660000. Time Elapsed: 3442.528 s. Mean Reward: 4.629. Std of Reward: 25.378. Training.
[INFO] Rocket. Step: 3680000. Time Elapsed: 3458.660 s. Mean Reward: 10.907. Std of Reward: 18.420. Training.
[INFO] Rocket. Step: 3700000. Time Elapsed: 3481.492 s. Mean Reward: 8.140. Std of Reward: 25.853. Training.
[INFO] Rocket. Step: 3720000. Time Elapsed: 3498.061 s. Mean Reward: 10.787. Std of Reward: 21.906. Training.
[INFO] Rocket. Step: 3740000. Time Elapsed: 3520.928 s. Mean Reward: 6.390. Std of Reward: 24.076. Training.
[INFO] Rocket. Step: 3760000. Time Elapsed: 3536.159 s. Mean Reward: 1.872. Std of Reward: 31.405. Training.
[INFO] Rocket. Step: 3780000. Time Elapsed: 3555.423 s. Mean Reward: 7.944. Std of Reward: 23.094. Training.
[INFO] Rocket. Step: 3800000. Time Elapsed: 3572.197 s. Mean Reward: 15.705. Std of Reward: 10.559. Training.
[INFO] Rocket. Step: 3820000. Time Elapsed: 3594.483 s. Mean Reward: 5.235. Std of Reward: 19.642. Training.
[INFO] Rocket. Step: 3840000. Time Elapsed: 3608.995 s. Mean Reward: 3.576. Std of Reward: 26.885. Training.
[INFO] Rocket. Step: 3860000. Time Elapsed: 3631.621 s. Mean Reward: 10.995. Std of Reward: 22.356. Training.
[INFO] Rocket. Step: 3880000. Time Elapsed: 3647.183 s. Mean Reward: 3.107. Std of Reward: 25.257. Training.
[INFO] Rocket. Step: 3900000. Time Elapsed: 3668.298 s. Mean Reward: 4.744. Std of Reward: 27.513. Training.
[INFO] Rocket. Step: 3920000. Time Elapsed: 3685.393 s. Mean Reward: 12.777. Std of Reward: 15.469. Training.
[INFO] Rocket. Step: 3940000. Time Elapsed: 3706.122 s. Mean Reward: 13.061. Std of Reward: 15.073. Training.
[INFO] Rocket. Step: 3960000. Time Elapsed: 3723.182 s. Mean Reward: 10.965. Std of Reward: 17.426. Training.
[INFO] Rocket. Step: 3980000. Time Elapsed: 3743.616 s. Mean Reward: 3.486. Std of Reward: 27.878. Training.
[INFO] Rocket. Step: 4000000. Time Elapsed: 3760.571 s. Mean Reward: 18.449. Std of Reward: 5.799. Training.
[INFO] Exported results\L9\Rocket\Rocket-3999960.onnx
[INFO] Rocket. Step: 4020000. Time Elapsed: 3782.997 s. Mean Reward: 9.095. Std of Reward: 22.443. Training.
[INFO] Rocket. Step: 4040000. Time Elapsed: 3797.165 s. Mean Reward: 0.510. Std of Reward: 28.520. Training.
[INFO] Rocket. Step: 4060000. Time Elapsed: 3819.061 s. Mean Reward: 8.858. Std of Reward: 20.520. Training.
[INFO] Rocket. Step: 4080000. Time Elapsed: 3834.757 s. Mean Reward: 7.087. Std of Reward: 24.411. Training.
[INFO] Rocket. Step: 4100000. Time Elapsed: 3856.923 s. Mean Reward: 6.367. Std of Reward: 22.253. Training.
[INFO] Rocket. Step: 4120000. Time Elapsed: 3872.716 s. Mean Reward: 9.091. Std of Reward: 21.106. Training.
[INFO] Rocket. Step: 4140000. Time Elapsed: 3894.357 s. Mean Reward: 8.298. Std of Reward: 18.537. Training.
[INFO] Rocket. Step: 4160000. Time Elapsed: 3908.174 s. Mean Reward: 0.952. Std of Reward: 25.260. Training.
[INFO] Rocket. Step: 4180000. Time Elapsed: 3925.441 s. Mean Reward: 8.099. Std of Reward: 23.735. Training.
[INFO] Rocket. Step: 4200000. Time Elapsed: 3945.982 s. Mean Reward: 4.532. Std of Reward: 21.015. Training.
[INFO] Rocket. Step: 4220000. Time Elapsed: 3963.958 s. Mean Reward: 10.760. Std of Reward: 17.437. Training.
[INFO] Rocket. Step: 4240000. Time Elapsed: 3985.243 s. Mean Reward: 16.995. Std of Reward: 10.268. Training.
[INFO] Rocket. Step: 4260000. Time Elapsed: 3999.359 s. Mean Reward: 10.790. Std of Reward: 19.843. Training.
[INFO] Rocket. Step: 4280000. Time Elapsed: 4022.232 s. Mean Reward: 10.383. Std of Reward: 16.020. Training.
[INFO] Rocket. Step: 4300000. Time Elapsed: 4036.281 s. Mean Reward: 6.247. Std of Reward: 19.648. Training.
[INFO] Rocket. Step: 4320000. Time Elapsed: 4060.090 s. Mean Reward: 8.136. Std of Reward: 22.395. Training.
[INFO] Rocket. Step: 4340000. Time Elapsed: 4074.887 s. Mean Reward: 7.345. Std of Reward: 19.463. Training.
[INFO] Rocket. Step: 4360000. Time Elapsed: 4097.158 s. Mean Reward: 11.898. Std of Reward: 17.761. Training.
[INFO] Rocket. Step: 4380000. Time Elapsed: 4110.798 s. Mean Reward: -1.139. Std of Reward: 24.649. Training.
[INFO] Rocket. Step: 4400000. Time Elapsed: 4134.005 s. Mean Reward: 9.853. Std of Reward: 16.495. Training.
[INFO] Rocket. Step: 4420000. Time Elapsed: 4149.817 s. Mean Reward: 11.127. Std of Reward: 17.370. Training.
[INFO] Rocket. Step: 4440000. Time Elapsed: 4171.139 s. Mean Reward: 2.886. Std of Reward: 21.902. Training.
[INFO] Rocket. Step: 4460000. Time Elapsed: 4186.356 s. Mean Reward: 11.265. Std of Reward: 16.781. Training.
[INFO] Rocket. Step: 4480000. Time Elapsed: 4210.114 s. Mean Reward: 8.571. Std of Reward: 19.743. Training.
[INFO] Rocket. Step: 4500000. Time Elapsed: 4225.591 s. Mean Reward: 12.713. Std of Reward: 12.762. Training.
[INFO] Exported results\L9\Rocket\Rocket-4499904.onnx
[INFO] Rocket. Step: 4520000. Time Elapsed: 4247.639 s. Mean Reward: 9.172. Std of Reward: 23.042. Training.
[INFO] Rocket. Step: 4540000. Time Elapsed: 4261.760 s. Mean Reward: 5.604. Std of Reward: 21.610. Training.
[INFO] Rocket. Step: 4560000. Time Elapsed: 4282.719 s. Mean Reward: 2.175. Std of Reward: 22.142. Training.
[INFO] Rocket. Step: 4580000. Time Elapsed: 4299.895 s. Mean Reward: 15.749. Std of Reward: 10.623. Training.
[INFO] Rocket. Step: 4600000. Time Elapsed: 4322.456 s. Mean Reward: 12.020. Std of Reward: 15.771. Training.
[INFO] Rocket. Step: 4620000. Time Elapsed: 4336.486 s. Mean Reward: 19.562. Std of Reward: 4.013. Training.
[INFO] Rocket. Step: 4640000. Time Elapsed: 4360.011 s. Mean Reward: 8.275. Std of Reward: 21.862. Training.
[INFO] Rocket. Step: 4660000. Time Elapsed: 4376.136 s. Mean Reward: 18.382. Std of Reward: 5.614. Training.
[INFO] Rocket. Step: 4680000. Time Elapsed: 4397.770 s. Mean Reward: 8.020. Std of Reward: 22.537. Training.
[INFO] Rocket. Step: 4700000. Time Elapsed: 4413.573 s. Mean Reward: 8.083. Std of Reward: 18.764. Training.
[INFO] Rocket. Step: 4720000. Time Elapsed: 4437.750 s. Mean Reward: 3.781. Std of Reward: 26.198. Training.
[INFO] Rocket. Step: 4740000. Time Elapsed: 4451.898 s. Mean Reward: 4.430. Std of Reward: 21.723. Training.
[INFO] Rocket. Step: 4760000. Time Elapsed: 4465.322 s. Mean Reward: 5.792. Std of Reward: 21.809. Training.
[INFO] Rocket. Step: 4780000. Time Elapsed: 4486.983 s. Mean Reward: 10.733. Std of Reward: 20.803. Training.
[INFO] Rocket. Step: 4800000. Time Elapsed: 4503.681 s. Mean Reward: 7.338. Std of Reward: 22.458. Training.
[INFO] Rocket. Step: 4820000. Time Elapsed: 4526.749 s. Mean Reward: 7.650. Std of Reward: 20.958. Training.
[INFO] Rocket. Step: 4840000. Time Elapsed: 4541.506 s. Mean Reward: 8.519. Std of Reward: 22.367. Training.
[INFO] Rocket. Step: 4860000. Time Elapsed: 4562.475 s. Mean Reward: 6.681. Std of Reward: 22.992. Training.
[INFO] Rocket. Step: 4880000. Time Elapsed: 4579.797 s. Mean Reward: 3.151. Std of Reward: 25.992. Training.
[INFO] Rocket. Step: 4900000. Time Elapsed: 4601.598 s. Mean Reward: 7.227. Std of Reward: 24.090. Training.
[INFO] Rocket. Step: 4920000. Time Elapsed: 4616.195 s. Mean Reward: 4.065. Std of Reward: 25.920. Training.
[INFO] Rocket. Step: 4940000. Time Elapsed: 4639.693 s. Mean Reward: 6.152. Std of Reward: 25.241. Training.
[INFO] Rocket. Step: 4960000. Time Elapsed: 4653.840 s. Mean Reward: 7.019. Std of Reward: 20.301. Training.
[INFO] Rocket. Step: 4980000. Time Elapsed: 4676.550 s. Mean Reward: -1.454. Std of Reward: 31.504. Training.
[INFO] Rocket. Step: 5000000. Time Elapsed: 4690.013 s. Mean Reward: 8.417. Std of Reward: 19.670. Training.
[INFO] Exported results\L9\Rocket\Rocket-4999498.onnx
[INFO] Rocket. Step: 5020000. Time Elapsed: 4715.223 s. Mean Reward: 4.243. Std of Reward: 24.569. Training.
[INFO] Rocket. Step: 5040000. Time Elapsed: 4729.727 s. Mean Reward: 9.807. Std of Reward: 16.735. Training.
[INFO] Rocket. Step: 5060000. Time Elapsed: 4749.698 s. Mean Reward: 8.889. Std of Reward: 22.895. Training.
[INFO] Rocket. Step: 5080000. Time Elapsed: 4766.561 s. Mean Reward: 6.392. Std of Reward: 23.498. Training.
[INFO] Rocket. Step: 5100000. Time Elapsed: 4789.008 s. Mean Reward: 4.492. Std of Reward: 24.320. Training.
[INFO] Rocket. Step: 5120000. Time Elapsed: 4803.002 s. Mean Reward: 6.857. Std of Reward: 26.456. Training.
[INFO] Rocket. Step: 5140000. Time Elapsed: 4827.094 s. Mean Reward: 2.931. Std of Reward: 27.850. Training.
[INFO] Rocket. Step: 5160000. Time Elapsed: 4842.832 s. Mean Reward: 11.434. Std of Reward: 18.010. Training.
[INFO] Rocket. Step: 5180000. Time Elapsed: 4863.096 s. Mean Reward: 4.617. Std of Reward: 25.774. Training.
[INFO] Rocket. Step: 5200000. Time Elapsed: 4876.475 s. Mean Reward: 1.636. Std of Reward: 24.842. Training.
[INFO] Rocket. Step: 5220000. Time Elapsed: 4899.387 s. Mean Reward: -2.835. Std of Reward: 31.096. Training.
[INFO] Rocket. Step: 5240000. Time Elapsed: 4916.176 s. Mean Reward: 10.938. Std of Reward: 14.985. Training.
[INFO] Rocket. Step: 5260000. Time Elapsed: 4937.570 s. Mean Reward: 9.432. Std of Reward: 19.506. Training.
[INFO] Rocket. Step: 5280000. Time Elapsed: 4951.780 s. Mean Reward: 5.266. Std of Reward: 23.243. Training.
[INFO] Rocket. Step: 5300000. Time Elapsed: 4976.005 s. Mean Reward: 11.075. Std of Reward: 18.152. Training.
[INFO] Rocket. Step: 5320000. Time Elapsed: 4990.846 s. Mean Reward: 0.373. Std of Reward: 27.286. Training.
[INFO] Rocket. Step: 5340000. Time Elapsed: 5005.668 s. Mean Reward: 1.068. Std of Reward: 25.922. Training.
[INFO] Rocket. Step: 5360000. Time Elapsed: 5027.402 s. Mean Reward: 2.430. Std of Reward: 27.114. Training.
[INFO] Rocket. Step: 5380000. Time Elapsed: 5042.643 s. Mean Reward: -1.289. Std of Reward: 26.652. Training.
[INFO] Rocket. Step: 5400000. Time Elapsed: 5064.882 s. Mean Reward: -0.391. Std of Reward: 23.321. Training.
[INFO] Rocket. Step: 5420000. Time Elapsed: 5081.431 s. Mean Reward: 0.470. Std of Reward: 25.130. Training.
[INFO] Rocket. Step: 5440000. Time Elapsed: 5102.148 s. Mean Reward: 3.288. Std of Reward: 22.102. Training.
[INFO] Rocket. Step: 5460000. Time Elapsed: 5120.253 s. Mean Reward: -0.975. Std of Reward: 28.043. Training.
[INFO] Rocket. Step: 5480000. Time Elapsed: 5140.945 s. Mean Reward: 10.861. Std of Reward: 16.966. Training.
[INFO] Rocket. Step: 5500000. Time Elapsed: 5157.921 s. Mean Reward: 10.115. Std of Reward: 16.168. Training.
[INFO] Exported results\L9\Rocket\Rocket-5499947.onnx
[INFO] Rocket. Step: 5520000. Time Elapsed: 5180.578 s. Mean Reward: 5.379. Std of Reward: 24.755. Training.
[INFO] Rocket. Step: 5540000. Time Elapsed: 5195.419 s. Mean Reward: 3.545. Std of Reward: 25.010. Training.
[INFO] Rocket. Step: 5560000. Time Elapsed: 5218.216 s. Mean Reward: -0.153. Std of Reward: 26.876. Training.
[INFO] Rocket. Step: 5580000. Time Elapsed: 5237.053 s. Mean Reward: 13.131. Std of Reward: 17.509. Training.
[INFO] Rocket. Step: 5600000. Time Elapsed: 5256.487 s. Mean Reward: 12.449. Std of Reward: 15.266. Training.
[INFO] Rocket. Step: 5620000. Time Elapsed: 5273.155 s. Mean Reward: 8.834. Std of Reward: 21.474. Training.
[INFO] Rocket. Step: 5640000. Time Elapsed: 5295.712 s. Mean Reward: 9.554. Std of Reward: 18.534. Training.
[INFO] Rocket. Step: 5660000. Time Elapsed: 5313.085 s. Mean Reward: 5.591. Std of Reward: 24.397. Training.
[INFO] Rocket. Step: 5680000. Time Elapsed: 5336.556 s. Mean Reward: 11.072. Std of Reward: 19.852. Training.
[INFO] Rocket. Step: 5700000. Time Elapsed: 5353.071 s. Mean Reward: 5.122. Std of Reward: 24.028. Training.
[INFO] Rocket. Step: 5720000. Time Elapsed: 5375.794 s. Mean Reward: 4.401. Std of Reward: 26.421. Training.
[INFO] Rocket. Step: 5740000. Time Elapsed: 5393.175 s. Mean Reward: 9.400. Std of Reward: 24.148. Training.
[INFO] Rocket. Step: 5760000. Time Elapsed: 5416.957 s. Mean Reward: 1.322. Std of Reward: 28.807. Training.
[INFO] Rocket. Step: 5780000. Time Elapsed: 5433.816 s. Mean Reward: -1.910. Std of Reward: 27.735. Training.
[INFO] Rocket. Step: 5800000. Time Elapsed: 5459.146 s. Mean Reward: 6.599. Std of Reward: 18.353. Training.
[INFO] Rocket. Step: 5820000. Time Elapsed: 5473.734 s. Mean Reward: 11.721. Std of Reward: 18.774. Training.
[INFO] Rocket. Step: 5840000. Time Elapsed: 5501.738 s. Mean Reward: 13.897. Std of Reward: 16.829. Training.
[INFO] Rocket. Step: 5860000. Time Elapsed: 5514.890 s. Mean Reward: 7.751. Std of Reward: 24.349. Training.
[INFO] Rocket. Step: 5880000. Time Elapsed: 5532.169 s. Mean Reward: 6.374. Std of Reward: 21.284. Training.
[INFO] Rocket. Step: 5900000. Time Elapsed: 5556.248 s. Mean Reward: 3.683. Std of Reward: 22.998. Training.
[INFO] Rocket. Step: 5920000. Time Elapsed: 5573.046 s. Mean Reward: 6.304. Std of Reward: 19.364. Training.
[INFO] Rocket. Step: 5940000. Time Elapsed: 5596.575 s. Mean Reward: 16.975. Std of Reward: 15.363. Training.
[INFO] Rocket. Step: 5960000. Time Elapsed: 5615.432 s. Mean Reward: 8.410. Std of Reward: 22.624. Training.
[INFO] Rocket. Step: 5980000. Time Elapsed: 5638.798 s. Mean Reward: 11.747. Std of Reward: 16.673. Training.
[INFO] Rocket. Step: 6000000. Time Elapsed: 5652.060 s. Mean Reward: 2.853. Std of Reward: 23.678. Training.
[INFO] Exported results\L9\Rocket\Rocket-5999695.onnx
[INFO] Rocket. Step: 6020000. Time Elapsed: 5678.014 s. Mean Reward: 0.123. Std of Reward: 24.605. Training.
[INFO] Rocket. Step: 6040000. Time Elapsed: 5694.560 s. Mean Reward: -1.404. Std of Reward: 30.581. Training.
[INFO] Rocket. Step: 6060000. Time Elapsed: 5719.563 s. Mean Reward: 11.504. Std of Reward: 19.944. Training.
[INFO] Rocket. Step: 6080000. Time Elapsed: 5736.187 s. Mean Reward: 12.570. Std of Reward: 19.727. Training.
[INFO] Rocket. Step: 6100000. Time Elapsed: 5758.473 s. Mean Reward: 12.636. Std of Reward: 18.693. Training.
[INFO] Rocket. Step: 6120000. Time Elapsed: 5777.532 s. Mean Reward: 12.951. Std of Reward: 18.418. Training.
[INFO] Rocket. Step: 6140000. Time Elapsed: 5800.506 s. Mean Reward: 3.740. Std of Reward: 26.993. Training.
[INFO] Rocket. Step: 6160000. Time Elapsed: 5817.531 s. Mean Reward: 8.456. Std of Reward: 25.002. Training.
[INFO] Rocket. Step: 6180000. Time Elapsed: 5842.214 s. Mean Reward: 14.239. Std of Reward: 18.985. Training.
[INFO] Rocket. Step: 6200000. Time Elapsed: 5858.650 s. Mean Reward: 12.200. Std of Reward: 20.643. Training.
[INFO] Rocket. Step: 6220000. Time Elapsed: 5883.318 s. Mean Reward: -1.954. Std of Reward: 28.713. Training.
[INFO] Rocket. Step: 6240000. Time Elapsed: 5898.644 s. Mean Reward: 16.684. Std of Reward: 17.947. Training.
[INFO] Rocket. Step: 6260000. Time Elapsed: 5919.984 s. Mean Reward: 12.268. Std of Reward: 19.020. Training.
[INFO] Rocket. Step: 6280000. Time Elapsed: 5937.464 s. Mean Reward: 16.285. Std of Reward: 18.011. Training.
[INFO] Rocket. Step: 6300000. Time Elapsed: 5963.070 s. Mean Reward: 9.539. Std of Reward: 20.557. Training.
[INFO] Rocket. Step: 6320000. Time Elapsed: 5979.931 s. Mean Reward: 16.018. Std of Reward: 15.235. Training.
[INFO] Rocket. Step: 6340000. Time Elapsed: 6002.277 s. Mean Reward: 20.292. Std of Reward: 3.888. Training.
[INFO] Rocket. Step: 6360000. Time Elapsed: 6020.443 s. Mean Reward: 12.611. Std of Reward: 20.940. Training.
[INFO] Rocket. Step: 6380000. Time Elapsed: 6043.004 s. Mean Reward: 6.892. Std of Reward: 20.897. Training.
[INFO] Rocket. Step: 6400000. Time Elapsed: 6057.464 s. Mean Reward: 12.867. Std of Reward: 17.608. Training.
[INFO] Rocket. Step: 6420000. Time Elapsed: 6082.225 s. Mean Reward: 8.749. Std of Reward: 19.837. Training.
[INFO] Rocket. Step: 6440000. Time Elapsed: 6098.634 s. Mean Reward: 3.789. Std of Reward: 22.009. Training.
[INFO] Rocket. Step: 6460000. Time Elapsed: 6123.813 s. Mean Reward: 16.842. Std of Reward: 18.072. Training.
[INFO] Rocket. Step: 6480000. Time Elapsed: 6139.276 s. Mean Reward: -0.197. Std of Reward: 28.106. Training.
[INFO] Rocket. Step: 6500000. Time Elapsed: 6154.999 s. Mean Reward: 12.116. Std of Reward: 17.844. Training.
[INFO] Exported results\L9\Rocket\Rocket-6499361.onnx
[INFO] Rocket. Step: 6520000. Time Elapsed: 6176.955 s. Mean Reward: 10.835. Std of Reward: 19.773. Training.
[INFO] Rocket. Step: 6540000. Time Elapsed: 6194.314 s. Mean Reward: 5.593. Std of Reward: 19.895. Training.
[INFO] Rocket. Step: 6560000. Time Elapsed: 6218.099 s. Mean Reward: 15.891. Std of Reward: 13.214. Training.
[INFO] Rocket. Step: 6580000. Time Elapsed: 6234.136 s. Mean Reward: 6.579. Std of Reward: 27.652. Training.
[INFO] Rocket. Step: 6600000. Time Elapsed: 6257.320 s. Mean Reward: 14.350. Std of Reward: 13.477. Training.
[INFO] Rocket. Step: 6620000. Time Elapsed: 6273.305 s. Mean Reward: 18.729. Std of Reward: 10.642. Training.
[INFO] Rocket. Step: 6640000. Time Elapsed: 6295.331 s. Mean Reward: 12.776. Std of Reward: 20.634. Training.
[INFO] Rocket. Step: 6660000. Time Elapsed: 6310.838 s. Mean Reward: 9.937. Std of Reward: 20.686. Training.
[INFO] Rocket. Step: 6680000. Time Elapsed: 6334.087 s. Mean Reward: 5.539. Std of Reward: 22.348. Training.
[INFO] Rocket. Step: 6700000. Time Elapsed: 6348.035 s. Mean Reward: 2.585. Std of Reward: 27.669. Training.
[INFO] Rocket. Step: 6720000. Time Elapsed: 6369.255 s. Mean Reward: 7.583. Std of Reward: 24.780. Training.
[INFO] Rocket. Step: 6740000. Time Elapsed: 6385.390 s. Mean Reward: 13.905. Std of Reward: 18.192. Training.
[INFO] Rocket. Step: 6760000. Time Elapsed: 6405.672 s. Mean Reward: 8.523. Std of Reward: 24.578. Training.
[INFO] Rocket. Step: 6780000. Time Elapsed: 6423.432 s. Mean Reward: 4.085. Std of Reward: 23.275. Training.
[INFO] Rocket. Step: 6800000. Time Elapsed: 6444.798 s. Mean Reward: 16.865. Std of Reward: 10.612. Training.
[INFO] Rocket. Step: 6820000. Time Elapsed: 6459.975 s. Mean Reward: 7.948. Std of Reward: 22.006. Training.
[INFO] Rocket. Step: 6840000. Time Elapsed: 6480.745 s. Mean Reward: 14.848. Std of Reward: 14.201. Training.
[INFO] Rocket. Step: 6860000. Time Elapsed: 6497.107 s. Mean Reward: 8.725. Std of Reward: 22.946. Training.
[INFO] Rocket. Step: 6880000. Time Elapsed: 6518.582 s. Mean Reward: -4.263. Std of Reward: 28.898. Training.
[INFO] Rocket. Step: 6900000. Time Elapsed: 6534.530 s. Mean Reward: 12.589. Std of Reward: 16.888. Training.
[INFO] Rocket. Step: 6920000. Time Elapsed: 6555.077 s. Mean Reward: 3.546. Std of Reward: 23.700. Training.
[INFO] Rocket. Step: 6940000. Time Elapsed: 6571.037 s. Mean Reward: 5.732. Std of Reward: 23.177. Training.
[INFO] Rocket. Step: 6960000. Time Elapsed: 6593.733 s. Mean Reward: 14.896. Std of Reward: 10.520. Training.
[INFO] Rocket. Step: 6980000. Time Elapsed: 6607.511 s. Mean Reward: 5.730. Std of Reward: 21.023. Training.
[INFO] Rocket. Step: 7000000. Time Elapsed: 6629.822 s. Mean Reward: 8.763. Std of Reward: 22.493. Training.
[INFO] Exported results\L9\Rocket\Rocket-6999083.onnx
[INFO] Rocket. Step: 7020000. Time Elapsed: 6644.324 s. Mean Reward: 5.180. Std of Reward: 24.787. Training.
[INFO] Rocket. Step: 7040000. Time Elapsed: 6669.529 s. Mean Reward: 9.644. Std of Reward: 22.490. Training.
[INFO] Rocket. Step: 7060000. Time Elapsed: 6683.862 s. Mean Reward: 2.986. Std of Reward: 27.349. Training.
[INFO] Rocket. Step: 7080000. Time Elapsed: 6696.761 s. Mean Reward: 5.904. Std of Reward: 25.212. Training.
[INFO] Rocket. Step: 7100000. Time Elapsed: 6719.112 s. Mean Reward: 6.228. Std of Reward: 26.045. Training.
[INFO] Rocket. Step: 7120000. Time Elapsed: 6736.735 s. Mean Reward: 13.786. Std of Reward: 18.567. Training.
[INFO] Rocket. Step: 7140000. Time Elapsed: 6758.387 s. Mean Reward: 9.544. Std of Reward: 24.097. Training.
[INFO] Rocket. Step: 7160000. Time Elapsed: 6773.135 s. Mean Reward: 16.335. Std of Reward: 11.595. Training.
[INFO] Rocket. Step: 7180000. Time Elapsed: 6795.036 s. Mean Reward: -2.604. Std of Reward: 29.898. Training.
[INFO] Rocket. Step: 7200000. Time Elapsed: 6810.246 s. Mean Reward: -4.639. Std of Reward: 31.088. Training.
[INFO] Rocket. Step: 7220000. Time Elapsed: 6833.162 s. Mean Reward: 9.553. Std of Reward: 24.169. Training.
[INFO] Rocket. Step: 7240000. Time Elapsed: 6847.678 s. Mean Reward: 5.566. Std of Reward: 24.535. Training.
[INFO] Rocket. Step: 7260000. Time Elapsed: 6869.266 s. Mean Reward: 4.957. Std of Reward: 26.342. Training.
[INFO] Rocket. Step: 7280000. Time Elapsed: 6884.758 s. Mean Reward: 9.848. Std of Reward: 20.193. Training.
[INFO] Rocket. Step: 7300000. Time Elapsed: 6908.447 s. Mean Reward: 7.801. Std of Reward: 23.826. Training.
[INFO] Rocket. Step: 7320000. Time Elapsed: 6922.916 s. Mean Reward: -8.598. Std of Reward: 33.588. Training.
[INFO] Rocket. Step: 7340000. Time Elapsed: 6944.515 s. Mean Reward: 3.665. Std of Reward: 29.120. Training.
[INFO] Rocket. Step: 7360000. Time Elapsed: 6961.741 s. Mean Reward: 9.856. Std of Reward: 20.685. Training.
[INFO] Rocket. Step: 7380000. Time Elapsed: 6981.038 s. Mean Reward: 10.870. Std of Reward: 18.991. Training.
[INFO] Rocket. Step: 7400000. Time Elapsed: 6997.997 s. Mean Reward: 12.315. Std of Reward: 12.919. Training.
[INFO] Rocket. Step: 7420000. Time Elapsed: 7018.158 s. Mean Reward: 5.473. Std of Reward: 22.764. Training.
[INFO] Rocket. Step: 7440000. Time Elapsed: 7034.707 s. Mean Reward: 7.064. Std of Reward: 19.436. Training.
[INFO] Rocket. Step: 7460000. Time Elapsed: 7055.950 s. Mean Reward: 7.040. Std of Reward: 19.967. Training.
[INFO] Rocket. Step: 7480000. Time Elapsed: 7072.075 s. Mean Reward: 6.967. Std of Reward: 19.111. Training.
[INFO] Rocket. Step: 7500000. Time Elapsed: 7094.355 s. Mean Reward: 16.094. Std of Reward: 12.097. Training.
[INFO] Exported results\L9\Rocket\Rocket-7499320.onnx
[INFO] Rocket. Step: 7520000. Time Elapsed: 7109.665 s. Mean Reward: 5.214. Std of Reward: 24.196. Training.
[INFO] Rocket. Step: 7540000. Time Elapsed: 7131.958 s. Mean Reward: 15.924. Std of Reward: 10.630. Training.
[INFO] Rocket. Step: 7560000. Time Elapsed: 7147.110 s. Mean Reward: -1.327. Std of Reward: 26.604. Training.
[INFO] Rocket. Step: 7580000. Time Elapsed: 7169.407 s. Mean Reward: 10.712. Std of Reward: 19.723. Training.
[INFO] Rocket. Step: 7600000. Time Elapsed: 7184.630 s. Mean Reward: 1.105. Std of Reward: 28.104. Training.
[INFO] Rocket. Step: 7620000. Time Elapsed: 7207.618 s. Mean Reward: 10.592. Std of Reward: 17.975. Training.
[INFO] Rocket. Step: 7640000. Time Elapsed: 7221.721 s. Mean Reward: 6.594. Std of Reward: 22.740. Training.
[INFO] Rocket. Step: 7660000. Time Elapsed: 7238.466 s. Mean Reward: 9.637. Std of Reward: 23.785. Training.
[INFO] Rocket. Step: 7680000. Time Elapsed: 7258.895 s. Mean Reward: -1.432. Std of Reward: 25.721. Training.
[INFO] Rocket. Step: 7700000. Time Elapsed: 7272.542 s. Mean Reward: 13.064. Std of Reward: 18.224. Training.
[INFO] Rocket. Step: 7720000. Time Elapsed: 7297.351 s. Mean Reward: 7.042. Std of Reward: 24.316. Training.
[INFO] Rocket. Step: 7740000. Time Elapsed: 7311.557 s. Mean Reward: 8.569. Std of Reward: 21.718. Training.
[INFO] Rocket. Step: 7760000. Time Elapsed: 7332.395 s. Mean Reward: 16.774. Std of Reward: 17.712. Training.
[INFO] Rocket. Step: 7780000. Time Elapsed: 7348.761 s. Mean Reward: -4.638. Std of Reward: 28.659. Training.
[INFO] Rocket. Step: 7800000. Time Elapsed: 7369.823 s. Mean Reward: 11.277. Std of Reward: 19.985. Training.
[INFO] Rocket. Step: 7820000. Time Elapsed: 7387.439 s. Mean Reward: -6.978. Std of Reward: 31.349. Training.
[INFO] Rocket. Step: 7840000. Time Elapsed: 7408.296 s. Mean Reward: 10.772. Std of Reward: 19.504. Training.
[INFO] Rocket. Step: 7860000. Time Elapsed: 7424.978 s. Mean Reward: 8.976. Std of Reward: 19.927. Training.
[INFO] Rocket. Step: 7880000. Time Elapsed: 7446.759 s. Mean Reward: 2.608. Std of Reward: 27.329. Training.
[INFO] Rocket. Step: 7900000. Time Elapsed: 7461.843 s. Mean Reward: 10.489. Std of Reward: 20.580. Training.
[INFO] Rocket. Step: 7920000. Time Elapsed: 7481.887 s. Mean Reward: -0.869. Std of Reward: 25.621. Training.
[INFO] Rocket. Step: 7940000. Time Elapsed: 7500.802 s. Mean Reward: 12.901. Std of Reward: 15.586. Training.
[INFO] Rocket. Step: 7960000. Time Elapsed: 7519.432 s. Mean Reward: 4.888. Std of Reward: 25.349. Training.
[INFO] Rocket. Step: 7980000. Time Elapsed: 7536.581 s. Mean Reward: 9.129. Std of Reward: 17.757. Training.
[INFO] Rocket. Step: 8000000. Time Elapsed: 7558.812 s. Mean Reward: 12.966. Std of Reward: 18.430. Training.
[INFO] Exported results\L9\Rocket\Rocket-7999935.onnx
[INFO] Rocket. Step: 8020000. Time Elapsed: 7574.116 s. Mean Reward: 9.003. Std of Reward: 21.947. Training.
[INFO] Rocket. Step: 8040000. Time Elapsed: 7596.172 s. Mean Reward: 5.434. Std of Reward: 23.255. Training.
[INFO] Rocket. Step: 8060000. Time Elapsed: 7610.803 s. Mean Reward: 14.687. Std of Reward: 15.349. Training.
[INFO] Rocket. Step: 8080000. Time Elapsed: 7633.061 s. Mean Reward: 8.743. Std of Reward: 21.547. Training.
[INFO] Rocket. Step: 8100000. Time Elapsed: 7649.913 s. Mean Reward: -0.696. Std of Reward: 31.402. Training.
[INFO] Rocket. Step: 8120000. Time Elapsed: 7670.398 s. Mean Reward: 18.707. Std of Reward: 11.190. Training.
[INFO] Rocket. Step: 8140000. Time Elapsed: 7686.782 s. Mean Reward: 12.293. Std of Reward: 22.363. Training.
[INFO] Rocket. Step: 8160000. Time Elapsed: 7708.592 s. Mean Reward: 13.285. Std of Reward: 15.835. Training.
[INFO] Rocket. Step: 8180000. Time Elapsed: 7725.125 s. Mean Reward: 17.996. Std of Reward: 11.439. Training.
[INFO] Rocket. Step: 8200000. Time Elapsed: 7746.020 s. Mean Reward: 5.559. Std of Reward: 26.697. Training.
[INFO] Rocket. Step: 8220000. Time Elapsed: 7761.064 s. Mean Reward: 14.681. Std of Reward: 17.961. Training.
[INFO] Rocket. Step: 8240000. Time Elapsed: 7775.937 s. Mean Reward: 5.623. Std of Reward: 26.679. Training.
[INFO] Rocket. Step: 8260000. Time Elapsed: 7799.448 s. Mean Reward: 3.338. Std of Reward: 24.965. Training.
[INFO] Rocket. Step: 8280000. Time Elapsed: 7813.902 s. Mean Reward: 9.964. Std of Reward: 25.551. Training.
[INFO] Rocket. Step: 8300000. Time Elapsed: 7835.111 s. Mean Reward: 3.115. Std of Reward: 25.381. Training.
[INFO] Rocket. Step: 8320000. Time Elapsed: 7851.230 s. Mean Reward: 3.184. Std of Reward: 26.036. Training.
[INFO] Rocket. Step: 8340000. Time Elapsed: 7872.131 s. Mean Reward: 16.665. Std of Reward: 10.202. Training.
[INFO] Rocket. Step: 8360000. Time Elapsed: 7888.092 s. Mean Reward: -1.849. Std of Reward: 27.747. Training.
[INFO] Rocket. Step: 8380000. Time Elapsed: 7910.299 s. Mean Reward: 9.602. Std of Reward: 19.190. Training.
[INFO] Rocket. Step: 8400000. Time Elapsed: 7925.336 s. Mean Reward: 7.221. Std of Reward: 20.969. Training.
[INFO] Rocket. Step: 8420000. Time Elapsed: 7946.170 s. Mean Reward: 2.720. Std of Reward: 26.007. Training.
[INFO] Rocket. Step: 8440000. Time Elapsed: 7963.307 s. Mean Reward: 6.448. Std of Reward: 21.673. Training.
[INFO] Rocket. Step: 8460000. Time Elapsed: 7983.777 s. Mean Reward: 9.640. Std of Reward: 21.229. Training.
[INFO] Rocket. Step: 8480000. Time Elapsed: 8000.176 s. Mean Reward: 9.210. Std of Reward: 20.427. Training.
[INFO] Rocket. Step: 8500000. Time Elapsed: 8021.606 s. Mean Reward: 9.648. Std of Reward: 22.609. Training.
[INFO] Exported results\L9\Rocket\Rocket-8499363.onnx
[INFO] Rocket. Step: 8520000. Time Elapsed: 8038.158 s. Mean Reward: 2.767. Std of Reward: 30.054. Training.
[INFO] Rocket. Step: 8540000. Time Elapsed: 8058.336 s. Mean Reward: 5.791. Std of Reward: 21.783. Training.
[INFO] Rocket. Step: 8560000. Time Elapsed: 8073.204 s. Mean Reward: 2.506. Std of Reward: 27.512. Training.
[INFO] Rocket. Step: 8580000. Time Elapsed: 8095.814 s. Mean Reward: 2.444. Std of Reward: 25.765. Training.
[INFO] Rocket. Step: 8600000. Time Elapsed: 8111.307 s. Mean Reward: 5.495. Std of Reward: 24.349. Training.
[INFO] Rocket. Step: 8620000. Time Elapsed: 8133.591 s. Mean Reward: 4.453. Std of Reward: 25.643. Training.
[INFO] Rocket. Step: 8640000. Time Elapsed: 8149.366 s. Mean Reward: 6.903. Std of Reward: 27.177. Training.
[INFO] Rocket. Step: 8660000. Time Elapsed: 8170.155 s. Mean Reward: -4.707. Std of Reward: 31.584. Training.
[INFO] Rocket. Step: 8680000. Time Elapsed: 8186.234 s. Mean Reward: 7.318. Std of Reward: 23.833. Training.
[INFO] Rocket. Step: 8700000. Time Elapsed: 8208.615 s. Mean Reward: 1.808. Std of Reward: 28.700. Training.
[INFO] Rocket. Step: 8720000. Time Elapsed: 8222.125 s. Mean Reward: 13.037. Std of Reward: 20.121. Training.
[INFO] Rocket. Step: 8740000. Time Elapsed: 8246.914 s. Mean Reward: 6.789. Std of Reward: 25.354. Training.
[INFO] Rocket. Step: 8760000. Time Elapsed: 8260.720 s. Mean Reward: 10.419. Std of Reward: 20.448. Training.
[INFO] Rocket. Step: 8780000. Time Elapsed: 8275.270 s. Mean Reward: 2.603. Std of Reward: 26.886. Training.
[INFO] Rocket. Step: 8800000. Time Elapsed: 8297.706 s. Mean Reward: 10.925. Std of Reward: 21.862. Training.
[INFO] Rocket. Step: 8820000. Time Elapsed: 8313.043 s. Mean Reward: 5.676. Std of Reward: 25.735. Training.
[INFO] Rocket. Step: 8840000. Time Elapsed: 8334.179 s. Mean Reward: 0.316. Std of Reward: 27.343. Training.
[INFO] Rocket. Step: 8860000. Time Elapsed: 8350.236 s. Mean Reward: 0.635. Std of Reward: 25.704. Training.
[INFO] Rocket. Step: 8880000. Time Elapsed: 8370.486 s. Mean Reward: 10.390. Std of Reward: 19.005. Training.
[INFO] Rocket. Step: 8900000. Time Elapsed: 8387.130 s. Mean Reward: 7.155. Std of Reward: 25.024. Training.
[INFO] Rocket. Step: 8920000. Time Elapsed: 8407.883 s. Mean Reward: 0.920. Std of Reward: 28.906. Training.
[INFO] Rocket. Step: 8940000. Time Elapsed: 8423.376 s. Mean Reward: 11.677. Std of Reward: 16.491. Training.
[INFO] Rocket. Step: 8960000. Time Elapsed: 8446.729 s. Mean Reward: 4.395. Std of Reward: 24.249. Training.
[INFO] Rocket. Step: 8980000. Time Elapsed: 8461.239 s. Mean Reward: 8.554. Std of Reward: 20.412. Training.
[INFO] Rocket. Step: 9000000. Time Elapsed: 8483.858 s. Mean Reward: 14.384. Std of Reward: 13.940. Training.
[INFO] Exported results\L9\Rocket\Rocket-8999444.onnx
[INFO] Rocket. Step: 9020000. Time Elapsed: 8499.717 s. Mean Reward: -3.517. Std of Reward: 30.475. Training.
[INFO] Rocket. Step: 9040000. Time Elapsed: 8520.717 s. Mean Reward: 7.620. Std of Reward: 21.349. Training.
[INFO] Rocket. Step: 9060000. Time Elapsed: 8535.286 s. Mean Reward: 2.391. Std of Reward: 25.407. Training.
[INFO] Rocket. Step: 9080000. Time Elapsed: 8557.885 s. Mean Reward: 9.627. Std of Reward: 21.001. Training.
[INFO] Rocket. Step: 9100000. Time Elapsed: 8574.544 s. Mean Reward: 8.419. Std of Reward: 24.570. Training.
[INFO] Rocket. Step: 9120000. Time Elapsed: 8595.212 s. Mean Reward: 10.789. Std of Reward: 21.656. Training.
[INFO] Rocket. Step: 9140000. Time Elapsed: 8610.524 s. Mean Reward: 2.573. Std of Reward: 27.414. Training.
[INFO] Rocket. Step: 9160000. Time Elapsed: 8631.747 s. Mean Reward: 3.594. Std of Reward: 23.561. Training.
[INFO] Rocket. Step: 9180000. Time Elapsed: 8649.027 s. Mean Reward: 1.140. Std of Reward: 26.015. Training.
[INFO] Rocket. Step: 9200000. Time Elapsed: 8669.317 s. Mean Reward: 2.881. Std of Reward: 25.734. Training.
[INFO] Rocket. Step: 9220000. Time Elapsed: 8685.288 s. Mean Reward: 7.963. Std of Reward: 21.953. Training.
[INFO] Rocket. Step: 9240000. Time Elapsed: 8706.124 s. Mean Reward: 1.943. Std of Reward: 26.875. Training.
[INFO] Rocket. Step: 9260000. Time Elapsed: 8722.303 s. Mean Reward: 11.384. Std of Reward: 20.568. Training.
[INFO] Rocket. Step: 9280000. Time Elapsed: 8745.311 s. Mean Reward: 5.756. Std of Reward: 23.956. Training.
[INFO] Rocket. Step: 9300000. Time Elapsed: 8759.325 s. Mean Reward: 9.017. Std of Reward: 19.088. Training.
[INFO] Rocket. Step: 9320000. Time Elapsed: 8782.471 s. Mean Reward: 11.326. Std of Reward: 17.037. Training.
[INFO] Rocket. Step: 9340000. Time Elapsed: 8797.023 s. Mean Reward: -0.454. Std of Reward: 27.945. Training.
[INFO] Rocket. Step: 9360000. Time Elapsed: 8820.491 s. Mean Reward: 4.985. Std of Reward: 22.750. Training.
[INFO] Rocket. Step: 9380000. Time Elapsed: 8834.704 s. Mean Reward: 11.351. Std of Reward: 15.772. Training.
[INFO] Rocket. Step: 9400000. Time Elapsed: 8850.814 s. Mean Reward: 14.034. Std of Reward: 13.716. Training.
[INFO] Rocket. Step: 9420000. Time Elapsed: 8873.467 s. Mean Reward: 9.283. Std of Reward: 20.825. Training.
[INFO] Rocket. Step: 9440000. Time Elapsed: 8886.703 s. Mean Reward: 8.916. Std of Reward: 22.050. Training.
[INFO] Rocket. Step: 9460000. Time Elapsed: 8908.857 s. Mean Reward: 7.412. Std of Reward: 22.493. Training.
[INFO] Rocket. Step: 9480000. Time Elapsed: 8923.320 s. Mean Reward: 4.572. Std of Reward: 20.178. Training.
[INFO] Rocket. Step: 9500000. Time Elapsed: 8947.478 s. Mean Reward: 9.017. Std of Reward: 20.793. Training.
[INFO] Exported results\L9\Rocket\Rocket-9499776.onnx
[INFO] Rocket. Step: 9520000. Time Elapsed: 8961.329 s. Mean Reward: 6.361. Std of Reward: 26.778. Training.
[INFO] Rocket. Step: 9540000. Time Elapsed: 8982.902 s. Mean Reward: 13.075. Std of Reward: 21.392. Training.
[INFO] Rocket. Step: 9560000. Time Elapsed: 8999.176 s. Mean Reward: 4.438. Std of Reward: 26.914. Training.
[INFO] Rocket. Step: 9580000. Time Elapsed: 9020.597 s. Mean Reward: 4.078. Std of Reward: 28.068. Training.
[INFO] Rocket. Step: 9600000. Time Elapsed: 9036.945 s. Mean Reward: 11.817. Std of Reward: 21.304. Training.
[INFO] Rocket. Step: 9620000. Time Elapsed: 9058.210 s. Mean Reward: 9.132. Std of Reward: 23.303. Training.
[INFO] Rocket. Step: 9640000. Time Elapsed: 9072.355 s. Mean Reward: 0.068. Std of Reward: 26.396. Training.
[INFO] Rocket. Step: 9660000. Time Elapsed: 9095.335 s. Mean Reward: -1.770. Std of Reward: 33.968. Training.
[INFO] Rocket. Step: 9680000. Time Elapsed: 9110.659 s. Mean Reward: -0.905. Std of Reward: 29.821. Training.
[INFO] Rocket. Step: 9700000. Time Elapsed: 9133.379 s. Mean Reward: 10.189. Std of Reward: 20.508. Training.
[INFO] Rocket. Step: 9720000. Time Elapsed: 9146.553 s. Mean Reward: 4.059. Std of Reward: 26.394. Training.
[INFO] Rocket. Step: 9740000. Time Elapsed: 9169.731 s. Mean Reward: 14.785. Std of Reward: 14.040. Training.
[INFO] Rocket. Step: 9760000. Time Elapsed: 9185.721 s. Mean Reward: 6.832. Std of Reward: 23.531. Training.
[INFO] Rocket. Step: 9780000. Time Elapsed: 9206.771 s. Mean Reward: -0.175. Std of Reward: 25.519. Training.
[INFO] Rocket. Step: 9800000. Time Elapsed: 9221.893 s. Mean Reward: 15.018. Std of Reward: 15.923. Training.
[INFO] Rocket. Step: 9820000. Time Elapsed: 9244.242 s. Mean Reward: 7.145. Std of Reward: 26.916. Training.
[INFO] Rocket. Step: 9840000. Time Elapsed: 9259.299 s. Mean Reward: 7.779. Std of Reward: 23.468. Training.
[INFO] Rocket. Step: 9860000. Time Elapsed: 9281.602 s. Mean Reward: 14.221. Std of Reward: 15.285. Training.
[INFO] Rocket. Step: 9880000. Time Elapsed: 9297.256 s. Mean Reward: 6.002. Std of Reward: 26.498. Training.
[INFO] Rocket. Step: 9900000. Time Elapsed: 9320.453 s. Mean Reward: 6.791. Std of Reward: 25.368. Training.
[INFO] Rocket. Step: 9920000. Time Elapsed: 9335.046 s. Mean Reward: 1.281. Std of Reward: 24.938. Training.
[INFO] Rocket. Step: 9940000. Time Elapsed: 9349.525 s. Mean Reward: 15.967. Std of Reward: 15.018. Training.
[INFO] Rocket. Step: 9960000. Time Elapsed: 9372.793 s. Mean Reward: 9.885. Std of Reward: 22.611. Training.
[INFO] Rocket. Step: 9980000. Time Elapsed: 9388.118 s. Mean Reward: 8.761. Std of Reward: 22.167. Training.
[INFO] Rocket. Step: 10000000. Time Elapsed: 9408.715 s. Mean Reward: 11.708. Std of Reward: 17.627. Training.
[INFO] Exported results\L9\Rocket\Rocket-9999646.onnx
[INFO] Rocket. Step: 10020000. Time Elapsed: 9425.911 s. Mean Reward: 10.830. Std of Reward: 23.932. Training.
[INFO] Rocket. Step: 10040000. Time Elapsed: 9447.710 s. Mean Reward: 13.331. Std of Reward: 20.459. Training.
[INFO] Rocket. Step: 10060000. Time Elapsed: 9462.167 s. Mean Reward: 13.712. Std of Reward: 14.676. Training.
[INFO] Rocket. Step: 10080000. Time Elapsed: 9485.704 s. Mean Reward: 5.041. Std of Reward: 24.693. Training.
[INFO] Rocket. Step: 10100000. Time Elapsed: 9500.037 s. Mean Reward: 7.322. Std of Reward: 22.767. Training.
[INFO] Rocket. Step: 10120000. Time Elapsed: 9520.516 s. Mean Reward: -1.357. Std of Reward: 24.539. Training.
[INFO] Rocket. Step: 10140000. Time Elapsed: 9537.054 s. Mean Reward: 8.318. Std of Reward: 23.907. Training.
[INFO] Rocket. Step: 10160000. Time Elapsed: 9559.355 s. Mean Reward: 14.446. Std of Reward: 18.056. Training.
[INFO] Rocket. Step: 10180000. Time Elapsed: 9574.041 s. Mean Reward: 9.171. Std of Reward: 25.589. Training.
[INFO] Rocket. Step: 10200000. Time Elapsed: 9596.331 s. Mean Reward: 6.247. Std of Reward: 26.466. Training.
[INFO] Rocket. Step: 10220000. Time Elapsed: 9612.576 s. Mean Reward: 15.322. Std of Reward: 13.796. Training.
[INFO] Rocket. Step: 10240000. Time Elapsed: 9632.919 s. Mean Reward: 5.047. Std of Reward: 21.696. Training.
[INFO] Rocket. Step: 10260000. Time Elapsed: 9650.138 s. Mean Reward: 9.048. Std of Reward: 20.899. Training.
[INFO] Rocket. Step: 10280000. Time Elapsed: 9669.521 s. Mean Reward: 11.906. Std of Reward: 20.119. Training.
[INFO] Rocket. Step: 10300000. Time Elapsed: 9686.693 s. Mean Reward: 7.393. Std of Reward: 24.176. Training.
[INFO] Rocket. Step: 10320000. Time Elapsed: 9706.826 s. Mean Reward: 8.047. Std of Reward: 21.602. Training.
[INFO] Rocket. Step: 10340000. Time Elapsed: 9723.413 s. Mean Reward: 9.629. Std of Reward: 19.716. Training.
[INFO] Rocket. Step: 10360000. Time Elapsed: 9746.368 s. Mean Reward: 5.681. Std of Reward: 23.735. Training.
[INFO] Rocket. Step: 10380000. Time Elapsed: 9760.483 s. Mean Reward: 11.501. Std of Reward: 19.374. Training.
[INFO] Rocket. Step: 10400000. Time Elapsed: 9782.501 s. Mean Reward: 16.419. Std of Reward: 14.742. Training.
[INFO] Rocket. Step: 10420000. Time Elapsed: 9797.854 s. Mean Reward: 7.688. Std of Reward: 20.609. Training.
[INFO] Rocket. Step: 10440000. Time Elapsed: 9821.028 s. Mean Reward: 12.339. Std of Reward: 18.146. Training.
[INFO] Rocket. Step: 10460000. Time Elapsed: 9836.650 s. Mean Reward: 11.433. Std of Reward: 20.302. Training.
[INFO] Rocket. Step: 10480000. Time Elapsed: 9858.116 s. Mean Reward: 9.757. Std of Reward: 19.202. Training.
[INFO] Rocket. Step: 10500000. Time Elapsed: 9872.637 s. Mean Reward: 4.097. Std of Reward: 28.704. Training.
[INFO] Exported results\L9\Rocket\Rocket-10499735.onnx
[INFO] Rocket. Step: 10520000. Time Elapsed: 9895.474 s. Mean Reward: 14.027. Std of Reward: 18.402. Training.
[INFO] Rocket. Step: 10540000. Time Elapsed: 9911.299 s. Mean Reward: 6.712. Std of Reward: 25.371. Training.
[INFO] Rocket. Step: 10560000. Time Elapsed: 9926.121 s. Mean Reward: 3.005. Std of Reward: 26.108. Training.
[INFO] Rocket. Step: 10580000. Time Elapsed: 9946.668 s. Mean Reward: 13.667. Std of Reward: 13.967. Training.
[INFO] Rocket. Step: 10600000. Time Elapsed: 9962.772 s. Mean Reward: 9.841. Std of Reward: 24.631. Training.
[INFO] Rocket. Step: 10620000. Time Elapsed: 9983.548 s. Mean Reward: 4.722. Std of Reward: 22.545. Training.
[INFO] Rocket. Step: 10640000. Time Elapsed: 10000.111 s. Mean Reward: 9.236. Std of Reward: 22.786. Training.
[INFO] Rocket. Step: 10660000. Time Elapsed: 10021.550 s. Mean Reward: 3.972. Std of Reward: 23.225. Training.
[INFO] Rocket. Step: 10680000. Time Elapsed: 10039.172 s. Mean Reward: 13.248. Std of Reward: 15.812. Training.
[INFO] Rocket. Step: 10700000. Time Elapsed: 10058.795 s. Mean Reward: 4.624. Std of Reward: 26.187. Training.
[INFO] Rocket. Step: 10720000. Time Elapsed: 10075.298 s. Mean Reward: 10.411. Std of Reward: 21.755. Training.
[INFO] Rocket. Step: 10740000. Time Elapsed: 10095.897 s. Mean Reward: 15.400. Std of Reward: 15.082. Training.
[INFO] Rocket. Step: 10760000. Time Elapsed: 10111.513 s. Mean Reward: 6.671. Std of Reward: 22.369. Training.
[INFO] Rocket. Step: 10780000. Time Elapsed: 10132.563 s. Mean Reward: 6.378. Std of Reward: 26.988. Training.
[INFO] Rocket. Step: 10800000. Time Elapsed: 10150.020 s. Mean Reward: 8.407. Std of Reward: 18.148. Training.
[INFO] Rocket. Step: 10820000. Time Elapsed: 10169.968 s. Mean Reward: 6.507. Std of Reward: 27.143. Training.
[INFO] Rocket. Step: 10840000. Time Elapsed: 10184.845 s. Mean Reward: 12.918. Std of Reward: 19.418. Training.
[INFO] Rocket. Step: 10860000. Time Elapsed: 10208.475 s. Mean Reward: 11.412. Std of Reward: 19.583. Training.
[INFO] Rocket. Step: 10880000. Time Elapsed: 10223.173 s. Mean Reward: -0.410. Std of Reward: 27.435. Training.
[INFO] Rocket. Step: 10900000. Time Elapsed: 10244.254 s. Mean Reward: 3.000. Std of Reward: 26.840. Training.
[INFO] Rocket. Step: 10920000. Time Elapsed: 10259.238 s. Mean Reward: 5.584. Std of Reward: 22.470. Training.
[INFO] Rocket. Step: 10940000. Time Elapsed: 10282.552 s. Mean Reward: 6.604. Std of Reward: 27.384. Training.
[INFO] Rocket. Step: 10960000. Time Elapsed: 10296.902 s. Mean Reward: 10.631. Std of Reward: 17.335. Training.
[INFO] Rocket. Step: 10980000. Time Elapsed: 10318.830 s. Mean Reward: 11.733. Std of Reward: 21.705. Training.
[INFO] Rocket. Step: 11000000. Time Elapsed: 10334.338 s. Mean Reward: 4.890. Std of Reward: 27.945. Training.
[INFO] Exported results\L9\Rocket\Rocket-10999953.onnx
[INFO] Rocket. Step: 11020000. Time Elapsed: 10356.145 s. Mean Reward: 10.404. Std of Reward: 20.388. Training.
[INFO] Rocket. Step: 11040000. Time Elapsed: 10372.573 s. Mean Reward: 11.234. Std of Reward: 18.426. Training.
[INFO] Rocket. Step: 11060000. Time Elapsed: 10394.670 s. Mean Reward: 5.930. Std of Reward: 24.983. Training.
[INFO] Rocket. Step: 11080000. Time Elapsed: 10408.148 s. Mean Reward: 8.027. Std of Reward: 20.822. Training.
[INFO] Rocket. Step: 11100000. Time Elapsed: 10429.981 s. Mean Reward: 12.402. Std of Reward: 18.579. Training.
[INFO] Rocket. Step: 11120000. Time Elapsed: 10447.421 s. Mean Reward: 9.598. Std of Reward: 21.222. Training.
[INFO] Rocket. Step: 11140000. Time Elapsed: 10469.745 s. Mean Reward: 18.565. Std of Reward: 10.946. Training.
[INFO] Rocket. Step: 11160000. Time Elapsed: 10483.118 s. Mean Reward: 13.498. Std of Reward: 14.614. Training.
[INFO] Rocket. Step: 11180000. Time Elapsed: 10497.435 s. Mean Reward: 4.319. Std of Reward: 30.762. Training.
[INFO] Rocket. Step: 11200000. Time Elapsed: 10520.414 s. Mean Reward: 7.363. Std of Reward: 23.859. Training.
[INFO] Rocket. Step: 11220000. Time Elapsed: 10536.500 s. Mean Reward: 14.406. Std of Reward: 15.865. Training.
[INFO] Rocket. Step: 11240000. Time Elapsed: 10557.627 s. Mean Reward: 11.258. Std of Reward: 21.594. Training.
[INFO] Rocket. Step: 11260000. Time Elapsed: 10573.870 s. Mean Reward: 11.363. Std of Reward: 16.782. Training.
[INFO] Rocket. Step: 11280000. Time Elapsed: 10596.054 s. Mean Reward: 6.456. Std of Reward: 27.979. Training.
[INFO] Rocket. Step: 11300000. Time Elapsed: 10610.588 s. Mean Reward: 10.135. Std of Reward: 21.138. Training.
[INFO] Rocket. Step: 11320000. Time Elapsed: 10632.726 s. Mean Reward: 2.371. Std of Reward: 22.721. Training.
[INFO] Rocket. Step: 11340000. Time Elapsed: 10647.127 s. Mean Reward: 5.858. Std of Reward: 22.217. Training.
[INFO] Rocket. Step: 11360000. Time Elapsed: 10670.894 s. Mean Reward: 12.382. Std of Reward: 15.757. Training.
[INFO] Rocket. Step: 11380000. Time Elapsed: 10687.061 s. Mean Reward: 5.601. Std of Reward: 24.876. Training.
[INFO] Rocket. Step: 11400000. Time Elapsed: 10706.142 s. Mean Reward: 5.347. Std of Reward: 29.377. Training.
[INFO] Rocket. Step: 11420000. Time Elapsed: 10722.979 s. Mean Reward: 18.319. Std of Reward: 4.795. Training.
[INFO] Rocket. Step: 11440000. Time Elapsed: 10745.259 s. Mean Reward: 5.177. Std of Reward: 22.341. Training.
[INFO] Rocket. Step: 11460000. Time Elapsed: 10759.773 s. Mean Reward: 7.767. Std of Reward: 24.644. Training.
[INFO] Rocket. Step: 11480000. Time Elapsed: 10782.632 s. Mean Reward: 7.763. Std of Reward: 23.942. Training.
[INFO] Rocket. Step: 11500000. Time Elapsed: 10796.386 s. Mean Reward: 13.230. Std of Reward: 23.416. Training.
[INFO] Exported results\L9\Rocket\Rocket-11499456.onnx
[INFO] Rocket. Step: 11520000. Time Elapsed: 10818.644 s. Mean Reward: 3.090. Std of Reward: 25.950. Training.
[INFO] Rocket. Step: 11540000. Time Elapsed: 10832.419 s. Mean Reward: 3.777. Std of Reward: 26.034. Training.
[INFO] Rocket. Step: 11560000. Time Elapsed: 10856.602 s. Mean Reward: 2.391. Std of Reward: 30.572. Training.
[INFO] Rocket. Step: 11580000. Time Elapsed: 10871.040 s. Mean Reward: 16.890. Std of Reward: 14.148. Training.
[INFO] Rocket. Step: 11600000. Time Elapsed: 10892.646 s. Mean Reward: 2.935. Std of Reward: 28.180. Training.
[INFO] Rocket. Step: 11620000. Time Elapsed: 10908.248 s. Mean Reward: 15.910. Std of Reward: 12.242. Training.
[INFO] Rocket. Step: 11640000. Time Elapsed: 10928.805 s. Mean Reward: 13.342. Std of Reward: 20.251. Training.
[INFO] Rocket. Step: 11660000. Time Elapsed: 10944.382 s. Mean Reward: 7.081. Std of Reward: 23.934. Training.
[INFO] Rocket. Step: 11680000. Time Elapsed: 10968.343 s. Mean Reward: -2.106. Std of Reward: 33.992. Training.
[INFO] Rocket. Step: 11700000. Time Elapsed: 10982.548 s. Mean Reward: 9.169. Std of Reward: 21.651. Training.
[INFO] Rocket. Step: 11720000. Time Elapsed: 10996.859 s. Mean Reward: 15.704. Std of Reward: 14.597. Training.
[INFO] Rocket. Step: 11740000. Time Elapsed: 11021.249 s. Mean Reward: 4.158. Std of Reward: 23.863. Training.
[INFO] Rocket. Step: 11760000. Time Elapsed: 11036.367 s. Mean Reward: 8.543. Std of Reward: 23.986. Training.
[INFO] Rocket. Step: 11780000. Time Elapsed: 11058.731 s. Mean Reward: 8.417. Std of Reward: 22.672. Training.
[INFO] Rocket. Step: 11800000. Time Elapsed: 11075.574 s. Mean Reward: 12.684. Std of Reward: 19.869. Training.
[INFO] Rocket. Step: 11820000. Time Elapsed: 11097.806 s. Mean Reward: 8.412. Std of Reward: 23.909. Training.
[INFO] Rocket. Step: 11840000. Time Elapsed: 11113.475 s. Mean Reward: 7.447. Std of Reward: 22.590. Training.
[INFO] Rocket. Step: 11860000. Time Elapsed: 11135.233 s. Mean Reward: 10.571. Std of Reward: 23.111. Training.
[INFO] Rocket. Step: 11880000. Time Elapsed: 11150.680 s. Mean Reward: 16.052. Std of Reward: 11.103. Training.
[INFO] Rocket. Step: 11900000. Time Elapsed: 11172.825 s. Mean Reward: -1.260. Std of Reward: 31.857. Training.
[INFO] Rocket. Step: 11920000. Time Elapsed: 11187.803 s. Mean Reward: -0.676. Std of Reward: 32.731. Training.
[INFO] Rocket. Step: 11940000. Time Elapsed: 11210.951 s. Mean Reward: 12.543. Std of Reward: 20.119. Training.
[INFO] Rocket. Step: 11960000. Time Elapsed: 11223.857 s. Mean Reward: -7.058. Std of Reward: 33.360. Training.
[INFO] Rocket. Step: 11980000. Time Elapsed: 11245.974 s. Mean Reward: 19.927. Std of Reward: 5.164. Training.
[INFO] Rocket. Step: 12000000. Time Elapsed: 11261.316 s. Mean Reward: 12.927. Std of Reward: 16.618. Training.
[INFO] Exported results\L9\Rocket\Rocket-11999101.onnx
[INFO] Rocket. Step: 12020000. Time Elapsed: 11284.797 s. Mean Reward: 11.839. Std of Reward: 18.697. Training.
[INFO] Rocket. Step: 12040000. Time Elapsed: 11298.557 s. Mean Reward: 8.939. Std of Reward: 22.887. Training.
[INFO] Rocket. Step: 12060000. Time Elapsed: 11321.112 s. Mean Reward: 3.257. Std of Reward: 27.785. Training.
[INFO] Rocket. Step: 12080000. Time Elapsed: 11336.644 s. Mean Reward: 13.143. Std of Reward: 15.531. Training.
[INFO] Rocket. Step: 12100000. Time Elapsed: 11358.833 s. Mean Reward: 11.725. Std of Reward: 20.229. Training.
[INFO] Rocket. Step: 12120000. Time Elapsed: 11373.789 s. Mean Reward: 2.060. Std of Reward: 27.327. Training.
[INFO] Rocket. Step: 12140000. Time Elapsed: 11394.221 s. Mean Reward: 9.041. Std of Reward: 25.275. Training.
[INFO] Rocket. Step: 12160000. Time Elapsed: 11411.669 s. Mean Reward: 5.609. Std of Reward: 24.794. Training.
[INFO] Rocket. Step: 12180000. Time Elapsed: 11432.757 s. Mean Reward: 16.985. Std of Reward: 10.158. Training.
[INFO] Rocket. Step: 12200000. Time Elapsed: 11446.973 s. Mean Reward: 13.713. Std of Reward: 19.173. Training.
[INFO] Rocket. Step: 12220000. Time Elapsed: 11468.748 s. Mean Reward: 15.653. Std of Reward: 14.038. Training.
[INFO] Rocket. Step: 12240000. Time Elapsed: 11485.374 s. Mean Reward: 17.818. Std of Reward: 3.828. Training.
[INFO] Rocket. Step: 12260000. Time Elapsed: 11508.556 s. Mean Reward: 12.187. Std of Reward: 18.727. Training.
[INFO] Rocket. Step: 12280000. Time Elapsed: 11521.864 s. Mean Reward: 8.967. Std of Reward: 25.023. Training.
[INFO] Rocket. Step: 12300000. Time Elapsed: 11543.988 s. Mean Reward: 9.875. Std of Reward: 23.646. Training.
[INFO] Rocket. Step: 12320000. Time Elapsed: 11560.358 s. Mean Reward: 11.675. Std of Reward: 20.354. Training.
[INFO] Rocket. Step: 12340000. Time Elapsed: 11574.691 s. Mean Reward: 12.120. Std of Reward: 17.978. Training.
[INFO] Rocket. Step: 12360000. Time Elapsed: 11594.923 s. Mean Reward: 8.131. Std of Reward: 21.307. Training.
[INFO] Rocket. Step: 12380000. Time Elapsed: 11610.979 s. Mean Reward: 7.582. Std of Reward: 21.811. Training.
[INFO] Rocket. Step: 12400000. Time Elapsed: 11633.618 s. Mean Reward: 14.850. Std of Reward: 14.199. Training.
[INFO] Rocket. Step: 12420000. Time Elapsed: 11648.345 s. Mean Reward: 3.990. Std of Reward: 24.351. Training.
[INFO] Rocket. Step: 12440000. Time Elapsed: 11669.142 s. Mean Reward: 3.975. Std of Reward: 22.020. Training.
[INFO] Rocket. Step: 12460000. Time Elapsed: 11685.528 s. Mean Reward: 4.985. Std of Reward: 24.139. Training.
[INFO] Rocket. Step: 12480000. Time Elapsed: 11707.239 s. Mean Reward: 14.017. Std of Reward: 17.021. Training.
[INFO] Rocket. Step: 12500000. Time Elapsed: 11722.561 s. Mean Reward: 11.205. Std of Reward: 21.297. Training.
[INFO] Exported results\L9\Rocket\Rocket-12499106.onnx
[INFO] Rocket. Step: 12520000. Time Elapsed: 11743.888 s. Mean Reward: 5.536. Std of Reward: 25.262. Training.
[INFO] Rocket. Step: 12540000. Time Elapsed: 11759.599 s. Mean Reward: 5.666. Std of Reward: 21.684. Training.
[INFO] Rocket. Step: 12560000. Time Elapsed: 11781.622 s. Mean Reward: 9.578. Std of Reward: 22.511. Training.
[INFO] Rocket. Step: 12580000. Time Elapsed: 11797.669 s. Mean Reward: 10.068. Std of Reward: 21.427. Training.
[INFO] Rocket. Step: 12600000. Time Elapsed: 11818.462 s. Mean Reward: 9.320. Std of Reward: 23.925. Training.
[INFO] Rocket. Step: 12620000. Time Elapsed: 11834.710 s. Mean Reward: 9.581. Std of Reward: 25.686. Training.
[INFO] Rocket. Step: 12640000. Time Elapsed: 11855.716 s. Mean Reward: 6.748. Std of Reward: 25.473. Training.
[INFO] Rocket. Step: 12660000. Time Elapsed: 11870.839 s. Mean Reward: -9.027. Std of Reward: 30.138. Training.
[INFO] Rocket. Step: 12680000. Time Elapsed: 11893.111 s. Mean Reward: 8.531. Std of Reward: 21.481. Training.
[INFO] Rocket. Step: 12700000. Time Elapsed: 11907.367 s. Mean Reward: -2.298. Std of Reward: 28.576. Training.
[INFO] Rocket. Step: 12720000. Time Elapsed: 11929.789 s. Mean Reward: 9.453. Std of Reward: 24.929. Training.
[INFO] Rocket. Step: 12740000. Time Elapsed: 11944.964 s. Mean Reward: 3.373. Std of Reward: 25.784. Training.
[INFO] Rocket. Step: 12760000. Time Elapsed: 11966.966 s. Mean Reward: 3.685. Std of Reward: 25.752. Training.
[INFO] Rocket. Step: 12780000. Time Elapsed: 11981.116 s. Mean Reward: 6.019. Std of Reward: 23.594. Training.
[INFO] Rocket. Step: 12800000. Time Elapsed: 12003.532 s. Mean Reward: 9.613. Std of Reward: 19.008. Training.
[INFO] Rocket. Step: 12820000. Time Elapsed: 12020.107 s. Mean Reward: 11.800. Std of Reward: 20.358. Training.
[INFO] Rocket. Step: 12840000. Time Elapsed: 12041.927 s. Mean Reward: -1.271. Std of Reward: 22.616. Training.
[INFO] Rocket. Step: 12860000. Time Elapsed: 12054.131 s. Mean Reward: 1.319. Std of Reward: 27.325. Training.
[INFO] Rocket. Step: 12880000. Time Elapsed: 12072.316 s. Mean Reward: 13.861. Std of Reward: 14.579. Training.
[INFO] Rocket. Step: 12900000. Time Elapsed: 12092.583 s. Mean Reward: 13.273. Std of Reward: 17.903. Training.
[INFO] Rocket. Step: 12920000. Time Elapsed: 12107.643 s. Mean Reward: 13.073. Std of Reward: 16.428. Training.
[INFO] Rocket. Step: 12940000. Time Elapsed: 12130.147 s. Mean Reward: 11.159. Std of Reward: 19.604. Training.
[INFO] Rocket. Step: 12960000. Time Elapsed: 12145.037 s. Mean Reward: 1.649. Std of Reward: 31.003. Training.
[INFO] Rocket. Step: 12980000. Time Elapsed: 12166.308 s. Mean Reward: 11.296. Std of Reward: 16.184. Training.
[INFO] Rocket. Step: 13000000. Time Elapsed: 12182.742 s. Mean Reward: 6.341. Std of Reward: 22.570. Training.
[INFO] Exported results\L9\Rocket\Rocket-12999438.onnx
[INFO] Rocket. Step: 13020000. Time Elapsed: 12205.777 s. Mean Reward: 3.484. Std of Reward: 26.871. Training.
[INFO] Rocket. Step: 13040000. Time Elapsed: 12221.700 s. Mean Reward: 4.091. Std of Reward: 27.813. Training.
[INFO] Rocket. Step: 13060000. Time Elapsed: 12241.485 s. Mean Reward: 13.033. Std of Reward: 19.570. Training.
[INFO] Rocket. Step: 13080000. Time Elapsed: 12256.061 s. Mean Reward: 13.514. Std of Reward: 19.070. Training.
[INFO] Rocket. Step: 13100000. Time Elapsed: 12278.152 s. Mean Reward: -0.902. Std of Reward: 27.940. Training.
[INFO] Rocket. Step: 13120000. Time Elapsed: 12294.067 s. Mean Reward: 10.712. Std of Reward: 21.255. Training.
[INFO] Rocket. Step: 13140000. Time Elapsed: 12315.465 s. Mean Reward: 4.925. Std of Reward: 24.613. Training.
[INFO] Rocket. Step: 13160000. Time Elapsed: 12330.834 s. Mean Reward: 10.434. Std of Reward: 21.847. Training.
[INFO] Rocket. Step: 13180000. Time Elapsed: 12352.991 s. Mean Reward: 5.178. Std of Reward: 22.662. Training.
[INFO] Rocket. Step: 13200000. Time Elapsed: 12367.715 s. Mean Reward: -1.946. Std of Reward: 27.270. Training.
[INFO] Rocket. Step: 13220000. Time Elapsed: 12391.551 s. Mean Reward: 6.035. Std of Reward: 29.235. Training.
[INFO] Rocket. Step: 13240000. Time Elapsed: 12404.860 s. Mean Reward: 4.262. Std of Reward: 20.888. Training.
[INFO] Rocket. Step: 13260000. Time Elapsed: 12425.947 s. Mean Reward: 12.654. Std of Reward: 19.124. Training.
[INFO] Rocket. Step: 13280000. Time Elapsed: 12443.546 s. Mean Reward: 11.319. Std of Reward: 20.736. Training.
[INFO] Rocket. Step: 13300000. Time Elapsed: 12464.717 s. Mean Reward: 12.674. Std of Reward: 20.181. Training.
[INFO] Rocket. Step: 13320000. Time Elapsed: 12480.155 s. Mean Reward: 12.841. Std of Reward: 18.696. Training.
[INFO] Rocket. Step: 13340000. Time Elapsed: 12501.004 s. Mean Reward: 14.578. Std of Reward: 11.311. Training.
[INFO] Rocket. Step: 13360000. Time Elapsed: 12515.961 s. Mean Reward: 12.401. Std of Reward: 20.472. Training.
[INFO] Rocket. Step: 13380000. Time Elapsed: 12538.831 s. Mean Reward: 6.620. Std of Reward: 23.236. Training.
[INFO] Rocket. Step: 13400000. Time Elapsed: 12553.320 s. Mean Reward: 10.542. Std of Reward: 16.959. Training.
[INFO] Rocket. Step: 13420000. Time Elapsed: 12567.982 s. Mean Reward: 13.536. Std of Reward: 16.086. Training.
[INFO] Rocket. Step: 13440000. Time Elapsed: 12591.433 s. Mean Reward: 4.228. Std of Reward: 23.611. Training.
[INFO] Rocket. Step: 13460000. Time Elapsed: 12605.370 s. Mean Reward: 10.430. Std of Reward: 19.176. Training.
[INFO] Rocket. Step: 13480000. Time Elapsed: 12627.543 s. Mean Reward: 3.371. Std of Reward: 23.809. Training.
[INFO] Rocket. Step: 13500000. Time Elapsed: 12642.253 s. Mean Reward: 14.207. Std of Reward: 18.640. Training.
[INFO] Exported results\L9\Rocket\Rocket-13499501.onnx
[INFO] Rocket. Step: 13520000. Time Elapsed: 12664.695 s. Mean Reward: 0.609. Std of Reward: 27.469. Training.
[INFO] Rocket. Step: 13540000. Time Elapsed: 12678.878 s. Mean Reward: 13.490. Std of Reward: 19.338. Training.
[INFO] Rocket. Step: 13560000. Time Elapsed: 12700.580 s. Mean Reward: 8.948. Std of Reward: 19.981. Training.
[INFO] Rocket. Step: 13580000. Time Elapsed: 12716.950 s. Mean Reward: 14.665. Std of Reward: 18.504. Training.
[INFO] Rocket. Step: 13600000. Time Elapsed: 12738.169 s. Mean Reward: 2.017. Std of Reward: 27.556. Training.
[INFO] Rocket. Step: 13620000. Time Elapsed: 12752.900 s. Mean Reward: 9.415. Std of Reward: 20.959. Training.
[INFO] Rocket. Step: 13640000. Time Elapsed: 12774.524 s. Mean Reward: 8.059. Std of Reward: 22.050. Training.
[INFO] Rocket. Step: 13660000. Time Elapsed: 12790.948 s. Mean Reward: 11.337. Std of Reward: 24.160. Training.
[INFO] Rocket. Step: 13680000. Time Elapsed: 12811.570 s. Mean Reward: 12.283. Std of Reward: 18.146. Training.
[INFO] Rocket. Step: 13700000. Time Elapsed: 12827.694 s. Mean Reward: -3.245. Std of Reward: 33.279. Training.
[INFO] Rocket. Step: 13720000. Time Elapsed: 12848.157 s. Mean Reward: 16.710. Std of Reward: 16.434. Training.
[INFO] Rocket. Step: 13740000. Time Elapsed: 12865.010 s. Mean Reward: 4.391. Std of Reward: 23.124. Training.
[INFO] Rocket. Step: 13760000. Time Elapsed: 12886.413 s. Mean Reward: 6.663. Std of Reward: 23.439. Training.
[INFO] Rocket. Step: 13780000. Time Elapsed: 12902.552 s. Mean Reward: 11.538. Std of Reward: 16.361. Training.
[INFO] Rocket. Step: 13800000. Time Elapsed: 12925.213 s. Mean Reward: -4.063. Std of Reward: 32.749. Training.
[INFO] Rocket. Step: 13820000. Time Elapsed: 12938.390 s. Mean Reward: 7.797. Std of Reward: 20.823. Training.
[INFO] Rocket. Step: 13840000. Time Elapsed: 12960.718 s. Mean Reward: 6.614. Std of Reward: 24.865. Training.
[INFO] Rocket. Step: 13860000. Time Elapsed: 12974.063 s. Mean Reward: 9.956. Std of Reward: 21.039. Training.
[INFO] Rocket. Step: 13880000. Time Elapsed: 12998.593 s. Mean Reward: 12.974. Std of Reward: 18.006. Training.
[INFO] Rocket. Step: 13900000. Time Elapsed: 13011.351 s. Mean Reward: 0.038. Std of Reward: 27.094. Training.
[INFO] Rocket. Step: 13920000. Time Elapsed: 13033.769 s. Mean Reward: -0.754. Std of Reward: 29.268. Training.
[INFO] Rocket. Step: 13940000. Time Elapsed: 13049.336 s. Mean Reward: 12.517. Std of Reward: 20.001. Training.
[INFO] Rocket. Step: 13960000. Time Elapsed: 13071.490 s. Mean Reward: 14.861. Std of Reward: 18.921. Training.
[INFO] Rocket. Step: 13980000. Time Elapsed: 13086.256 s. Mean Reward: 12.042. Std of Reward: 20.205. Training.
[INFO] Rocket. Step: 14000000. Time Elapsed: 13108.367 s. Mean Reward: 17.987. Std of Reward: 4.581. Training.
[INFO] Exported results\L9\Rocket\Rocket-13999557.onnx
[INFO] Rocket. Step: 14020000. Time Elapsed: 13124.612 s. Mean Reward: 9.893. Std of Reward: 22.046. Training.
[INFO] Rocket. Step: 14040000. Time Elapsed: 13139.474 s. Mean Reward: 12.640. Std of Reward: 20.378. Training.
[INFO] Rocket. Step: 14060000. Time Elapsed: 13160.583 s. Mean Reward: 1.195. Std of Reward: 29.060. Training.
[INFO] Rocket. Step: 14080000. Time Elapsed: 13176.365 s. Mean Reward: 9.484. Std of Reward: 21.578. Training.
[INFO] Rocket. Step: 14100000. Time Elapsed: 13197.998 s. Mean Reward: 7.749. Std of Reward: 23.688. Training.
[INFO] Rocket. Step: 14120000. Time Elapsed: 13212.861 s. Mean Reward: 12.828. Std of Reward: 18.357. Training.
[INFO] Rocket. Step: 14140000. Time Elapsed: 13235.210 s. Mean Reward: 18.178. Std of Reward: 5.307. Training.
[INFO] Rocket. Step: 14160000. Time Elapsed: 13250.990 s. Mean Reward: 10.386. Std of Reward: 17.872. Training.
[INFO] Rocket. Step: 14180000. Time Elapsed: 13272.333 s. Mean Reward: 9.830. Std of Reward: 20.044. Training.
[INFO] Rocket. Step: 14200000. Time Elapsed: 13286.571 s. Mean Reward: 12.468. Std of Reward: 16.707. Training.
[INFO] Rocket. Step: 14220000. Time Elapsed: 13308.511 s. Mean Reward: 12.262. Std of Reward: 13.832. Training.
[INFO] Rocket. Step: 14240000. Time Elapsed: 13323.429 s. Mean Reward: 3.701. Std of Reward: 26.063. Training.
[INFO] Rocket. Step: 14260000. Time Elapsed: 13345.188 s. Mean Reward: 9.178. Std of Reward: 24.019. Training.
[INFO] Rocket. Step: 14280000. Time Elapsed: 13362.118 s. Mean Reward: -2.605. Std of Reward: 33.417. Training.
[INFO] Rocket. Step: 14300000. Time Elapsed: 13384.001 s. Mean Reward: 1.991. Std of Reward: 26.821. Training.
[INFO] Rocket. Step: 14320000. Time Elapsed: 13396.363 s. Mean Reward: 9.524. Std of Reward: 23.815. Training.
[INFO] Rocket. Step: 14340000. Time Elapsed: 13419.392 s. Mean Reward: 10.105. Std of Reward: 18.477. Training.
[INFO] Rocket. Step: 14360000. Time Elapsed: 13434.300 s. Mean Reward: 8.527. Std of Reward: 27.315. Training.
[INFO] Rocket. Step: 14380000. Time Elapsed: 13457.536 s. Mean Reward: 9.339. Std of Reward: 27.392. Training.
[INFO] Rocket. Step: 14400000. Time Elapsed: 13472.098 s. Mean Reward: 18.082. Std of Reward: 12.795. Training.
[INFO] Rocket. Step: 14420000. Time Elapsed: 13493.774 s. Mean Reward: 14.969. Std of Reward: 19.230. Training.
[INFO] Rocket. Step: 14440000. Time Elapsed: 13509.647 s. Mean Reward: 5.232. Std of Reward: 23.490. Training.
[INFO] Rocket. Step: 14460000. Time Elapsed: 13531.240 s. Mean Reward: 4.565. Std of Reward: 25.764. Training.
[INFO] Rocket. Step: 14480000. Time Elapsed: 13545.331 s. Mean Reward: 3.289. Std of Reward: 29.903. Training.
[INFO] Rocket. Step: 14500000. Time Elapsed: 13568.215 s. Mean Reward: 5.395. Std of Reward: 25.573. Training.
[INFO] Exported results\L9\Rocket\Rocket-14499253.onnx
[INFO] Rocket. Step: 14520000. Time Elapsed: 13583.676 s. Mean Reward: 9.037. Std of Reward: 20.226. Training.
[INFO] Rocket. Step: 14540000. Time Elapsed: 13606.964 s. Mean Reward: 3.638. Std of Reward: 25.323. Training.
[INFO] Rocket. Step: 14560000. Time Elapsed: 13620.398 s. Mean Reward: 3.793. Std of Reward: 23.768. Training.
[INFO] Rocket. Step: 14580000. Time Elapsed: 13634.225 s. Mean Reward: -0.470. Std of Reward: 30.781. Training.
[INFO] Rocket. Step: 14600000. Time Elapsed: 13658.387 s. Mean Reward: 12.395. Std of Reward: 19.662. Training.
[INFO] Rocket. Step: 14620000. Time Elapsed: 13672.611 s. Mean Reward: 5.013. Std of Reward: 22.912. Training.
[INFO] Rocket. Step: 14640000. Time Elapsed: 13694.017 s. Mean Reward: -0.512. Std of Reward: 27.203. Training.
[INFO] Rocket. Step: 14660000. Time Elapsed: 13710.102 s. Mean Reward: 3.602. Std of Reward: 28.632. Training.
[INFO] Rocket. Step: 14680000. Time Elapsed: 13731.930 s. Mean Reward: 16.776. Std of Reward: 16.684. Training.
[INFO] Rocket. Step: 14700000. Time Elapsed: 13746.558 s. Mean Reward: 4.679. Std of Reward: 25.523. Training.
[INFO] Rocket. Step: 14720000. Time Elapsed: 13770.731 s. Mean Reward: 8.362. Std of Reward: 25.615. Training.
[INFO] Rocket. Step: 14740000. Time Elapsed: 13784.386 s. Mean Reward: 13.163. Std of Reward: 19.976. Training.
[INFO] Rocket. Step: 14760000. Time Elapsed: 13804.612 s. Mean Reward: 16.684. Std of Reward: 13.818. Training.
[INFO] Rocket. Step: 14780000. Time Elapsed: 13820.179 s. Mean Reward: 6.649. Std of Reward: 22.662. Training.
[INFO] Rocket. Step: 14800000. Time Elapsed: 13843.240 s. Mean Reward: 9.584. Std of Reward: 19.083. Training.
[INFO] Rocket. Step: 14820000. Time Elapsed: 13859.029 s. Mean Reward: 3.845. Std of Reward: 28.398. Training.
[INFO] Rocket. Step: 14840000. Time Elapsed: 13880.378 s. Mean Reward: 13.197. Std of Reward: 17.768. Training.
[INFO] Rocket. Step: 14860000. Time Elapsed: 13894.559 s. Mean Reward: 11.781. Std of Reward: 20.260. Training.
[INFO] Rocket. Step: 14880000. Time Elapsed: 13916.074 s. Mean Reward: 9.202. Std of Reward: 20.576. Training.
[INFO] Rocket. Step: 14900000. Time Elapsed: 13932.977 s. Mean Reward: 15.469. Std of Reward: 16.406. Training.
[INFO] Rocket. Step: 14920000. Time Elapsed: 13953.960 s. Mean Reward: 10.858. Std of Reward: 23.416. Training.
[INFO] Rocket. Step: 14940000. Time Elapsed: 13969.887 s. Mean Reward: 3.695. Std of Reward: 28.162. Training.
[INFO] Rocket. Step: 14960000. Time Elapsed: 13990.316 s. Mean Reward: 16.509. Std of Reward: 11.562. Training.
[INFO] Rocket. Step: 14980000. Time Elapsed: 14006.261 s. Mean Reward: 11.945. Std of Reward: 20.769. Training.
[INFO] Rocket. Step: 15000000. Time Elapsed: 14028.158 s. Mean Reward: 11.316. Std of Reward: 16.879. Training.
[INFO] Exported results\L9\Rocket\Rocket-14999891.onnx
[INFO] Rocket. Step: 15020000. Time Elapsed: 14043.686 s. Mean Reward: 0.114. Std of Reward: 30.339. Training.
[INFO] Rocket. Step: 15040000. Time Elapsed: 14065.823 s. Mean Reward: 10.720. Std of Reward: 18.759. Training.
[INFO] Rocket. Step: 15060000. Time Elapsed: 14081.315 s. Mean Reward: 0.538. Std of Reward: 24.586. Training.
[INFO] Rocket. Step: 15080000. Time Elapsed: 14102.038 s. Mean Reward: 11.724. Std of Reward: 23.878. Training.
[INFO] Rocket. Step: 15100000. Time Elapsed: 14117.337 s. Mean Reward: 9.017. Std of Reward: 24.897. Training.
[INFO] Rocket. Step: 15120000. Time Elapsed: 14138.965 s. Mean Reward: 15.212. Std of Reward: 14.367. Training.
[INFO] Rocket. Step: 15140000. Time Elapsed: 14154.989 s. Mean Reward: 3.320. Std of Reward: 28.825. Training.
[INFO] Rocket. Step: 15160000. Time Elapsed: 14176.846 s. Mean Reward: 5.452. Std of Reward: 28.632. Training.
[INFO] Rocket. Step: 15180000. Time Elapsed: 14189.773 s. Mean Reward: 12.891. Std of Reward: 21.762. Training.
[INFO] Rocket. Step: 15200000. Time Elapsed: 14205.706 s. Mean Reward: 4.890. Std of Reward: 26.579. Training.
[INFO] Rocket. Step: 15220000. Time Elapsed: 14227.251 s. Mean Reward: 12.689. Std of Reward: 17.404. Training.
[INFO] Rocket. Step: 15240000. Time Elapsed: 14243.221 s. Mean Reward: 10.900. Std of Reward: 23.976. Training.
[INFO] Rocket. Step: 15260000. Time Elapsed: 14266.903 s. Mean Reward: 16.366. Std of Reward: 11.982. Training.
[INFO] Rocket. Step: 15280000. Time Elapsed: 14280.877 s. Mean Reward: 7.247. Std of Reward: 23.697. Training.
[INFO] Rocket. Step: 15300000. Time Elapsed: 14302.095 s. Mean Reward: 1.565. Std of Reward: 29.181. Training.
[INFO] Rocket. Step: 15320000. Time Elapsed: 14319.525 s. Mean Reward: 6.233. Std of Reward: 27.033. Training.
[INFO] Rocket. Step: 15340000. Time Elapsed: 14340.428 s. Mean Reward: 14.144. Std of Reward: 16.039. Training.
[INFO] Rocket. Step: 15360000. Time Elapsed: 14357.116 s. Mean Reward: 8.223. Std of Reward: 24.449. Training.
[INFO] Rocket. Step: 15380000. Time Elapsed: 14377.188 s. Mean Reward: 12.949. Std of Reward: 19.686. Training.
[INFO] Rocket. Step: 15400000. Time Elapsed: 14392.842 s. Mean Reward: 14.106. Std of Reward: 13.433. Training.
[INFO] Rocket. Step: 15420000. Time Elapsed: 14414.791 s. Mean Reward: 0.983. Std of Reward: 27.203. Training.
[INFO] Rocket. Step: 15440000. Time Elapsed: 14428.927 s. Mean Reward: 16.911. Std of Reward: 12.693. Training.
[INFO] Rocket. Step: 15460000. Time Elapsed: 14453.486 s. Mean Reward: 9.377. Std of Reward: 20.765. Training.
[INFO] Rocket. Step: 15480000. Time Elapsed: 14467.971 s. Mean Reward: 14.392. Std of Reward: 13.505. Training.
[INFO] Rocket. Step: 15500000. Time Elapsed: 14488.067 s. Mean Reward: 12.389. Std of Reward: 22.860. Training.
[INFO] Exported results\L9\Rocket\Rocket-15499543.onnx
[INFO] Rocket. Step: 15520000. Time Elapsed: 14503.579 s. Mean Reward: 9.771. Std of Reward: 18.644. Training.
[INFO] Rocket. Step: 15540000. Time Elapsed: 14526.523 s. Mean Reward: 10.772. Std of Reward: 17.983. Training.
[INFO] Rocket. Step: 15560000. Time Elapsed: 14540.736 s. Mean Reward: 14.691. Std of Reward: 18.726. Training.
[INFO] Rocket. Step: 15580000. Time Elapsed: 14562.114 s. Mean Reward: 7.228. Std of Reward: 25.540. Training.
[INFO] Rocket. Step: 15600000. Time Elapsed: 14577.638 s. Mean Reward: 13.317. Std of Reward: 20.395. Training.
[INFO] Rocket. Step: 15620000. Time Elapsed: 14601.110 s. Mean Reward: 7.093. Std of Reward: 22.693. Training.
[INFO] Rocket. Step: 15640000. Time Elapsed: 14615.294 s. Mean Reward: 18.021. Std of Reward: 13.172. Training.
[INFO] Rocket. Step: 15660000. Time Elapsed: 14636.608 s. Mean Reward: 14.518. Std of Reward: 14.309. Training.
[INFO] Rocket. Step: 15680000. Time Elapsed: 14652.840 s. Mean Reward: 8.959. Std of Reward: 24.756. Training.
[INFO] Rocket. Step: 15700000. Time Elapsed: 14674.871 s. Mean Reward: 14.933. Std of Reward: 20.215. Training.
[INFO] Rocket. Step: 15720000. Time Elapsed: 14690.424 s. Mean Reward: 6.110. Std of Reward: 20.882. Training.
[INFO] Rocket. Step: 15740000. Time Elapsed: 14705.354 s. Mean Reward: 19.540. Std of Reward: 5.132. Training.
[INFO] Rocket. Step: 15760000. Time Elapsed: 14725.257 s. Mean Reward: 1.384. Std of Reward: 28.652. Training.
[INFO] Rocket. Step: 15780000. Time Elapsed: 14741.651 s. Mean Reward: 4.198. Std of Reward: 25.530. Training.
[INFO] Rocket. Step: 15800000. Time Elapsed: 14763.146 s. Mean Reward: 11.969. Std of Reward: 20.555. Training.
[INFO] Rocket. Step: 15820000. Time Elapsed: 14777.526 s. Mean Reward: 2.656. Std of Reward: 23.798. Training.
[INFO] Rocket. Step: 15840000. Time Elapsed: 14798.692 s. Mean Reward: 9.791. Std of Reward: 19.109. Training.
[INFO] Rocket. Step: 15860000. Time Elapsed: 14816.075 s. Mean Reward: 4.846. Std of Reward: 23.578. Training.
[INFO] Rocket. Step: 15880000. Time Elapsed: 14836.997 s. Mean Reward: 5.465. Std of Reward: 21.026. Training.
[INFO] Rocket. Step: 15900000. Time Elapsed: 14850.105 s. Mean Reward: 18.117. Std of Reward: 4.526. Training.
[INFO] Rocket. Step: 15920000. Time Elapsed: 14872.944 s. Mean Reward: 10.262. Std of Reward: 26.546. Training.
[INFO] Rocket. Step: 15940000. Time Elapsed: 14888.298 s. Mean Reward: 14.824. Std of Reward: 17.216. Training.
[INFO] Rocket. Step: 15960000. Time Elapsed: 14911.084 s. Mean Reward: 14.063. Std of Reward: 16.940. Training.
[INFO] Rocket. Step: 15980000. Time Elapsed: 14926.019 s. Mean Reward: 3.742. Std of Reward: 28.567. Training.
[INFO] Rocket. Step: 16000000. Time Elapsed: 14946.669 s. Mean Reward: 11.913. Std of Reward: 19.801. Training.
[INFO] Exported results\L9\Rocket\Rocket-15999799.onnx
[INFO] Rocket. Step: 16020000. Time Elapsed: 14961.588 s. Mean Reward: 13.458. Std of Reward: 17.770. Training.
[INFO] Rocket. Step: 16040000. Time Elapsed: 14985.114 s. Mean Reward: 18.980. Std of Reward: 11.171. Training.
[INFO] Rocket. Step: 16060000. Time Elapsed: 14999.697 s. Mean Reward: 8.221. Std of Reward: 21.244. Training.
[INFO] Rocket. Step: 16080000. Time Elapsed: 15019.892 s. Mean Reward: 15.116. Std of Reward: 13.973. Training.
[INFO] Rocket. Step: 16100000. Time Elapsed: 15036.004 s. Mean Reward: 14.953. Std of Reward: 11.841. Training.
[INFO] Rocket. Step: 16120000. Time Elapsed: 15057.435 s. Mean Reward: 19.693. Std of Reward: 5.483. Training.
[INFO] Rocket. Step: 16140000. Time Elapsed: 15072.458 s. Mean Reward: 8.227. Std of Reward: 20.380. Training.
[INFO] Rocket. Step: 16160000. Time Elapsed: 15093.883 s. Mean Reward: 3.042. Std of Reward: 24.364. Training.
[INFO] Rocket. Step: 16180000. Time Elapsed: 15110.442 s. Mean Reward: 3.601. Std of Reward: 27.556. Training.
[INFO] Rocket. Step: 16200000. Time Elapsed: 15131.270 s. Mean Reward: 17.052. Std of Reward: 15.955. Training.
[INFO] Rocket. Step: 16220000. Time Elapsed: 15144.608 s. Mean Reward: 5.662. Std of Reward: 27.978. Training.
[INFO] Rocket. Step: 16240000. Time Elapsed: 15170.858 s. Mean Reward: 10.669. Std of Reward: 23.326. Training.
[INFO] Rocket. Step: 16260000. Time Elapsed: 15184.074 s. Mean Reward: -2.018. Std of Reward: 26.563. Training.
[INFO] Rocket. Step: 16280000. Time Elapsed: 15205.163 s. Mean Reward: 8.134. Std of Reward: 20.899. Training.
[INFO] Rocket. Step: 16300000. Time Elapsed: 15220.009 s. Mean Reward: 11.950. Std of Reward: 24.004. Training.
[INFO] Rocket. Step: 16320000. Time Elapsed: 15243.957 s. Mean Reward: 15.179. Std of Reward: 13.603. Training.
[INFO] Rocket. Step: 16340000. Time Elapsed: 15257.988 s. Mean Reward: 8.889. Std of Reward: 18.682. Training.
[INFO] Rocket. Step: 16360000. Time Elapsed: 15271.957 s. Mean Reward: 0.821. Std of Reward: 28.220. Training.
[INFO] Rocket. Step: 16380000. Time Elapsed: 15296.039 s. Mean Reward: 16.380. Std of Reward: 10.516. Training.
[INFO] Rocket. Step: 16400000. Time Elapsed: 15310.673 s. Mean Reward: 3.942. Std of Reward: 24.919. Training.
[INFO] Rocket. Step: 16420000. Time Elapsed: 15331.221 s. Mean Reward: 4.157. Std of Reward: 30.227. Training.
[INFO] Rocket. Step: 16440000. Time Elapsed: 15346.311 s. Mean Reward: 12.919. Std of Reward: 15.884. Training.
[INFO] Rocket. Step: 16460000. Time Elapsed: 15368.455 s. Mean Reward: 9.331. Std of Reward: 23.807. Training.
[INFO] Rocket. Step: 16480000. Time Elapsed: 15383.117 s. Mean Reward: 13.606. Std of Reward: 14.482. Training.
[INFO] Rocket. Step: 16500000. Time Elapsed: 15404.011 s. Mean Reward: 9.753. Std of Reward: 17.771. Training.
[INFO] Exported results\L9\Rocket\Rocket-16499908.onnx
[INFO] Rocket. Step: 16520000. Time Elapsed: 15418.292 s. Mean Reward: 8.580. Std of Reward: 25.085. Training.
[INFO] Rocket. Step: 16540000. Time Elapsed: 15442.501 s. Mean Reward: 8.385. Std of Reward: 23.390. Training.
[INFO] Rocket. Step: 16560000. Time Elapsed: 15457.508 s. Mean Reward: 12.752. Std of Reward: 18.627. Training.
[INFO] Rocket. Step: 16580000. Time Elapsed: 15479.030 s. Mean Reward: 14.244. Std of Reward: 21.082. Training.
[INFO] Rocket. Step: 16600000. Time Elapsed: 15494.381 s. Mean Reward: 6.624. Std of Reward: 26.932. Training.
[INFO] Rocket. Step: 16620000. Time Elapsed: 15514.597 s. Mean Reward: 3.841. Std of Reward: 28.509. Training.
[INFO] Rocket. Step: 16640000. Time Elapsed: 15530.324 s. Mean Reward: 6.099. Std of Reward: 25.824. Training.
[INFO] Rocket. Step: 16660000. Time Elapsed: 15551.418 s. Mean Reward: 7.053. Std of Reward: 26.129. Training.
[INFO] Rocket. Step: 16680000. Time Elapsed: 15566.718 s. Mean Reward: -3.591. Std of Reward: 32.264. Training.
[INFO] Rocket. Step: 16700000. Time Elapsed: 15589.611 s. Mean Reward: 13.592. Std of Reward: 18.828. Training.
[INFO] Rocket. Step: 16720000. Time Elapsed: 15604.212 s. Mean Reward: 3.354. Std of Reward: 28.753. Training.
[INFO] Rocket. Step: 16740000. Time Elapsed: 15626.184 s. Mean Reward: 5.279. Std of Reward: 22.979. Training.
[INFO] Rocket. Step: 16760000. Time Elapsed: 15641.064 s. Mean Reward: 6.636. Std of Reward: 29.725. Training.
[INFO] Rocket. Step: 16780000. Time Elapsed: 15660.717 s. Mean Reward: 8.906. Std of Reward: 22.800. Training.
[INFO] Rocket. Step: 16800000. Time Elapsed: 15678.855 s. Mean Reward: 9.578. Std of Reward: 23.627. Training.
[INFO] Rocket. Step: 16820000. Time Elapsed: 15699.632 s. Mean Reward: 12.975. Std of Reward: 19.611. Training.
[INFO] Rocket. Step: 16840000. Time Elapsed: 15714.229 s. Mean Reward: -0.473. Std of Reward: 26.652. Training.
[INFO] Rocket. Step: 16860000. Time Elapsed: 15735.951 s. Mean Reward: 5.097. Std of Reward: 28.107. Training.
[INFO] Rocket. Step: 16880000. Time Elapsed: 15749.421 s. Mean Reward: 5.649. Std of Reward: 25.841. Training.
[INFO] Rocket. Step: 16900000. Time Elapsed: 15774.554 s. Mean Reward: 4.275. Std of Reward: 28.822. Training.
[INFO] Rocket. Step: 16920000. Time Elapsed: 15788.545 s. Mean Reward: 12.249. Std of Reward: 20.872. Training.
[INFO] Rocket. Step: 16940000. Time Elapsed: 15811.468 s. Mean Reward: 8.097. Std of Reward: 23.775. Training.
[INFO] Rocket. Step: 16960000. Time Elapsed: 15825.627 s. Mean Reward: -1.876. Std of Reward: 27.162. Training.
[INFO] Rocket. Step: 16980000. Time Elapsed: 15841.473 s. Mean Reward: 4.278. Std of Reward: 25.936. Training.
[INFO] Rocket. Step: 17000000. Time Elapsed: 15862.177 s. Mean Reward: 12.380. Std of Reward: 22.291. Training.
[INFO] Exported results\L9\Rocket\Rocket-16999461.onnx
[INFO] Rocket. Step: 17020000. Time Elapsed: 15877.826 s. Mean Reward: 4.062. Std of Reward: 24.268. Training.
[INFO] Rocket. Step: 17040000. Time Elapsed: 15899.267 s. Mean Reward: 13.021. Std of Reward: 17.192. Training.
[INFO] Rocket. Step: 17060000. Time Elapsed: 15912.986 s. Mean Reward: 2.562. Std of Reward: 27.360. Training.
[INFO] Rocket. Step: 17080000. Time Elapsed: 15935.350 s. Mean Reward: 8.228. Std of Reward: 23.699. Training.
[INFO] Rocket. Step: 17100000. Time Elapsed: 15950.993 s. Mean Reward: 12.967. Std of Reward: 22.211. Training.
[INFO] Rocket. Step: 17120000. Time Elapsed: 15974.243 s. Mean Reward: 13.157. Std of Reward: 20.550. Training.
[INFO] Rocket. Step: 17140000. Time Elapsed: 15988.280 s. Mean Reward: 9.295. Std of Reward: 21.312. Training.
[INFO] Rocket. Step: 17160000. Time Elapsed: 16008.771 s. Mean Reward: 12.470. Std of Reward: 18.713. Training.
[INFO] Rocket. Step: 17180000. Time Elapsed: 16023.443 s. Mean Reward: 4.648. Std of Reward: 24.320. Training.
[INFO] Rocket. Step: 17200000. Time Elapsed: 16046.463 s. Mean Reward: 11.873. Std of Reward: 17.315. Training.
[INFO] Rocket. Step: 17220000. Time Elapsed: 16063.935 s. Mean Reward: 16.296. Std of Reward: 14.810. Training.
[INFO] Rocket. Step: 17240000. Time Elapsed: 16083.513 s. Mean Reward: 11.240. Std of Reward: 21.071. Training.
[INFO] Rocket. Step: 17260000. Time Elapsed: 16098.878 s. Mean Reward: 10.005. Std of Reward: 20.746. Training.
[INFO] Rocket. Step: 17280000. Time Elapsed: 16119.543 s. Mean Reward: 15.423. Std of Reward: 17.590. Training.
[INFO] Rocket. Step: 17300000. Time Elapsed: 16134.695 s. Mean Reward: 6.789. Std of Reward: 23.909. Training.
[INFO] Rocket. Step: 17320000. Time Elapsed: 16157.863 s. Mean Reward: -4.262. Std of Reward: 27.987. Training.
[INFO] Rocket. Step: 17340000. Time Elapsed: 16171.994 s. Mean Reward: 4.054. Std of Reward: 27.878. Training.
[INFO] Rocket. Step: 17360000. Time Elapsed: 16193.679 s. Mean Reward: 12.222. Std of Reward: 22.443. Training.
[INFO] Rocket. Step: 17380000. Time Elapsed: 16208.790 s. Mean Reward: 6.406. Std of Reward: 26.006. Training.
[INFO] Rocket. Step: 17400000. Time Elapsed: 16229.032 s. Mean Reward: 0.140. Std of Reward: 28.911. Training.
[INFO] Rocket. Step: 17420000. Time Elapsed: 16244.491 s. Mean Reward: 5.318. Std of Reward: 22.760. Training.
[INFO] Rocket. Step: 17440000. Time Elapsed: 16265.899 s. Mean Reward: 4.332. Std of Reward: 28.432. Training.
[INFO] Rocket. Step: 17460000. Time Elapsed: 16280.651 s. Mean Reward: 3.457. Std of Reward: 29.547. Training.
[INFO] Rocket. Step: 17480000. Time Elapsed: 16303.704 s. Mean Reward: 10.192. Std of Reward: 19.555. Training.
[INFO] Rocket. Step: 17500000. Time Elapsed: 16317.658 s. Mean Reward: 13.401. Std of Reward: 20.493. Training.
[INFO] Exported results\L9\Rocket\Rocket-17499593.onnx
[INFO] Rocket. Step: 17520000. Time Elapsed: 16332.668 s. Mean Reward: 7.456. Std of Reward: 23.212. Training.
[INFO] Rocket. Step: 17540000. Time Elapsed: 16355.683 s. Mean Reward: 16.260. Std of Reward: 16.402. Training.
[INFO] Rocket. Step: 17560000. Time Elapsed: 16369.408 s. Mean Reward: 10.839. Std of Reward: 24.906. Training.
[INFO] Rocket. Step: 17580000. Time Elapsed: 16391.914 s. Mean Reward: 1.614. Std of Reward: 28.815. Training.
[INFO] Rocket. Step: 17600000. Time Elapsed: 16408.337 s. Mean Reward: 3.629. Std of Reward: 28.526. Training.
[INFO] Rocket. Step: 17620000. Time Elapsed: 16432.320 s. Mean Reward: 10.061. Std of Reward: 21.756. Training.
[INFO] Rocket. Step: 17640000. Time Elapsed: 16447.071 s. Mean Reward: 15.732. Std of Reward: 16.306. Training.
[INFO] Rocket. Step: 17660000. Time Elapsed: 16469.873 s. Mean Reward: 12.379. Std of Reward: 21.186. Training.
[INFO] Rocket. Step: 17680000. Time Elapsed: 16488.355 s. Mean Reward: 15.190. Std of Reward: 14.144. Training.
[INFO] Rocket. Step: 17700000. Time Elapsed: 16509.912 s. Mean Reward: 7.412. Std of Reward: 23.315. Training.
[INFO] Rocket. Step: 17720000. Time Elapsed: 16526.425 s. Mean Reward: 11.690. Std of Reward: 21.865. Training.
[INFO] Rocket. Step: 17740000. Time Elapsed: 16548.749 s. Mean Reward: -1.912. Std of Reward: 32.544. Training.
[INFO] Rocket. Step: 17760000. Time Elapsed: 16570.104 s. Mean Reward: 14.520. Std of Reward: 22.463. Training.
[INFO] Rocket. Step: 17780000. Time Elapsed: 16590.897 s. Mean Reward: 3.277. Std of Reward: 30.664. Training.
[INFO] Rocket. Step: 17800000. Time Elapsed: 16606.823 s. Mean Reward: 13.714. Std of Reward: 19.475. Training.
[INFO] Rocket. Step: 17820000. Time Elapsed: 16630.452 s. Mean Reward: -5.516. Std of Reward: 29.958. Training.
[INFO] Rocket. Step: 17840000. Time Elapsed: 16646.010 s. Mean Reward: -2.051. Std of Reward: 29.118. Training.
[INFO] Rocket. Step: 17860000. Time Elapsed: 16669.084 s. Mean Reward: 8.384. Std of Reward: 26.749. Training.
[INFO] Rocket. Step: 17880000. Time Elapsed: 16684.135 s. Mean Reward: 9.587. Std of Reward: 24.348. Training.
[INFO] Rocket. Step: 17900000. Time Elapsed: 16707.139 s. Mean Reward: -1.898. Std of Reward: 31.454. Training.
[INFO] Rocket. Step: 17920000. Time Elapsed: 16723.625 s. Mean Reward: -2.418. Std of Reward: 31.961. Training.
[INFO] Rocket. Step: 17940000. Time Elapsed: 16746.155 s. Mean Reward: 5.852. Std of Reward: 25.899. Training.
[INFO] Rocket. Step: 17960000. Time Elapsed: 16761.733 s. Mean Reward: 8.210. Std of Reward: 20.671. Training.
[INFO] Rocket. Step: 17980000. Time Elapsed: 16785.952 s. Mean Reward: 11.567. Std of Reward: 16.727. Training.
[INFO] Rocket. Step: 18000000. Time Elapsed: 16801.565 s. Mean Reward: 21.413. Std of Reward: 4.952. Training.
[INFO] Exported results\L9\Rocket\Rocket-17999499.onnx
[INFO] Rocket. Step: 18020000. Time Elapsed: 16824.712 s. Mean Reward: 1.260. Std of Reward: 28.392. Training.
